timestamp,frame,x1,y1,x2,y2,confidence
0.0378,515,667,460,695,526,73
0.0663,516,666,459,696,528,72
0.0923,517,666,458,696,524,73
0.1188,518,666,460,696,526,72
0.1466,519,666,460,696,526,72
0.1699,520,666,459,696,523,74
0.1984,521,666,458,696,524,72
0.2240,522,667,458,696,524,72
0.2509,523,667,458,696,524,72
0.2788,524,667,458,696,524,72
0.3066,525,668,458,696,520,72
0.3332,526,667,457,696,523,72
0.3605,527,665,458,696,526,70
0.3842,528,668,458,696,522,72
0.4137,529,668,458,696,522,72
0.4404,530,668,456,696,520,71
0.4672,531,666,456,696,524,72
0.4923,532,667,458,696,522,71
0.5370,533,664,456,696,526,70
0.5585,534,666,456,696,524,71
0.5820,535,666,456,696,524,71
0.6033,536,666,456,696,524,71
0.6289,537,666,457,696,524,72
0.6544,538,664,455,696,526,69
0.6814,539,664,455,696,526,69
0.7099,540,663,455,695,525,71
0.7367,541,665,457,695,521,73
0.7630,542,667,455,695,519,73
0.7898,543,668,454,695,516,73
0.8174,544,669,454,695,516,74
0.8429,545,669,454,695,516,74
0.8713,546,668,455,695,517,75
0.8984,547,669,454,695,516,75
0.9257,548,669,454,695,516,74
0.9515,549,669,454,695,516,73
0.9785,550,669,454,695,516,73
1.0052,551,668,454,694,518,73
1.0335,552,668,452,694,516,73
1.0570,553,668,453,694,517,74
1.0837,554,668,453,694,517,74
1.1140,555,668,454,694,516,73
1.1399,556,668,453,694,515,73
1.1645,557,667,452,695,516,72
1.1928,558,668,454,694,516,73
1.2206,559,668,453,694,517,72
1.2480,560,668,453,694,517,72
1.2737,561,667,452,694,516,74
1.3017,562,668,452,694,516,72
1.3277,563,668,452,694,516,72
1.3540,564,667,453,694,517,73
1.3816,565,668,453,694,515,74
1.4090,566,668,452,694,514,74
1.4342,567,666,452,694,516,74
1.4606,568,666,453,693,517,73
1.4860,569,667,452,693,514,74
1.5141,570,667,452,693,514,74
1.5404,571,668,452,693,514,75
1.5663,572,665,453,693,517,73
1.5924,573,668,452,693,514,73
1.6188,574,665,452,693,518,73
1.6461,575,665,452,693,518,73
1.6733,576,661,453,693,523,73
1.6984,577,662,452,694,524,68
1.7253,578,662,452,694,524,68
1.7523,579,665,452,694,518,70
1.7803,580,665,451,694,517,70
1.8069,581,666,452,694,514,73
1.8350,582,667,451,693,513,74
1.8588,583,668,451,694,511,73
1.8857,584,668,451,694,511,75
1.9163,585,668,451,694,511,75
1.9453,586,668,450,694,510,74
1.9715,587,667,450,693,510,73
1.9990,588,667,450,693,510,73
2.0237,589,668,450,694,510,74
2.0518,590,666,450,694,512,73
2.0776,591,666,451,694,511,74
2.1048,592,667,450,693,508,75
2.1304,593,665,450,693,512,73
2.1590,594,666,450,694,512,73
2.1844,595,666,450,694,512,73
2.2117,596,667,450,693,510,75
2.2386,597,668,449,694,509,75
2.2670,598,667,449,693,509,76
2.2912,599,667,449,693,509,76
2.3193,600,667,449,693,509,76
2.3448,601,666,449,694,511,73
2.3704,602,667,450,693,508,75
2.3966,603,667,450,693,508,75
2.4242,604,665,450,693,512,75
2.4517,605,666,450,694,512,73
2.4788,606,664,449,694,513,74
2.5043,607,666,450,694,512,74
2.5327,608,666,449,694,513,74
2.5573,609,666,448,694,510,74
2.5849,610,666,448,694,510,74
2.6122,611,667,448,695,508,74
2.6364,612,666,448,695,508,74
2.6628,613,665,448,695,509,76
2.6920,614,665,448,695,509,76
2.7190,615,665,447,695,511,73
2.7450,616,666,448,696,510,75
2.7710,617,664,448,696,510,75
2.7986,618,664,447,696,509,75
2.8256,619,664,447,696,509,75
2.8532,620,664,447,696,509,75
2.8788,621,664,448,696,510,74
2.9059,622,664,448,696,508,76
2.9316,623,663,447,697,509,75
2.9581,624,664,447,696,507,76
2.9846,625,664,447,696,507,76
3.0139,626,663,448,697,508,75
3.0389,627,663,446,697,508,75
3.0655,628,663,446,697,508,75
3.0928,629,661,446,697,512,73
3.1208,630,663,447,697,508,76
3.1471,631,663,446,697,508,75
3.1724,632,661,447,697,511,73
3.1986,633,662,447,697,508,75
3.2280,634,662,447,697,508,75
3.2591,635,663,448,697,506,76
3.2849,636,662,446,698,508,75
3.3121,637,661,446,697,510,74
3.3373,638,659,447,697,519,71
3.3654,639,659,447,697,519,71
3.3921,640,660,447,698,511,73
3.4185,641,661,446,697,506,75
3.4463,642,661,446,697,506,75
3.4706,643,661,447,697,507,76
3.4989,644,661,447,697,507,76
3.5264,645,660,446,698,508,74
3.5538,646,661,445,697,507,75
3.5778,647,662,446,698,508,75
3.6045,648,662,446,698,508,76
3.6329,649,662,446,698,504,77
3.6602,650,662,446,698,504,77
3.6878,651,661,446,697,504,77
3.7154,652,662,446,698,508,76
3.7403,653,662,446,698,508,76
3.7683,654,662,446,698,506,75
3.7967,655,661,446,697,506,75
3.8223,656,661,446,697,508,75
3.8487,657,661,446,697,508,75
3.8767,658,661,445,697,507,75
3.9028,659,662,446,698,504,77
3.9307,660,662,446,698,504,77
3.9569,661,661,446,697,508,75
3.9844,662,661,445,697,505,77
4.0093,663,662,445,698,505,76
4.0381,664,662,445,698,505,76
4.0641,665,660,446,698,510,73
4.0918,666,661,446,697,506,76
4.1172,667,661,444,698,504,75
4.1443,668,661,445,697,505,75
4.1710,669,661,445,697,505,75
4.1983,670,661,446,697,504,77
4.2253,671,662,445,698,505,76
4.2519,672,662,445,698,505,76
4.2796,673,660,445,694,507,75
4.3103,674,660,445,692,505,72
4.3381,675,660,445,692,505,72
4.3665,676,664,443,690,498,62
4.3930,677,672,442,688,498,55
4.4182,678,672,442,688,498,55
4.4429,679,674,441,688,499,54
4.4701,680,674,439,688,499,54
4.4990,681,674,437,688,499,58
4.5233,682,674,436,688,498,60
4.5519,683,673,436,689,498,62
4.5766,684,673,435,689,497,63
4.6035,685,673,435,689,497,63
4.6297,686,672,434,690,496,65
4.6569,687,672,434,690,496,65
4.6836,688,672,432,690,496,68
4.7087,689,670,431,690,493,70
4.7378,690,670,431,690,493,70
4.7656,691,670,430,690,494,70
4.7938,692,670,430,690,491,71
4.8203,693,670,428,690,490,71
4.8467,694,670,428,690,490,71
4.8731,695,669,427,689,489,69
4.9015,696,669,428,689,488,70
4.9274,697,668,427,689,489,71
4.9553,698,668,426,689,488,71
4.9822,699,667,425,689,488,71
5.0086,700,667,425,689,488,71
5.0367,701,667,426,689,488,72
5.0621,702,667,426,689,488,72
5.0881,703,667,426,689,488,72
5.1166,704,666,423,688,487,72
5.1435,705,666,424,688,486,72
5.1702,706,663,425,687,487,72
5.1963,707,656,426,690,482,75
5.2217,708,654,423,692,479,79
5.2507,709,651,420,693,480,78
5.2764,710,651,420,693,480,78
5.3027,711,648,417,692,481,80
5.3304,712,646,416,692,482,80
5.3570,713,644,414,692,482,80
5.3835,714,642,413,692,481,80
5.4127,715,642,413,692,481,80
5.4376,716,640,411,692,481,79
5.4646,717,638,410,692,480,80
5.4904,718,636,409,692,481,80
5.5210,719,636,409,692,481,80
5.5479,720,635,408,693,480,79
5.5783,721,634,407,692,477,78
5.6015,722,632,407,692,473,79
5.6274,723,631,407,693,477,79
5.6562,724,630,405,694,471,80
5.6831,725,630,404,694,472,80
5.7089,726,630,404,694,472,80
5.7377,727,629,404,694,472,81
5.7621,728,628,404,694,470,80
5.7879,729,628,404,694,470,80
5.8160,730,627,403,693,469,80
5.8456,731,625,403,694,469,79
5.8707,732,624,403,694,469,80
5.8982,733,623,402,694,468,79
5.9251,734,622,402,694,468,79
5.9517,735,622,402,694,468,79
5.9773,736,622,401,694,467,80
6.0034,737,620,401,694,467,79
6.0307,738,620,401,694,467,78
6.0596,739,619,400,695,465,78
6.0861,740,618,402,692,462,79
6.1137,741,618,402,692,462,79
6.1395,742,615,406,677,452,70
6.1683,743,611,409,669,447,74
6.1937,744,607,410,669,448,67
6.2198,745,607,410,669,448,67
6.2481,746,604,409,670,447,63
6.2749,747,601,406,671,448,66
6.3019,748,598,407,672,449,70
6.3290,749,595,410,672,450,69
6.3568,750,592,408,670,446,70
6.3872,751,592,408,670,446,70
6.4120,752,590,407,670,443,69
6.4379,753,587,408,665,440,66
6.4640,754,585,409,665,439,69
6.4908,755,585,409,665,439,69
6.5188,756,583,408,665,432,68
6.5462,757,581,407,667,433,68
6.5710,758,580,409,665,433,69
6.5991,759,578,408,666,434,69
6.6254,760,576,406,668,430,70
6.6522,761,576,406,668,430,70
6.6795,762,576,408,664,428,64
6.7070,763,575,408,664,428,67
6.7328,764,574,408,664,428,67
6.7598,765,573,406,653,422,64
6.7877,766,573,406,653,422,64
6.8148,767,572,408,658,424,64
6.8403,768,571,408,645,422,63
6.8676,769,570,407,662,423,66
6.8935,770,569,406,642,420,65
6.9263,771,569,406,642,420,65
6.9534,772,568,408,634,422,67
6.9826,773,568,407,638,421,66
7.0056,774,567,406,643,420,63
7.0354,775,566,408,635,420,66
7.0613,776,566,408,636,420,64
7.0863,777,566,408,636,420,64
7.1145,778,565,406,633,419,62
7.1406,779,564,406,632,419,61
7.1664,780,564,408,628,420,63
7.1936,781,564,408,628,420,63
7.2210,782,563,408,628,420,63
7.2481,783,562,406,624,418,59
7.2741,784,562,407,624,419,61
7.3037,785,561,408,623,420,62
7.3279,786,560,407,622,419,61
7.3543,787,560,407,622,419,61
7.3816,788,560,406,618,422,69
7.4088,789,557,405,611,426,74
7.4347,790,552,404,612,425,76
7.4618,791,552,404,612,425,76
7.4880,792,546,402,614,425,75
7.5167,793,542,407,610,427,72
7.5427,794,538,408,618,428,73
7.5698,795,535,406,620,428,74
7.5961,796,535,406,620,428,74
7.6242,797,532,405,620,429,76
7.6508,798,529,408,613,430,70
7.6777,799,526,409,610,431,71
7.7037,800,524,404,613,430,73
7.7316,801,520,406,608,432,72
7.7570,802,520,406,608,432,72
7.7855,803,518,409,600,433,71
7.8118,804,516,405,608,433,73
7.8446,805,515,408,601,434,70
7.8732,806,515,408,601,434,70
7.8986,807,513,413,579,435,65
7.9229,808,510,414,578,436,67
7.9504,809,509,414,574,436,70
7.9770,810,507,414,569,436,71
8.0048,811,506,414,570,437,72
8.0295,812,506,414,570,437,72
8.0551,813,504,413,570,437,70
8.0828,814,503,415,569,437,69
8.1081,815,501,415,569,439,70
8.1358,816,500,418,564,438,71
8.1615,817,500,418,564,438,71
8.1907,818,499,416,568,438,69
8.2174,819,498,417,562,439,71
8.2444,820,498,417,562,439,71
8.2714,821,498,417,562,439,71
8.3001,822,495,416,567,440,72
8.3267,823,494,416,569,440,72
8.3543,824,492,418,563,440,73
8.3798,825,492,418,564,442,74
8.4060,826,491,418,559,441,73
8.4322,827,490,418,562,442,74
8.4609,828,490,418,562,442,74
8.4863,829,489,420,552,442,74
8.5131,830,488,419,553,443,74
8.5427,831,488,419,553,443,74
8.5683,832,487,418,550,442,75
8.5946,833,486,418,556,442,74
8.6212,834,485,419,555,443,74
8.6458,835,485,419,555,443,74
8.6704,836,484,418,562,444,74
8.6972,837,484,418,562,444,74
8.7231,838,483,419,557,445,73
8.7496,839,482,418,564,444,74
8.7758,840,481,418,566,444,74
8.8020,841,480,421,552,445,74
8.8286,842,480,421,552,445,74
8.8550,843,480,420,553,446,74
8.8806,844,480,418,566,445,75
8.9058,845,480,418,566,445,75
8.9355,846,478,420,554,446,75
8.9588,847,477,420,552,446,75
8.9860,848,477,421,554,447,75
9.0097,849,476,421,549,447,76
9.0371,850,476,421,549,447,76
9.0611,851,476,421,549,447,76
9.0894,852,476,419,560,447,77
9.1135,853,475,421,550,447,75
9.1408,854,474,421,554,447,75
9.1656,855,474,421,554,447,75
9.1938,856,474,422,550,448,75
9.2185,857,473,421,551,447,75
9.2442,858,472,422,534,444,74
9.2707,859,472,422,534,444,74
9.2983,860,470,422,530,443,70
9.3238,861,466,431,526,443,61
9.3505,862,461,426,537,444,62
9.3752,863,456,420,540,444,64
9.4032,864,456,420,540,444,64
9.4273,865,453,421,542,445,67
9.4547,866,453,421,542,445,67
9.4772,867,447,424,540,446,70
9.5055,868,447,424,540,446,70
9.5308,869,446,424,538,446,70
9.5571,870,441,432,529,446,67
9.5832,871,438,432,526,446,68
9.6093,872,438,432,526,446,68
9.6349,873,437,432,524,446,68
9.6616,874,435,433,518,447,65
9.6893,875,433,433,516,447,66
9.7184,876,431,435,503,447,65
9.7410,877,430,435,504,447,63
9.7679,878,430,435,504,447,63
9.7928,879,428,435,510,447,63
9.8188,880,426,435,509,447,63
9.8439,881,426,435,509,447,63
9.8706,882,426,435,509,447,63
9.8960,883,422,436,495,448,60
9.9223,884,420,436,497,448,61
9.9471,885,420,436,497,448,61
9.9748,886,420,436,498,448,61
10.0013,887,418,436,496,448,62
10.0259,888,417,436,499,448,62
10.0504,889,416,436,498,448,63
10.0760,890,415,436,493,448,64
10.1028,891,415,436,493,448,64
10.1316,892,414,436,494,448,64
10.1569,893,413,436,494,448,63
10.1808,894,412,436,492,448,64
10.2082,895,412,436,492,448,64
10.2349,896,410,436,492,448,65
10.2595,897,409,436,492,448,64
10.2846,898,408,436,489,448,65
10.3113,899,408,436,489,448,65
10.3376,900,407,436,491,448,66
10.3644,901,406,436,486,448,64
10.3933,902,406,436,486,448,64
10.4212,903,405,434,479,448,64
10.4465,904,405,434,479,448,64
10.4707,905,403,430,480,450,64
10.4960,906,398,431,476,450,65
10.5226,907,392,430,480,448,65
10.5493,908,392,430,480,448,65
10.5748,909,387,432,464,446,63
10.5748,909,454,426,481,444,41
10.6016,910,384,432,466,444,62
10.6276,911,381,432,467,444,63
10.6540,912,379,432,466,444,61
10.6804,913,379,432,466,444,61
10.7081,914,375,432,464,444,59
10.7322,915,373,432,460,444,56
10.8172,916,365,430,450,444,62
10.9343,917,360,430,447,444,60
10.9592,918,358,429,440,443,61
10.9850,919,358,429,440,443,61
11.0111,920,356,429,437,442,62
11.0363,921,355,428,438,442,65
11.0614,922,354,428,438,442,63
11.0878,923,352,428,436,442,62
11.1180,924,352,428,436,442,62
11.1454,925,351,428,433,442,63
11.1702,926,349,428,435,442,63
11.1952,927,348,428,435,442,63
11.2207,928,348,428,435,442,63
11.2494,929,347,428,431,441,61
11.2744,930,346,428,433,442,65
11.3007,931,344,428,429,440,62
11.3270,932,343,428,432,442,64
11.3551,933,343,428,432,442,64
11.3815,934,342,428,432,442,65
11.4065,935,341,428,430,442,65
11.4303,936,339,428,430,442,66
11.4571,937,338,427,425,441,65
11.4823,938,338,427,425,441,65
11.5102,939,338,426,422,440,65
11.5388,940,336,426,419,440,64
11.5662,941,336,427,418,439,63
11.5895,942,336,427,418,439,63
11.6141,943,334,426,421,440,63
11.6408,944,334,426,423,440,65
11.6680,945,332,426,390,442,70
11.6939,946,326,425,388,441,73
11.7215,947,326,425,388,441,73
11.7494,948,321,426,388,440,67
11.7751,949,316,428,397,440,64
11.8009,950,310,428,396,440,64
11.8261,951,306,427,393,439,63
11.8514,952,301,427,382,439,62
11.8780,953,301,427,382,439,62
11.9063,954,298,427,380,439,62
11.9346,955,298,427,380,439,62
11.9588,956,294,427,383,439,64
11.9831,957,291,427,377,439,63
12.0094,958,288,427,374,439,61
12.0354,959,286,427,364,439,60
12.0609,960,284,426,353,438,60
12.0871,961,284,426,353,438,60
12.1149,962,280,426,344,438,64
12.1428,963,278,426,344,438,66
12.1679,964,276,426,348,438,63
12.1936,965,274,426,340,438,63
12.2197,966,274,426,340,438,63
12.2496,967,272,426,343,438,62
12.2749,968,271,426,340,438,62
12.3008,969,271,426,340,438,62
12.3294,970,269,426,337,438,62
12.3545,971,267,426,337,438,62
12.3802,972,266,426,343,438,62
12.4080,973,264,426,341,438,62
12.4347,974,262,425,337,437,62
12.4592,975,262,425,337,437,62
12.4863,976,260,425,339,437,62
12.5141,977,260,425,340,437,62
12.5398,978,258,425,342,437,61
12.5674,979,258,425,336,437,61
12.5934,980,258,425,336,437,61
12.6213,981,256,424,342,438,60
12.6447,982,255,424,340,438,59
12.6702,983,254,424,332,436,60
12.6985,984,254,424,332,436,60
12.7240,985,253,424,308,440,67
12.7510,986,252,421,303,443,75
12.7510,986,315,428,340,444,34
12.7768,987,248,420,303,446,78
12.8041,988,245,418,304,448,80
12.8311,989,242,419,307,451,78
12.8554,990,242,419,307,451,78
12.8821,991,240,419,300,453,77
12.9072,992,238,419,297,455,76
12.9334,993,238,419,297,455,76
12.9598,994,236,422,297,456,76
12.9870,995,234,421,296,457,76
13.0123,996,232,421,293,458,76
13.0362,997,232,421,293,458,76
13.0634,998,232,421,293,458,76
13.0894,999,229,422,300,460,77
13.1139,1000,228,420,300,462,78
13.1402,1001,227,420,300,462,78
13.1652,1002,226,420,301,463,77
13.1921,1003,226,420,301,463,77
13.2200,1004,224,419,301,464,78
13.2449,1005,222,419,301,465,77
13.2714,1006,221,417,300,466,75
13.3015,1007,221,417,300,466,75
13.3263,1008,220,418,299,466,77
13.3524,1009,220,416,300,468,76
13.3778,1010,225,429,275,473,61
13.4019,1011,229,433,262,479,75
13.4292,1012,229,433,262,479,75
13.4560,1013,229,433,262,479,75
13.4806,1014,229,429,247,487,54
13.5082,1015,228,431,244,492,53
13.5326,1016,228,429,250,495,52
13.5578,1017,228,429,250,495,52
13.5852,1018,207,460,250,510,76
13.5852,1018,178,469,192,511,37
13.6107,1019,202,482,227,532,73
13.6370,1020,202,482,227,532,73
13.6657,1021,202,490,238,546,76
13.6657,1021,203,472,233,500,40
13.6898,1022,201,491,243,555,76
13.7155,1023,203,496,242,558,75
13.7401,1024,207,510,242,560,69
13.7664,1025,207,510,242,560,69
13.7935,1026,212,517,241,559,60
13.7935,1026,255,550,269,578,44
13.7935,1026,303,538,314,574,35
13.8192,1027,256,555,272,583,59
13.8192,1027,303,540,315,578,43
13.8192,1027,211,513,241,557,36
13.8452,1028,256,555,272,583,59
13.8452,1028,303,540,315,578,43
13.8452,1028,211,513,241,557,36
13.8692,1029,256,558,276,592,73
13.8692,1029,304,543,317,587,60
13.8692,1029,209,511,241,555,52
13.8953,1030,256,558,276,592,73
13.8953,1030,304,543,317,587,60
13.8953,1030,209,511,241,555,52
13.9216,1031,256,558,277,596,75
13.9216,1031,209,513,241,555,67
13.9216,1031,304,544,317,590,62
13.9466,1032,256,559,279,599,75
13.9466,1032,212,516,242,554,71
13.9466,1032,304,548,318,595,58
13.9724,1033,256,559,279,599,75
13.9724,1033,212,516,242,554,71
13.9724,1033,304,548,318,595,58
13.9997,1034,256,560,280,602,75
13.9997,1034,217,519,242,555,68
13.9997,1034,305,549,319,597,59
14.0244,1035,256,560,282,606,73
14.0244,1035,217,519,242,555,66
14.0244,1035,305,549,319,599,58
14.0507,1036,257,558,284,610,66
14.0507,1036,220,520,241,554,64
14.0507,1036,305,550,320,604,56
14.0756,1037,257,560,285,612,68
14.0756,1037,222,523,241,553,65
14.0756,1037,305,552,321,606,61
14.1025,1038,257,560,285,612,68
14.1025,1038,222,523,241,553,65
14.1025,1038,305,552,321,606,61
14.1285,1039,257,562,287,614,67
14.1285,1039,223,524,242,554,60
14.1285,1039,306,554,321,609,44
14.1549,1040,257,561,288,617,51
14.1549,1040,306,556,322,612,40
14.1803,1041,258,563,289,619,60
14.1803,1041,306,556,321,613,45
14.1803,1041,226,528,243,556,39
14.2055,1042,259,564,290,622,47
14.2316,1043,259,564,290,622,47
14.2568,1044,259,564,290,622,47
14.8776,1068,278,614,301,642,46
14.8776,1068,317,606,332,638,36
14.9022,1069,278,614,301,642,46
14.9022,1069,317,606,332,638,36
14.9279,1070,280,607,300,647,30
14.9279,1070,319,602,329,640,30
14.9559,1071,276,606,290,650,40
14.9832,1072,273,606,289,650,34
15.0085,1073,273,606,289,650,34
15.1390,1078,288,590,302,640,45
15.1643,1079,284,592,304,628,66
15.1906,1080,282,587,304,626,74
15.2167,1081,281,581,303,624,75
15.2409,1082,280,576,300,621,74
15.2682,1083,280,576,300,621,74
15.2940,1084,278,572,300,618,74
15.3182,1085,276,568,299,614,66
15.3450,1086,276,568,299,614,66
15.3722,1087,274,566,298,612,66
15.3963,1088,272,562,297,608,68
15.4212,1089,271,560,297,608,69
15.4469,1090,271,560,297,608,69
15.4718,1091,270,556,296,606,73
15.4996,1092,269,554,295,604,70
15.5251,1093,268,552,295,604,68
15.5485,1094,267,550,295,602,69
15.5746,1095,267,550,295,602,69
15.6027,1096,267,549,294,601,66
15.6284,1097,266,547,294,601,64
15.6541,1098,265,544,293,598,64
15.6792,1099,265,544,293,598,64
15.7073,1100,264,542,292,597,54
15.7300,1101,264,541,292,597,56
15.7577,1102,262,539,294,598,41
15.7822,1103,262,539,294,598,41
15.8088,1104,261,538,292,596,33
16.0949,1115,257,534,290,588,34
16.5840,1134,177,516,186,557,34
16.6120,1135,177,516,186,557,34
16.6367,1136,178,515,186,558,33
16.6367,1136,260,537,284,575,30
16.6621,1137,178,516,186,556,35
16.6879,1138,178,516,186,556,35
16.7151,1139,178,516,186,558,33
16.7400,1140,178,514,186,554,35
16.7664,1141,178,514,187,556,40
16.7664,1141,260,537,280,573,33
16.7913,1142,178,514,187,556,40
16.7913,1142,260,537,280,573,33
16.8176,1143,178,515,186,554,40
16.8176,1143,261,538,283,574,30
16.8455,1144,178,514,186,556,39
16.8739,1145,259,536,280,568,46
16.8739,1145,178,513,186,553,39
16.8985,1146,177,514,186,556,39
16.8985,1146,260,537,280,569,33
16.9230,1147,178,513,186,553,39
16.9486,1148,178,513,186,553,39
16.9743,1149,178,513,186,553,38
16.9743,1149,259,538,281,572,37
17.0002,1150,178,513,186,555,39
17.0002,1150,259,538,280,568,31
17.0259,1151,178,514,186,556,38
17.0259,1151,260,538,281,570,32
17.0509,1152,178,514,186,556,38
17.0509,1152,260,538,281,570,32
17.0776,1153,259,538,280,568,50
17.0776,1153,178,513,186,555,38
17.1033,1154,260,537,280,567,47
17.1033,1154,178,514,186,556,36
17.1294,1155,260,537,280,567,47
17.1294,1155,178,514,186,556,36
17.1553,1156,260,538,280,568,48
17.1553,1156,178,514,186,556,38
17.1820,1157,258,537,279,567,47
17.1820,1157,178,513,186,555,38
17.2081,1158,259,538,279,566,47
17.2081,1158,178,512,186,554,35
17.2328,1159,260,537,280,566,42
17.2328,1159,178,513,186,555,36
17.2584,1160,259,537,279,566,51
17.2584,1160,178,512,186,554,37
17.2847,1161,259,537,279,566,51
17.2847,1161,178,512,186,554,37
17.3102,1162,259,537,278,565,50
17.3102,1162,178,512,186,554,34
17.3102,1162,309,536,320,574,33
17.3363,1163,259,538,279,566,47
17.3363,1163,178,512,187,554,40
17.3608,1164,258,537,278,565,47
17.3608,1164,178,513,186,551,38
17.4309,1165,260,538,278,566,48
17.4309,1165,178,512,187,552,39
17.4562,1166,258,537,278,565,52
17.4562,1166,178,513,186,555,39
17.4818,1167,259,537,278,564,45
17.4818,1167,178,512,186,555,38
17.5081,1168,259,537,278,565,43
17.5081,1168,178,512,186,554,32
17.5325,1169,259,537,278,565,43
17.5325,1169,178,512,186,554,32
17.5585,1170,258,537,278,565,52
17.5585,1170,178,512,186,550,34
17.5585,1170,309,536,321,576,33
17.5848,1171,258,538,278,564,46
17.5848,1171,178,511,186,554,35
17.6111,1172,259,537,278,566,46
17.6111,1172,178,512,186,552,37
17.6366,1173,259,537,278,566,39
17.6366,1173,178,512,186,552,37
17.6630,1174,259,537,278,565,43
17.6630,1174,178,512,186,554,38
17.6873,1175,259,537,278,565,43
17.6873,1175,178,512,186,554,38
17.7154,1176,258,537,278,565,47
17.7154,1176,178,511,186,552,34
17.7397,1177,258,538,278,566,40
17.7397,1177,178,510,187,552,37
17.7663,1178,258,538,278,566,40
17.7663,1178,178,510,187,552,37
17.7908,1179,260,537,279,567,38
17.7908,1179,178,512,186,550,37
17.8176,1180,259,538,278,566,46
17.8176,1180,178,511,186,553,35
17.8426,1181,259,538,278,566,46
17.8426,1181,178,511,186,553,35
17.8684,1182,178,510,186,552,36
17.8684,1182,258,538,282,566,31
17.8944,1183,178,510,186,552,36
17.8944,1183,258,538,282,566,31
17.9209,1184,258,537,279,565,48
17.9209,1184,309,537,322,575,35
17.9209,1184,178,510,186,550,35
17.9462,1185,260,538,277,566,43
17.9462,1185,178,510,186,554,36
17.9712,1186,260,536,277,566,39
17.9712,1186,178,510,186,550,34
17.9977,1187,259,537,278,565,40
17.9977,1187,178,511,186,553,36
17.9977,1187,230,508,243,535,34
18.0231,1188,259,537,278,565,40
18.0231,1188,178,511,186,553,36
18.0231,1188,230,508,243,535,34
18.0481,1189,260,537,278,563,44
18.0481,1189,229,508,243,534,39
18.0481,1189,178,510,186,550,37
18.0740,1190,260,537,279,563,38
18.0740,1190,229,508,243,532,37
18.0740,1190,178,510,187,549,36
18.1008,1191,260,537,279,563,38
18.1008,1191,229,508,243,532,37
18.1008,1191,178,510,187,549,36
18.1276,1192,259,537,279,563,47
18.1276,1192,229,507,243,531,41
18.1276,1192,178,509,187,550,36
18.1538,1193,259,537,279,561,54
18.1538,1193,228,507,243,533,46
18.1538,1193,178,510,187,550,39
18.1781,1194,228,507,243,535,46
18.1781,1194,259,537,278,563,40
18.1781,1194,178,508,187,548,39
18.2032,1195,228,507,243,534,45
18.2032,1195,178,508,187,547,38
18.2277,1196,228,507,243,534,45
18.2277,1196,178,508,187,547,38
18.2572,1197,228,507,243,534,45
18.2572,1197,178,508,187,547,38
18.2808,1198,228,507,243,535,49
18.2808,1198,178,508,187,547,38
18.2808,1198,259,536,279,562,32
18.3058,1199,228,506,243,536,50
18.3058,1199,178,509,187,549,39
18.3320,1200,227,507,243,532,46
18.3320,1200,178,508,187,548,42
18.3589,1201,227,507,243,532,46
18.3589,1201,178,508,187,548,42
18.3836,1202,228,507,243,535,49
18.3836,1202,178,508,187,548,42
18.4090,1203,227,507,243,536,51
18.4090,1203,178,506,187,548,41
18.4090,1203,259,536,279,562,30
18.4358,1204,227,507,243,536,51
18.4358,1204,178,506,187,548,41
18.4358,1204,259,536,279,562,30
18.4613,1205,227,507,243,534,52
18.4613,1205,178,508,187,548,40
18.4613,1205,259,537,278,561,31
18.4880,1206,226,507,243,537,54
18.4880,1206,178,508,187,548,38
18.5117,1207,226,507,243,533,51
18.5117,1207,178,507,187,547,41
18.5117,1207,260,537,278,559,35
18.5368,1208,226,507,243,533,51
18.5368,1208,178,507,187,547,41
18.5368,1208,260,537,278,559,35
18.5633,1209,226,506,243,534,51
18.5633,1209,178,506,187,548,41
18.5633,1209,258,536,278,560,33
18.5914,1210,226,506,243,534,52
18.5914,1210,178,506,187,546,40
18.6134,1211,226,507,243,539,53
18.6134,1211,178,506,187,546,33
18.6402,1212,226,507,243,539,53
18.6402,1212,178,506,187,546,33
18.6661,1213,225,506,242,533,55
18.6661,1213,178,506,187,546,40
18.6914,1214,225,506,242,533,55
18.6914,1214,178,506,187,546,40
18.7191,1215,225,507,242,537,52
18.7191,1215,178,506,187,546,38
18.7437,1216,225,506,242,538,54
18.7437,1216,178,506,187,546,40
18.7836,1217,225,506,242,538,55
18.7836,1217,178,506,187,546,34
18.8091,1218,225,506,243,538,57
18.8091,1218,178,507,187,545,37
18.8091,1218,258,536,278,559,33
18.8357,1219,225,506,243,538,57
18.8357,1219,178,507,187,545,37
18.8357,1219,258,536,278,559,33
18.8618,1220,225,507,243,537,54
18.8618,1220,178,506,187,546,37
18.8889,1221,225,506,242,538,54
18.8889,1221,178,505,187,547,38
18.9152,1222,225,506,242,538,54
18.9152,1222,178,505,187,547,34
18.9395,1223,225,507,242,537,54
18.9395,1223,178,507,187,547,36
18.9667,1224,225,507,242,537,54
18.9667,1224,178,507,187,547,36
18.9922,1225,224,507,242,538,54
18.9922,1225,178,508,187,548,38
19.0173,1226,224,506,242,536,55
19.0173,1226,178,506,187,544,35
19.0428,1227,224,506,242,536,55
19.0428,1227,178,506,187,544,35
19.0681,1228,224,507,242,541,55
19.0681,1228,178,508,187,546,33
19.0961,1229,224,507,242,541,55
19.0961,1229,178,508,187,546,33
19.1199,1230,224,506,242,538,55
19.1199,1230,178,504,187,544,39
19.1459,1231,224,507,242,537,56
19.1459,1231,178,506,187,546,37
19.1728,1232,224,507,242,537,56
19.1728,1232,178,506,187,546,37
19.1984,1233,224,506,242,538,56
19.1984,1233,178,505,187,545,37
19.1984,1233,258,536,277,554,31
19.2247,1234,224,506,242,540,55
19.2247,1234,178,508,187,547,38
19.2516,1235,224,506,242,536,56
19.2516,1235,178,507,187,547,42
19.2754,1236,224,506,242,536,56
19.2754,1236,178,507,187,545,40
19.3004,1237,224,506,242,536,56
19.3004,1237,178,507,187,545,40
19.3273,1238,224,507,242,539,53
19.3273,1238,178,507,187,546,37
19.3527,1239,224,507,242,535,56
19.3527,1239,178,506,187,546,42
19.3781,1240,224,507,242,538,56
19.3781,1240,178,506,187,546,41
19.4031,1241,224,507,242,540,56
19.4031,1241,178,506,187,547,36
19.4288,1242,224,507,242,540,56
19.4288,1242,178,506,187,547,36
19.4545,1243,224,507,242,540,56
19.4545,1243,178,506,187,547,36
19.4814,1244,224,507,242,539,56
19.4814,1244,178,506,187,545,36
19.4814,1244,258,536,276,554,32
19.5074,1245,224,507,242,539,56
19.5074,1245,178,506,187,545,36
19.5074,1245,258,536,276,554,32
19.5346,1246,224,506,242,536,57
19.5346,1246,178,507,187,545,40
19.5591,1247,224,507,242,538,56
19.5591,1247,178,507,187,547,38
19.5842,1248,224,507,242,539,56
19.5842,1248,178,507,187,545,39
19.6098,1249,224,507,242,537,57
19.6098,1249,178,507,187,545,37
19.6353,1250,224,507,242,537,57
19.6353,1250,178,507,187,545,37
19.6622,1251,223,507,242,537,58
19.6622,1251,178,508,187,546,40
19.6622,1251,258,536,277,554,37
19.6871,1252,223,508,242,536,56
19.6871,1252,178,507,187,546,42
19.7134,1253,223,507,242,539,55
19.7134,1253,178,507,187,545,37
19.7134,1253,258,536,278,556,32
19.7391,1254,223,507,242,539,57
19.7391,1254,178,508,187,548,38
19.7391,1254,259,536,278,556,32
19.7648,1255,223,507,242,539,57
19.7648,1255,178,508,187,548,38
19.7648,1255,259,536,278,556,32
19.7891,1256,223,507,242,541,57
19.7891,1256,178,507,187,547,36
19.8144,1257,223,507,242,541,57
19.8144,1257,178,507,187,547,36
19.8413,1258,223,508,242,538,57
19.8413,1258,178,508,187,546,40
19.8684,1259,223,507,242,539,55
19.8684,1259,178,507,187,545,36
19.8932,1260,223,508,242,536,56
19.8932,1260,178,509,187,547,37
19.8932,1260,258,535,277,555,37
19.9178,1261,223,508,242,538,55
19.9178,1261,178,508,187,546,38
19.9438,1262,224,508,242,542,55
19.9438,1262,178,508,187,544,36
19.9438,1262,259,535,278,556,33
19.9709,1263,224,508,242,542,55
19.9709,1263,178,508,187,544,36
19.9709,1263,259,535,278,556,33
19.9977,1264,224,507,242,537,56
19.9977,1264,178,507,186,545,36
20.0230,1265,224,507,242,538,55
20.0230,1265,178,506,186,548,32
20.0495,1266,224,507,242,539,55
20.0495,1266,178,506,187,546,32
20.0753,1267,224,506,242,540,56
20.0753,1267,178,506,187,546,34
20.1013,1268,224,506,242,540,56
20.1013,1268,178,506,187,546,34
20.1244,1269,225,506,242,538,56
20.1244,1269,178,506,187,546,33
20.1517,1270,225,506,242,538,56
20.1517,1270,178,506,187,546,33
20.1779,1271,224,506,242,538,56
20.1779,1271,258,536,277,558,38
20.1779,1271,178,504,187,546,31
20.2042,1272,225,506,242,542,56
20.2042,1272,258,537,277,557,36
20.2297,1273,224,506,243,540,57
20.2297,1273,258,536,278,558,41
20.2297,1273,178,505,187,547,33
20.2547,1274,224,505,243,539,58
20.2547,1274,178,504,186,548,31
20.2812,1275,224,505,243,539,58
20.2812,1275,178,504,186,548,31
20.3078,1276,225,505,243,542,58
20.3078,1276,257,537,277,558,31
20.3078,1276,178,504,187,548,30
20.3352,1277,225,505,243,538,59
20.3352,1277,255,537,276,557,40
20.3352,1277,178,505,187,547,37
20.3600,1278,225,504,243,544,57
20.3600,1278,258,536,276,558,34
20.3600,1278,179,502,187,546,32
20.3846,1279,225,504,243,536,56
20.3846,1279,178,503,187,547,35
20.3846,1279,258,536,276,558,35
20.4105,1280,225,503,243,537,59
20.4105,1280,178,503,187,547,32
20.4360,1281,225,503,243,537,59
20.4360,1281,178,503,187,547,32
20.4622,1282,225,504,243,540,60
20.4622,1282,178,502,187,546,33
20.4622,1282,256,537,278,557,33
20.4889,1283,225,504,243,540,60
20.4889,1283,178,502,187,546,33
20.4889,1283,256,537,278,557,33
20.5152,1284,225,504,243,538,58
20.5152,1284,258,537,276,557,32
20.5397,1285,226,503,243,541,57
20.5397,1285,178,503,187,547,30
20.5655,1286,225,504,243,536,56
20.5655,1286,256,537,276,558,36
20.5655,1286,179,503,187,545,32
20.5927,1287,225,504,243,540,56
20.5927,1287,178,504,187,546,35
20.5927,1287,257,536,277,558,34
20.6175,1288,225,504,243,540,56
20.6175,1288,178,504,187,546,35
20.6175,1288,257,536,277,558,34
20.6439,1289,225,503,243,537,57
20.6439,1289,258,538,276,558,40
20.6439,1289,178,503,187,547,34
20.6704,1290,225,504,243,538,60
20.6704,1290,256,536,277,556,39
20.6704,1290,178,502,187,546,34
20.6965,1291,225,504,243,536,58
20.6965,1291,178,504,187,546,33
20.7198,1292,226,503,243,539,59
20.7198,1292,178,503,187,546,36
20.7198,1292,257,537,277,557,35
20.7468,1293,225,503,243,536,59
20.7468,1293,178,503,187,546,36
20.7468,1293,257,537,276,557,31
20.7716,1294,225,503,243,536,59
20.7716,1294,178,503,187,546,36
20.7716,1294,257,537,276,557,31
20.7973,1295,225,503,243,539,58
20.7973,1295,178,504,187,548,34
20.8230,1296,225,503,243,539,58
20.8230,1296,178,504,187,548,34
20.8500,1297,225,503,243,539,57
20.8500,1297,178,504,187,547,32
20.8751,1298,225,502,243,538,59
20.8751,1298,178,503,187,547,37
20.9017,1299,225,504,243,538,58
20.9017,1299,178,504,187,548,31
20.9266,1300,225,503,243,533,56
20.9266,1300,178,503,187,548,35
20.9266,1300,257,537,277,558,32
20.9531,1301,225,503,243,533,56
20.9531,1301,178,503,187,548,35
20.9531,1301,257,537,277,558,32
20.9798,1302,225,504,243,536,59
20.9798,1302,256,536,276,557,43
20.9798,1302,178,504,187,547,36
21.0062,1303,225,504,243,534,58
21.0062,1303,178,504,187,548,36
21.0323,1304,225,503,243,535,58
21.0323,1304,256,536,276,558,39
21.0323,1304,178,503,187,547,37
21.0577,1305,226,503,243,539,58
21.0577,1305,179,502,187,545,32
21.0837,1306,225,503,243,537,58
21.0837,1306,178,504,187,546,38
21.1118,1307,225,503,243,537,58
21.1118,1307,178,504,187,546,38
21.1348,1308,226,503,242,537,58
21.1348,1308,256,537,276,557,42
21.1348,1308,178,504,187,547,34
21.1604,1309,225,504,243,536,56
21.1604,1309,178,503,187,547,33
21.1604,1309,257,537,276,558,32
21.1871,1310,225,504,243,536,56
21.1871,1310,178,503,187,547,33
21.1871,1310,257,537,276,558,32
21.2134,1311,225,504,243,534,56
21.2134,1311,178,503,187,547,34
21.2393,1312,225,504,242,534,56
21.2393,1312,256,537,276,557,39
21.2393,1312,178,502,187,546,35
21.2645,1313,225,503,243,537,58
21.2645,1313,179,502,187,545,33
21.2889,1314,225,503,243,537,58
21.2889,1314,179,502,187,545,33
21.3166,1315,225,504,243,536,56
21.3166,1315,178,504,187,548,32
21.3166,1315,256,536,276,558,30
21.3433,1316,225,504,242,540,57
21.3433,1316,178,504,187,548,34
21.3693,1317,225,504,243,538,57
21.3693,1317,178,503,187,547,35
21.3693,1317,257,536,276,558,30
21.3942,1318,225,504,242,534,56
21.3942,1318,257,537,276,557,32
21.3942,1318,178,504,187,548,31
21.4205,1319,225,503,243,535,57
21.4475,1320,225,503,243,535,57
21.4720,1321,224,504,243,534,57
21.4720,1321,178,503,187,547,34
21.4720,1321,256,536,276,557,33
21.4987,1322,224,504,243,534,56
21.4987,1322,178,503,187,547,33
21.5255,1323,224,504,243,534,56
21.5255,1323,178,503,187,547,33
21.5514,1324,224,504,243,534,56
21.5514,1324,178,504,187,546,36
21.5514,1324,257,536,277,558,31
21.5783,1325,224,504,243,534,57
21.5783,1325,256,536,276,558,40
21.5783,1325,178,504,187,546,32
21.6037,1326,224,505,242,533,54
21.6037,1326,178,502,187,546,31
21.6283,1327,225,504,242,534,56
21.6283,1327,179,503,187,545,35
21.6283,1327,257,537,277,558,31
21.6553,1328,225,504,242,534,56
21.6553,1328,179,503,187,545,35
21.6553,1328,257,537,277,558,31
21.6800,1329,225,504,243,534,56
21.6800,1329,178,504,187,546,31
21.7073,1330,225,503,243,533,59
21.7073,1330,178,504,187,548,30
21.7321,1331,225,502,243,532,58
21.7581,1332,225,502,243,532,55
21.7830,1333,225,502,243,532,55
21.8110,1334,225,502,243,534,57
21.8110,1334,257,537,274,559,36
21.8381,1335,225,502,243,533,57
21.8650,1336,225,502,243,533,57
21.8902,1337,225,502,243,538,56
21.9168,1338,225,501,243,535,58
21.9401,1339,225,501,243,537,57
21.9401,1339,254,536,274,558,34
21.9667,1340,225,501,243,534,56
21.9909,1341,225,501,243,534,56
22.0178,1342,225,501,243,537,57
22.0437,1343,225,500,243,538,58
22.0690,1344,225,501,243,535,57
22.0961,1345,225,500,243,532,59
22.0961,1345,256,536,274,558,31
22.1218,1346,225,500,243,535,58
22.1474,1347,225,500,243,535,58
22.1736,1348,225,499,243,539,58
22.1985,1349,225,499,243,539,58
22.2268,1350,225,500,243,534,60
22.2514,1351,225,500,243,534,60
22.2784,1352,225,500,243,534,58
22.3032,1353,225,500,243,534,59
22.3032,1353,255,537,275,557,33
22.3298,1354,225,499,243,534,59
22.3298,1354,252,536,274,556,31
22.3554,1355,225,499,243,534,59
22.3554,1355,252,536,274,556,31
22.3801,1356,225,500,243,536,59
22.4069,1357,224,499,243,539,58
22.4325,1358,224,499,243,533,60
22.4325,1358,254,537,274,557,33
22.4576,1359,224,499,243,533,61
22.4843,1360,224,499,243,533,61
22.5097,1361,225,498,243,538,61
22.5337,1362,225,498,243,538,61
22.5648,1363,226,498,243,540,58
22.5884,1364,226,498,243,540,58
22.6146,1365,226,498,243,540,57
22.6402,1366,226,498,243,540,57
22.6677,1367,226,498,244,538,59
22.6921,1368,226,498,244,538,59
22.7187,1369,225,496,245,538,57
22.7449,1370,225,496,244,536,63
22.7694,1371,225,496,244,538,61
22.7950,1372,225,495,244,538,61
22.8210,1373,225,495,244,538,61
22.8471,1374,225,494,244,537,63
22.8727,1375,225,494,244,538,64
22.8978,1376,225,494,244,538,64
22.9252,1377,225,494,244,536,63
22.9503,1378,225,493,244,537,62
22.9758,1379,225,494,244,536,63
23.0013,1380,225,494,244,536,63
23.0273,1381,225,494,244,536,62
23.0541,1382,225,494,244,536,62
23.0800,1383,225,493,244,535,64
23.1051,1384,225,493,244,535,63
23.1314,1385,225,493,244,535,63
23.1560,1386,225,493,244,535,63
23.1814,1387,225,492,244,534,64
23.2087,1388,225,492,244,534,64
23.2349,1389,225,492,244,534,64
23.2602,1390,225,492,244,532,64
23.2866,1391,225,492,244,532,63
23.3111,1392,226,491,243,537,61
23.3374,1393,227,490,242,537,62
23.3638,1394,227,490,242,537,62
23.3889,1395,227,490,243,542,62
23.4146,1396,226,489,243,540,62
23.4409,1397,226,489,243,540,62
23.4674,1398,226,488,243,541,64
23.4928,1399,226,488,243,541,64
23.5176,1400,226,488,243,540,65
23.5455,1401,226,487,243,541,65
23.5698,1402,226,487,243,541,65
23.5972,1403,226,487,243,540,66
23.6228,1404,226,486,243,539,66
23.6484,1405,225,486,243,540,66
23.6745,1406,226,486,243,540,66
23.6997,1407,226,486,243,540,66
23.7261,1408,226,486,243,540,66
23.7522,1409,225,486,243,540,66
23.7769,1410,226,486,242,540,67
23.8031,1411,226,485,243,539,66
23.8289,1412,226,485,243,539,66
23.8566,1413,226,485,243,539,66
23.8809,1414,225,485,243,539,66
23.9069,1415,225,485,243,539,66
23.9324,1416,225,484,243,538,67
23.9595,1417,226,484,242,537,63
23.9848,1418,228,484,241,536,51
24.0101,1419,228,484,241,538,53
24.0374,1420,228,484,241,538,53
24.0644,1421,229,484,240,540,51
24.0882,1422,228,483,241,542,54
24.1166,1423,228,482,241,545,54
24.1421,1424,228,481,241,543,52
24.1672,1425,228,481,241,543,52
24.1953,1426,228,481,241,543,54
24.2223,1427,228,480,240,542,53
24.2461,1428,228,480,240,542,53
24.2743,1429,228,480,240,542,53
24.2995,1430,228,479,241,541,54
24.3244,1431,228,479,241,541,54
24.3479,1432,228,478,241,540,54
24.3734,1433,228,478,241,540,54
24.4003,1434,228,478,241,540,53
24.4278,1435,228,478,241,540,53
24.4520,1436,228,477,241,539,51
24.4780,1437,228,477,241,539,53
24.5033,1438,228,478,241,540,53
24.5305,1439,228,478,241,540,53
24.5563,1440,228,477,240,539,52
24.5820,1441,228,477,240,539,52
24.6079,1442,228,476,240,540,53
24.6323,1443,228,477,240,539,53
24.6583,1444,228,476,240,538,53
24.6834,1445,228,476,240,540,53
24.7102,1446,228,476,240,540,53
24.7363,1447,228,476,240,539,54
24.7622,1448,228,476,241,538,54
24.7876,1449,228,476,240,540,54
24.8138,1450,228,476,241,538,54
24.8394,1451,228,476,241,538,54
24.8664,1452,228,475,241,538,54
24.8914,1453,228,475,240,539,56
24.9176,1454,228,475,240,539,56
24.9464,1455,227,475,241,539,56
24.9712,1456,227,474,241,538,55
24.9947,1457,228,475,240,537,53
25.0207,1458,228,474,240,534,53
25.0472,1459,228,474,240,534,53
25.0736,1460,228,474,240,534,51
25.1008,1461,229,474,240,536,48
25.1262,1462,229,473,240,535,47
25.1509,1463,229,472,240,536,46
25.1764,1464,229,471,240,535,47
25.2032,1465,229,471,240,535,47
25.2286,1466,229,470,240,534,45
25.2552,1467,229,470,240,534,45
25.2815,1468,229,471,240,535,45
25.3084,1469,229,470,240,534,45
25.3330,1470,229,470,241,534,47
25.3587,1471,229,469,241,535,45
25.3847,1472,229,469,241,535,45
25.4118,1473,229,469,241,535,45
25.4367,1474,229,468,241,534,45
25.4638,1475,229,468,241,534,45
25.4870,1476,229,468,241,534,44
25.5150,1477,229,467,242,534,44
25.5411,1478,229,467,242,534,44
25.5760,1479,229,466,241,534,44
25.6004,1480,229,466,242,534,45
25.6263,1481,229,466,242,534,42
25.6520,1482,229,466,242,534,42
25.6790,1483,229,466,241,534,43
25.7039,1484,229,466,241,534,42
25.7294,1485,229,466,242,534,42
25.7540,1486,231,465,242,533,43
25.7802,1487,231,465,242,533,43
25.8068,1488,229,465,242,533,42
25.8328,1489,231,465,242,533,42
25.8576,1490,231,465,242,533,42
25.8827,1491,231,464,242,534,42
25.9091,1492,231,464,242,534,42
25.9354,1493,231,464,242,534,41
25.9606,1494,231,464,242,534,41
25.9867,1495,231,464,242,534,41
26.0137,1496,231,464,242,534,42
26.0395,1497,231,464,242,534,39
26.0646,1498,230,464,242,534,41
26.0895,1499,231,463,242,533,40
26.1170,1500,231,463,242,533,40
26.1436,1501,231,464,242,534,39
26.1686,1502,230,463,241,533,40
26.1929,1503,231,463,242,532,40
26.2178,1504,231,463,242,533,40
26.2447,1505,231,463,242,533,40
26.2709,1506,229,463,241,531,38
26.2954,1507,229,462,241,532,43
26.3208,1508,229,462,241,532,43
26.3490,1509,228,462,242,530,53
26.3734,1510,228,462,242,528,56
26.3993,1511,228,462,242,526,54
26.4245,1512,229,461,242,525,51
26.4516,1513,229,461,242,525,51
26.4795,1514,229,461,242,525,50
26.5030,1515,228,459,242,527,53
26.5297,1516,228,460,242,528,54
26.5539,1517,228,459,243,527,54
26.5806,1518,228,459,243,527,54
26.6056,1519,228,459,243,527,56
26.6327,1520,228,459,243,527,56
26.6581,1521,228,459,243,525,58
26.6848,1522,228,458,244,526,58
26.7113,1523,228,458,243,526,59
26.7353,1524,228,458,244,527,58
26.7611,1525,228,458,244,525,60
26.7880,1526,228,458,244,525,60
26.8127,1527,228,458,244,527,58
26.8402,1528,228,458,244,528,58
26.8660,1529,228,457,244,527,57
26.8916,1530,228,456,244,528,58
26.9163,1531,228,456,244,528,58
26.9423,1532,228,456,244,528,58
26.9678,1533,228,457,244,529,56
26.9944,1534,228,457,244,529,56
27.0194,1535,228,456,244,530,58
27.0464,1536,228,456,244,530,58
27.0716,1537,228,456,244,528,57
27.0982,1538,228,455,244,527,56
27.1225,1539,228,455,244,527,56
27.1503,1540,228,456,244,528,57
27.1737,1541,228,455,244,529,56
27.2008,1542,228,454,244,528,56
27.2247,1543,228,455,244,528,57
27.2512,1544,228,455,244,528,57
27.2766,1545,229,455,244,529,54
27.3014,1546,229,455,244,529,54
27.3284,1547,228,455,244,525,57
27.3544,1548,228,454,245,522,61
27.3806,1549,227,454,244,520,64
27.4057,1550,226,454,245,526,65
27.4310,1551,226,454,245,526,65
27.4576,1552,226,454,245,526,65
27.4827,1553,226,453,245,523,69
27.5094,1554,226,453,245,522,68
27.5338,1555,226,453,246,525,69
27.5599,1556,226,453,246,525,69
27.5872,1557,226,452,246,526,68
27.6143,1558,226,452,246,523,68
27.6391,1559,226,452,246,526,69
27.6640,1560,226,452,246,526,69
27.6898,1561,226,452,247,520,68
27.7162,1562,226,451,247,519,69
27.7414,1563,226,450,247,520,70
27.7670,1564,226,450,247,520,70
27.7935,1565,226,450,247,518,69
27.8180,1566,226,450,247,519,69
27.8445,1567,226,450,247,519,69
27.8692,1568,226,450,247,519,70
27.8963,1569,226,450,247,519,70
27.9221,1570,226,450,247,518,69
27.9485,1571,226,450,247,518,69
27.9733,1572,227,449,247,520,69
28.0001,1573,227,449,247,520,69
28.0268,1574,226,448,247,524,69
28.0517,1575,225,448,247,522,71
28.0760,1576,227,448,248,518,69
28.1020,1577,227,448,248,518,69
28.1294,1578,228,448,249,514,65
28.1543,1579,226,448,251,509,68
28.1811,1580,224,448,252,510,71
28.2050,1581,224,448,252,510,70
28.2310,1582,224,448,252,510,70
28.2565,1583,224,448,252,510,70
28.2838,1584,223,445,254,509,71
28.3085,1585,223,445,255,507,71
28.3341,1586,223,445,255,507,71
28.3614,1587,223,444,255,506,70
28.3874,1588,223,443,255,505,70
28.4114,1589,223,443,256,503,70
28.4377,1590,223,443,256,503,70
28.4642,1591,224,442,256,504,70
28.4906,1592,224,442,256,502,69
28.5157,1593,224,441,257,501,70
28.5157,1593,224,496,243,534,30
28.5419,1594,224,441,257,501,69
28.5672,1595,224,441,257,501,69
28.5934,1596,224,440,257,502,68
28.6188,1597,224,440,258,500,68
28.6447,1598,224,440,258,500,68
28.6688,1599,224,440,258,500,68
28.6974,1600,224,440,258,504,68
28.7250,1601,224,439,258,503,68
28.7518,1602,224,438,259,500,69
28.7786,1603,224,438,259,500,69
28.8019,1604,224,438,259,498,68
28.8300,1605,224,438,258,498,69
28.8522,1606,224,438,259,498,70
28.8785,1607,224,438,259,496,70
28.9038,1608,224,438,259,496,70
28.9305,1609,224,437,259,497,71
28.9578,1610,224,437,259,495,70
28.9827,1611,224,437,259,495,71
29.0093,1612,224,437,259,495,71
29.0335,1613,224,437,260,495,71
29.0592,1614,224,437,260,497,71
29.0862,1615,224,436,260,496,71
29.1133,1616,224,436,260,496,71
29.1387,1617,224,436,260,494,72
29.1664,1618,225,436,260,496,71
29.1931,1619,225,435,260,495,72
29.2177,1620,225,435,261,497,72
29.2424,1621,224,436,260,498,71
29.2676,1622,224,436,260,498,71
29.2945,1623,225,436,260,496,72
29.3207,1624,225,435,261,495,73
29.3463,1625,225,435,261,497,73
29.3714,1626,225,435,261,497,73
29.3979,1627,225,434,261,498,72
29.4223,1628,225,434,261,496,72
29.4498,1629,225,434,261,496,72
29.4766,1630,225,434,261,496,72
29.5019,1631,224,435,261,497,72
29.5275,1632,225,434,261,496,73
29.5522,1633,224,434,261,496,73
29.5790,1634,224,434,261,496,73
29.6046,1635,224,434,261,496,73
29.6336,1636,224,434,262,497,73
29.6578,1637,224,434,262,496,73
29.6824,1638,224,434,262,496,73
29.7091,1639,224,434,262,496,73
29.7393,1640,224,433,261,497,73
29.7679,1641,224,434,261,496,73
29.7917,1642,224,434,262,496,73
29.8143,1643,224,434,262,496,73
29.8406,1644,224,433,261,496,73
29.8663,1645,224,434,262,496,73
29.8924,1646,224,434,262,496,73
29.9179,1647,224,433,262,495,73
29.9435,1648,224,433,262,495,73
29.9704,1649,224,434,262,496,73
29.9973,1650,224,434,262,497,73
30.0227,1651,224,432,262,498,73
30.0492,1652,224,432,262,498,73
30.0757,1653,224,433,262,497,73
30.1014,1654,224,433,262,497,73
30.1263,1655,224,432,262,496,73
30.1522,1656,224,432,262,496,73
30.1792,1657,224,432,262,496,73
30.2056,1658,224,432,262,496,73
30.2316,1659,224,432,262,496,73
30.2560,1660,224,432,262,496,72
30.2833,1661,224,432,262,496,72
30.3091,1662,224,432,262,496,72
30.3355,1663,226,435,264,491,73
30.3632,1664,226,436,269,480,70
30.3899,1665,226,436,269,480,70
30.4154,1666,224,433,272,485,77
30.4414,1667,224,431,276,485,79
30.4660,1668,226,430,279,483,78
30.4926,1669,226,429,282,481,78
30.5190,1670,226,429,282,481,78
30.5457,1671,226,427,284,481,79
30.5711,1672,226,427,286,481,79
30.5986,1673,226,426,288,482,79
30.6226,1674,225,424,289,482,79
30.6494,1675,225,424,289,482,79
30.6750,1676,227,424,291,480,77
30.6998,1677,226,423,292,481,78
30.7267,1678,226,423,292,481,78
30.7527,1679,226,423,293,481,78
30.7786,1680,227,422,294,478,75
30.8040,1681,226,422,295,478,77
30.8294,1682,224,422,295,480,79
30.8594,1683,224,422,295,480,79
30.8856,1684,226,419,295,477,75
30.9113,1685,244,412,297,457,75
30.9357,1686,245,413,308,459,74
30.9613,1687,245,412,315,462,78
30.9859,1688,249,409,323,455,74
31.0196,1689,250,408,328,452,71
31.0455,1690,250,408,328,452,71
31.0702,1691,254,406,333,448,74
31.0970,1692,256,404,338,442,77
31.1243,1693,256,404,338,442,77
31.1507,1694,257,402,341,437,77
31.1755,1695,258,401,344,433,79
31.1996,1696,260,400,348,432,78
31.2244,1697,260,400,348,432,78
31.2511,1698,269,400,351,428,76
31.2760,1699,277,399,353,425,72
31.3019,1700,275,398,356,428,72
31.3271,1701,280,398,358,424,72
31.3530,1702,281,397,360,423,70
31.3785,1703,281,397,360,423,70
31.4044,1704,284,396,362,422,69
31.4315,1705,284,396,362,422,69
31.4574,1706,282,396,363,423,69
31.4835,1707,290,396,365,420,64
31.5098,1708,287,395,366,419,66
31.5334,1709,297,395,368,418,65
31.5601,1710,293,394,369,418,68
31.5868,1711,293,394,369,418,68
31.6119,1712,291,393,370,417,68
31.6372,1713,292,394,373,418,68
31.6626,1714,293,394,373,418,69
31.6882,1715,293,394,373,418,69
31.7150,1716,291,393,374,417,71
31.7409,1717,289,392,375,418,70
31.7655,1718,289,392,375,418,70
31.7926,1719,292,393,376,417,70
31.8187,1720,302,392,377,416,68
31.8446,1721,302,392,377,416,68
31.8683,1722,305,392,379,416,68
31.8939,1723,305,392,379,416,68
31.9202,1724,308,393,379,415,68
31.9471,1725,307,392,379,414,70
31.9711,1726,313,392,380,414,69
31.9984,1727,308,392,379,414,69
32.0253,1728,312,392,380,414,68
32.0498,1729,312,392,380,414,68
32.0763,1730,316,392,380,414,68
32.1015,1731,316,392,380,414,68
32.1286,1732,313,392,380,414,68
32.1556,1733,310,392,380,414,68
32.1810,1734,319,392,379,414,68
32.2058,1735,318,392,380,414,67
32.2344,1736,318,392,380,414,67
32.2612,1737,318,392,380,414,67
32.2889,1738,320,393,380,413,67
32.3149,1739,322,393,381,411,65
32.3397,1740,323,394,381,411,64
32.3662,1741,323,394,382,411,62
32.3912,1742,323,394,382,411,62
32.4175,1743,316,394,382,410,63
32.4435,1744,319,394,383,410,64
32.4677,1745,319,394,383,410,64
32.4954,1746,322,395,382,411,60
32.5207,1747,319,394,384,411,63
32.5444,1748,329,394,384,410,58
32.5695,1749,331,395,383,409,59
32.5960,1750,331,395,383,409,59
32.6212,1751,326,395,383,409,52
32.6494,1752,326,395,383,409,52
32.6725,1753,324,396,383,410,45
32.6990,1754,333,396,384,408,55
32.7246,1755,333,396,384,408,55
32.7506,1756,331,396,385,408,55
32.7756,1757,329,396,385,409,57
32.8007,1758,329,396,385,409,57
32.8276,1759,332,396,386,408,56
32.8515,1760,332,396,388,408,52
32.8774,1761,332,396,387,408,52
32.9024,1762,332,396,387,408,52
32.9288,1763,334,396,389,408,53
32.9540,1764,334,396,388,408,46
32.9805,1765,335,396,390,408,53
33.0067,1766,334,396,389,408,52
33.0324,1767,334,396,389,408,52
33.0577,1768,334,396,389,408,52
33.0834,1769,334,396,390,408,44
33.1087,1770,335,396,391,408,43
33.1352,1771,335,396,391,408,43
33.1613,1772,337,396,392,407,40
33.1877,1773,338,396,393,408,31
33.2116,1774,332,398,390,408,33
33.2377,1775,332,398,390,408,33
33.2901,1777,339,396,394,408,30
33.3166,1778,336,398,392,408,41
33.3419,1779,338,398,395,408,30
33.3668,1780,338,398,395,408,30
33.6267,1790,340,398,394,408,30
35.0484,1845,305,397,335,409,32
35.0753,1846,305,397,335,409,32
35.1010,1847,307,397,340,408,30
35.2314,1852,339,400,403,412,39
35.2542,1853,339,400,403,412,39
35.3072,1855,340,401,403,411,44
35.3326,1856,343,401,404,411,54
35.3586,1857,342,401,404,412,49
35.3825,1858,342,401,404,412,49
35.4086,1859,340,402,404,412,50
35.4342,1860,341,402,404,412,50
35.4608,1861,343,402,404,412,54
35.4855,1862,343,402,404,412,56
35.5124,1863,343,402,404,412,56
35.5383,1864,341,402,405,412,56
35.5640,1865,341,402,405,412,56
35.5895,1866,341,402,405,412,56
35.6152,1867,348,402,406,412,50
35.6414,1868,348,402,406,412,57
35.6665,1869,348,403,406,413,60
35.6921,1870,347,403,406,413,61
35.7184,1871,347,403,406,413,61
35.7441,1872,348,402,406,412,61
35.7701,1873,346,403,406,413,61
35.7973,1874,347,403,406,413,60
35.8230,1875,348,403,406,413,62
35.8506,1876,348,403,406,413,62
35.8750,1877,348,403,406,413,62
35.8990,1878,349,403,406,413,59
35.9249,1879,349,403,406,413,59
35.9511,1880,349,402,407,414,60
35.9769,1881,349,403,407,413,57
36.0022,1882,349,402,406,414,62
36.0263,1883,349,402,407,414,64
36.0528,1884,349,402,407,414,64
36.0782,1885,343,402,407,414,64
36.1049,1886,345,402,407,414,63
36.1314,1887,346,403,407,413,62
36.1564,1888,347,403,407,414,63
36.1834,1889,347,403,407,414,63
36.2100,1890,349,403,407,414,63
36.2351,1891,346,403,407,414,63
36.2607,1892,346,403,407,414,63
36.2875,1893,348,403,407,414,64
36.3153,1894,348,402,407,414,64
36.3384,1895,349,402,407,414,65
36.3644,1896,349,403,407,414,64
36.3895,1897,349,403,407,414,64
36.4160,1898,348,402,407,414,64
36.4420,1899,348,403,407,415,64
36.4671,1900,349,403,407,414,64
36.4938,1901,348,403,408,415,65
36.5189,1902,348,403,408,415,65
36.5456,1903,348,402,408,414,65
36.5700,1904,349,403,407,414,63
36.5964,1905,349,403,407,414,63
36.6228,1906,350,402,407,414,65
36.6504,1907,350,402,407,414,65
36.6747,1908,349,402,408,414,66
36.7001,1909,348,402,408,414,65
36.7261,1910,348,402,408,414,65
36.7513,1911,348,402,408,414,66
36.7776,1912,349,403,408,415,65
36.8045,1913,356,400,406,420,68
36.8308,1914,359,396,408,426,73
36.8549,1915,359,396,408,426,73
36.8817,1916,358,394,413,428,74
36.9088,1917,360,395,418,431,76
36.9316,1918,360,395,418,431,76
36.9592,1919,361,396,421,432,77
36.9853,1920,356,398,424,434,76
37.0135,1921,364,398,427,436,75
37.0356,1922,364,398,427,436,75
37.0625,1923,364,398,427,436,75
37.0888,1924,357,398,431,438,73
37.1167,1925,357,398,434,440,73
37.1398,1926,357,397,435,441,73
37.1656,1927,356,396,436,442,75
37.1922,1928,356,396,438,442,76
37.2166,1929,356,396,438,442,76
37.2424,1930,359,397,439,444,76
37.2686,1931,359,397,439,444,76
37.2935,1932,360,398,441,446,76
37.3211,1933,362,398,443,446,77
37.3463,1934,364,398,444,447,78
37.3711,1935,366,399,445,448,76
37.3965,1936,366,399,445,448,76
37.4221,1937,368,399,446,449,76
37.4510,1938,368,399,446,449,76
37.4741,1939,370,402,448,450,76
37.4996,1940,370,402,448,450,76
37.5254,1941,370,402,448,450,76
37.5505,1942,373,404,449,452,76
37.5791,1943,374,404,450,452,76
37.6032,1944,374,404,450,452,76
37.6309,1945,374,405,451,453,75
37.6552,1946,407,425,451,461,74
37.6809,1947,400,420,464,462,75
37.7056,1948,404,421,477,465,75
37.7322,1949,404,421,477,465,75
37.7583,1950,408,429,487,467,69
37.7841,1951,416,442,496,470,70
37.8101,1952,428,450,503,472,74
37.8364,1953,428,450,503,472,74
37.8617,1954,428,450,503,472,74
37.8883,1955,470,452,514,476,75
37.9147,1956,470,452,514,476,75
37.9395,1957,474,445,535,476,78
37.9667,1958,479,435,552,465,78
37.9925,1959,500,431,568,465,77
38.0169,1960,507,425,583,461,74
38.0421,1961,523,416,593,448,72
38.0685,1962,523,416,593,448,72
38.0951,1963,552,407,608,447,77
38.1207,1964,555,401,625,445,75
38.1459,1965,562,396,640,436,75
38.1699,1966,566,395,650,430,74
38.1952,1967,566,395,650,430,74
38.2228,1968,573,394,661,422,66
38.2476,1969,573,394,661,422,66
38.2740,1970,573,394,661,422,66
38.3001,1971,585,393,677,413,61
38.3254,1972,602,392,684,406,61
38.3511,1973,604,391,690,405,60
38.3769,1974,604,391,690,405,60
38.4029,1975,608,388,694,404,66
38.4309,1976,646,382,699,406,74
38.4537,1977,650,378,708,408,75
38.4806,1978,650,378,708,408,75
38.5072,1979,646,373,718,405,75
38.5315,1980,644,371,725,405,76
38.5562,1981,650,370,731,404,72
38.5819,1982,658,368,737,404,71
38.6079,1983,658,368,737,404,71
38.6347,1984,662,367,742,403,70
38.6593,1985,668,366,748,404,65
38.6858,1986,673,364,751,400,64
38.7113,1987,673,364,751,400,64
38.7370,1988,676,363,755,396,65
38.7633,1989,683,362,759,390,67
38.7877,1990,683,362,759,390,67
38.8146,1991,702,364,762,384,64
38.8404,1992,716,362,766,382,66
38.8657,1993,719,360,772,384,72
38.8907,1994,722,360,778,386,75
38.9169,1995,722,360,778,386,75
38.9435,1996,727,360,783,388,74
38.9699,1997,730,363,788,389,74
38.9944,1998,733,364,793,390,74
39.0233,1999,735,364,797,392,72
39.0462,2000,735,364,797,392,72
39.0733,2001,735,365,801,393,72
39.0993,2002,741,368,804,394,72
39.1252,2003,741,368,804,394,72
39.1507,2004,744,368,808,394,71
39.1774,2005,746,370,810,396,72
39.2029,2006,749,370,813,396,72
39.2284,2007,750,370,816,396,70
39.2543,2008,750,370,816,396,70
39.2801,2009,763,375,812,403,65
39.3045,2010,779,370,807,408,71
39.3321,2011,771,370,811,406,77
39.3564,2012,760,376,814,412,74
39.3821,2013,760,376,814,412,74
39.4080,2014,750,381,814,416,72
39.4334,2015,741,381,815,419,74
39.4584,2016,741,381,815,419,74
39.4857,2017,732,384,810,420,75
39.5113,2018,724,383,806,423,70
39.5358,2019,717,386,803,424,66
39.5625,2020,712,408,772,428,64
39.5871,2021,712,408,772,428,64
39.6140,2022,704,406,762,431,72
39.6405,2023,688,404,765,430,40
39.6653,2024,674,418,740,434,64
39.6902,2025,664,416,728,436,71
39.7150,2026,664,416,728,436,71
39.7430,2027,653,416,729,438,71
39.7680,2028,644,417,729,440,72
39.7937,2029,644,417,729,440,72
39.8194,2030,637,418,729,442,72
39.8460,2031,630,418,722,442,71
39.8712,2032,622,418,716,444,73
39.8966,2033,617,420,708,446,74
39.9221,2034,617,420,708,446,74
39.9495,2035,611,420,703,447,76
39.9726,2036,606,420,698,448,76
39.9980,2037,601,421,695,449,77
40.0235,2038,596,422,690,450,77
40.0494,2039,596,422,690,450,77
40.0757,2040,591,421,685,451,75
40.1002,2041,586,422,680,452,75
40.1255,2042,582,423,676,452,75
40.1521,2043,582,423,676,452,75
40.1784,2044,578,426,674,452,71
40.2021,2045,575,427,671,453,71
40.2289,2046,575,427,671,453,71
40.2549,2047,575,427,671,453,71
40.2809,2048,568,434,660,454,69
40.3061,2049,564,436,656,454,71
40.3327,2050,561,437,651,455,70
40.3574,2051,561,437,651,455,70
40.3834,2052,558,440,638,456,70
40.4104,2053,555,440,625,456,70
40.4353,2054,552,441,620,456,70
40.4616,2055,548,442,620,456,70
40.4880,2056,548,442,620,456,70
40.5118,2057,547,442,618,456,70
40.5374,2058,544,442,615,458,70
40.5635,2059,544,442,615,458,70
40.5903,2060,542,443,610,457,70
40.6144,2061,540,444,610,458,70
40.6399,2062,540,444,610,458,70
40.6662,2063,535,444,605,458,69
40.6915,2064,535,444,605,458,69
40.7179,2065,533,443,605,459,70
40.7439,2066,532,445,600,459,68
40.7684,2067,530,444,604,460,68
40.7945,2068,528,445,596,459,64
40.8211,2069,528,445,596,459,64
40.8468,2070,526,445,598,460,66
40.8706,2071,524,446,602,460,64
40.8974,2072,524,446,602,460,64
40.9250,2073,522,446,598,460,62
40.9483,2074,520,446,598,460,61
40.9739,2075,518,446,600,460,62
40.9996,2076,518,446,600,460,62
41.0252,2077,516,445,604,461,64
41.0532,2078,516,445,604,461,64
41.0804,2079,514,446,602,462,61
41.1049,2080,512,446,602,462,58
41.1305,2081,511,446,599,462,52
41.1559,2082,511,446,599,462,52
41.1815,2083,510,446,597,462,46
41.2064,2084,510,446,597,462,46
41.2336,2085,509,446,595,462,36
41.2593,2086,508,446,598,462,44
41.2840,2087,507,446,597,462,32
41.3341,2089,504,445,596,463,32
41.3599,2090,504,445,596,463,32
41.4129,2092,500,452,564,464,30
41.4359,2093,500,452,564,464,30
41.4616,2094,500,452,564,464,30
41.4885,2095,497,451,565,465,43
41.5124,2096,496,453,558,465,49
41.5387,2097,496,453,558,465,49
41.5641,2098,496,452,559,465,54
41.5909,2099,494,453,559,465,53
41.6156,2100,493,453,559,465,56
41.6410,2101,492,453,558,465,60
41.6676,2102,492,453,558,465,60
41.6945,2103,491,453,559,465,62
41.7199,2104,491,454,555,466,63
41.7462,2105,490,454,554,466,65
41.7702,2106,489,454,552,466,65
41.7972,2107,489,454,552,466,65
41.8229,2108,488,454,551,466,66
41.8476,2109,488,454,551,466,66
41.8761,2110,488,454,551,466,66
41.9006,2111,486,454,552,467,67
41.9264,2112,485,454,550,468,67
41.9514,2113,485,454,551,468,67
41.9788,2114,484,455,548,467,67
42.0021,2115,484,455,548,467,67
42.0291,2116,483,455,550,468,66
42.0541,2117,482,454,555,468,67
42.0796,2118,482,454,552,468,67
42.1041,2119,481,455,551,469,67
42.1302,2120,481,455,551,469,67
42.1589,2121,480,455,546,469,68
42.1818,2122,480,455,545,469,68
42.2080,2123,480,455,545,469,68
42.2339,2124,479,455,548,469,68
42.2601,2125,478,456,543,470,69
42.2855,2126,478,456,546,470,69
42.3123,2127,478,456,546,470,69
42.3374,2128,477,456,542,470,69
42.3636,2129,477,456,544,470,69
42.3880,2130,476,456,543,470,69
42.4141,2131,476,456,542,470,69
42.4384,2132,476,456,542,470,69
42.4658,2133,476,456,542,470,69
42.4917,2134,475,456,540,470,70
42.5158,2135,475,456,536,470,69
42.5422,2136,475,456,536,470,69
42.5693,2137,476,453,525,471,70
42.5957,2138,485,444,519,478,65
42.6198,2139,486,444,517,480,77
42.6459,2140,486,444,517,480,77
42.6724,2141,484,438,522,482,78
42.6982,2142,481,430,529,480,80
42.7237,2143,480,426,536,480,80
42.7521,2144,479,422,542,476,81
42.7772,2145,479,422,542,476,81
42.8046,2146,479,419,548,473,81
42.8342,2147,520,418,558,445,65
42.8585,2148,544,423,598,453,69
42.8585,2148,525,416,565,452,57
42.8862,2149,544,423,598,453,69
42.8862,2149,525,416,565,452,57
42.9145,2150,558,414,621,456,71
42.9385,2151,574,409,642,449,62
42.9647,2152,584,405,658,435,63
42.9920,2153,584,405,658,435,63
43.0184,2154,596,402,670,424,59
43.0424,2155,598,399,680,421,66
43.0697,2156,606,397,690,417,68
43.0922,2157,610,394,698,416,69
43.1190,2158,622,392,705,414,69
43.1448,2159,626,392,712,412,71
43.1696,2160,626,392,712,412,71
43.1962,2161,635,390,718,412,73
43.2217,2162,635,390,718,412,73
43.2501,2163,638,387,724,411,75
43.2726,2164,642,386,728,410,75
43.2996,2165,658,385,734,409,74
43.3245,2166,656,383,738,409,74
43.3502,2167,656,383,738,409,74
43.3763,2168,671,382,743,408,75
43.4033,2169,676,380,748,408,73
43.4279,2170,672,380,752,408,72
43.4526,2171,669,378,755,408,73
43.4798,2172,672,376,758,408,74
43.5060,2173,672,376,758,408,74
43.5315,2174,680,369,754,404,69
43.5577,2175,680,369,754,404,69
43.5839,2176,719,366,751,404,67
43.6094,2177,724,365,754,405,72
43.6348,2178,719,364,757,406,78
43.6621,2179,715,362,761,405,77
43.6851,2180,715,362,761,405,77
43.7126,2181,712,360,766,398,73
43.7368,2182,710,362,762,392,70
43.7646,2183,707,364,756,392,64
43.7895,2184,703,364,757,383,67
43.8161,2185,703,364,757,383,67
43.8418,2186,698,364,754,384,68
43.8661,2187,692,364,752,384,64
43.8917,2188,688,364,748,386,65
43.9178,2189,688,364,748,386,65
43.9443,2190,684,364,744,387,69
43.9685,2191,680,364,738,388,68
43.9949,2192,676,364,736,388,69
44.0230,2193,676,364,736,388,69
44.0468,2194,673,364,729,388,69
44.0726,2195,669,365,727,388,66
44.0980,2196,667,366,726,388,67
44.1255,2197,664,366,726,388,67
44.1489,2198,664,366,726,388,67
44.1777,2199,662,367,724,389,69
44.2017,2200,659,367,723,389,69
44.2283,2201,657,368,721,389,71
44.2537,2202,657,368,721,389,71
44.2808,2203,656,368,721,389,71
44.3034,2204,654,369,716,389,72
44.3319,2205,653,368,717,390,70
44.3558,2206,653,368,717,390,70
44.3817,2207,652,368,714,389,70
44.4083,2208,650,367,714,389,69
44.4332,2209,649,368,711,388,68
44.4587,2210,648,368,710,388,69
44.4834,2211,648,368,710,388,69
44.5114,2212,647,368,709,388,67
44.5368,2213,648,370,706,391,63
44.5605,2214,648,368,693,402,79
44.5864,2215,648,368,693,402,79
44.6135,2216,642,364,690,406,76
44.6385,2217,635,366,685,410,74
44.6647,2218,629,365,693,412,72
44.6906,2219,629,365,693,412,72
44.7173,2220,624,365,692,415,74
44.7414,2221,619,368,689,418,76
44.7665,2222,615,370,689,420,75
44.7922,2223,615,370,689,420,75
44.8169,2224,611,372,689,422,74
44.8432,2225,608,374,685,423,73
44.8695,2226,604,378,684,424,71
44.8949,2227,602,379,684,425,70
44.9210,2228,602,379,684,425,70
44.9466,2229,598,379,683,427,71
44.9707,2230,595,383,682,427,73
44.9970,2231,595,383,682,427,73
45.0242,2232,592,384,682,428,73
45.0518,2233,592,384,682,428,73
45.0776,2234,589,386,679,430,77
45.1025,2235,589,386,679,430,77
45.1309,2236,588,387,678,431,76
45.1554,2237,586,388,676,431,76
45.1817,2238,598,409,624,465,56
45.2059,2239,598,409,624,465,56
45.2587,2241,612,455,672,479,66
45.2841,2242,627,452,687,480,74
45.3115,2243,630,448,697,479,76
45.3350,2244,630,448,697,479,76
45.3598,2245,634,444,706,478,74
45.3861,2246,640,441,714,475,70
45.4117,2247,643,438,719,475,70
45.4391,2248,643,438,719,475,70
45.4645,2249,643,438,719,475,70
45.4880,2250,649,434,729,475,58
45.5136,2251,649,434,729,475,58
45.5406,2252,660,432,734,470,65
45.5676,2253,660,431,738,473,62
45.5928,2254,670,430,742,466,69
45.6183,2255,676,428,746,464,61
45.6443,2256,678,427,750,461,62
45.6697,2257,678,427,750,461,62
45.6958,2258,684,426,752,457,64
45.7217,2259,687,425,755,455,62
45.7479,2260,682,424,758,456,71
45.7716,2261,689,422,761,450,70
45.7991,2262,689,422,761,450,70
45.8225,2263,688,422,764,450,73
45.8510,2264,688,420,766,450,73
45.8749,2265,688,420,766,450,73
45.9019,2266,691,420,769,449,74
45.9278,2267,690,420,771,450,75
45.9531,2268,690,419,773,451,77
45.9779,2269,695,418,775,450,77
46.0033,2270,695,418,775,450,77
46.0299,2271,698,418,777,448,77
46.0554,2272,699,416,780,448,77
46.0806,2273,709,415,783,443,74
46.1058,2274,704,415,784,447,75
46.1309,2275,704,415,784,447,75
46.1579,2276,712,414,786,443,72
46.1827,2277,712,414,786,443,72
46.2079,2278,712,413,788,443,72
46.2356,2279,712,412,790,444,75
46.2595,2280,724,412,792,438,72
46.2870,2281,718,411,792,442,72
46.3112,2282,718,411,792,442,72
46.3383,2283,725,410,795,438,73
46.3627,2284,731,410,797,436,73
46.3872,2285,728,410,798,438,73
46.4130,2286,725,409,799,439,72
46.4374,2287,725,409,799,439,72
46.4635,2288,725,408,801,438,73
46.4892,2289,726,408,802,438,73
46.5158,2290,726,408,802,438,73
46.5404,2291,735,407,804,434,73
46.5653,2292,727,406,805,436,74
46.5907,2293,729,406,807,436,74
46.6163,2294,744,405,808,430,74
46.6420,2295,744,405,808,430,74
46.6694,2296,730,404,810,434,75
46.6941,2297,732,404,811,434,75
46.7217,2298,738,404,813,432,75
46.7442,2299,738,404,814,432,75
46.7712,2300,738,404,814,432,75
46.7969,2301,742,403,816,430,75
46.8222,2302,742,403,816,430,75
46.8495,2303,742,402,816,430,75
46.8763,2304,741,402,817,430,75
46.9025,2305,747,402,819,428,75
46.9274,2306,758,404,816,426,67
46.9528,2307,758,404,816,426,67
46.9794,2308,781,400,822,436,75
46.9794,2308,748,404,780,438,35
47.0041,2309,788,397,826,447,77
47.0303,2310,801,411,827,449,58
47.0557,2311,788,414,832,446,74
47.0814,2312,776,430,834,444,63
47.1079,2313,776,430,834,444,63
47.1329,2314,763,434,833,446,60
47.1329,2314,827,416,845,444,43
47.1568,2315,763,434,833,446,60
47.1568,2315,827,416,845,444,43
47.1832,2316,752,435,816,447,60
47.2093,2317,739,436,799,448,60
47.2351,2318,730,438,790,448,57
47.2601,2319,723,438,785,448,55
47.2854,2320,723,438,785,448,55
47.3115,2321,717,438,781,448,30
47.3409,2322,709,438,775,448,33
47.3654,2323,702,430,752,452,70
47.3905,2324,679,430,732,446,52
47.3905,2324,724,432,760,454,36
47.4158,2325,662,428,730,448,69
47.4416,2326,662,428,730,448,69
47.4691,2327,645,435,714,453,64
47.4941,2328,631,437,701,457,68
47.5203,2329,631,437,701,457,68
47.5458,2330,621,437,689,461,72
47.5704,2331,611,438,685,464,71
47.5957,2332,607,442,667,468,56
47.6208,2333,607,442,667,468,56
47.6479,2334,588,442,632,486,63
47.6747,2335,602,448,632,486,52
47.6747,2335,567,473,617,488,38
47.6996,2336,605,454,627,488,48
47.7506,2338,528,474,580,490,60
47.7767,2339,528,474,580,490,60
47.8036,2340,513,471,573,485,64
47.8298,2341,498,466,552,484,72
47.8538,2342,498,466,552,484,72
47.8819,2343,487,462,545,484,73
47.9051,2344,478,460,541,484,70
47.9324,2345,469,459,539,485,70
47.9568,2346,469,459,539,485,70
47.9829,2347,461,458,535,484,66
48.0090,2348,454,458,522,480,61
48.0342,2349,447,457,513,469,59
48.0602,2350,442,457,510,469,64
48.0857,2351,442,457,510,469,64
48.1124,2352,434,448,485,470,75
48.1372,2353,418,447,487,469,72
48.1626,2354,405,447,488,469,59
48.1871,2355,405,447,488,469,59
48.2153,2356,392,444,464,460,68
48.2394,2357,382,442,458,458,66
48.2659,2358,373,442,451,456,70
48.2909,2359,373,442,451,456,70
48.3173,2360,365,441,440,455,68
48.3443,2361,358,440,432,454,70
48.3695,2362,352,439,435,453,67
48.3944,2363,346,438,425,452,67
48.4191,2364,346,438,425,452,67
48.4462,2365,339,438,425,452,69
48.4727,2366,334,437,422,453,68
48.4976,2367,329,436,421,454,69
48.5234,2368,329,436,421,454,69
48.5492,2369,323,436,413,452,68
48.5739,2370,319,434,411,452,66
48.6009,2371,316,434,407,452,68
48.6268,2372,316,434,407,452,68
48.6510,2373,316,434,407,452,68
48.6779,2374,307,434,397,450,58
48.7039,2375,304,433,394,449,59
48.7280,2376,300,433,391,449,58
48.7543,2377,300,433,391,449,58
48.7798,2378,296,432,388,448,59
48.8067,2379,292,431,378,447,56
48.8306,2380,289,430,380,448,58
48.8584,2381,289,430,380,448,58
48.8832,2382,286,429,376,447,62
48.9085,2383,284,429,371,446,63
48.9348,2384,284,429,371,446,63
48.9605,2385,281,428,362,446,67
48.9865,2386,278,427,365,445,69
49.0114,2387,275,427,362,445,68
49.0381,2388,275,427,362,445,68
49.0635,2389,275,427,362,445,68
49.0909,2390,271,426,361,444,69
49.1165,2391,268,426,360,444,71
49.1444,2392,267,425,357,443,71
49.1670,2393,264,426,354,444,72
49.1924,2394,261,425,351,442,71
49.2184,2395,261,425,351,442,71
49.2462,2396,259,425,349,442,71
49.2691,2397,259,425,349,442,71
49.2970,2398,258,424,347,442,71
49.3215,2399,256,424,346,442,71
49.3472,2400,254,424,345,442,72
49.3726,2401,253,423,343,441,70
49.3976,2402,253,423,343,441,70
49.4234,2403,251,422,340,440,72
49.4490,2404,251,422,340,440,72
49.4760,2405,247,422,338,440,72
49.5010,2406,246,422,333,438,71
49.5260,2407,246,422,333,438,71
49.5536,2408,244,421,332,438,71
49.5780,2409,242,420,332,438,71
49.6027,2410,242,420,332,438,71
49.6290,2411,241,420,331,438,72
49.6570,2412,245,413,309,437,66
49.6820,2413,249,405,300,441,73
49.7060,2414,251,400,292,446,74
49.7315,2415,251,400,292,446,74
49.7591,2416,252,396,288,448,69
49.7880,2417,252,394,292,448,69
49.8128,2418,251,391,288,449,66
49.8355,2419,251,391,288,449,66
49.8621,2420,251,386,282,450,60
49.8888,2421,251,386,282,450,60
49.9142,2422,250,382,272,446,63
49.9142,2422,253,430,290,452,39
49.9408,2423,250,382,272,446,63
49.9408,2423,253,430,290,452,39
49.9670,2424,250,380,270,442,66
49.9670,2424,254,435,288,453,52
49.9919,2425,250,379,270,441,69
49.9919,2425,255,438,288,455,46
50.0188,2426,249,386,276,434,74
50.0443,2427,244,393,288,429,70
50.0694,2428,244,393,288,429,70
50.0961,2429,239,398,299,414,52
50.1219,2430,245,396,308,408,58
50.1219,2430,234,398,273,424,42
50.1470,2431,250,396,316,408,63
50.1724,2432,259,396,324,408,65
50.1978,2433,259,396,324,408,65
50.2246,2434,259,396,331,408,65
50.2512,2435,259,396,331,408,65
50.2765,2436,259,396,331,408,65
50.3033,2437,266,396,341,408,64
50.3299,2438,275,396,346,408,62
50.3542,2439,280,396,350,408,63
50.3813,2440,286,396,355,408,56
50.4048,2441,286,396,355,408,56
50.4315,2442,290,396,358,408,53
50.4597,2443,288,396,361,408,55
50.4831,2444,305,395,362,411,63
50.5078,2445,325,390,370,426,72
50.5348,2446,325,390,370,426,72
50.5618,2447,320,391,385,436,72
50.5856,2448,329,398,396,446,71
50.6111,2449,329,398,396,446,71
50.6373,2450,331,399,406,453,75
50.6651,2451,342,404,416,458,77
50.6877,2452,349,408,424,463,79
50.7134,2453,354,411,431,467,78
50.7395,2454,354,411,431,467,78
50.7665,2455,361,415,438,471,77
50.7914,2456,368,420,445,474,75
50.8174,2457,376,431,451,477,73
50.8429,2458,381,439,456,479,65
50.8678,2459,381,439,456,479,65
50.8940,2460,392,450,462,482,68
50.9203,2461,401,456,467,484,63
50.9465,2462,401,456,467,484,63
50.9723,2463,414,461,471,485,71
50.9994,2464,425,464,475,484,56
50.9994,2464,391,448,438,476,44
51.0241,2465,434,469,486,483,69
51.0488,2466,442,470,498,480,54
51.0488,2466,417,453,428,477,32
51.0756,2467,442,470,498,480,54
51.0756,2467,417,453,428,477,32
51.1015,2468,452,469,510,481,55
51.1271,2469,463,468,520,481,64
51.1531,2470,468,467,528,481,63
51.1531,2470,435,468,467,482,32
51.1783,2471,475,466,535,482,67
51.1783,2471,440,469,472,482,52
51.2037,2472,475,466,535,482,67
51.2037,2472,440,469,472,482,52
51.2308,2473,481,466,542,482,65
51.2308,2473,445,471,474,483,49
51.2561,2474,488,464,550,481,66
51.2830,2475,488,464,550,481,66
51.3086,2476,493,463,555,481,66
51.3350,2477,497,461,561,479,67
51.3350,2477,466,475,501,484,30
51.3609,2478,502,460,567,478,69
51.3609,2478,472,472,515,484,34
51.3851,2479,506,459,570,477,68
51.3851,2479,477,472,519,484,32
51.4111,2480,506,459,570,477,68
51.4111,2480,477,472,519,484,32
51.4387,2481,512,458,576,476,66
51.4387,2481,483,466,551,484,36
51.4633,2482,516,458,580,476,70
51.4633,2482,487,468,535,484,31
51.4894,2483,516,456,584,476,69
51.5149,2484,522,456,588,474,69
51.5408,2485,522,456,588,474,69
51.5670,2486,524,456,592,473,69
51.5924,2487,528,455,596,473,69
51.6201,2488,528,455,596,473,69
51.6434,2489,531,454,599,472,69
51.6681,2490,547,444,597,472,70
51.6681,2490,511,461,539,480,33
51.6937,2491,560,437,604,477,77
51.7202,2492,560,437,604,477,77
51.7463,2493,558,431,613,475,78
51.7733,2494,556,424,622,474,78
51.7979,2495,556,419,628,471,78
51.8239,2496,563,415,633,471,81
51.8483,2497,568,410,638,470,81
51.8754,2498,568,410,638,470,81
51.9000,2499,572,406,642,468,80
51.9263,2500,577,402,647,466,82
51.9519,2501,577,402,647,466,82
51.9782,2502,582,399,652,465,82
52.0039,2503,584,395,654,463,80
52.0307,2504,588,393,658,460,79
52.0538,2505,588,393,658,460,79
52.0806,2506,592,390,660,456,78
52.1056,2507,595,387,663,453,79
52.1320,2508,596,385,666,453,80
52.1583,2509,599,382,669,450,78
52.1833,2510,599,382,669,450,78
52.2087,2511,601,380,671,448,77
52.2358,2512,605,377,673,445,74
52.2628,2513,607,376,675,442,72
52.2868,2514,607,376,675,442,72
52.3132,2515,609,373,677,439,73
52.3375,2516,626,371,670,417,63
52.3633,2517,645,372,673,408,59
52.3633,2517,616,396,666,424,39
52.3890,2518,645,372,673,408,59
52.3890,2518,616,396,666,424,39
52.4152,2519,633,375,676,403,77
52.4402,2520,628,376,678,404,78
52.4678,2521,622,372,674,406,77
52.4911,2522,613,371,671,407,78
52.5168,2523,613,371,671,407,78
52.5448,2524,605,374,673,414,77
52.5699,2525,602,379,658,423,65
52.5949,2526,594,380,639,428,76
52.6213,2527,586,376,644,434,79
52.6449,2528,586,376,644,434,79
52.6711,2529,580,374,642,440,79
52.6970,2530,573,379,639,445,80
52.7228,2531,573,379,639,445,80
52.7493,2532,568,382,636,448,79
52.7751,2533,563,386,633,454,77
52.8008,2534,558,386,632,457,79
52.8277,2535,554,390,628,460,77
52.8531,2536,554,390,628,460,77
52.8795,2537,551,393,623,463,78
52.9063,2538,546,396,620,466,78
52.9312,2539,542,397,616,469,77
52.9565,2540,540,400,612,470,77
52.9833,2541,540,400,612,470,77
53.0099,2542,537,405,609,473,77
53.0332,2543,534,410,608,474,77
53.0589,2544,534,410,608,474,77
53.0865,2545,532,412,606,476,79
53.1133,2546,528,414,604,478,77
53.1379,2547,525,418,601,480,76
53.1633,2548,523,420,601,482,77
53.1896,2549,523,420,601,482,77
53.2153,2550,522,423,599,483,75
53.2424,2551,519,426,597,484,74
53.2674,2552,517,428,595,486,72
53.2933,2553,515,430,595,486,70
53.3192,2554,515,430,595,486,70
53.3434,2555,513,431,593,487,71
53.3699,2556,510,435,590,489,70
53.3950,2557,510,435,590,489,70
53.4224,2558,508,437,589,489,68
53.4479,2559,508,437,589,489,68
53.4734,2560,506,438,588,490,67
53.4990,2561,506,461,552,487,59
53.4990,2561,551,437,587,470,36
53.5241,2562,506,461,552,487,59
53.5241,2562,551,437,587,470,36
53.5501,2563,509,454,547,490,52
53.5758,2564,510,449,540,489,69
53.6043,2565,510,437,543,486,75
53.6280,2566,510,427,549,481,79
53.6549,2567,510,427,549,481,79
53.6806,2568,512,419,555,477,79
53.7050,2569,512,419,555,477,79
53.7316,2570,516,412,560,466,77
53.7569,2571,518,406,564,468,78
53.7830,2572,519,401,567,465,81
53.8091,2573,520,396,572,458,79
53.8338,2574,520,396,572,458,79
53.8608,2575,520,396,572,458,79
53.8861,2576,523,388,577,448,78
53.9126,2577,518,388,580,446,71
53.9368,2578,538,392,588,434,73
53.9624,2579,540,393,595,427,65
53.9905,2580,540,393,595,427,65
54.0145,2581,540,392,602,410,60
54.0396,2582,546,393,608,407,61
54.0658,2583,546,393,608,407,61
54.0940,2584,554,392,614,406,61
54.0940,2584,534,396,550,428,36
54.1193,2585,556,393,618,405,58
54.1193,2585,532,395,550,422,46
54.1443,2586,555,393,623,405,57
54.1688,2587,550,392,626,404,56
54.1948,2588,550,392,626,404,56
54.2206,2589,556,391,630,403,54
54.2445,2590,556,391,630,403,54
54.2713,2591,571,391,637,403,54
54.2958,2592,572,390,640,403,53
54.3228,2593,572,390,640,403,53
54.3482,2594,574,390,642,402,53
54.3758,2595,574,390,642,402,53
54.4003,2596,576,389,646,402,45
54.4266,2597,580,389,648,402,44
54.4521,2598,579,388,650,402,42
54.4785,2599,580,388,652,402,44
54.5036,2600,580,388,652,402,44
54.5298,2601,579,387,655,401,37
54.8131,2612,598,383,666,395,31
54.8379,2613,596,383,668,395,36
54.8667,2614,596,383,668,395,36
54.8913,2615,600,383,668,395,38
54.9165,2616,601,383,669,395,39
54.9426,2617,600,382,670,394,47
54.9675,2618,605,382,671,394,47
54.9935,2619,605,382,671,394,47
55.0181,2620,604,382,672,394,54
55.0439,2621,604,382,672,394,54
55.0718,2622,604,382,672,394,54
55.0992,2623,612,382,674,392,59
55.1221,2624,609,381,675,393,58
55.1487,2625,610,381,676,393,59
55.1725,2626,610,381,676,393,59
55.1995,2627,610,381,676,393,58
55.2268,2628,611,380,677,392,61
55.2511,2629,612,380,678,392,61
55.2793,2630,615,380,678,392,62
55.3025,2631,615,380,678,392,62
55.3285,2632,616,380,678,392,61
55.3566,2633,616,379,679,391,62
55.3811,2634,616,379,679,391,62
55.4070,2635,618,380,680,390,61
55.4334,2636,617,379,679,391,62
55.4598,2637,619,379,680,391,62
55.4838,2638,618,378,680,390,63
55.5094,2639,618,378,680,390,63
55.5349,2640,618,378,680,390,62
55.5613,2641,616,378,682,390,61
55.5861,2642,616,378,682,390,61
55.6122,2643,618,378,682,390,61
55.6391,2644,618,378,682,390,61
55.6666,2645,615,378,683,390,61
55.6912,2646,617,377,683,389,61
55.7156,2647,617,377,683,389,61
55.7422,2648,614,377,684,389,60
55.7685,2649,616,377,684,389,62
55.7945,2650,619,377,683,389,63
55.8181,2651,626,372,682,394,70
55.8181,2651,594,374,649,392,34
55.8439,2652,626,372,682,394,70
55.8439,2652,594,374,649,392,34
55.8708,2653,636,370,688,396,74
55.8967,2654,632,370,694,396,75
55.9213,2655,633,373,701,399,76
55.9466,2656,627,373,705,401,76
55.9723,2657,627,373,705,401,76
55.9980,2658,631,376,711,402,74
56.0233,2659,634,375,714,403,74
56.0490,2660,634,375,714,403,74
56.0760,2661,642,378,718,404,73
56.1009,2662,644,378,720,404,72
56.1260,2663,641,378,723,405,72
56.1519,2664,640,376,724,406,74
56.1782,2665,640,376,724,406,74
56.2050,2666,642,376,728,406,73
56.2296,2667,644,375,730,406,73
56.2553,2668,646,375,732,407,73
56.2812,2669,650,378,734,408,71
56.3066,2670,650,378,734,408,71
56.3329,2671,652,378,736,409,70
56.3587,2672,652,375,738,409,72
56.3838,2673,683,387,737,415,73
56.4099,2674,683,387,737,415,73
56.4349,2675,691,384,743,418,79
56.4613,2676,694,384,752,420,71
56.4857,2677,694,384,752,420,71
56.5142,2678,680,382,758,422,72
56.5392,2679,684,386,766,426,72
56.5644,2680,686,389,770,429,72
56.5881,2681,690,391,776,431,74
56.6145,2682,690,391,776,431,74
56.6411,2683,697,394,781,434,73
56.6682,2684,702,395,784,435,73
56.6970,2685,704,395,788,437,75
56.7192,2686,706,394,792,438,74
56.7473,2687,706,394,792,438,74
56.7725,2688,712,398,796,440,73
56.7984,2689,720,402,800,440,73
56.8229,2690,720,402,800,440,73
56.8498,2691,720,401,802,441,73
56.8752,2692,722,401,804,443,73
56.9027,2693,740,410,808,444,72
56.9279,2694,733,408,811,446,71
56.9535,2695,734,408,814,446,72
56.9796,2696,734,408,814,446,72
57.0052,2697,741,410,815,447,70
57.0323,2698,752,414,818,448,71
57.0572,2699,763,421,817,451,71
57.0837,2700,763,421,817,451,71
57.1083,2701,774,421,810,457,56
57.1083,2701,742,408,768,428,31
57.1341,2702,784,420,812,454,70
57.1605,2703,784,420,812,454,70
57.1860,2704,774,417,816,451,77
57.2117,2705,769,417,818,449,72
57.2367,2706,763,424,821,450,63
57.2619,2707,756,436,820,452,62
57.2871,2708,751,438,817,452,55
57.3130,2709,751,438,817,452,55
57.3384,2710,747,432,817,452,54
57.3676,2711,742,437,808,453,58
57.3919,2712,739,439,803,453,59
57.3919,2712,795,423,829,451,34
57.4173,2713,739,439,803,453,59
57.4173,2713,795,423,829,451,34
57.4440,2714,735,441,799,453,58
57.4440,2714,798,424,824,451,35
57.4684,2715,731,440,797,454,63
57.4956,2716,731,440,797,454,63
57.5198,2717,728,441,794,454,65
57.5198,2717,793,427,819,453,31
57.5472,2718,726,441,793,455,65
57.5715,2719,723,442,789,454,63
57.5997,2720,720,442,784,454,63
57.6237,2721,720,442,784,454,63
57.6487,2722,718,442,784,454,63
57.6757,2723,715,442,781,454,63
57.7029,2724,713,442,780,454,65
57.7272,2725,712,442,778,456,68
57.7532,2726,712,442,778,456,68
57.7782,2727,709,442,775,456,67
57.8034,2728,707,442,773,456,68
57.8284,2729,707,442,773,456,68
57.8551,2730,707,442,773,456,68
57.8803,2731,704,442,768,456,64
57.9058,2732,702,442,768,456,62
57.9313,2733,700,441,766,455,63
57.9562,2734,700,441,766,455,63
57.9832,2735,699,442,769,456,62
58.0092,2736,698,441,768,455,64
58.0368,2737,697,441,763,455,66
58.0606,2738,695,441,763,455,66
58.0890,2739,695,441,763,455,66
58.1122,2740,694,441,762,455,66
58.1373,2741,692,441,762,455,66
58.1631,2742,692,441,762,455,66
58.1920,2743,692,440,764,456,66
58.2167,2744,690,440,762,456,66
58.2419,2745,690,440,762,456,66
58.2670,2746,688,440,762,456,64
58.2950,2747,688,440,762,456,64
58.3200,2748,687,440,758,456,64
58.3476,2749,686,439,762,457,62
58.3709,2750,684,440,752,456,61
58.3993,2751,684,440,738,456,65
58.4229,2752,678,440,738,455,65
58.4488,2753,678,440,738,455,65
58.4726,2754,668,439,734,453,63
58.4997,2755,668,439,734,453,63
58.5275,2756,661,441,727,453,64
58.5275,2756,717,442,753,454,36
58.5508,2757,653,441,721,453,61
58.5770,2758,647,440,714,452,59
58.5770,2758,710,443,744,457,37
58.6008,2759,641,440,710,452,60
58.6279,2760,641,440,710,452,60
58.6524,2761,641,440,710,452,60
58.6807,2762,632,440,702,452,55
58.7042,2763,626,440,694,451,49
58.7314,2764,622,440,689,451,42
58.7565,2765,622,440,689,451,42
58.7824,2766,618,440,686,451,41
58.8064,2767,618,440,686,451,41
58.8326,2768,615,439,685,451,46
58.8590,2769,611,439,675,451,45
58.8839,2770,608,439,674,451,52
58.9092,2771,605,439,669,451,43
58.9355,2772,602,439,668,451,51
58.9608,2773,602,439,668,451,51
58.9880,2774,599,438,667,450,50
59.0126,2775,595,438,667,450,48
59.0381,2776,595,438,667,450,48
59.0638,2777,595,438,667,450,48
59.0904,2778,590,438,658,450,43
59.1169,2779,588,438,658,450,44
59.1432,2780,588,438,658,450,44
59.1681,2781,587,438,655,450,43
59.1926,2782,584,438,652,450,43
59.2191,2783,581,438,647,450,41
59.2450,2784,579,437,655,449,40
59.2700,2785,579,437,655,449,40
59.2994,2786,578,437,654,449,41
59.3240,2787,576,437,652,449,38
59.3500,2788,574,437,646,449,41
59.3738,2789,572,437,654,449,44
59.3993,2790,570,437,650,449,49
59.4276,2791,570,437,650,449,49
59.4511,2792,570,437,650,449,49
59.4767,2793,570,437,650,449,49
59.5048,2794,579,420,617,458,68
59.5282,2795,580,421,620,460,53
59.5561,2796,578,410,616,462,72
59.5830,2797,576,402,622,464,80
59.6081,2798,576,402,622,464,80
59.6327,2799,574,396,628,462,80
59.6578,2800,574,390,634,458,82
59.6829,2801,574,386,639,452,80
59.7090,2802,577,384,644,448,82
59.7348,2803,577,384,644,448,82
59.7603,2804,578,380,648,444,82
59.7871,2805,582,377,654,437,79
59.8123,2806,584,377,656,433,78
59.8410,2807,584,377,656,433,78
59.8647,2808,584,377,656,433,78
59.8907,2809,613,381,677,399,65
59.9144,2810,616,380,686,398,67
59.9414,2811,616,380,686,398,67
59.9662,2812,619,380,693,398,69
59.9933,2813,616,381,700,399,66
60.0187,2814,620,381,706,400,65
60.0441,2815,630,380,710,400,61
60.0692,2816,630,380,710,400,61
60.0958,2817,633,379,715,399,51
60.1216,2818,634,377,720,399,51
60.1468,2819,636,376,724,398,47
60.1726,2820,636,376,724,398,47
60.2000,2821,637,377,727,399,53
60.2248,2822,638,377,728,399,49
60.2487,2823,640,380,730,400,43
60.2755,2824,640,380,730,400,43
60.3028,2825,663,387,739,401,34
60.3278,2826,650,386,742,401,31
60.3772,2828,677,388,748,402,34
60.4034,2829,677,388,748,402,34
60.6077,2837,665,387,761,401,31
60.8134,2845,677,386,773,402,32
60.8408,2846,677,386,773,402,32
60.8648,2847,679,385,775,401,41
60.8907,2848,680,385,776,402,46
60.9165,2849,680,385,776,402,46
60.9419,2850,682,385,778,402,48
60.9691,2851,684,386,777,402,36
60.9927,2852,685,386,778,402,32
61.0185,2853,686,385,781,402,40
61.0423,2854,686,385,781,402,40
61.0686,2855,689,384,786,402,38
61.0954,2856,691,384,787,402,38
61.1207,2857,692,384,788,402,39
61.1461,2858,694,384,790,402,47
61.1726,2859,694,384,790,402,47
61.1975,2860,696,384,790,402,42
61.2239,2861,696,384,790,402,42
61.2500,2862,698,382,792,400,45
61.2783,2863,696,383,793,402,48
61.3070,2864,710,382,794,398,47
61.3331,2865,712,382,796,398,49
61.3560,2866,708,382,798,398,53
61.3825,2867,708,382,798,398,53
61.4070,2868,708,382,799,399,56
61.4336,2869,710,382,800,398,58
61.4576,2870,709,382,801,398,60
61.4837,2871,710,381,802,398,61
61.5086,2872,710,381,802,398,61
61.5340,2873,713,381,803,397,62
61.5597,2874,714,381,804,397,62
61.5847,2875,714,381,804,397,62
61.6134,2876,717,381,805,397,61
61.6381,2877,716,380,806,397,64
61.6615,2878,718,380,806,396,63
61.6874,2879,719,380,807,396,63
61.7125,2880,719,380,807,396,63
61.7391,2881,720,379,808,397,64
61.7644,2882,721,379,809,397,63
61.7888,2883,720,379,810,397,63
61.8170,2884,733,378,811,394,63
61.8439,2885,733,378,811,394,63
61.8674,2886,720,378,810,396,64
61.8935,2887,720,378,810,396,64
61.9204,2888,734,378,812,394,64
61.9464,2889,728,378,813,396,63
61.9696,2890,730,378,814,394,63
61.9951,2891,737,378,814,394,63
62.0211,2892,737,378,814,394,63
62.0482,2893,736,378,814,394,63
62.0747,2894,734,378,816,394,64
62.0997,2895,734,377,816,393,64
62.1250,2896,744,377,814,395,66
62.1503,2897,744,377,814,395,66
62.1790,2898,771,372,815,400,72
62.1790,2898,730,374,784,399,35
62.2026,2899,770,370,816,404,75
62.2298,2900,770,370,816,404,75
62.2558,2901,769,368,821,406,77
62.2824,2902,770,368,824,408,78
62.3087,2903,775,370,827,412,77
62.3341,2904,779,370,828,414,78
62.3584,2905,782,371,830,417,78
62.3849,2906,782,371,830,417,78
62.4121,2907,786,370,832,418,79
62.4359,2908,787,370,833,420,77
62.4618,2909,790,371,834,423,76
62.4879,2910,790,370,836,424,75
62.5151,2911,790,370,836,424,75
62.5399,2912,787,372,837,426,76
62.5653,2913,787,372,837,426,76
62.5917,2914,784,372,838,427,76
62.6163,2915,783,372,839,428,76
62.6421,2916,783,372,839,428,76
62.6671,2917,787,372,841,430,76
62.6935,2918,787,372,841,430,76
62.7203,2919,788,372,842,432,76
62.7466,2920,788,373,843,433,77
62.7713,2921,789,374,843,434,77
62.7976,2922,788,373,844,435,77
62.8226,2923,788,373,844,435,77
62.8487,2924,789,372,845,436,76
62.8746,2925,790,372,846,436,75
62.8989,2926,790,372,846,436,75
62.9264,2927,792,371,846,437,74
62.9517,2928,795,372,847,438,73
62.9767,2929,793,372,847,438,74
63.0008,2930,796,372,848,440,72
63.0279,2931,796,372,848,440,72
63.0535,2932,796,372,848,440,72
63.0809,2933,799,373,849,439,71
63.1030,2934,814,390,852,432,57
63.1294,2935,811,410,873,432,34
63.1559,2936,811,410,873,432,34
63.1835,2937,839,392,889,440,75
63.2089,2938,850,380,900,438,75
63.2336,2939,862,371,910,427,75
63.2593,2940,862,371,910,427,75
63.2859,2941,866,363,914,424,73
63.3108,2942,868,357,922,418,77
63.3355,2943,868,357,922,418,77
63.3635,2944,870,352,924,414,77
63.3890,2945,874,346,918,402,70
63.4143,2946,886,338,920,392,55
63.4390,2947,886,338,920,392,55
63.4638,2948,898,325,924,381,68
63.4939,2949,898,325,924,381,68
63.5217,2950,896,320,926,376,72
63.5484,2951,895,317,925,371,73
63.5727,2952,894,312,924,366,74
63.5988,2953,894,312,924,366,74
63.6246,2954,894,308,924,364,74
63.6492,2955,893,304,921,362,76
63.6749,2956,892,301,922,363,74
63.6994,2957,892,301,922,363,74
63.7259,2958,891,299,919,361,72
63.7527,2959,890,296,916,358,71
63.7781,2960,889,294,915,356,71
63.8024,2961,888,292,914,354,71
63.8290,2962,888,292,914,354,71
63.8555,2963,888,292,914,354,71
63.8829,2964,887,289,913,349,72
63.9071,2965,887,286,913,348,71
63.9326,2966,887,286,913,348,71
63.9571,2967,886,285,911,345,69
63.9823,2968,885,283,911,345,67
64.0072,2969,884,281,910,343,66
64.0333,2970,884,281,910,343,66
64.0592,2971,884,279,910,341,64
64.0856,2972,883,278,909,338,68
64.1104,2973,883,277,908,337,68
64.1362,2974,882,276,908,336,67
64.1609,2975,882,276,908,336,67
64.1872,2976,882,275,908,335,69
64.2121,2977,882,274,906,334,69
64.2121,2977,901,336,933,362,32
64.2388,2978,882,274,906,334,69
64.2388,2978,901,336,933,362,32
64.2650,2979,882,274,906,334,69
64.2650,2979,901,336,933,362,32
64.2915,2980,882,280,904,328,65
64.2915,2980,903,338,927,358,38
64.3177,2981,881,282,909,320,65
64.3427,2982,881,282,909,320,65
64.3674,2983,881,279,909,319,70
64.3945,2984,883,276,907,323,70
64.4199,2985,882,276,899,332,59
64.4451,2986,880,278,898,342,63
64.4713,2987,880,286,894,349,62
64.4713,2987,882,268,910,285,42
64.4971,2988,880,286,894,349,62
64.4971,2988,882,268,910,285,42
64.5233,2989,880,294,894,356,61
64.5485,2990,878,304,894,362,63
64.5748,2991,876,310,894,368,69
64.6006,2992,876,310,894,368,69
64.6262,2993,877,312,893,376,64
64.6508,2994,878,324,891,384,57
64.6781,2995,878,324,891,384,57
64.7044,2996,877,332,891,392,57
64.7044,2996,878,298,896,330,30
64.7314,2997,875,336,890,398,61
64.7559,2998,874,343,890,405,62
64.7818,2999,873,348,890,410,61
64.8061,3000,873,348,890,410,61
64.8322,3001,872,352,890,416,61
64.8580,3002,871,355,889,420,61
64.8828,3003,870,362,890,424,63
64.9081,3004,869,364,889,428,64
64.9348,3005,869,364,889,428,64
64.9622,3006,868,367,888,433,64
64.9850,3007,868,372,888,436,64
65.0109,3008,868,372,888,436,64
65.0372,3009,864,370,887,438,68
65.0633,3010,855,388,889,434,73
65.0874,3011,846,395,892,432,75
65.1135,3012,839,403,895,432,70
65.1395,3013,839,403,895,432,70
65.1658,3014,832,391,896,433,59
65.1915,3015,829,410,893,436,60
65.2168,3016,824,409,892,437,60
65.2422,3017,820,421,885,438,63
65.2692,3018,820,421,885,438,63
65.2934,3019,816,421,884,439,67
65.3179,3020,816,421,884,439,67
65.3440,3021,814,422,880,440,68
65.3686,3022,810,424,873,440,68
65.3965,3023,808,424,870,441,69
65.4229,3024,804,424,868,442,70
65.4484,3025,802,424,867,442,70
65.4769,3026,802,424,867,442,70
65.4996,3027,800,426,862,442,69
65.5261,3028,798,426,860,442,70
65.5520,3029,796,427,858,443,71
65.5791,3030,795,427,857,443,71
65.6042,3031,795,427,857,443,71
65.6303,3032,793,427,855,443,71
65.6544,3033,793,427,855,443,71
65.6811,3034,792,428,852,444,70
65.7086,3035,789,424,847,442,69
65.7330,3036,784,423,848,441,64
65.7579,3037,778,429,838,441,64
65.7579,3037,843,416,867,440,50
65.7845,3038,778,429,838,441,64
65.7845,3038,843,416,867,440,50
65.8111,3039,773,428,838,442,62
65.8357,3040,769,429,837,443,64
65.8635,3041,765,429,841,443,66
65.8874,3042,762,429,839,443,66
65.9144,3043,762,429,839,443,66
65.9417,3044,758,430,830,444,65
65.9661,3045,756,430,826,444,61
65.9913,3046,756,430,826,444,61
66.0181,3047,753,430,819,444,60
66.0440,3048,751,431,819,445,61
66.0682,3049,747,431,819,445,60
66.0958,3050,744,432,810,446,63
66.1208,3051,743,432,811,446,63
66.1485,3052,743,432,811,446,63
66.1729,3053,741,432,813,446,63
66.1990,3054,739,432,813,446,63
66.2245,3055,738,432,816,447,63
66.2498,3056,736,432,814,448,64
66.2762,3057,736,432,814,448,64
66.3010,3058,735,432,811,448,64
66.3264,3059,733,432,815,448,64
66.3533,3060,733,432,815,448,64
66.3819,3061,732,432,814,448,64
66.4074,3062,731,432,815,448,64
66.4327,3063,730,432,814,448,63
66.4596,3064,728,431,814,449,62
66.4847,3065,728,431,814,449,62
66.5100,3066,727,432,813,449,61
66.5365,3067,726,432,810,449,59
66.5631,3068,725,432,807,450,60
66.5887,3069,724,434,795,450,59
66.6148,3070,724,434,795,450,59
66.6409,3071,723,432,796,450,62
66.6680,3072,722,434,795,450,63
66.6912,3073,722,434,795,450,63
66.7194,3074,722,434,794,450,63
66.7439,3075,721,433,795,451,65
66.7707,3076,720,433,796,451,64
66.7967,3077,719,432,797,452,64
66.8224,3078,719,432,797,452,64
66.8476,3079,718,432,796,452,64
66.8735,3080,717,432,799,452,64
66.8987,3081,717,432,794,452,65
66.9245,3082,716,434,788,452,65
66.9500,3083,716,434,788,452,65
66.9754,3084,716,433,789,453,66
67.0018,3085,715,432,793,452,65
67.0275,3086,715,432,793,452,65
67.0549,3087,715,433,789,453,66
67.0802,3088,714,433,790,453,66
67.1042,3089,714,434,788,452,67
67.1304,3090,713,433,787,453,67
67.1567,3091,713,433,787,453,67
67.1833,3092,712,432,792,453,67
67.2091,3093,712,432,794,453,67
67.2339,3094,712,433,788,453,67
67.2597,3095,711,437,777,453,67
67.2854,3096,711,437,777,453,67
67.3116,3097,711,433,787,453,68
67.3372,3098,711,434,781,454,67
67.3645,3099,711,434,781,454,67
67.3882,3100,710,436,776,454,68
67.4150,3101,710,434,786,454,67
67.4394,3102,710,434,786,454,67
67.4647,3103,709,432,793,454,68
67.4921,3104,709,432,793,454,68
67.5175,3105,709,432,796,454,68
67.5424,3106,708,432,792,454,68
67.5676,3107,708,432,789,454,67
67.5929,3108,708,434,786,454,68
67.6197,3109,708,434,786,454,68
67.6453,3110,708,433,789,455,68
67.6696,3111,708,433,789,455,69
67.6979,3112,708,433,789,455,69
67.7221,3113,707,433,789,455,67
67.7471,3114,708,432,794,454,68
67.7749,3115,707,433,787,455,67
67.7993,3116,707,433,787,455,67
67.8239,3117,707,433,791,455,69
67.8511,3118,707,433,791,455,69
67.8769,3119,707,432,793,456,70
67.9021,3120,707,434,789,456,68
67.9275,3121,707,434,789,456,68
67.9533,3122,707,433,789,455,68
67.9803,3123,706,436,780,456,68
68.0046,3124,706,434,790,456,69
68.0313,3125,706,434,790,456,69
68.0568,3126,706,434,790,456,68
68.0815,3127,706,433,790,455,69
68.1063,3128,706,436,780,456,67
68.1330,3129,706,436,780,456,67
68.1603,3130,706,436,758,462,73
68.1874,3131,697,436,762,460,66
68.2124,3132,687,446,751,462,58
68.2371,3133,687,446,751,462,58
68.2645,3134,687,446,751,462,58
68.2897,3135,672,446,736,466,69
68.3165,3136,666,446,732,468,70
68.3403,3137,660,447,726,468,66
68.3668,3138,660,447,726,468,66
68.3933,3139,655,450,719,469,62
68.4168,3140,650,451,715,469,61
68.4424,3141,646,453,712,469,59
68.4673,3142,646,453,712,469,59
68.4988,3143,642,452,720,470,58
68.5209,3144,638,455,710,471,57
68.5473,3145,634,456,704,470,61
68.5724,3146,631,459,698,471,56
68.5987,3147,631,459,698,471,56
68.6243,3148,627,457,687,474,66
68.6503,3149,627,457,687,474,66
68.6757,3150,606,460,666,473,61
68.6757,3150,659,454,693,472,40
68.7007,3151,596,461,658,473,61
68.7007,3151,664,451,690,473,46
68.7271,3152,596,461,658,473,61
68.7271,3152,664,451,690,473,46
68.7528,3153,588,460,650,472,61
68.7792,3154,588,460,650,472,61
68.8047,3155,580,460,640,471,59
68.8298,3156,575,460,636,472,57
68.8565,3157,570,461,630,471,59
68.8803,3158,564,461,628,471,60
68.9089,3159,560,461,620,471,57
68.9329,3160,560,461,620,471,57
68.9596,3161,555,461,615,471,60
68.9854,3162,551,462,611,472,58
69.0104,3163,548,462,606,472,57
69.0354,3164,548,462,606,472,57
69.0606,3165,548,462,606,472,57
69.0850,3166,542,462,600,472,54
69.1107,3167,542,462,600,472,54
69.1389,3168,538,462,598,472,58
69.1634,3169,536,461,592,473,63
69.1915,3170,532,460,587,476,69
69.2150,3171,529,461,587,475,65
69.2397,3172,529,461,587,475,65
69.2673,3173,524,462,584,474,59
69.2924,3174,520,461,580,473,55
69.2924,3174,588,458,615,472,40
69.3187,3175,514,462,576,474,42
69.3187,3175,581,458,611,472,34
69.3434,3176,510,464,573,474,38
69.3684,3177,507,464,571,474,40
69.3939,3178,507,464,571,474,40
69.4183,3179,503,463,567,475,46
69.4460,3180,503,463,567,475,46
69.4719,3181,500,464,562,475,48
69.4957,3182,497,464,558,474,38
69.5205,3183,495,464,557,474,38
69.5467,3184,492,464,552,474,32
69.5719,3185,492,464,552,474,32
69.5988,3186,488,464,548,474,34
69.7285,3191,478,464,537,474,32
69.7536,3192,476,463,534,473,34
69.7806,3193,476,463,534,473,34
69.8068,3194,480,456,523,476,61
69.8342,3195,485,446,517,482,76
69.8593,3196,485,438,516,480,71
69.8836,3197,486,427,530,480,72
69.9095,3198,486,427,530,480,72
69.9365,3199,486,417,546,462,75
69.9620,3200,488,409,560,455,75
69.9870,3201,500,403,572,453,74
70.0139,3202,503,399,582,449,77
70.0386,3203,503,399,582,449,77
70.0670,3204,506,395,591,445,76
70.0915,3205,518,398,597,434,74
70.1163,3206,518,398,597,434,74
70.1434,3207,544,397,608,428,66
70.1694,3208,555,396,617,418,68
70.1947,3209,565,396,624,418,65
70.1947,3209,544,396,574,426,40
70.2191,3210,572,398,632,418,63
70.2469,3211,572,398,632,418,63
70.2728,3212,570,398,638,418,62
70.2974,3213,565,394,644,418,61
70.3231,3214,568,393,650,419,63
70.3501,3215,572,393,653,419,61
70.3739,3216,572,393,653,419,61
70.4003,3217,579,402,659,421,58
70.4265,3218,580,400,662,420,57
70.4517,3219,580,400,662,420,57
70.4781,3220,583,404,665,422,57
70.5045,3221,585,406,670,422,59
70.5302,3222,586,407,673,423,61
70.5544,3223,586,406,676,423,62
70.5802,3224,586,406,676,423,62
70.6069,3225,586,407,678,423,60
70.6322,3226,588,407,680,423,59
70.6580,3227,598,410,685,424,60
70.6828,3228,600,410,688,424,61
70.7095,3229,600,410,688,424,61
70.7356,3230,600,410,690,424,61
70.7606,3231,601,411,691,425,61
70.7868,3232,601,411,691,425,61
70.8121,3233,602,411,693,425,60
70.8377,3234,602,411,695,425,59
70.8636,3235,605,412,697,425,59
70.8898,3236,613,413,699,425,57
70.9162,3237,613,413,699,425,57
70.9428,3238,618,413,700,425,59
70.9687,3239,621,413,703,425,59
70.9952,3240,618,413,704,425,61
71.0192,3241,619,412,707,426,61
71.0454,3242,619,412,707,426,61
71.0719,3243,618,412,708,426,61
71.0971,3244,620,412,708,426,59
71.1231,3245,620,412,708,426,59
71.1514,3246,620,412,710,426,58
71.1765,3247,621,412,711,426,59
71.2042,3248,622,412,712,426,58
71.2284,3249,628,413,714,425,59
71.2550,3250,628,413,714,425,59
71.2822,3251,628,413,716,425,60
71.3079,3252,629,413,717,425,60
71.3353,3253,629,412,719,426,62
71.3614,3254,630,412,720,426,62
71.3872,3255,630,412,720,426,62
71.4131,3256,630,412,722,426,62
71.4387,3257,630,412,722,426,62
71.4642,3258,630,412,722,426,62
71.4900,3259,631,412,723,425,62
71.5167,3260,632,412,724,425,62
71.5435,3261,632,412,725,425,62
71.5672,3262,632,411,726,425,61
71.5932,3263,634,411,727,425,61
71.6198,3264,634,411,727,425,61
71.6470,3265,632,411,728,427,62
71.6731,3266,633,411,729,426,60
71.6977,3267,634,411,730,426,60
71.7226,3268,634,411,730,426,60
71.7492,3269,634,411,730,426,60
71.7742,3270,635,410,731,426,60
71.7998,3271,635,410,731,426,60
71.8267,3272,635,410,731,426,61
71.8529,3273,636,410,732,426,61
71.8785,3274,637,410,733,426,60
71.9033,3275,638,410,734,426,60
71.9287,3276,639,410,734,426,60
71.9555,3277,639,410,734,426,60
71.9817,3278,639,410,735,426,59
72.0082,3279,641,410,735,426,58
72.0322,3280,641,410,735,426,59
72.0571,3281,640,409,736,426,57
72.0836,3282,640,409,736,426,57
72.1081,3283,642,410,736,426,56
72.1338,3284,642,410,736,426,56
72.1625,3285,644,409,738,425,58
72.1866,3286,683,405,738,423,69
72.1866,3286,646,409,718,425,38
72.2134,3287,692,401,742,431,75
72.2369,3288,692,401,742,431,75
72.2640,3289,694,401,760,437,74
72.2882,3290,694,401,760,437,74
72.3164,3291,690,406,768,440,73
72.3400,3292,704,409,774,443,74
72.3656,3293,698,406,779,445,74
72.3913,3294,699,406,785,446,75
72.4170,3295,699,406,785,446,75
72.4428,3296,706,406,790,448,74
72.4675,3297,708,405,794,449,77
72.4938,3298,708,405,794,449,77
72.5216,3299,712,406,796,450,75
72.5446,3300,716,410,800,452,74
72.5715,3301,734,422,802,450,54
72.5963,3302,734,422,802,450,54
72.6222,3303,759,433,812,448,63
72.6484,3304,759,433,812,448,63
72.6746,3305,773,431,836,447,64
72.7000,3306,777,429,845,447,68
72.7252,3307,777,429,845,447,68
72.7499,3308,781,427,853,447,72
72.7779,3309,788,426,859,448,73
72.8030,3310,798,424,866,448,73
72.8290,3311,798,424,866,448,73
72.8559,3312,806,422,870,447,75
72.8809,3313,807,421,875,447,75
72.9053,3314,808,420,880,448,74
72.9314,3315,808,420,880,448,74
72.9576,3316,818,418,884,446,76
72.9840,3317,805,418,887,448,76
73.0084,3318,807,416,890,450,75
73.0332,3319,807,416,890,450,75
73.0595,3320,807,416,890,450,75
73.0864,3321,834,403,884,439,70
73.1130,3322,850,401,885,441,75
73.1385,3323,848,400,888,440,79
73.1632,3324,848,400,888,440,79
73.1902,3325,842,396,892,440,77
73.2137,3326,837,392,894,428,77
73.2403,3327,832,390,890,422,78
73.2759,3328,827,389,892,435,77
73.3022,3329,827,389,892,435,77
73.3271,3330,822,388,890,432,73
73.3529,3331,817,386,881,424,75
73.3791,3332,813,384,881,420,72
73.4043,3333,810,382,878,416,74
73.4291,3334,810,382,878,416,74
73.4559,3335,810,382,878,416,74
73.4809,3336,795,385,861,407,37
73.5081,3337,795,385,861,407,37
73.5340,3338,786,382,852,398,51
73.5606,3339,778,382,854,398,62
73.5831,3340,771,381,855,401,64
73.6099,3341,766,379,835,395,61
73.6364,3342,766,379,835,395,61
73.6621,3343,761,379,830,393,64
73.6867,3344,756,378,822,390,63
73.7130,3345,752,378,818,390,61
73.7386,3346,748,378,816,390,61
73.7637,3347,748,378,816,390,61
73.7910,3348,744,377,812,389,62
73.8158,3349,741,377,809,389,59
73.8411,3350,741,377,809,389,59
73.8683,3351,741,377,809,389,59
73.8932,3352,735,376,801,388,54
73.9198,3353,732,377,796,387,55
73.9438,3354,729,377,793,387,56
73.9698,3355,729,377,793,387,56
73.9947,3356,726,376,790,387,57
74.0222,3357,723,376,787,387,54
74.0470,3358,722,376,784,386,54
74.0727,3359,719,376,781,386,52
74.0982,3360,719,376,781,386,52
74.1241,3361,717,376,779,386,51
74.1492,3362,716,373,775,389,68
74.1747,3363,710,370,768,392,75
74.1747,3363,780,372,802,388,59
74.2006,3364,710,370,768,392,75
74.2006,3364,780,372,802,388,59
74.2262,3365,704,370,770,392,74
74.2262,3365,777,372,797,390,38
74.2512,3366,697,372,767,392,71
74.2775,3367,697,372,767,392,71
74.3036,3368,690,372,774,393,70
74.3285,3369,686,374,770,394,68
74.3548,3370,680,376,758,395,68
74.3800,3371,677,377,755,395,69
74.4047,3372,677,377,755,395,69
74.4330,3373,673,377,753,396,69
74.4579,3374,669,377,755,397,70
74.4838,3375,665,377,747,397,71
74.5102,3376,662,378,732,398,69
74.5361,3377,662,378,732,398,69
74.5623,3378,659,378,730,398,69
74.5887,3379,656,379,724,399,69
74.6137,3380,656,379,724,399,69
74.6395,3381,652,380,720,400,70
74.6659,3382,650,380,718,400,70
74.6898,3383,648,380,716,400,70
74.7148,3384,646,380,714,400,71
74.7404,3385,646,380,714,400,71
74.7661,3386,643,380,713,400,70
74.7923,3387,641,380,711,401,70
74.8188,3388,639,379,711,401,70
74.8432,3389,647,364,670,404,42
74.8690,3390,647,364,670,404,42
74.8947,3391,647,349,674,402,69
74.9194,3392,645,342,679,388,76
74.9465,3393,645,342,679,388,76
74.9717,3394,643,337,689,375,75
74.9978,3395,645,336,695,362,78
75.0231,3396,666,336,728,368,75
75.0490,3397,675,346,758,378,71
75.0733,3398,675,346,758,378,71
75.1018,3399,689,353,781,386,74
75.1283,3400,726,368,798,392,68
75.1534,3401,745,372,811,396,73
75.1766,3402,757,376,823,398,72
75.2030,3403,757,376,823,398,72
75.2274,3404,756,378,832,400,73
75.2540,3405,756,378,832,400,73
75.2783,3406,763,379,842,401,71
75.3040,3407,778,384,850,402,66
75.3306,3408,781,386,857,404,69
75.3554,3409,790,388,864,404,68
75.3797,3410,790,388,864,404,68
75.4073,3411,796,389,870,405,66
75.4331,3412,801,391,875,405,66
75.4581,3413,806,392,881,406,68
75.4829,3414,812,392,886,406,68
75.5095,3415,812,392,886,406,68
75.5353,3416,820,393,890,407,67
75.5604,3417,828,392,894,408,68
75.5865,3418,828,392,894,408,68
75.6120,3419,834,392,898,408,69
75.6377,3420,838,392,902,408,69
75.6640,3421,840,393,906,409,70
75.6880,3422,842,393,908,409,70
75.7141,3423,842,393,908,409,70
75.7415,3424,840,393,912,410,71
75.7651,3425,840,393,915,410,70
75.7900,3426,850,394,918,410,71
75.8161,3427,850,393,922,411,72
75.8406,3428,850,393,922,411,72
75.8675,3429,854,394,924,412,72
75.8929,3430,856,394,926,412,72
75.9198,3431,856,394,926,412,72
75.9474,3432,858,394,930,412,72
75.9711,3433,859,394,931,412,72
75.9963,3434,868,394,934,412,72
76.0218,3435,868,394,934,412,72
76.0477,3436,871,395,937,413,73
76.0727,3437,872,395,940,415,73
76.0989,3438,873,395,941,415,73
76.1262,3439,880,396,939,420,70
76.1498,3440,880,396,939,420,70
76.1752,3441,888,390,934,428,77
76.2011,3442,902,385,932,435,71
76.2281,3443,908,384,930,440,59
76.2281,3443,875,384,925,412,50
76.2523,3444,908,384,930,440,59
76.2523,3444,875,384,925,412,50
76.2798,3445,891,383,929,445,56
76.2798,3445,917,385,931,445,42
76.3020,3446,897,383,929,449,56
76.3020,3446,888,382,926,406,47
76.3306,3447,917,390,931,452,51
76.3306,3447,891,380,927,402,44
76.3562,3448,917,390,931,452,51
76.3562,3448,891,380,927,402,44
76.3829,3449,917,392,933,455,56
76.3829,3449,895,377,929,411,34
76.4076,3450,916,396,934,458,64
76.4334,3451,916,398,934,460,66
76.4585,3452,916,400,934,462,66
76.4831,3453,916,400,934,462,66
76.5095,3454,914,405,934,463,72
76.5352,3455,906,412,938,459,77
76.5602,3456,900,414,942,456,76
76.5871,3457,900,414,942,456,76
76.6130,3458,896,418,944,456,75
76.6369,3459,892,418,946,456,74
76.6637,3460,888,431,946,456,74
76.6886,3461,888,431,946,456,74
76.7158,3462,884,419,944,457,70
76.7417,3463,881,424,943,457,66
76.7658,3464,879,440,940,458,64
76.7906,3465,879,440,940,458,64
76.8167,3466,877,441,939,459,63
76.8437,3467,875,443,935,459,62
76.8687,3468,872,445,934,460,62
76.8940,3469,873,444,931,459,67
76.9200,3470,873,444,931,459,67
76.9456,3471,871,438,926,460,71
76.9689,3472,867,439,923,461,73
76.9972,3473,867,439,923,461,73
77.0226,3474,862,440,924,462,72
77.0491,3475,862,440,924,462,72
77.0739,3476,854,438,920,460,72
77.0999,3477,850,439,920,459,72
77.1251,3478,850,439,920,459,72
77.1529,3479,846,438,918,458,71
77.1789,3480,844,438,914,458,73
77.2033,3481,840,438,912,458,74
77.2285,3482,838,438,910,458,74
77.2541,3483,838,438,910,458,74
77.2789,3484,835,438,908,458,73
77.3044,3485,833,438,907,458,74
77.3306,3486,833,438,907,458,74
77.3572,3487,831,438,909,458,73
77.3834,3488,830,438,908,458,72
77.4083,3489,828,437,904,459,72
77.4332,3490,828,437,904,459,72
77.4591,3491,828,437,904,459,72
77.4845,3492,824,436,896,458,73
77.5109,3493,824,436,896,459,73
77.5348,3494,822,436,888,456,72
77.5611,3495,821,436,885,456,73
77.5898,3496,821,436,885,456,73
77.6137,3497,823,436,879,454,47
77.6403,3498,823,436,879,454,47
77.6656,3499,831,396,870,454,76
77.6916,3500,832,376,884,450,75
77.7178,3501,848,360,895,440,70
77.7445,3502,856,350,904,430,75
77.7679,3503,863,339,911,415,74
77.7939,3504,863,339,911,415,74
77.8197,3505,873,328,917,400,74
77.8460,3506,873,328,917,400,74
77.8721,3507,882,313,924,381,67
77.8975,3508,890,306,926,370,62
77.9255,3509,890,306,926,370,62
77.9497,3510,897,299,927,365,61
77.9750,3511,897,299,927,365,61
78.0009,3512,906,295,928,355,54
78.0272,3513,908,292,932,340,71
78.0517,3514,903,290,936,337,79
78.0517,3514,892,340,914,368,41
78.0781,3515,899,288,939,334,77
78.1018,3516,899,288,939,334,77
78.1313,3517,897,285,941,334,73
78.1534,3518,894,282,942,328,71
78.1805,3519,892,280,944,322,73
78.2052,3520,890,278,942,320,72
78.2315,3521,890,278,942,320,72
78.2579,3522,890,278,942,320,72
78.2825,3523,887,273,941,317,75
78.3081,3524,887,273,941,317,75
78.3351,3525,885,272,943,322,75
78.3609,3526,883,270,943,320,76
78.3852,3527,882,269,942,318,75
78.4094,3528,881,267,945,320,76
78.4355,3529,881,267,945,320,76
78.4629,3530,881,266,943,317,75
78.4905,3531,880,265,938,313,73
78.5136,3532,880,265,938,313,72
78.5397,3533,880,265,936,311,71
78.5653,3534,880,265,936,311,71
78.5909,3535,881,269,935,309,71
78.6160,3536,882,270,930,306,69
78.6425,3537,882,270,930,306,69
78.6687,3538,882,270,930,306,69
78.6949,3539,882,270,928,306,56
78.7185,3540,881,269,925,285,58
78.7454,3541,882,268,924,284,63
78.7708,3542,882,268,924,284,63
78.7964,3543,881,266,924,286,64
78.8215,3544,881,267,921,287,55
78.8473,3545,880,262,914,300,64
78.8735,3546,880,258,904,306,69
78.9003,3547,880,258,904,306,69
78.9266,3548,881,258,902,314,72
78.9522,3549,881,262,903,322,74
78.9783,3550,881,262,903,322,74
79.0034,3551,882,269,904,330,74
79.0294,3552,882,273,906,337,73
79.0541,3553,883,282,905,344,64
79.0804,3554,883,282,905,344,64
79.1046,3555,890,293,906,351,41
79.1594,3557,892,309,906,371,40
79.1861,3558,892,317,906,379,42
79.2101,3559,893,323,906,387,44
79.2356,3560,893,323,906,387,44
79.2618,3561,892,325,906,393,41
79.2886,3562,893,333,906,399,44
79.3135,3563,894,340,906,404,48
79.3396,3564,894,340,906,404,48
79.3674,3565,893,341,907,410,50
79.3925,3566,890,356,908,414,64
79.4160,3567,885,363,913,415,76
79.4420,3568,885,363,913,415,76
79.4684,3569,882,365,914,421,76
79.4945,3570,879,368,915,428,77
79.4945,3570,891,342,914,370,34
79.5203,3571,876,368,914,432,79
79.5451,3572,874,366,914,436,80
79.5719,3573,874,366,914,436,80
79.5989,3574,871,363,915,440,78
79.6238,3575,870,365,918,443,76
79.6490,3576,867,379,915,447,75
79.6752,3577,867,379,915,447,75
79.7007,3578,866,375,916,449,73
79.7262,3579,864,392,912,452,74
79.7505,3580,864,392,912,452,74
79.7773,3581,863,383,915,454,73
79.8036,3582,862,382,918,456,73
79.8308,3583,860,386,916,458,73
79.8544,3584,859,385,917,461,74
79.8792,3585,858,386,918,462,75
79.9052,3586,858,386,918,462,75
79.9317,3587,858,389,916,463,75
79.9571,3588,856,391,916,465,75
79.9830,3589,856,392,917,466,76
80.0085,3590,856,392,917,466,76
80.0349,3591,854,396,914,466,73
80.0615,3592,848,426,890,460,70
80.0862,3593,848,426,890,460,70
80.1113,3594,841,430,893,457,69
80.1377,3595,835,434,895,458,61
80.1631,3596,830,418,898,458,57
80.1896,3597,824,442,893,460,46
80.2151,3598,824,442,893,460,46
80.2406,3599,819,444,892,461,40
80.2658,3600,815,443,887,461,34
80.4445,3607,868,443,898,455,31
80.4714,3608,796,454,856,465,37
80.4961,3609,794,455,852,465,39
80.5219,3610,794,455,852,465,39
80.5472,3611,792,455,848,465,40
80.5723,3612,792,452,844,466,61
80.5981,3613,789,446,837,468,74
80.6237,3614,784,442,836,470,75
80.6237,3614,842,443,870,466,39
80.6486,3615,779,441,835,471,76
80.6486,3615,842,442,866,468,38
80.6753,3616,779,441,835,471,76
80.6753,3616,842,442,866,468,38
80.6997,3617,774,440,833,468,76
80.7253,3618,774,440,833,468,76
80.7530,3619,769,438,835,466,77
80.7783,3620,764,436,832,466,77
80.8030,3621,760,436,828,464,75
80.8271,3622,756,435,825,463,66
80.8531,3623,756,435,825,463,66
80.8795,3624,752,434,836,468,66
80.9053,3625,749,434,826,464,64
80.9299,3626,746,434,823,464,67
80.9558,3627,744,433,818,459,64
80.9826,3628,744,433,818,459,64
81.0070,3629,741,432,821,460,66
81.0328,3630,738,432,814,456,65
81.0588,3631,738,432,814,456,65
81.0841,3632,737,432,814,455,62
81.1110,3633,735,432,812,454,63
81.1362,3634,734,431,812,453,61
81.1600,3635,734,431,812,453,61
81.1872,3636,730,431,808,451,58
81.2130,3637,729,431,805,450,60
81.2391,3638,726,430,800,448,58
81.2655,3639,725,430,798,448,58
81.2895,3640,723,430,795,448,58
81.3176,3641,723,430,795,448,58
81.3409,3642,722,429,794,447,58
81.3659,3643,720,429,792,447,60
81.3928,3644,720,429,792,447,60
81.4191,3645,719,429,797,447,59
81.4437,3646,717,428,790,446,60
81.4699,3647,716,428,784,446,61
81.4961,3648,716,428,784,446,61
81.5206,3649,714,427,784,445,64
81.5471,3650,714,427,782,445,66
81.5725,3651,712,428,788,446,64
81.5981,3652,714,428,770,444,59
81.6224,3653,714,428,770,444,59
81.6490,3654,722,421,754,455,47
81.6750,3655,720,424,762,454,55
81.6998,3656,718,441,778,457,49
81.7271,3657,718,441,778,457,49
81.7531,3658,723,445,790,459,44
81.7780,3659,726,442,798,460,48
81.8032,3660,737,446,807,461,41
81.8298,3661,737,446,807,461,41
81.8557,3662,737,446,807,461,41
81.9060,3664,762,447,824,462,30
81.9841,3667,774,448,834,462,30
82.0093,3668,776,447,839,461,42
82.0341,3669,781,446,843,462,58
82.0589,3670,781,446,843,462,58
82.0867,3671,786,447,846,461,57
82.1112,3672,789,447,851,461,59
82.1377,3673,792,446,852,460,63
82.1624,3674,792,446,852,460,63
82.1897,3675,795,445,855,459,64
82.2143,3676,797,446,857,458,66
82.2398,3677,797,446,857,458,66
82.2656,3678,799,445,863,458,64
82.2938,3679,799,445,863,458,64
82.3179,3680,802,444,864,456,65
82.3455,3681,803,444,867,456,65
82.3695,3682,803,445,869,457,67
82.3978,3683,803,445,869,457,67
82.4201,3684,807,444,871,456,67
82.4462,3685,806,444,872,456,67
82.4702,3686,806,444,872,456,67
82.4972,3687,813,439,871,455,73
82.5218,3688,820,428,864,460,75
82.5488,3689,834,423,862,465,69
82.5741,3690,835,419,863,467,69
82.5995,3691,838,414,866,464,73
82.5995,3691,821,445,859,469,45
82.6256,3692,838,414,866,464,73
82.6256,3692,821,445,859,469,45
82.6515,3693,838,414,866,464,73
82.6515,3693,821,445,859,469,45
82.6771,3694,834,406,873,462,76
82.7037,3695,830,406,866,460,77
82.7284,3696,830,406,866,460,77
82.7563,3697,825,404,867,451,78
82.7798,3698,824,401,870,449,79
82.8052,3699,824,401,870,449,79
82.8318,3700,822,400,870,446,78
82.8576,3701,819,398,870,450,78
82.8826,3702,818,396,870,450,77
82.9080,3703,815,394,871,448,76
82.9324,3704,815,394,871,448,76
82.9596,3705,814,393,872,447,76
82.9857,3706,812,392,874,449,77
83.0105,3707,810,390,874,448,77
83.0380,3708,810,390,874,448,77
83.0629,3709,808,388,872,442,76
83.0900,3710,808,388,872,442,76
83.1146,3711,807,387,871,441,78
83.1411,3712,807,387,871,441,78
83.1678,3713,806,386,870,438,78
83.1935,3714,806,385,864,433,77
83.2184,3715,803,384,859,430,77
83.2446,3716,803,384,861,432,77
83.2687,3717,803,384,861,432,77
83.2974,3718,801,385,853,427,77
83.3236,3719,796,392,848,425,75
83.3496,3720,789,392,840,416,73
83.3751,3721,780,390,842,420,76
83.4000,3722,780,390,842,420,76
83.4262,3723,773,393,835,423,76
83.4516,3724,773,393,835,423,76
83.4768,3725,773,393,835,423,76
83.5055,3726,761,397,834,429,76
83.5291,3727,756,397,834,431,76
83.5551,3728,752,398,832,432,73
83.5802,3729,748,398,826,434,72
83.6055,3730,748,398,826,434,72
83.6319,3731,744,398,824,436,71
83.6567,3732,741,399,821,437,72
83.6827,3733,737,398,819,438,69
83.7073,3734,734,401,812,441,64
83.7331,3735,734,401,812,441,64
83.7583,3736,736,417,778,453,71
83.7583,3736,794,398,814,422,38
83.7832,3737,728,416,768,464,70
83.8101,3738,728,416,768,464,70
83.8370,3739,685,454,743,498,72
83.8621,3740,655,476,713,516,74
83.8886,3741,646,503,698,524,59
83.8886,3741,672,468,710,518,32
83.9140,3742,648,504,676,555,75
83.9409,3743,648,504,676,555,75
83.9662,3744,647,518,689,572,77
83.9918,3745,650,524,698,582,77
84.0170,3746,654,531,703,591,77
84.0448,3747,654,534,708,598,56
84.0706,3748,654,534,708,598,56
84.1738,3752,664,544,718,612,52
84.1995,3753,668,549,720,617,35
84.2257,3754,682,558,724,612,53
84.2528,3755,689,589,735,611,67
84.2776,3756,689,589,735,611,67
84.3033,3757,694,584,742,614,65
84.3033,3757,685,570,713,612,34
84.3307,3758,692,580,746,616,67
84.3547,3759,698,575,748,617,71
84.3798,3760,707,573,750,617,72
84.4053,3761,707,573,750,617,72
84.4312,3762,712,570,751,616,73
84.4564,3763,722,566,746,608,53
84.4818,3764,722,566,746,608,53
84.5105,3765,724,561,746,607,67
84.5356,3766,716,555,748,607,74
84.5607,3767,712,548,750,604,77
84.5859,3768,710,544,750,604,78
84.6105,3769,710,544,750,604,78
84.6378,3770,707,540,747,600,74
84.6619,3771,705,536,747,602,73
84.6873,3772,704,533,750,607,72
84.7123,3773,703,530,749,604,72
84.7378,3774,703,530,749,604,72
84.7671,3775,702,528,748,602,72
84.7908,3776,702,525,748,601,69
84.8170,3777,702,525,748,601,69
84.8422,3778,700,524,746,598,70
84.8671,3779,700,522,745,598,71
84.8924,3780,700,520,744,594,70
84.9168,3781,700,520,744,594,70
84.9448,3782,698,518,744,590,65
84.9716,3783,698,517,746,593,68
84.9958,3784,697,516,745,590,65
85.0212,3785,697,515,745,591,45
85.0470,3786,697,515,745,591,45
85.0720,3787,697,514,747,590,61
85.0985,3788,697,514,745,590,59
85.1230,3789,697,513,745,589,59
85.1501,3790,697,513,745,589,59
85.1764,3791,696,512,744,586,66
85.2008,3792,696,512,744,586,63
85.2261,3793,697,511,743,584,66
85.2524,3794,697,511,743,584,66
85.2795,3795,696,510,742,582,67
85.3067,3796,696,514,736,574,70
85.3310,3797,683,522,729,546,64
85.3310,3797,703,524,733,578,33
85.3560,3798,674,522,726,551,75
85.3810,3799,674,522,726,551,75
85.4083,3800,666,520,722,556,77
85.4323,3801,658,521,722,561,74
85.4578,3802,653,520,723,566,72
85.4832,3803,653,520,723,566,72
85.5100,3804,647,524,719,568,67
85.5343,3805,650,544,690,578,70
85.5343,3805,697,519,725,547,35
85.5605,3806,647,539,681,588,76
85.5866,3807,647,539,681,588,76
85.6121,3808,648,542,674,598,74
85.6622,3810,652,571,678,599,52
85.6875,3811,652,570,682,604,73
85.7137,3812,652,570,682,604,73
85.7422,3813,650,567,686,611,68
85.7657,3814,651,563,681,609,61
85.7915,3815,652,561,672,609,67
85.8172,3816,652,561,672,609,67
85.8431,3817,652,556,669,610,64
85.8682,3818,652,549,670,607,66
85.8940,3819,652,549,670,607,66
85.9193,3820,653,544,672,604,70
85.9479,3821,654,540,673,602,71
85.9717,3822,656,536,674,600,72
85.9971,3823,656,532,676,596,71
86.0229,3824,658,530,676,594,70
86.0501,3825,658,530,676,594,70
86.0775,3826,658,528,676,592,70
86.0992,3827,658,526,676,590,68
86.1237,3828,660,522,676,588,62
86.1517,3829,660,522,676,588,62
86.1763,3830,662,520,676,586,56
86.2025,3831,661,518,675,586,55
86.2275,3832,661,518,675,586,55
86.2550,3833,661,518,675,586,55
86.2798,3834,661,516,675,582,46
86.3053,3835,662,514,676,576,44
86.3312,3836,662,511,675,575,50
86.3576,3837,662,511,675,575,50
86.3841,3838,662,510,675,572,51
86.4089,3839,661,509,675,570,54
86.4325,3840,662,507,674,568,55
86.4590,3841,662,505,674,567,53
86.4857,3842,662,505,674,567,53
86.5107,3843,662,504,674,566,52
86.5367,3844,662,502,674,564,51
86.5635,3845,662,502,674,564,51
86.5914,3846,662,502,674,564,52
86.6147,3847,661,501,673,564,53
86.6395,3848,661,501,673,564,53
86.6644,3849,661,499,673,563,54
86.6926,3850,661,499,673,563,54
86.7187,3851,660,498,672,561,56
86.7422,3852,660,498,672,560,57
86.7671,3853,660,496,672,562,56
86.7938,3854,660,495,672,559,54
86.8207,3855,660,495,672,559,54
86.8465,3856,660,494,672,558,53
86.8715,3857,660,494,672,558,53
86.8983,3858,659,494,671,556,53
86.9243,3859,659,493,671,555,54
86.9509,3860,659,492,671,555,56
86.9772,3861,658,491,670,553,58
87.0006,3862,659,490,671,552,55
87.0268,3863,659,490,671,552,55
87.0530,3864,659,490,671,552,55
87.0797,3865,658,489,670,553,54
87.1047,3866,658,488,670,552,57
87.1294,3867,656,489,670,547,58
87.1551,3868,656,489,670,547,58
87.1803,3869,652,487,672,541,70
87.2071,3870,652,487,672,541,70
87.2345,3871,649,483,673,539,71
87.2345,3871,648,534,668,568,40
87.2612,3872,648,478,672,534,73
87.2612,3872,649,538,671,566,58
87.2860,3873,644,474,672,532,73
87.2860,3873,648,538,670,562,35
87.3118,3874,642,471,671,529,74
87.3376,3875,642,471,671,529,74
87.3633,3876,640,468,670,524,74
87.3889,3877,638,465,669,521,75
87.4151,3878,637,462,669,520,75
87.4395,3879,637,462,669,520,75
87.4647,3880,634,458,668,518,74
87.4904,3881,634,458,668,518,74
87.5155,3882,632,457,668,511,75
87.5433,3883,632,457,668,511,75
87.5677,3884,623,461,662,513,71
87.5943,3885,616,458,666,504,72
87.6184,3886,610,456,662,500,72
87.6447,3887,604,457,660,497,63
87.6703,3888,604,457,660,497,63
87.6983,3889,599,454,659,480,69
87.7223,3890,594,452,656,480,69
87.7495,3891,590,450,654,480,72
87.7747,3892,586,448,656,483,75
87.8002,3893,586,448,656,483,75
87.8258,3894,582,448,656,480,72
87.8510,3895,582,448,656,480,72
87.8793,3896,582,448,656,480,72
87.9035,3897,551,454,616,466,52
87.9293,3898,534,454,594,466,66
87.9540,3899,522,453,588,467,66
87.9795,3900,511,454,592,466,59
88.0049,3901,511,454,592,466,59
88.0300,3902,500,452,586,466,61
88.0578,3903,491,452,567,466,64
88.0840,3904,482,451,562,467,69
88.1094,3905,476,450,557,466,65
88.1352,3906,472,428,504,471,72
88.1612,3907,472,428,504,471,72
88.1863,3908,442,420,499,466,73
88.2117,3909,417,415,489,437,67
88.2378,3910,417,415,489,437,67
88.2647,3911,401,414,478,434,69
88.2900,3912,390,408,474,436,70
88.3157,3913,381,404,468,436,65
88.3408,3914,381,404,468,436,65
88.3671,3915,374,422,437,438,53
88.3671,3915,396,405,461,435,38
88.3934,3916,346,417,409,453,79
88.4182,3917,318,429,392,457,59
88.4455,3918,298,446,364,458,54
88.4455,3918,361,436,390,456,52
88.4699,3919,282,446,354,460,64
88.4957,3920,282,446,354,460,64
88.5243,3921,271,446,343,460,64
88.5487,3922,273,438,286,504,58
88.5750,3923,273,438,286,504,58
88.6001,3924,269,452,281,512,52
88.6263,3925,271,466,283,513,50
88.6263,3925,278,536,290,570,31
88.7033,3928,271,544,291,606,33
88.7304,3929,273,552,289,616,48
88.7562,3930,272,563,288,627,53
88.7823,3931,271,572,287,634,51
88.8083,3932,271,572,287,634,51
88.8340,3933,270,581,285,643,36
88.8875,3935,306,608,321,638,37
88.8875,3935,258,626,287,642,34
88.9123,3936,306,608,321,638,37
88.9123,3936,258,626,287,642,34
88.9363,3937,221,616,244,636,65
88.9363,3937,304,615,318,640,49
88.9363,3937,257,625,287,643,43
88.9363,3937,181,615,190,644,39
88.9617,3938,215,610,243,636,74
88.9617,3938,181,609,192,639,31
88.9882,3939,207,604,244,638,70
89.0139,3940,207,604,244,638,70
89.0402,3941,214,596,242,636,71
89.0402,3941,182,596,192,636,32
89.0662,3942,215,585,230,639,33
89.1688,3946,215,564,226,629,31
89.1953,3947,215,558,226,626,30
89.2961,3951,214,546,226,614,30
89.3231,3952,214,542,226,608,47
89.3478,3953,214,542,226,608,47
89.3747,3954,214,539,226,605,45
89.3996,3955,213,536,225,602,45
89.4262,3956,213,533,225,597,51
89.4496,3957,208,530,237,580,77
89.4769,3958,208,530,237,580,77
89.5026,3959,208,512,246,578,77
89.5278,3960,208,502,254,580,73
89.5517,3961,211,490,260,568,72
89.5812,3962,211,490,260,568,72
89.6054,3963,215,482,264,556,77
89.6296,3964,234,483,267,525,63
89.6296,3964,214,530,234,560,40
89.6556,3965,234,483,267,525,63
89.6556,3965,214,530,234,560,40
89.6834,3966,245,477,311,499,65
89.7084,3967,272,464,334,499,74
89.7362,3968,277,455,346,501,77
89.7610,3969,287,446,359,500,79
89.7860,3970,328,430,357,468,77
89.8128,3971,328,430,357,468,77
89.8387,3972,309,428,360,462,77
89.8648,3973,295,428,359,466,67
89.8904,3974,284,426,353,450,59
89.9156,3975,284,426,353,450,59
89.9407,3976,276,424,352,442,67
89.9665,3977,268,422,348,440,66
89.9929,3978,261,421,347,439,73
90.0188,3979,261,421,347,439,73
90.0442,3980,256,420,342,440,75
90.0688,3981,250,418,334,439,73
90.0954,3982,245,417,328,438,76
90.1201,3983,240,416,325,438,75
90.1459,3984,240,416,325,438,75
90.1739,3985,236,414,322,437,74
90.1974,3986,232,413,320,437,74
90.2227,3987,227,411,315,436,73
90.2479,3988,227,411,315,436,73
90.2743,3989,225,410,314,436,74
90.2991,3990,222,408,310,436,73
90.3252,3991,222,408,310,436,73
90.3506,3992,224,407,265,435,65
90.3506,3992,271,426,304,440,37
90.3790,3993,226,402,248,452,64
90.4023,3994,225,408,238,469,56
90.4292,3995,223,418,240,482,64
90.4546,3996,223,418,240,482,64
90.4803,3997,223,431,240,491,66
90.4803,3997,225,408,246,438,57
90.5056,3998,222,444,244,500,71
90.5056,3998,226,406,245,435,59
90.5311,3999,220,453,244,513,73
90.5550,4000,226,469,244,532,57
90.5550,4000,218,444,240,486,31
90.5815,4001,226,469,244,532,57
90.5815,4001,218,444,240,486,31
90.6068,4002,226,468,245,536,61
90.6325,4003,224,480,244,535,66
90.6325,4003,255,536,267,562,32
90.6591,4004,224,480,244,535,66
90.6591,4004,255,536,267,562,32
90.6862,4005,223,483,243,533,67
90.6862,4005,256,537,269,573,53
90.7123,4006,222,488,243,530,69
90.7123,4006,257,537,270,581,56
90.7378,4007,258,540,271,588,58
90.7378,4007,221,494,242,530,57
90.7631,4008,224,502,244,528,68
90.7631,4008,259,543,272,595,54
90.7878,4009,224,502,244,528,68
90.7878,4009,259,543,272,595,54
90.8143,4010,305,545,322,587,63
90.8143,4010,180,554,187,594,40
90.8143,4010,256,552,287,592,37
90.8399,4011,307,570,326,588,50
90.8399,4011,180,564,188,598,43
90.8399,4011,258,574,299,592,39
90.8666,4012,254,563,338,601,48
90.8907,4013,256,560,342,602,58
90.9159,4014,256,560,342,602,58
90.9422,4015,261,560,336,598,37
90.9678,4016,316,558,335,586,69
90.9678,4016,270,562,304,590,63
90.9951,4017,316,558,335,586,69
90.9951,4017,270,562,304,590,63
91.0202,4018,316,556,333,588,73
91.0202,4018,274,560,304,592,66
91.0471,4019,316,556,333,588,73
91.0471,4019,274,560,304,592,66
91.0722,4020,275,557,304,595,71
91.0722,4020,316,553,333,591,69
91.0981,4021,317,550,332,590,61
91.0981,4021,279,554,305,593,56
91.1243,4022,317,550,332,590,61
91.1243,4022,279,554,305,593,56
91.1778,4024,290,493,311,507,47
91.2031,4025,293,473,309,513,35
91.2272,4026,287,438,328,500,78
91.2532,4027,287,438,328,500,78
91.2782,4028,293,420,346,486,78
91.3037,4029,303,406,360,474,80
91.3311,4030,303,406,360,474,80
91.3558,4031,308,395,370,461,78
91.3826,4032,311,387,380,451,79
91.4073,4033,346,395,402,411,38
91.4323,4034,346,395,402,411,38
91.4586,4035,346,395,402,411,38
91.4857,4036,384,390,452,405,63
91.5110,4037,386,390,470,404,58
91.5346,4038,414,394,486,406,61
91.5613,4039,415,394,499,406,61
91.5856,4040,415,394,499,406,61
91.6131,4041,429,393,511,405,57
91.6381,4042,429,393,511,405,57
91.6641,4043,438,391,521,403,55
91.6910,4044,446,391,531,403,56
91.7155,4045,457,387,534,405,60
91.7407,4046,507,378,531,428,68
91.7666,4047,507,378,531,428,68
91.7927,4048,510,375,538,446,62
91.8185,4049,520,395,543,459,71
91.8453,4050,520,395,543,459,71
91.8702,4051,524,416,550,478,73
91.8967,4052,524,416,550,478,73
91.9230,4053,526,432,556,476,63
91.9475,4054,526,448,569,475,74
91.9729,4055,532,438,578,478,75
91.9729,4055,518,440,540,476,33
91.9993,4056,532,438,578,478,75
91.9993,4056,518,440,540,476,33
92.0248,4057,535,430,585,478,80
92.0515,4058,536,424,592,474,77
92.0785,4059,548,421,602,467,72
92.1020,4060,548,421,602,467,72
92.1295,4061,554,411,612,453,76
92.1554,4062,569,400,631,440,75
92.1823,4063,567,390,645,438,76
92.2066,4064,586,384,658,435,77
92.2308,4065,586,384,658,435,77
92.2577,4066,586,384,658,435,77
92.2839,4067,608,372,678,418,74
92.3092,4068,634,375,692,402,58
92.3351,4069,634,375,692,402,58
92.3600,4070,646,376,716,388,62
92.3851,4071,666,375,734,389,64
92.4103,4072,682,377,750,389,58
92.4103,4072,654,372,686,390,30
92.4389,4073,682,377,750,389,58
92.4389,4073,654,372,686,390,30
92.4631,4074,698,377,762,389,64
92.4631,4074,670,372,696,386,35
92.4900,4075,710,376,774,390,66
92.5140,4076,717,376,784,390,66
92.5390,4077,730,376,792,390,64
92.5390,4077,696,375,758,389,45
92.5631,4078,730,376,792,390,64
92.5631,4078,696,375,758,389,45
92.5917,4079,747,373,799,399,73
92.6153,4080,759,370,811,406,75
92.6411,4081,759,370,811,406,75
92.6667,4082,759,370,811,406,75
92.6928,4083,780,378,832,424,73
92.7182,4084,784,382,842,430,75
92.7447,4085,784,382,842,430,75
92.7694,4086,785,383,851,435,74
92.7962,4087,785,380,857,438,73
92.8222,4088,791,388,855,436,49
92.8471,4089,826,403,876,443,77
92.8715,4090,826,403,876,443,77
92.8982,4091,828,392,890,442,76
92.9239,4092,837,384,901,433,77
92.9512,4093,842,377,910,431,77
92.9778,4094,848,371,918,430,76
93.0023,4095,848,371,918,430,76
93.0263,4096,850,366,924,430,75
93.0519,4097,860,362,930,420,74
93.0777,4098,860,362,930,420,74
93.1070,4099,866,358,934,415,72
93.1324,4100,868,354,940,412,72
93.1575,4101,875,352,945,406,71
93.1827,4102,880,348,944,406,60
93.2096,4103,895,336,939,384,52
93.2350,4104,895,336,939,384,52
93.2605,4105,926,324,938,380,33
93.2865,4106,926,314,938,372,41
93.3129,4107,924,307,940,363,55
93.3387,4108,924,307,940,363,55
93.3642,4109,923,300,939,359,58
93.3884,4110,922,294,940,354,53
93.4142,4111,922,294,940,354,53
93.4410,4112,922,290,938,350,46
93.4665,4113,922,286,938,348,33
93.5175,4115,916,279,936,335,61
93.5432,4116,903,277,941,323,74
93.5704,4117,903,277,941,323,74
93.5968,4118,895,267,941,313,73
93.6232,4119,886,260,936,314,73
93.6474,4120,880,253,932,303,71
93.6733,4121,883,240,921,286,59
93.6990,4122,883,240,921,286,59
93.7251,4123,884,225,896,283,48
93.7497,4124,884,225,896,283,48
93.7763,4125,884,212,896,271,57
93.8020,4126,882,202,896,258,61
93.8269,4127,881,194,896,252,58
93.8522,4128,880,186,896,242,59
93.8764,4129,880,186,896,242,59
93.9033,4130,879,180,895,238,54
93.9322,4131,880,178,894,234,46
93.9563,4132,880,175,894,229,41
93.9828,4133,877,179,897,224,55
94.0083,4134,877,179,897,224,55
94.0333,4135,878,183,904,204,58
94.0333,4135,878,190,902,239,57
94.0592,4136,882,182,908,215,66
94.0842,4137,882,182,908,215,66
94.1114,4138,881,178,917,222,78
94.1384,4139,882,179,923,230,78
94.1634,4140,886,186,926,238,79
94.1875,4141,896,188,930,246,75
94.2121,4142,896,188,930,246,75
94.2417,4143,903,198,931,257,71
94.2673,4144,913,208,930,270,53
94.2940,4145,916,218,930,280,51
94.3175,4146,917,226,930,289,50
94.3438,4147,917,226,930,289,50
94.3706,4148,918,231,930,298,46
94.3961,4149,918,240,930,306,48
94.4197,4150,918,240,930,306,48
94.4479,4151,918,247,930,311,43
94.4748,4152,915,257,935,317,64
94.4998,4153,915,274,935,332,64
94.4998,4153,916,244,934,264,31
94.5247,4154,910,286,936,345,74
94.5247,4154,912,257,936,279,44
94.5512,4155,910,286,936,345,74
94.5512,4155,912,257,936,279,44
94.5768,4156,906,298,932,356,68
94.6020,4157,903,309,927,365,68
94.6282,4158,899,314,925,374,69
94.6529,4159,897,320,925,380,71
94.6796,4160,894,327,924,387,74
94.7046,4161,894,327,924,387,74
94.7309,4162,892,331,923,391,73
94.7560,4163,892,331,923,391,73
94.7823,4164,890,331,922,395,72
94.8086,4165,888,332,922,400,73
94.8344,4166,886,332,922,404,70
94.8592,4167,876,354,912,404,75
94.8862,4168,876,354,912,404,75
94.9116,4169,872,363,914,418,79
94.9362,4170,864,360,912,428,74
94.9625,4171,858,359,910,435,76
94.9878,4172,854,359,906,441,75
95.0142,4173,854,359,906,441,75
95.0399,4174,848,375,896,447,71
95.0657,4175,844,378,896,452,75
95.0925,4176,844,378,896,452,75
95.1183,4177,841,380,895,456,75
95.1447,4178,838,384,892,460,75
95.1693,4179,836,387,892,463,76
95.1953,4180,833,394,889,466,75
95.2209,4181,833,394,889,466,75
95.2464,4182,821,435,867,459,68
95.2719,4183,804,435,866,459,75
95.2970,4184,789,430,853,454,76
95.3222,4185,778,426,852,452,73
95.3480,4186,778,426,852,452,73
95.3772,4187,769,424,851,452,75
95.3996,4188,761,422,846,452,74
95.4256,4189,761,422,846,452,74
95.4541,4190,754,420,840,452,73
95.4786,4191,746,418,830,450,72
95.5030,4192,741,417,825,448,74
95.5288,4193,744,402,786,438,55
95.5545,4194,744,402,786,438,55
95.5817,4195,737,382,767,440,68
95.6079,4196,731,366,768,434,72
95.6318,4197,725,355,762,423,74
95.6577,4198,720,346,757,408,71
95.6845,4199,720,346,757,408,71
95.7110,4200,714,346,752,404,66
95.7355,4201,703,349,748,371,60
95.7611,4202,703,349,748,371,60
95.7877,4203,695,346,745,374,75
95.8130,4204,689,342,744,378,76
95.8375,4205,689,342,744,378,76
95.8625,4206,689,342,744,378,76
95.8887,4207,678,342,730,388,76
95.9141,4208,675,340,741,390,76
95.9397,4209,670,344,738,394,77
95.9645,4210,667,344,735,396,77
95.9910,4211,667,344,735,396,77
96.0179,4212,674,355,725,401,60
96.0432,4213,670,365,712,399,76
96.0693,4214,665,366,725,398,66
96.0949,4215,665,366,725,398,66
96.1203,4216,667,379,739,398,55
96.1470,4217,674,379,748,399,51
96.1712,4218,697,382,759,400,55
96.1975,4219,697,382,759,400,55
96.2228,4220,716,381,768,404,69
96.2228,4220,679,382,715,402,44
96.2493,4221,716,381,768,404,69
96.2493,4221,679,382,715,402,44
96.2736,4222,721,379,782,409,73
96.2999,4223,726,381,788,410,73
96.3269,4224,726,381,788,410,73
96.3514,4225,749,388,793,422,76
96.3783,4226,752,387,812,427,68
96.4022,4227,762,408,828,434,70
96.4283,4228,762,408,828,434,70
96.4534,4229,773,410,839,438,68
96.4783,4230,781,410,849,442,73
96.5038,4231,781,410,849,442,73
96.5285,4232,794,414,857,444,73
96.5582,4233,801,418,865,446,72
96.5802,4234,806,422,871,448,73
96.6063,4235,822,422,872,448,67
96.6311,4236,822,422,872,448,67
96.6586,4237,822,422,872,448,67
96.6864,4238,846,406,890,453,76
96.7112,4239,845,396,895,452,75
96.7360,4240,848,389,902,447,76
96.7617,4241,848,389,902,447,76
96.7866,4242,859,382,907,446,75
96.8108,4243,862,376,912,444,72
96.8367,4244,862,376,912,444,72
96.8636,4245,862,372,914,448,73
96.8911,4246,863,368,917,448,73
96.9151,4247,872,365,920,423,70
96.9419,4248,878,358,914,412,71
96.9668,4249,878,358,914,412,71
96.9929,4250,883,347,917,413,62
97.0185,4251,897,336,919,398,63
97.0454,4252,897,336,919,398,63
97.0708,4253,902,320,920,388,52
97.0708,4253,888,367,912,407,30
97.0957,4254,905,314,921,384,43
97.1219,4255,905,314,921,384,43
97.1486,4256,910,308,922,370,48
97.1486,4256,891,374,914,400,32
97.1747,4257,910,308,922,370,48
97.1747,4257,891,374,914,400,32
97.2011,4258,910,304,924,366,53
97.2011,4258,894,371,914,399,37
97.2258,4259,910,300,924,360,58
97.2517,4260,910,295,924,355,59
97.2517,4260,900,364,914,394,34
97.2779,4261,908,299,926,347,47
97.3023,4262,908,299,926,347,47
97.3289,4263,883,289,933,319,75
97.3555,4264,882,284,938,322,68
97.3809,4265,882,284,925,322,63
97.4060,4266,880,282,934,328,64
97.4313,4267,880,282,934,328,64
97.4573,4268,880,282,934,328,64
97.4849,4269,880,276,916,316,55
97.5096,4270,880,276,916,316,55
97.5362,4271,882,284,916,316,66
97.5635,4272,881,280,905,302,47
97.5898,4273,880,254,912,266,38
97.6148,4274,880,252,922,268,66
97.6401,4275,881,245,921,279,74
97.6681,4276,881,245,921,279,74
97.6971,4277,887,240,926,290,77
97.7206,4278,895,239,935,301,77
97.7464,4279,896,243,940,310,73
97.7711,4280,901,251,945,318,71
97.7966,4281,901,251,945,318,71
97.8229,4282,912,258,948,324,70
97.8479,4283,924,287,948,335,75
97.8741,4284,924,287,948,335,75
97.8997,4285,924,293,946,353,69
97.9284,4286,919,310,941,366,67
97.9506,4287,916,317,941,377,68
97.9760,4288,914,326,940,386,69
98.0019,4289,914,326,940,386,69
98.0301,4290,912,336,936,395,71
98.0558,4291,910,341,934,401,72
98.0812,4292,910,344,934,406,70
98.1055,4293,908,352,932,412,71
98.1310,4294,908,352,932,412,71
98.1576,4295,895,368,931,411,75
98.1816,4296,895,368,931,411,75
98.2083,4297,884,376,932,430,77
98.2350,4298,872,376,924,442,74
98.2601,4299,862,398,916,452,73
98.2867,4300,854,401,912,460,77
98.3119,4301,854,401,912,460,77
98.3381,4302,846,413,908,465,73
98.3632,4303,832,434,882,462,60
98.3897,4304,832,434,882,462,60
98.4423,4306,805,447,866,459,35
98.4663,4307,794,446,858,458,63
98.4939,4308,784,445,847,458,63
98.5180,4309,784,445,847,458,63
98.5449,4310,776,444,842,458,68
98.5709,4311,769,443,840,459,67
98.5966,4312,763,443,835,459,64
98.6216,4313,757,442,827,458,66
98.6477,4314,757,442,827,458,66
98.6730,4315,752,442,826,458,64
98.6969,4316,746,440,812,456,64
98.7243,4317,746,440,812,456,64
98.7496,4318,742,440,807,454,67
98.7758,4319,738,440,802,454,66
98.7996,4320,739,437,779,457,65
98.8278,4321,734,432,772,472,77
98.8522,4322,734,432,772,472,77
98.8779,4323,725,428,773,480,78
98.9042,4324,718,430,770,490,72
98.9294,4325,711,436,769,498,78
98.9548,4326,706,440,766,504,74
98.9795,4327,706,440,766,504,74
99.0064,4328,700,444,759,510,73
99.0317,4329,696,456,752,516,74
99.0591,4330,696,456,752,516,74
99.0842,4331,693,463,746,519,74
99.1104,4332,690,469,738,523,75
99.1365,4333,686,472,736,528,77
99.1616,4334,683,474,735,532,77
99.1888,4335,683,474,735,532,77
99.2136,4336,681,476,732,534,76
99.2394,4337,678,476,732,538,77
99.2650,4338,676,473,730,541,73
99.2902,4339,674,480,727,544,72
99.3184,4340,674,480,727,544,72
99.3423,4341,672,484,724,547,74
99.3687,4342,670,483,724,549,73
99.3944,4343,670,483,724,549,73
99.4224,4344,669,485,721,551,67
99.4464,4345,669,485,721,551,67
99.4701,4346,674,516,696,560,71
99.4951,4347,672,514,700,566,75
99.5214,4348,672,514,700,566,75
99.5496,4349,672,515,702,573,76
99.5747,4350,672,522,706,578,76
99.5987,4351,674,523,710,583,76
99.6248,4352,674,521,712,587,76
99.6502,4353,674,521,712,587,76
99.6772,4354,675,525,715,591,75
99.7028,4355,675,525,715,591,75
99.7304,4356,677,528,717,594,76
99.7563,4357,677,528,719,597,74
99.7822,4358,679,530,721,600,71
99.8056,4359,680,532,722,602,68
99.8312,4360,680,532,722,602,68
99.8571,4361,680,532,722,602,68
99.8847,4362,680,538,724,606,67
99.9086,4363,680,538,726,608,67
99.9338,4364,679,540,727,610,71
99.9595,4365,679,540,727,610,71
99.9871,4366,680,543,728,612,72
100.0122,4367,678,541,730,613,73
100.0397,4368,678,541,730,613,73
100.0661,4369,678,544,730,612,71
100.0893,4370,698,560,733,604,55
100.1153,4371,701,575,731,607,57
100.1408,4372,707,565,729,610,61
100.1661,4373,707,565,729,610,61
100.1914,4374,708,556,728,610,61
100.2205,4375,706,548,728,607,72
100.2430,4376,706,548,728,607,72
100.2701,4377,699,536,725,598,73
100.2954,4378,699,536,725,598,73
100.3204,4379,697,532,725,591,74
100.3464,4380,697,528,725,588,74
100.3729,4381,697,528,725,588,74
100.3995,4382,696,524,724,582,75
100.4254,4383,697,519,723,577,74
100.4495,4384,696,516,720,575,73
100.4758,4385,696,512,718,574,70
100.5012,4386,696,512,718,574,70
100.5284,4387,696,508,717,570,65
100.5544,4388,696,506,716,566,56
100.5798,4389,696,503,716,565,49
100.6058,4390,695,501,715,562,56
100.6302,4391,695,501,715,562,56
100.6567,4392,695,501,715,562,56
100.6834,4393,693,497,711,557,54
100.7086,4394,693,495,711,555,55
100.7361,4395,693,495,711,555,55
100.7604,4396,693,493,710,551,57
100.7604,4396,703,562,725,588,40
100.7855,4397,692,491,712,550,59
100.7855,4397,702,557,724,587,36
100.8106,4398,692,489,710,547,61
100.8366,4399,692,489,710,547,61
100.8624,4400,692,488,710,546,61
100.8886,4401,691,486,707,544,61
100.9144,4402,690,486,708,544,61
100.9394,4403,690,485,708,543,61
100.9647,4404,690,485,708,543,61
100.9911,4405,690,484,710,542,61
101.0188,4406,690,482,707,540,62
101.0429,4407,690,482,707,540,62
101.0675,4408,690,482,707,540,62
101.0966,4409,689,480,707,538,62
101.1195,4410,689,480,708,538,60
101.1456,4411,689,480,708,538,60
101.1719,4412,689,479,707,535,62
101.1977,4413,688,477,706,533,62
101.2239,4414,688,476,706,534,63
101.2491,4415,687,476,707,532,65
101.2752,4416,688,475,706,533,64
101.3010,4417,688,475,706,533,64
101.3271,4418,687,474,707,532,66
101.3522,4419,686,474,708,532,66
101.3776,4420,686,472,707,532,66
101.4046,4421,686,472,707,532,66
101.4322,4422,686,473,706,531,65
101.4553,4423,686,472,706,530,65
101.4806,4424,685,472,705,530,66
101.5072,4425,685,472,705,530,66
101.5323,4426,685,471,705,529,66
101.5588,4427,684,470,705,528,67
101.5843,4428,683,470,705,530,67
101.6095,4429,684,470,704,526,68
101.6364,4430,684,470,704,526,68
101.6618,4431,683,469,704,527,68
101.6881,4432,682,468,704,528,66
101.7117,4433,683,468,703,526,67
101.7393,4434,683,468,703,526,67
101.7648,4435,682,468,702,526,67
101.7902,4436,682,468,702,524,65
101.8167,4437,682,468,702,524,65
101.8429,4438,682,467,702,524,66
101.8683,4439,681,466,701,524,66
101.8962,4440,681,466,701,524,66
101.9206,4441,681,465,701,523,66
101.9466,4442,681,466,701,524,65
101.9728,4443,681,466,701,524,65
102.0002,4444,680,465,700,523,64
102.0251,4445,680,464,700,522,65
102.0251,4445,700,533,724,559,30
102.0489,4446,680,464,700,522,60
102.0489,4446,699,531,723,557,32
102.0766,4447,680,464,700,522,60
102.0766,4447,699,531,723,557,32
102.1026,4448,680,464,700,522,62
102.1026,4448,700,534,724,557,36
102.1290,4449,680,463,700,521,61
102.1552,4450,679,463,699,523,61
102.1801,4451,679,463,699,523,61
102.2061,4452,679,463,699,523,58
102.2326,4453,678,463,698,520,55
102.2578,4454,678,462,698,520,56
102.2821,4455,677,462,697,522,56
102.3086,4456,677,462,697,522,56
102.3351,4457,677,462,697,520,57
102.3599,4458,677,461,697,522,60
102.3864,4459,676,461,696,519,62
102.4123,4460,676,461,696,519,62
102.4360,4461,676,461,695,519,63
102.4609,4462,676,460,694,518,65
102.4861,4463,676,460,694,518,65
102.5146,4464,676,459,694,517,65
102.5146,4464,700,532,720,552,35
102.5383,4465,676,460,696,518,65
102.5634,4466,675,459,695,519,66
102.5877,4467,675,460,695,518,67
102.5877,4467,697,528,721,552,33
102.6141,4468,675,460,695,518,67
102.6141,4468,697,528,721,552,33
102.6398,4469,675,460,695,518,68
102.6677,4470,674,460,694,518,67
102.6924,4471,674,459,694,517,68
102.7173,4472,674,459,694,516,68
102.7440,4473,674,459,694,516,68
102.7684,4474,674,459,694,515,69
102.7684,4474,698,531,720,552,41
102.7937,4475,674,458,694,516,70
102.7937,4475,698,530,720,552,36
102.8202,4476,674,458,694,516,70
102.8202,4476,698,530,720,552,36
102.8489,4477,674,458,694,516,70
102.8723,4478,673,458,693,516,70
102.8723,4478,698,530,720,551,39
102.8979,4479,673,458,693,516,70
102.8979,4479,697,530,720,550,38
102.9228,4480,673,458,693,515,70
102.9228,4480,697,531,719,550,37
102.9476,4481,673,458,693,515,70
102.9476,4481,697,531,719,550,37
102.9731,4482,672,457,692,515,69
102.9731,4482,697,530,719,550,46
103.0007,4483,673,457,693,517,70
103.0007,4483,698,529,720,551,34
103.0261,4484,672,458,692,516,70
103.0261,4484,699,530,719,550,47
103.0517,4485,672,456,692,516,70
103.0517,4485,697,529,719,550,31
103.0770,4486,672,456,692,516,70
103.0770,4486,697,529,719,550,31
103.1033,4487,672,457,692,517,70
103.1033,4487,697,529,719,549,39
103.1273,4488,672,457,692,517,70
103.1273,4488,697,529,719,549,39
103.1547,4489,672,456,692,516,70
103.1547,4489,697,528,719,550,42
103.1808,4490,672,456,692,516,71
103.1808,4490,697,529,719,549,43
103.2051,4491,671,456,693,516,71
103.2051,4491,698,530,718,550,41
103.2313,4492,671,456,692,516,71
103.2313,4492,697,529,719,549,36
103.2597,4493,670,456,692,516,72
103.2854,4494,670,456,692,516,72
103.3115,4495,670,456,692,516,71
103.3370,4496,670,456,692,515,71
103.3632,4497,670,456,692,516,72
103.3883,4498,670,456,692,514,73
103.4131,4499,670,456,692,514,73
103.4385,4500,670,456,692,514,72
103.4636,4501,670,456,692,514,72
103.4891,4502,669,456,693,518,70
103.5168,4503,669,456,691,514,72
103.5408,4504,669,456,693,516,72
103.5653,4505,668,456,692,514,72
103.5916,4506,668,456,692,514,72
103.6176,4507,668,456,692,514,72
103.6444,4508,668,455,690,513,73
103.6686,4509,667,455,691,513,73
103.6946,4510,667,455,691,515,70
103.7201,4511,666,455,692,515,70
103.7459,4512,666,455,692,515,70
103.7741,4513,666,455,692,515,70
103.7971,4514,666,455,692,515,70
103.8235,4515,666,456,693,516,63
103.8514,4516,666,455,691,515,68
103.8768,4517,666,455,692,515,66
103.9002,4518,665,455,693,515,62
103.9258,4519,665,455,693,515,62
103.9538,4520,665,455,692,515,66
103.9790,4521,665,455,691,515,68
104.0047,4522,665,455,691,513,69
104.0310,4523,665,456,693,516,67
104.0565,4524,665,455,693,515,65
104.0823,4525,665,455,693,515,65
104.1078,4526,664,462,690,512,58
104.1337,4527,664,462,690,512,58
104.1611,4528,622,456,692,486,66
104.1852,4529,598,450,685,488,71
104.2120,4530,581,444,667,478,66
104.2362,4531,581,444,667,478,66
104.2639,4532,581,444,667,478,66
104.2896,4533,556,434,633,465,74
104.3151,4534,548,430,614,462,73
104.3408,4535,540,427,626,465,75
104.3655,4536,533,424,617,462,72
104.3905,4537,533,424,617,462,72
104.4172,4538,526,420,602,460,72
104.4457,4539,520,418,604,460,77
104.4704,4540,515,416,599,458,77
104.4959,4541,515,416,599,458,77
104.5223,4542,511,413,593,457,76
104.5475,4543,506,410,585,452,76
104.5729,4544,503,409,570,449,73
104.5978,4545,503,409,570,449,73
104.6235,4546,500,406,572,448,71
104.6501,4547,500,406,572,448,71
104.6745,4548,492,402,555,442,74
104.6986,4549,490,401,553,441,75
104.7252,4550,490,401,553,441,75
104.7513,4551,487,400,551,440,76
104.7772,4552,484,398,560,442,76
104.8012,4553,484,396,562,442,73
104.8268,4554,484,396,562,442,73
104.8535,4555,490,391,527,430,52
104.8816,4556,487,395,528,427,72
104.9033,4557,484,396,538,420,67
104.9296,4558,484,396,538,420,67
104.9562,4559,481,394,547,418,64
104.9828,4560,489,394,556,412,64
105.0081,4561,505,392,564,408,70
105.0346,4562,505,392,564,408,70
105.0588,4563,505,392,564,408,70
105.0854,4564,521,392,578,408,70
105.0854,4564,488,392,514,416,44
105.1108,4565,525,392,583,410,71
105.1108,4565,490,392,514,414,46
105.1368,4566,528,394,590,410,71
105.1368,4566,494,392,516,409,32
105.1616,4567,528,394,590,410,71
105.1616,4567,494,392,516,409,32
105.1876,4568,524,394,594,410,71
105.2123,4569,538,395,594,415,71
105.2414,4570,538,395,594,415,71
105.2657,4571,553,390,603,424,73
105.2920,4572,554,389,614,427,73
105.3167,4573,554,392,624,434,73
105.3447,4574,554,394,630,437,71
105.3688,4575,555,397,639,441,73
105.3980,4576,555,397,639,441,73
105.4233,4577,560,398,644,443,75
105.4499,4578,560,398,644,443,75
105.4749,4579,568,401,656,449,75
105.5003,4580,568,401,656,449,75
105.5264,4581,572,403,660,451,76
105.5527,4582,576,405,664,453,74
105.5768,4583,580,406,668,454,74
105.6033,4584,580,406,668,454,74
105.6302,4585,585,412,672,456,75
105.6562,4586,591,415,675,457,75
105.6801,4587,594,417,679,459,75
105.7046,4588,596,418,682,460,75
105.7314,4589,596,418,682,460,75
105.7561,4590,599,419,686,461,75
105.7820,4591,604,421,688,463,74
105.8070,4592,605,420,690,464,73
105.8326,4593,605,420,690,464,73
105.8588,4594,605,420,690,464,73
105.8844,4595,645,443,684,511,65
105.9107,4596,645,443,684,511,65
105.9365,4597,645,494,666,554,56
105.9624,4598,652,528,670,581,65
105.9624,4598,647,500,670,540,38
105.9879,4599,648,543,672,600,70
106.0132,4600,650,557,670,613,61
106.0391,4601,650,557,670,613,61
106.1929,4607,650,615,682,639,50
106.2179,4608,649,617,689,642,65
106.2442,4609,649,617,689,642,65
106.2711,4610,649,614,691,644,69
106.2959,4611,648,613,692,643,72
106.3197,4612,652,610,688,644,71
106.3448,4613,652,606,686,643,74
106.3706,4614,652,606,686,643,74
106.3982,4615,650,602,687,642,74
106.4242,4616,649,599,687,641,73
106.4492,4617,649,596,685,640,73
106.4767,4618,648,596,684,640,73
106.5002,4619,648,596,684,640,73
106.5275,4620,648,595,684,640,74
106.5512,4621,652,596,684,638,69
106.5785,4622,652,596,684,638,69
106.6045,4623,654,592,676,638,61
106.6305,4624,656,588,670,638,59
106.6551,4625,658,585,670,638,58
106.6810,4626,658,582,670,637,60
106.7077,4627,658,582,670,637,60
106.7332,4628,658,580,670,636,61
106.7579,4629,658,578,670,636,61
106.7832,4630,658,577,671,635,60
106.8088,4631,658,577,671,635,60
106.8344,4632,658,575,670,633,60
106.8603,4633,658,574,670,633,60
106.8851,4634,658,574,670,633,60
106.9114,4635,659,573,671,633,58
106.9373,4636,659,572,671,632,58
106.9633,4637,659,572,672,632,56
106.9892,4638,660,571,672,632,56
107.0136,4639,658,572,678,634,59
107.0395,4640,658,572,678,634,59
107.0664,4641,658,571,674,631,61
107.0911,4642,659,571,671,629,61
107.1163,4643,660,569,672,629,60
107.1429,4644,660,569,672,629,60
107.1694,4645,659,570,673,630,58
107.1947,4646,660,568,676,632,55
107.2200,4647,660,568,676,632,55
107.2468,4648,660,568,676,632,54
107.2714,4649,660,567,677,633,52
107.2971,4650,661,566,677,632,50
107.3226,4651,660,566,678,630,54
107.3668,4652,660,566,678,630,54
107.3899,4653,661,566,675,628,55
107.4151,4654,661,566,675,628,55
107.4423,4655,661,565,674,629,50
107.4669,4656,661,564,678,630,48
107.4930,4657,661,563,678,628,48
107.5176,4658,661,562,677,628,43
107.5451,4659,661,562,677,628,43
107.5712,4660,662,563,676,627,46
107.5949,4661,662,562,676,626,44
107.6198,4662,662,562,676,626,44
107.6480,4663,662,562,678,626,45
107.6739,4664,662,561,680,624,48
107.6989,4665,661,561,675,621,53
107.7246,4666,661,561,675,621,55
107.7500,4667,661,561,675,621,55
107.7766,4668,661,560,675,622,53
107.8024,4669,662,558,675,620,50
107.8293,4670,662,558,675,620,47
107.8558,4671,662,557,676,621,38
107.8802,4672,662,557,676,621,38
107.9075,4673,662,557,676,621,34
107.9333,4674,662,556,676,622,32
107.9592,4675,662,556,676,622,32
107.9863,4676,662,556,678,623,31
108.0368,4678,662,556,676,622,30
108.0885,4680,662,555,676,623,31
108.1140,4681,662,555,676,623,31
108.1409,4682,662,555,676,622,31
108.1656,4683,662,556,676,624,30
108.1918,4684,662,556,676,624,32
108.2168,4685,662,556,678,626,30
108.2431,4686,662,556,678,626,30
108.3194,4689,662,556,678,626,32
108.3452,4690,662,556,676,624,34
108.3711,4691,662,556,678,626,31
108.3973,4692,662,556,679,626,33
108.4236,4693,662,556,679,626,33
108.4480,4694,662,555,678,625,32
108.4735,4695,662,556,678,624,36
108.4990,4696,662,555,676,623,37
108.6535,4702,662,555,676,621,35
108.6816,4703,662,555,676,621,37
108.7057,4704,663,556,689,626,41
108.7325,4705,663,557,687,623,45
108.7585,4706,663,557,687,623,45
108.7857,4707,664,556,692,626,47
108.8114,4708,664,557,692,627,39
108.8392,4709,662,554,678,620,37
108.8631,4710,662,555,678,621,41
108.8883,4711,662,555,678,621,41
108.9160,4712,662,554,678,620,44
108.9406,4713,663,556,691,626,45
108.9662,4714,663,556,691,626,45
108.9933,4715,662,554,680,622,44
109.0184,4716,662,554,680,622,42
109.0450,4717,662,554,680,622,42
109.0686,4718,662,554,678,620,48
109.0964,4719,661,554,682,624,46
109.1227,4720,661,554,682,624,46
109.1496,4721,662,554,678,620,47
109.1740,4722,661,554,677,620,48
109.1991,4723,661,554,678,620,49
109.2249,4724,661,554,677,619,53
109.2513,4725,661,554,677,619,53
109.2771,4726,661,554,678,622,47
109.3011,4727,661,554,678,622,47
109.3267,4728,661,554,678,620,54
109.3528,4729,661,555,679,621,54
109.3779,4730,660,554,678,620,55
109.4026,4731,660,555,680,621,56
109.4285,4732,660,555,680,621,56
109.4548,4733,660,555,680,621,56
109.4812,4734,660,555,682,623,53
109.5065,4735,661,555,685,624,48
109.5313,4736,661,555,681,621,47
109.5591,4737,661,555,681,621,47
109.5828,4738,661,555,681,621,53
109.6088,4739,661,555,679,621,50
109.6338,4740,661,555,679,621,50
109.6620,4741,661,555,681,621,51
109.6857,4742,661,555,683,621,51
109.7127,4743,661,554,680,620,51
109.7381,4744,661,554,679,618,54
109.7636,4745,661,554,679,618,54
109.7899,4746,661,555,680,619,54
109.8174,4747,660,555,682,621,55
109.8398,4748,660,555,682,621,55
109.8656,4749,660,555,680,619,55
109.8911,4750,660,555,680,619,55
109.9170,4751,660,555,680,619,56
109.9439,4752,660,554,680,618,57
109.9694,4753,660,554,680,618,57
109.9953,4754,660,554,681,620,58
110.0198,4755,660,554,683,621,59
110.0453,4756,660,554,684,622,58
110.0702,4757,660,554,684,622,58
110.0965,4758,660,554,686,622,60
110.1229,4759,660,554,684,620,62
110.1504,4760,660,555,686,621,62
110.1734,4761,660,555,684,621,63
110.1999,4762,660,555,684,621,63
110.2252,4763,660,555,688,622,63
110.2520,4764,660,555,688,622,63
110.2778,4765,660,556,688,622,64
110.3035,4766,660,556,688,622,64
110.3299,4767,660,556,688,622,64
110.3556,4768,660,556,684,620,65
110.3816,4769,660,556,684,620,65
110.4074,4770,660,556,684,620,65
110.4326,4771,659,556,683,620,66
110.4606,4772,659,556,686,622,66
110.4846,4773,659,556,685,621,66
110.5114,4774,659,556,685,620,66
110.5361,4775,659,556,683,620,68
110.5620,4776,659,556,683,620,68
110.5880,4777,659,557,684,621,66
110.6137,4778,659,557,683,619,68
110.6379,4779,659,557,683,619,68
110.6662,4780,659,557,683,619,68
110.6911,4781,659,557,683,620,68
110.7158,4782,659,557,683,620,68
110.7421,4783,659,557,683,620,68
110.7681,4784,659,558,685,620,67
110.7940,4785,659,557,689,621,68
110.8206,4786,658,558,692,622,69
110.8459,4787,657,557,693,621,71
110.8717,4788,657,557,697,623,72
110.8981,4789,657,557,697,623,72
110.9237,4790,656,556,700,624,74
110.9485,4791,656,556,702,626,74
110.9754,4792,656,556,702,626,74
110.9998,4793,657,556,703,626,71
111.0267,4794,657,557,701,624,71
111.0504,4795,656,556,700,622,71
111.0782,4796,656,556,700,622,71
111.1058,4797,656,557,700,623,70
111.1302,4798,655,555,699,623,68
111.1549,4799,656,556,702,624,68
111.1804,4800,656,556,702,624,68
111.2061,4801,656,556,702,624,68
111.2323,4802,656,556,703,624,69
111.2596,4803,656,556,702,624,69
111.2824,4804,656,556,700,622,70
111.3088,4805,656,556,700,622,70
111.3357,4806,656,556,700,622,71
111.3615,4807,656,556,700,622,67
111.3843,4808,656,556,700,624,68
111.4109,4809,656,556,700,624,68
111.4380,4810,656,555,698,623,68
111.4633,4811,656,557,702,625,71
111.4896,4812,656,556,701,626,69
111.5149,4813,656,556,700,625,71
111.5397,4814,656,556,700,625,71
111.5669,4815,655,557,703,627,72
111.5934,4816,655,557,703,627,68
111.6187,4817,656,557,704,627,70
111.6443,4818,656,557,703,627,67
111.6691,4819,656,557,703,627,67
111.6954,4820,656,558,706,628,71
111.7208,4821,656,558,703,626,67
111.7472,4822,656,558,703,626,67
111.7734,4823,655,557,703,627,67
111.8003,4824,656,557,706,627,71
111.8257,4825,656,558,704,626,72
111.8519,4826,656,557,704,627,71
111.8762,4827,656,557,704,627,71
111.9019,4828,656,558,704,626,73
111.9291,4829,655,558,705,626,75
111.9539,4830,655,558,705,628,74
111.9785,4831,655,557,705,627,75
112.0050,4832,655,557,705,627,75
112.0297,4833,655,558,705,627,74
112.0551,4834,656,558,706,628,71
112.0816,4835,656,558,706,628,71
112.1085,4836,656,558,706,628,71
112.1361,4837,656,558,704,628,68
112.1611,4838,656,558,704,628,65
112.1871,4839,655,558,705,628,67
112.2130,4840,655,558,705,628,67
112.2399,4841,656,558,704,628,65
112.2659,4842,656,558,706,628,62
112.2921,4843,656,558,706,628,67
112.3173,4844,655,559,705,629,65
112.3431,4845,655,559,705,629,65
112.3682,4846,655,558,705,628,67
112.3929,4847,656,559,706,629,64
112.4198,4848,656,559,706,629,64
112.4473,4849,655,559,705,629,66
112.4728,4850,656,558,710,630,69
112.4979,4851,656,560,710,630,68
112.5242,4852,656,560,709,630,72
112.5485,4853,656,560,709,630,72
112.5744,4854,656,559,708,629,71
112.6011,4855,655,559,709,630,70
112.6257,4856,656,559,708,631,72
112.6516,4857,656,560,708,630,74
112.6772,4858,656,560,708,630,74
112.7025,4859,655,559,707,629,75
112.7267,4860,655,559,707,629,75
112.7539,4861,656,560,708,630,76
112.7800,4862,656,560,708,630,74
112.8076,4863,656,560,708,630,72
112.8318,4864,656,560,708,630,70
112.8571,4865,656,560,709,630,71
112.8840,4866,656,560,709,630,71
112.9084,4867,656,560,710,631,70
112.9347,4868,656,559,710,631,71
112.9608,4869,656,560,710,632,74
112.9867,4870,656,560,710,630,69
113.0116,4871,656,560,710,630,69
113.0372,4872,657,560,709,630,71
113.0627,4873,656,560,710,630,66
113.0888,4874,656,560,710,630,66
113.1166,4875,656,560,710,630,70
113.1418,4876,656,560,708,630,67
113.1662,4877,657,560,707,629,66
113.1912,4878,657,560,707,629,66
113.2187,4879,657,561,708,629,69
113.2439,4880,657,560,704,628,65
113.2706,4881,656,560,702,627,65
113.2944,4882,657,559,699,625,67
113.3209,4883,657,559,699,625,67
113.3480,4884,658,560,702,627,69
113.3731,4885,658,560,700,626,69
113.3987,4886,658,560,700,626,69
113.4281,4887,658,560,700,626,72
113.4519,4888,658,560,702,626,72
113.4777,4889,658,560,696,623,73
113.5027,4890,658,560,700,626,72
113.5283,4891,658,560,702,626,71
113.5541,4892,658,560,702,626,71
113.5803,4893,657,560,701,626,70
113.6043,4894,658,559,702,627,69
113.6308,4895,658,560,702,626,70
113.6566,4896,658,560,702,626,70
113.6820,4897,658,559,702,627,70
113.7065,4898,658,559,704,627,70
113.7324,4899,658,559,704,627,70
113.7578,4900,658,560,698,624,72
113.7836,4901,658,560,700,626,72
113.8099,4902,658,560,702,626,69
113.8355,4903,658,560,702,626,69
113.8620,4904,658,560,702,626,69
113.8880,4905,657,560,701,626,70
113.9131,4906,658,560,700,626,70
113.9377,4907,658,559,698,625,71
113.9628,4908,658,560,703,626,68
113.9897,4909,658,560,703,626,68
114.0152,4910,658,559,698,626,68
114.0408,4911,658,559,698,625,71
114.0665,4912,658,559,698,625,71
114.0932,4913,658,560,700,626,71
114.1181,4914,658,560,702,627,70
114.1450,4915,658,560,696,624,73
114.1679,4916,658,560,696,624,74
114.1956,4917,658,560,696,624,74
114.2204,4918,658,560,698,625,72
114.2465,4919,658,560,698,625,72
114.2720,4920,658,560,696,623,74
114.2978,4921,658,560,698,626,72
114.3243,4922,658,560,698,626,72
114.3502,4923,658,560,700,626,72
114.3752,4924,658,561,698,625,74
114.4013,4925,658,561,698,625,74
114.4278,4926,658,560,700,626,73
114.4524,4927,658,560,695,624,75
114.4784,4928,658,560,700,626,72
114.5032,4929,658,561,698,625,73
114.5292,4930,658,561,698,625,73
114.5550,4931,658,560,700,626,70
114.5809,4932,658,560,701,626,72
114.6062,4933,658,561,700,626,71
114.6316,4934,658,561,700,626,71
114.6574,4935,658,561,700,626,71
114.6839,4936,658,561,700,626,72
114.7083,4937,659,561,700,625,72
114.7359,4938,659,561,700,625,72
114.7617,4939,659,561,703,627,70
114.7843,4940,659,561,702,627,70
114.8088,4941,658,562,704,628,72
114.8354,4942,658,562,704,628,72
114.8614,4943,659,562,701,626,72
114.8874,4944,659,562,705,628,67
114.9121,4945,659,561,707,629,71
114.9397,4946,659,562,706,628,72
114.9640,4947,659,562,706,628,72
114.9885,4948,658,562,706,628,71
115.0150,4949,659,562,705,628,68
115.0400,4950,659,562,705,628,68
115.0645,4951,658,561,704,627,72
115.0906,4952,658,561,704,627,72
115.1193,4953,659,562,705,628,71
115.1438,4954,658,563,704,627,73
115.1701,4955,658,563,704,627,73
115.1952,4956,659,562,699,624,72
115.2200,4957,659,562,705,628,72
115.2468,4958,658,561,698,625,72
115.2702,4959,658,561,700,625,73
115.2953,4960,658,561,700,625,73
115.3228,4961,658,561,700,625,73
115.3483,4962,658,562,700,626,73
115.3747,4963,658,562,702,626,74
115.3989,4964,658,561,702,627,73
115.4254,4965,658,561,702,627,73
115.4503,4966,658,561,702,627,73
115.4784,4967,658,561,702,627,73
115.5039,4968,658,562,702,626,74
115.5315,4969,658,561,700,625,74
115.5561,4970,658,561,697,624,74
115.5809,4971,658,561,700,626,73
115.6062,4972,658,561,700,626,73
115.6327,4973,659,561,703,627,73
115.6578,4974,658,562,704,628,72
115.6833,4975,659,562,703,628,72
115.7078,4976,658,561,702,627,74
115.7340,4977,658,561,702,627,74
115.7612,4978,658,562,704,627,73
115.7859,4979,658,561,704,627,74
115.8126,4980,658,561,704,627,74
115.8393,4981,658,562,706,628,74
115.8644,4982,658,562,708,630,75
115.8911,4983,658,562,710,630,74
115.9152,4984,658,561,708,629,74
115.9410,4985,658,561,708,629,74
115.9680,4986,657,561,709,629,72
115.9949,4987,657,562,710,630,73
116.0175,4988,657,562,709,630,73
116.0427,4989,657,562,709,630,71
116.0691,4990,657,562,709,630,71
116.0949,4991,657,562,709,630,73
116.1197,4992,657,562,710,630,71
116.1463,4993,657,562,710,630,71
116.1727,4994,657,561,711,631,71
116.1995,4995,657,562,709,630,70
116.2247,4996,656,561,710,630,72
116.2496,4997,657,561,711,631,70
116.2755,4998,657,561,711,631,70
116.3015,4999,656,561,710,630,72
116.3283,5000,656,562,710,630,72
116.3522,5001,657,561,711,631,74
116.3779,5002,656,561,712,631,72
116.4026,5003,656,561,712,631,72
116.4296,5004,656,561,711,631,72
116.4546,5005,656,561,711,631,72
116.4803,5006,656,561,712,631,72
116.5076,5007,656,562,710,630,73
116.5332,5008,656,561,710,631,71
116.5585,5009,656,561,711,630,70
116.5841,5010,656,561,711,630,70
116.6098,5011,656,561,710,629,70
116.6369,5012,656,562,710,630,70
116.6636,5013,656,562,710,630,70
116.6874,5014,656,562,710,630,70
116.7146,5015,656,561,712,630,69
116.7382,5016,656,561,712,630,69
116.7653,5017,656,562,710,630,70
116.7918,5018,656,562,710,630,71
116.8186,5019,656,562,710,630,71
116.8443,5020,656,562,711,630,70
116.8700,5021,656,562,711,630,71
116.8965,5022,656,562,712,630,72
116.9213,5023,656,561,708,629,69
116.9471,5024,656,561,708,629,69
116.9733,5025,656,562,712,630,72
116.9984,5026,656,561,710,630,70
117.0242,5027,656,561,711,630,70
117.0493,5028,656,561,711,630,69
117.0741,5029,656,561,711,630,69
117.1006,5030,656,561,710,629,70
117.1266,5031,656,562,710,630,71
117.1521,5032,656,562,710,630,71
117.1780,5033,656,561,708,629,70
117.2033,5034,655,561,709,629,69
117.2279,5035,656,561,710,629,72
117.2541,5036,656,561,710,629,72
117.2802,5037,656,562,712,630,71
117.3073,5038,656,561,711,630,70
117.3313,5039,656,561,710,630,72
117.3567,5040,656,561,710,629,70
117.3825,5041,656,561,710,629,70
117.4105,5042,656,561,710,629,70
117.4336,5043,656,562,712,630,71
117.4607,5044,656,562,711,630,72
117.4849,5045,656,562,711,630,72
117.5121,5046,656,561,712,630,70
117.5368,5047,656,561,713,631,69
117.5629,5048,656,561,713,631,69
117.5878,5049,656,561,713,631,69
117.6146,5050,656,560,713,630,69
117.6410,5051,656,561,710,630,69
117.6652,5052,656,561,712,631,66
117.6918,5053,657,561,713,631,67
117.7163,5054,657,561,713,631,67
117.7425,5055,657,561,713,631,70
117.7696,5056,656,562,710,630,70
117.7938,5057,656,562,711,631,69
117.8203,5058,656,562,711,631,69
117.8479,5059,657,562,713,630,66
117.8736,5060,656,562,712,632,70
117.8986,5061,656,561,712,631,71
117.9257,5062,656,561,712,631,71
117.9520,5063,656,562,710,630,71
117.9782,5064,656,562,712,630,72
118.0024,5065,656,561,710,629,72
118.0288,5066,657,562,711,630,73
118.0537,5067,657,562,711,630,73
118.0805,5068,657,562,711,630,74
118.1045,5069,657,561,710,629,74
118.1306,5070,656,562,710,630,72
118.1565,5071,656,562,710,630,72
118.1844,5072,656,562,708,628,74
118.2082,5073,656,562,711,630,74
118.2332,5074,656,562,711,630,74
118.2602,5075,656,562,711,630,74
118.2868,5076,656,561,708,629,74
118.3126,5077,657,562,709,628,72
118.3381,5078,657,562,708,628,73
118.3640,5079,657,562,709,630,74
118.3891,5080,657,562,709,630,74
118.4146,5081,657,561,709,629,75
118.4425,5082,656,562,710,630,72
118.4663,5083,656,562,710,630,73
118.4935,5084,656,562,710,630,73
118.5202,5085,656,561,710,629,73
118.5464,5086,656,562,710,630,74
118.5696,5087,656,561,712,630,73
118.5948,5088,656,561,712,630,73
118.6220,5089,657,562,711,630,73
118.6474,5090,657,562,711,630,73
118.6743,5091,657,561,711,629,73
118.6979,5092,657,562,709,629,74
118.7247,5093,657,562,709,629,74
118.7500,5094,657,562,711,630,72
118.7766,5095,657,561,709,629,74
118.8014,5096,656,562,710,630,73
118.8279,5097,657,562,709,628,74
118.8514,5098,657,562,709,628,74
118.8805,5099,657,562,710,630,74
118.9062,5100,656,561,710,629,74
118.9305,5101,656,561,710,629,74
118.9566,5102,656,561,710,629,73
118.9833,5103,657,562,711,630,72
119.0085,5104,657,562,711,630,72
119.0329,5105,657,562,711,630,72
119.0582,5106,657,562,711,630,72
119.0845,5107,657,562,709,630,73
119.1101,5108,657,562,710,630,71
119.1343,5109,657,562,710,630,73
119.1598,5110,657,562,710,630,73
119.1859,5111,657,562,711,630,74
119.2113,5112,657,562,711,630,75
119.2358,5113,657,562,711,630,75
119.2617,5114,657,562,711,630,74
119.2880,5115,657,562,711,630,74
119.3144,5116,657,561,709,629,73
119.3393,5117,656,562,710,629,74
119.3666,5118,656,562,710,629,74
119.3929,5119,657,562,711,630,73
119.4180,5120,657,562,709,629,74
119.4430,5121,657,562,709,629,74
119.4692,5122,656,562,710,630,72
119.4948,5123,656,562,710,630,72
119.5210,5124,656,561,710,629,72
119.5455,5125,656,562,710,630,72
119.5721,5126,656,562,710,630,72
119.5981,5127,657,562,709,628,74
119.6245,5128,657,562,711,630,73
119.6489,5129,656,561,710,629,71
119.6742,5130,657,562,709,628,73
119.7007,5131,657,562,709,628,73
119.7254,5132,657,561,709,629,73
119.7518,5133,657,562,711,630,73
119.7767,5134,657,561,709,629,72
119.8035,5135,657,562,707,628,74
119.8280,5136,657,562,707,628,74
119.8531,5137,657,562,707,628,74
119.8784,5138,657,562,707,628,74
119.9043,5139,657,561,709,629,72
119.9303,5140,657,562,710,630,71
119.9561,5141,657,562,711,630,71
119.9810,5142,657,562,711,630,71
120.0076,5143,657,562,711,630,71
120.0341,5144,657,562,709,630,73
120.0605,5145,657,562,711,630,71
120.0861,5146,657,562,711,630,73
120.1109,5147,657,562,711,630,70
120.1362,5148,657,562,711,630,74
120.1617,5149,657,562,711,630,74
120.1879,5150,657,562,711,630,73
120.2134,5151,657,562,711,630,73
120.2410,5152,657,562,711,630,72
120.2669,5153,656,561,710,629,73
120.2931,5154,657,562,709,629,72
120.3183,5155,657,562,711,630,72
120.3432,5156,657,562,711,630,72
120.3683,5157,657,561,710,629,73
120.3958,5158,657,562,711,630,71
120.4218,5159,657,562,709,630,73
120.4465,5160,657,561,709,629,74
120.4732,5161,657,562,709,630,73
120.4979,5162,657,562,709,630,73
120.5242,5163,657,562,711,630,73
120.5500,5164,657,561,710,629,73
120.5756,5165,657,561,710,629,73
120.6020,5166,657,561,709,629,70
120.6271,5167,657,562,711,630,74
120.6547,5168,657,562,709,630,73
120.6806,5169,657,562,709,630,73
120.7078,5170,657,562,711,630,72
120.7350,5171,657,561,710,629,72
120.7610,5172,657,562,709,630,73
120.7861,5173,657,562,709,630,72
120.8123,5174,657,562,709,629,73
120.8360,5175,657,562,709,629,73
120.8633,5176,657,561,709,629,73
120.8872,5177,657,562,709,630,73
120.9129,5178,657,562,709,630,73
120.9393,5179,657,562,710,630,73
120.9636,5180,657,561,708,629,73
120.9907,5181,657,561,709,629,74
121.0147,5182,657,561,709,629,74
121.0412,5183,657,562,707,628,73
121.0664,5184,657,562,707,628,72
121.0931,5185,658,562,708,628,73
121.1187,5186,657,562,706,628,73
121.1443,5187,657,562,706,628,75
121.1694,5188,657,562,706,628,75
121.1954,5189,657,562,709,630,71
121.2204,5190,657,561,709,629,73
121.2465,5191,657,561,709,629,73
121.2726,5192,657,562,705,628,73
121.2974,5193,657,561,703,627,73
121.3221,5194,657,561,708,629,72
121.3480,5195,657,561,708,629,72
121.3745,5196,657,562,707,628,73
121.3998,5197,657,562,705,628,72
121.4264,5198,658,562,706,628,71
121.4527,5199,657,561,703,627,74
121.4770,5200,657,561,703,627,74
121.5038,5201,657,561,703,627,74
121.5309,5202,657,561,705,627,73
121.5559,5203,658,562,702,626,73
121.5815,5204,658,562,702,626,73
121.6077,5205,657,561,704,627,73
121.6339,5206,657,561,705,628,74
121.6589,5207,657,562,703,626,74
121.6849,5208,657,562,703,626,74
121.7127,5209,657,562,707,628,73
121.7368,5210,657,561,705,627,72
121.7620,5211,657,562,705,628,74
121.7867,5212,657,562,705,628,74
121.8135,5213,657,562,705,628,74
121.8396,5214,657,561,703,627,73
121.8645,5215,657,562,708,630,73
121.8897,5216,657,561,707,629,73
121.9165,5217,657,561,707,629,73
121.9418,5218,657,562,707,628,75
121.9664,5219,657,561,706,628,74
121.9936,5220,657,561,706,628,74
122.0192,5221,657,562,708,630,73
122.0453,5222,657,562,709,630,73
122.0707,5223,656,562,710,630,74
122.0961,5224,657,562,709,630,69
122.1211,5225,656,561,710,631,70
122.1480,5226,656,561,710,631,70
122.1728,5227,657,563,693,619,70
122.1981,5228,647,568,693,586,66
122.2253,5229,646,542,678,589,72
122.2500,5230,646,526,683,590,60
122.2760,5231,646,526,683,590,60
122.3021,5232,644,513,664,576,53
122.3264,5233,644,504,660,562,56
122.3536,5234,644,504,660,562,56
122.3808,5235,644,496,660,558,54
122.4052,5236,644,490,658,550,55
122.4296,5237,644,485,658,549,48
122.4555,5238,644,480,658,540,59
122.4823,5239,644,480,658,540,59
122.5074,5240,643,475,659,538,63
122.5316,5241,642,470,660,528,69
122.5585,5242,641,467,661,525,73
122.5835,5243,640,464,662,522,75
122.6107,5244,640,464,662,522,75
122.6368,5245,639,462,663,522,74
122.6618,5246,639,462,663,522,74
122.6887,5247,638,458,664,521,75
122.7161,5248,637,455,663,519,75
122.7398,5249,636,452,664,516,74
122.7653,5250,635,450,663,514,75
122.7897,5251,635,450,663,514,75
122.8175,5252,634,447,664,509,75
122.8431,5253,633,444,664,504,77
122.8685,5254,632,443,664,505,76
122.8946,5255,631,441,663,505,76
122.9198,5256,630,440,664,510,76
122.9472,5257,630,440,664,510,76
122.9720,5258,630,438,664,508,75
122.9982,5259,630,438,664,508,75
123.0260,5260,629,437,665,511,76
123.0516,5261,629,437,665,511,76
123.0783,5262,628,434,664,501,76
123.1028,5263,626,432,664,498,74
123.1287,5264,626,431,664,493,75
123.1547,5265,626,431,664,493,75
123.1801,5266,625,430,665,498,74
123.2049,5267,624,428,664,494,73
123.2303,5268,623,428,665,496,74
123.2581,5269,622,426,666,500,76
123.2832,5270,622,426,666,500,76
123.3087,5271,622,426,666,500,76
123.3335,5272,622,426,666,500,76
123.3603,5273,622,426,666,500,76
123.3868,5274,621,424,665,500,75
123.4112,5275,621,424,667,500,75
123.4374,5276,621,424,667,500,75
123.4621,5277,621,424,667,500,75
123.4891,5278,619,422,669,500,77
123.5162,5279,618,421,667,499,74
123.5413,5280,618,420,668,498,75
123.5649,5281,616,419,668,495,76
123.5900,5282,616,419,668,495,76
123.6170,5283,616,418,666,488,71
123.6440,5284,616,417,668,493,76
123.6702,5285,616,417,668,493,76
123.6948,5286,616,416,666,488,71
123.7214,5287,614,415,670,489,77
123.7465,5288,614,415,668,487,71
123.7731,5289,614,414,670,490,77
123.7968,5290,614,414,670,490,77
123.8241,5291,613,414,671,488,76
123.8513,5292,613,414,671,488,76
123.8766,5293,612,412,668,480,72
123.9016,5294,611,412,669,482,76
123.9282,5295,611,412,669,482,76
123.9534,5296,610,410,670,482,76
123.9783,5297,610,410,670,480,80
124.0043,5298,610,410,670,480,80
124.0299,5299,610,410,670,476,79
124.0560,5300,609,410,671,476,77
124.0819,5301,608,409,670,475,76
124.1077,5302,607,407,663,470,73
124.1356,5303,607,407,663,470,73
124.1594,5304,608,407,664,471,77
124.1860,5305,608,406,666,472,77
124.2103,5306,606,406,665,470,78
124.2359,5307,606,406,665,470,78
124.2622,5308,606,406,665,470,78
124.2876,5309,606,406,666,470,79
124.3128,5310,605,405,665,467,78
124.3387,5311,605,405,665,467,78
124.3649,5312,605,405,666,469,77
124.3914,5313,604,405,666,467,75
124.4185,5314,604,404,666,468,77
124.4450,5315,604,403,667,468,76
124.4703,5316,604,403,667,468,76
124.4964,5317,604,403,668,463,77
124.5232,5318,604,403,668,463,76
124.5482,5319,604,402,670,462,74
124.5736,5320,604,403,674,465,75
124.5997,5321,604,403,674,465,75
124.6234,5322,603,402,673,461,76
124.6496,5323,603,402,673,461,76
124.6768,5324,603,402,673,461,76
124.7022,5325,602,402,668,460,77
124.7285,5326,602,401,664,456,77
124.7532,5327,602,400,666,458,78
124.7782,5328,602,400,664,456,78
124.8021,5329,602,400,664,456,78
124.8281,5330,602,400,666,456,79
124.8560,5331,601,400,658,454,80
124.8800,5332,601,400,663,454,80
124.9074,5333,600,400,656,454,80
124.9311,5334,600,400,656,454,80
124.9558,5335,600,400,658,454,80
124.9817,5336,600,400,650,452,81
125.0082,5337,600,400,650,452,81
125.0375,5338,599,400,659,452,80
125.0620,5339,599,400,661,452,80
125.0885,5340,599,400,657,451,81
125.1136,5341,598,400,662,452,80
125.1397,5342,598,400,662,452,80
125.1659,5343,597,400,663,452,80
125.1914,5344,596,399,664,451,80
125.2165,5345,596,400,666,451,80
125.2409,5346,596,400,668,452,80
125.2660,5347,596,400,668,452,80
125.2938,5348,596,400,668,451,80
125.3182,5349,594,400,668,450,79
125.3444,5350,594,400,668,450,79
125.3691,5351,594,400,660,448,79
125.3949,5352,593,399,657,447,78
125.4185,5353,593,399,661,448,78
125.4442,5354,593,399,661,448,78
125.4705,5355,593,399,655,446,77
125.4961,5356,593,400,655,446,77
125.5220,5357,593,399,657,445,77
125.5463,5358,592,399,656,445,76
125.5726,5359,592,399,656,445,76
125.5993,5360,592,400,654,444,76
125.6279,5361,592,399,647,443,77
125.6516,5362,592,399,650,443,76
125.6768,5363,591,399,643,441,77
125.7028,5364,591,399,643,441,77
125.7285,5365,591,399,645,441,76
125.7544,5366,591,399,645,441,77
125.7805,5367,591,399,645,441,77
125.8069,5368,590,399,646,441,76
125.8328,5369,590,400,646,442,75
125.8577,5370,589,400,647,440,75
125.8833,5371,589,399,644,439,77
125.9090,5372,589,399,644,439,77
125.9347,5373,589,400,647,440,75
125.9605,5374,588,400,646,440,75
125.9853,5375,589,400,651,440,76
126.0108,5376,588,400,649,440,76
126.0363,5377,588,400,649,440,76
126.0608,5378,588,401,658,441,75
126.0864,5379,588,401,658,441,75
126.1128,5380,588,401,660,441,74
126.1390,5381,588,401,652,439,73
126.1641,5382,587,400,642,436,76
126.1902,5383,586,400,640,434,77
126.2138,5384,587,401,641,435,77
126.2393,5385,587,401,641,435,77
126.2658,5386,586,401,640,434,77
126.2913,5387,586,401,641,434,76
126.3164,5388,586,402,646,436,76
126.3435,5389,586,402,646,436,76
126.3690,5390,586,401,644,435,75
126.3949,5391,585,401,645,435,76
126.4207,5392,585,401,645,435,76
126.4463,5393,585,402,649,436,75
126.4729,5394,584,401,646,435,76
126.4970,5395,584,402,646,434,75
126.5229,5396,584,402,657,436,75
126.5506,5397,584,402,657,436,75
126.5766,5398,584,402,656,434,74
126.6020,5399,584,402,650,434,74
126.6284,5400,583,402,665,436,75
126.6531,5401,583,401,645,433,74
126.6789,5402,583,402,645,432,75
126.7043,5403,583,402,645,432,75
126.7300,5404,583,402,643,432,76
126.7552,5405,583,402,643,432,76
126.7821,5406,583,402,665,435,75
126.8069,5407,582,402,666,435,76
126.8318,5408,581,402,649,432,75
126.8579,5409,582,402,665,435,75
126.8834,5410,582,402,665,435,75
126.9100,5411,583,402,663,433,75
126.9356,5412,582,402,661,434,74
126.9592,5413,582,402,660,432,74
126.9872,5414,581,402,645,432,74
127.0128,5415,581,402,645,432,74
127.0377,5416,582,403,646,431,74
127.0627,5417,581,402,643,430,74
127.0907,5418,581,402,643,430,74
127.1155,5419,581,402,643,430,75
127.1422,5420,581,403,641,429,73
127.1661,5421,581,403,671,433,74
127.1932,5422,581,402,661,430,72
127.2190,5423,581,402,661,430,72
127.2451,5424,580,402,658,430,73
127.2708,5425,580,402,660,430,73
127.2960,5426,580,402,644,428,71
127.3216,5427,580,403,672,431,72
127.3460,5428,580,403,672,431,72
127.3727,5429,581,402,647,428,70
127.3979,5430,580,402,644,428,72
127.4251,5431,580,402,644,428,72
127.4501,5432,580,402,643,428,72
127.4758,5433,580,402,644,428,73
127.5015,5434,580,403,644,427,72
127.5262,5435,580,403,644,427,72
127.5513,5436,580,403,646,427,72
127.5794,5437,579,403,645,427,71
127.6035,5438,580,403,642,426,72
127.6291,5439,579,403,641,425,73
127.6550,5440,579,404,643,426,73
127.6804,5441,579,404,643,426,73
127.7086,5442,579,404,643,426,72
127.7320,5443,579,404,644,426,72
127.7572,5444,579,404,644,426,72
127.7843,5445,578,404,642,424,71
127.8105,5446,578,404,642,424,72
127.8348,5447,578,404,642,424,72
127.8615,5448,578,404,642,424,72
127.8861,5449,578,404,644,424,71
127.9142,5450,578,404,642,424,71
127.9391,5451,580,404,650,424,64
127.9638,5452,564,403,624,427,77
127.9900,5453,564,403,624,427,77
128.0162,5454,549,402,628,434,79
128.0428,5455,537,402,625,438,72
128.0683,5456,528,403,622,441,72
128.0938,5457,528,403,622,441,72
128.1205,5458,520,414,604,444,72
128.1451,5459,515,414,606,446,76
128.1710,5460,510,423,586,449,74
128.1961,5461,510,423,586,449,74
128.2217,5462,505,425,571,450,75
128.2483,5463,505,425,571,450,75
128.2755,5464,498,430,548,459,77
128.2992,5465,483,432,538,460,73
128.3263,5466,483,432,538,460,73
128.3522,5467,470,436,545,464,73
128.3784,5468,458,438,544,468,73
128.4017,5469,450,446,522,470,74
128.4283,5470,450,446,522,470,74
128.4557,5471,440,446,521,472,77
128.4812,5472,432,446,516,474,78
128.5060,5473,425,448,511,476,77
128.5331,5474,425,448,511,476,77
128.5605,5475,418,449,508,477,77
128.5852,5476,413,450,503,478,79
128.6114,5477,408,452,498,480,77
128.6364,5478,408,452,498,480,77
128.6611,5479,408,452,498,480,77
128.6875,5480,398,454,490,482,66
128.7138,5481,393,467,448,483,68
128.7385,5482,382,466,436,484,74
128.7648,5483,382,466,436,484,74
128.7899,5484,366,466,431,481,64
128.8154,5485,353,463,433,479,63
128.8412,5486,342,461,418,478,68
128.8671,5487,342,461,418,478,68
128.8915,5488,333,460,405,478,66
128.9194,5489,324,458,399,476,67
128.9446,5490,317,458,395,476,63
128.9696,5491,309,457,385,473,67
128.9946,5492,309,457,385,473,67
129.0217,5493,304,456,386,474,67
129.0469,5494,304,456,386,474,67
129.0741,5495,290,454,378,474,68
129.0982,5496,290,454,378,474,68
129.1229,5497,286,453,372,473,65
129.1480,5498,281,452,365,472,70
129.1748,5499,281,452,365,472,70
129.2019,5500,276,451,363,471,71
129.2270,5501,271,450,362,470,69
129.2546,5502,267,450,359,470,65
129.2783,5503,263,449,353,469,67
129.3047,5504,259,448,348,468,70
129.3296,5505,259,448,348,468,70
129.3559,5506,256,447,346,467,65
129.3824,5507,252,446,342,465,58
129.4083,5508,248,446,335,464,58
129.4337,5509,248,446,335,464,58
129.4590,5510,248,446,335,464,58
129.4875,5511,241,445,318,461,63
129.5113,5512,241,445,318,461,63
129.5370,5513,238,444,309,460,62
129.5640,5514,235,444,306,460,64
129.5913,5515,232,444,299,458,66
129.6151,5516,230,443,293,458,67
129.6415,5517,227,443,289,457,66
129.6661,5518,227,443,289,457,66
129.6932,5519,224,442,287,456,64
129.7191,5520,223,442,289,456,64
129.7431,5521,224,436,276,458,66
129.7682,5522,231,425,261,463,63
129.7947,5523,231,425,261,463,63
129.8233,5524,229,425,263,467,69
129.8490,5525,229,425,263,467,69
129.8749,5526,228,413,265,468,76
129.8993,5527,226,410,269,470,76
129.9262,5528,227,406,273,472,75
129.9506,5529,228,402,276,466,76
129.9762,5530,225,400,279,466,78
130.0020,5531,225,400,279,466,78
130.0299,5532,223,397,282,466,79
130.0546,5533,223,394,284,464,79
130.0805,5534,224,392,286,460,78
130.1050,5535,224,390,288,460,79
130.1300,5536,224,390,288,460,79
130.1549,5537,248,396,292,438,73
130.1549,5537,224,433,256,459,46
130.1803,5538,248,396,292,438,73
130.1803,5538,224,433,256,459,46
130.2063,5539,246,401,302,422,51
130.2320,5540,251,402,310,412,54
130.2320,5540,244,405,258,445,52
130.2581,5541,241,402,260,436,60
130.2581,5541,259,401,317,412,55
130.2838,5542,238,403,258,431,62
130.2838,5542,263,401,323,412,55
130.3104,5543,238,403,258,431,62
130.3104,5543,263,401,323,412,55
130.3356,5544,266,400,327,412,59
130.3629,5545,267,401,332,411,54
130.3866,5546,265,400,335,412,49
130.4123,5547,272,400,339,412,54
130.4373,5548,272,400,339,412,54
130.4634,5549,273,400,342,412,55
130.4893,5550,277,401,345,411,51
130.5159,5551,277,401,345,411,51
130.5414,5552,280,400,348,411,45
130.5676,5553,285,401,350,411,47
130.5925,5554,283,400,352,411,37
130.6173,5555,285,400,354,411,34
130.6424,5556,285,400,354,411,34
130.6699,5557,287,400,356,412,50
130.6966,5558,293,400,358,412,45
130.7209,5559,297,400,360,412,44
130.7209,5559,266,390,302,406,35
130.7468,5560,298,400,362,412,53
130.7722,5561,298,400,362,412,53
130.7970,5562,298,400,364,412,50
130.8224,5563,298,400,364,412,50
130.8527,5564,298,400,366,412,39
130.8781,5565,302,400,367,412,40
130.9047,5566,301,399,369,411,40
130.9294,5567,301,399,370,412,38
130.9552,5568,309,400,372,412,42
130.9552,5568,279,386,305,407,41
130.9804,5569,309,400,372,412,42
130.9804,5569,279,386,305,407,41
131.0068,5570,280,388,308,406,36
131.0332,5571,286,393,369,411,32
131.0332,5571,282,390,312,408,30
131.0833,5573,282,390,307,406,43
131.1111,5574,282,390,307,406,43
131.1348,5575,284,388,311,408,46
131.1616,5576,284,388,309,406,54
131.1873,5577,284,388,309,406,54
131.2130,5578,286,387,309,407,55
131.2130,5578,319,400,378,412,37
131.2409,5579,286,387,311,407,55
131.2409,5579,320,400,378,412,36
131.2646,5580,288,386,310,406,55
131.2646,5580,320,401,378,412,38
131.2901,5581,290,388,314,408,47
131.3159,5582,290,388,314,408,47
131.3427,5583,291,388,316,408,44
131.3702,5584,290,388,315,408,55
131.3702,5584,323,400,381,412,32
131.3941,5585,291,387,316,407,46
131.4204,5586,294,389,321,409,48
131.4445,5587,294,389,321,409,48
131.4699,5588,293,388,319,408,50
131.4957,5589,294,388,320,408,51
131.5221,5590,294,388,320,408,51
131.5488,5591,294,388,321,408,57
131.5753,5592,294,387,319,407,64
131.5753,5592,328,400,385,412,31
131.5995,5593,294,388,320,408,59
131.6252,5594,295,388,321,408,60
131.6503,5595,295,388,321,408,60
131.6783,5596,295,389,321,408,63
131.6783,5596,332,401,389,413,34
131.7022,5597,296,386,321,408,64
131.7022,5597,332,402,390,412,30
131.7273,5598,296,388,323,408,65
131.7273,5598,334,401,389,413,36
131.7527,5599,296,390,324,408,64
131.7527,5599,334,401,391,413,50
131.7783,5600,296,390,324,408,64
131.7783,5600,334,401,391,413,50
131.8039,5601,297,388,323,408,63
131.8039,5601,334,401,391,413,48
131.8307,5602,298,388,324,408,63
131.8307,5602,334,401,392,413,49
131.8555,5603,298,388,324,408,63
131.8555,5603,334,401,392,413,49
131.8820,5604,298,388,325,408,64
131.8820,5604,335,402,392,412,48
131.9077,5605,299,388,326,408,61
131.9077,5605,335,401,394,413,54
131.9324,5606,299,388,325,408,62
131.9324,5606,335,401,394,413,51
131.9592,5607,299,389,326,409,61
131.9592,5607,335,401,395,413,56
131.9835,5608,299,389,326,409,61
131.9835,5608,335,401,395,413,56
132.0109,5609,300,389,327,409,61
132.0109,5609,335,401,395,413,50
132.0362,5610,301,390,328,409,62
132.0362,5610,336,401,395,413,58
132.0625,5611,301,388,326,408,62
132.0625,5611,336,401,396,413,56
132.0888,5612,300,390,328,408,60
132.0888,5612,336,401,396,413,54
132.1146,5613,300,390,328,408,60
132.1146,5613,336,401,396,413,54
132.1412,5614,337,401,396,413,58
132.1412,5614,301,390,330,408,56
132.1661,5615,301,389,329,409,62
132.1661,5615,337,401,397,413,60
132.1904,5616,301,389,329,409,62
132.1904,5616,337,401,397,413,60
132.2179,5617,302,389,329,409,64
132.2179,5617,338,401,397,413,62
132.2440,5618,301,390,328,408,65
132.2440,5618,338,401,398,413,65
132.2676,5619,302,390,331,410,64
132.2676,5619,338,401,398,413,61
132.2935,5620,302,390,331,410,64
132.2935,5620,338,401,398,413,61
132.3203,5621,302,389,329,409,64
132.3203,5621,339,401,398,413,62
132.3459,5622,302,388,329,408,65
132.3459,5622,339,402,398,414,63
132.3710,5623,302,391,333,410,64
132.3710,5623,338,402,398,414,63
132.3963,5624,304,390,336,410,63
132.3963,5624,338,402,398,414,60
132.4218,5625,304,390,336,410,63
132.4218,5625,338,402,398,414,60
132.4473,5626,303,390,335,410,64
132.4473,5626,338,402,398,414,60
132.4739,5627,339,402,399,414,60
132.4739,5627,303,390,337,410,59
132.4988,5628,340,402,399,414,61
132.4988,5628,302,391,336,409,61
132.5249,5629,340,402,399,414,61
132.5249,5629,302,391,336,409,61
132.5508,5630,338,402,399,414,59
132.5508,5630,301,392,339,410,59
132.5768,5631,340,402,399,414,61
132.5768,5631,303,391,337,409,56
132.6015,5632,336,402,400,414,58
132.6015,5632,303,392,341,410,54
132.6270,5633,336,402,400,414,58
132.6270,5633,303,392,341,410,54
132.6528,5634,336,402,400,414,58
132.6528,5634,303,392,341,410,54
132.6799,5635,341,402,400,414,61
132.6799,5635,303,393,337,409,60
132.7040,5636,340,402,400,414,59
132.7040,5636,304,393,340,409,57
132.7287,5637,340,402,401,414,60
132.7287,5637,305,395,340,409,51
132.7545,5638,340,402,401,414,60
132.7545,5638,305,395,340,409,51
132.7808,5639,338,402,401,414,60
132.7808,5639,307,394,342,410,49
132.8072,5640,339,402,402,414,60
132.8072,5640,306,395,342,409,46
132.8335,5641,338,402,402,414,60
132.8335,5641,307,396,343,410,44
132.8576,5642,341,402,402,414,61
132.8576,5642,308,395,342,411,39
132.8841,5643,341,402,402,414,61
132.8841,5643,308,395,342,411,39
132.9090,5644,344,402,402,414,60
132.9090,5644,307,393,339,409,46
132.9349,5645,344,402,402,414,60
132.9349,5645,307,393,339,409,46
132.9611,5646,342,402,402,414,59
132.9611,5646,306,393,340,409,53
132.9884,5647,343,402,403,414,61
132.9884,5647,308,394,340,410,51
133.0141,5648,344,402,403,414,59
133.0141,5648,308,392,340,410,55
133.0378,5649,344,402,403,414,59
133.0378,5649,308,392,340,410,55
133.0642,5650,346,402,404,414,63
133.0642,5650,307,391,337,409,56
133.0913,5651,346,402,404,414,63
133.0913,5651,307,391,337,409,56
133.1171,5652,346,402,404,414,61
133.1171,5652,309,392,338,409,56
133.1430,5653,345,402,405,414,61
133.1430,5653,308,392,338,409,55
133.1676,5654,344,402,404,414,60
133.1676,5654,309,392,339,410,50
133.1936,5655,345,402,404,414,61
133.1936,5655,310,392,339,410,57
133.2192,5656,345,402,404,414,61
133.2192,5656,310,392,339,410,57
133.2452,5657,347,403,405,413,61
133.2452,5657,309,391,339,409,55
133.2708,5658,347,403,405,413,61
133.2708,5658,309,391,339,409,55
133.2955,5659,346,403,406,413,62
133.2955,5659,311,392,339,410,52
133.3227,5660,346,402,405,414,61
133.3227,5660,311,392,341,410,50
133.3464,5661,346,402,406,414,62
133.3464,5661,312,392,340,410,43
133.3729,5662,346,403,406,414,60
133.3729,5662,312,392,342,410,42
133.3994,5663,346,403,406,414,60
133.3994,5663,312,392,342,410,42
133.4249,5664,345,402,406,414,63
133.4249,5664,312,392,339,410,45
133.4512,5665,345,402,406,414,63
133.4512,5665,312,392,339,410,45
133.4777,5666,346,402,406,414,63
133.4777,5666,312,391,338,409,42
133.5014,5667,344,402,406,414,61
133.5014,5667,313,392,342,410,41
133.5279,5668,344,402,406,414,61
133.5279,5668,313,392,342,410,41
133.5541,5669,344,402,406,414,63
133.5541,5669,313,392,339,410,37
133.5808,5670,343,402,406,414,62
133.5808,5670,313,392,341,410,31
133.6078,5671,345,402,406,414,62
133.6078,5671,313,392,340,410,37
133.6328,5672,345,402,406,414,62
133.6328,5672,313,392,340,410,37
133.6584,5673,340,402,406,414,62
133.6584,5673,313,392,343,410,32
133.6854,5674,335,402,406,414,61
133.7102,5675,340,402,406,414,62
133.7102,5675,314,392,343,410,30
133.7349,5676,337,402,406,414,61
133.7603,5677,337,402,406,414,61
133.7867,5678,342,402,406,414,63
133.7867,5678,314,392,340,410,34
133.8117,5679,337,402,406,414,61
133.8117,5679,314,391,347,410,32
133.8374,5680,337,402,406,414,61
133.8374,5680,314,391,347,410,32
133.8626,5681,334,402,406,414,61
133.8890,5682,334,402,406,414,61
133.9169,5683,339,402,406,413,62
133.9423,5684,339,402,406,413,62
133.9687,5685,336,402,406,414,60
133.9927,5686,337,402,406,414,61
134.0175,5687,339,402,406,413,61
134.0435,5688,338,402,406,413,61
134.0712,5689,338,402,406,413,61
134.0960,5690,338,402,407,414,61
134.1238,5691,344,402,406,413,62
134.1238,5691,313,391,339,409,35
134.1481,5692,344,403,406,413,62
134.1741,5693,342,402,406,413,62
134.1994,5694,342,402,406,413,61
134.1994,5694,314,390,342,409,31
134.2263,5695,342,402,406,413,61
134.2263,5695,314,390,342,409,31
134.2506,5696,342,402,406,413,61
134.2506,5696,314,390,342,409,31
134.2769,5697,342,402,406,413,61
134.2769,5697,314,390,342,409,31
134.3024,5698,345,402,406,413,61
134.3024,5698,313,390,339,408,35
134.3311,5699,343,402,406,413,61
134.3549,5700,342,402,406,413,60
134.3803,5701,339,402,406,413,60
134.4052,5702,339,402,406,413,60
134.4318,5703,344,402,406,413,61
134.4318,5703,315,390,338,408,32
134.4567,5704,345,402,406,413,61
134.4567,5704,314,390,337,408,37
134.4833,5705,340,402,406,413,60
134.5077,5706,343,402,406,413,60
134.5333,5707,343,402,406,413,60
134.5599,5708,337,402,407,413,60
134.5866,5709,342,402,407,413,60
134.6125,5710,342,402,407,413,60
134.6369,5711,338,402,407,413,59
134.6641,5712,337,402,407,413,60
134.6887,5713,338,401,407,413,60
134.7147,5714,338,402,406,413,60
134.7401,5715,338,402,406,413,60
134.7655,5716,340,402,407,413,60
134.7935,5717,342,402,406,413,59
134.8182,5718,339,401,407,413,61
134.8428,5719,338,401,407,413,61
134.8692,5720,338,401,407,413,61
134.8935,5721,336,401,406,413,60
134.9185,5722,341,402,406,414,61
134.9439,5723,341,402,406,414,61
134.9705,5724,341,402,407,414,61
134.9953,5725,336,401,407,413,60
135.0229,5726,337,402,406,414,60
135.0476,5727,337,402,407,414,60
135.0744,5728,337,402,407,414,60
135.0997,5729,336,401,406,413,60
135.1271,5730,342,402,406,414,60
135.1513,5731,341,402,406,414,60
135.1768,5732,340,402,406,414,60
135.2012,5733,340,402,406,414,60
135.2288,5734,342,402,407,414,61
135.2527,5735,338,402,406,414,61
135.2792,5736,338,402,406,414,61
135.3048,5737,341,402,407,414,61
135.3296,5738,339,402,406,414,61
135.3558,5739,342,402,406,414,61
135.3806,5740,342,402,406,414,61
135.4072,5741,341,402,407,414,62
135.4337,5742,337,402,407,414,61
135.4580,5743,339,402,406,414,62
135.4839,5744,338,402,406,414,61
135.5101,5745,338,402,406,414,61
135.5372,5746,337,402,406,414,62
135.5617,5747,339,402,406,414,61
135.5865,5748,332,402,406,414,60
135.6134,5749,332,402,406,414,60
135.6391,5750,330,401,406,413,60
135.6639,5751,329,400,406,414,60
135.6889,5752,332,401,406,414,60
135.7142,5753,332,401,406,414,60
135.7411,5754,334,401,406,413,61
135.7679,5755,332,401,406,414,61
135.7913,5756,336,401,406,413,61
135.8184,5757,335,400,406,414,62
135.8439,5758,335,400,406,414,62
135.8700,5759,336,401,406,414,63
135.8958,5760,333,401,406,414,61
135.9207,5761,335,401,406,414,62
135.9474,5762,335,401,406,414,62
135.9724,5763,335,400,406,414,62
135.9979,5764,332,401,406,414,61
136.0241,5765,332,401,406,414,61
136.0479,5766,338,402,406,414,62
136.0748,5767,339,402,406,414,62
136.0998,5768,337,402,406,414,63
136.1253,5769,337,402,406,414,61
136.1509,5770,337,402,406,414,61
136.1771,5771,341,402,406,414,63
136.2035,5772,333,401,406,415,63
136.2289,5773,335,401,406,414,63
136.2541,5774,334,401,406,415,61
136.2811,5775,334,401,406,415,61
136.3042,5776,339,401,406,414,63
136.3291,5777,339,402,406,414,63
136.3552,5778,339,402,406,414,63
136.3813,5779,339,402,406,414,63
136.4076,5780,338,401,406,414,62
136.4332,5781,340,402,406,414,63
136.4568,5782,344,402,406,414,63
136.4827,5783,344,402,406,414,63
136.5110,5784,344,402,406,414,63
136.5370,5785,339,402,406,414,63
136.5620,5786,342,402,406,414,63
136.5879,5787,340,402,406,414,63
136.6128,5788,340,402,406,414,63
136.6387,5789,344,402,406,414,63
136.6647,5790,342,402,406,414,63
136.6898,5791,342,402,406,414,63
136.7169,5792,343,402,406,414,62
136.7445,5793,343,402,405,414,60
136.7687,5794,341,402,406,414,61
136.7936,5795,340,401,406,414,64
136.8189,5796,340,401,406,414,64
136.8490,5797,346,402,406,414,63
136.8739,5798,344,402,406,414,62
136.8980,5799,346,402,406,414,62
136.9255,5800,348,402,406,414,62
136.9516,5801,348,402,406,414,62
136.9765,5802,347,402,407,414,62
137.0013,5803,348,402,406,414,61
137.0013,5803,317,393,402,411,30
137.0271,5804,348,402,406,414,61
137.0271,5804,317,393,402,411,30
137.0542,5805,348,402,407,414,61
137.0542,5805,317,393,403,411,31
137.0786,5806,349,402,407,414,62
137.1049,5807,347,402,407,414,63
137.1311,5808,351,402,406,414,63
137.1577,5809,351,402,406,414,63
137.1829,5810,351,402,407,414,62
137.2082,5811,349,402,407,414,62
137.2341,5812,352,402,407,414,62
137.2341,5812,313,390,345,406,30
137.2604,5813,346,402,407,414,61
137.2852,5814,346,402,407,414,61
137.3114,5815,348,402,407,414,62
137.3359,5816,348,402,407,414,62
137.3639,5817,348,402,407,414,62
137.3894,5818,350,402,407,414,62
137.4144,5819,346,402,408,414,62
137.4399,5820,346,402,408,414,62
137.4643,5821,351,402,407,414,62
137.4904,5822,351,402,407,414,62
137.5176,5823,349,402,407,414,62
137.5436,5824,349,402,407,414,61
137.5696,5825,349,402,407,414,62
137.5939,5826,350,402,407,414,62
137.6202,5827,350,402,407,414,62
137.6452,5828,351,402,407,414,62
137.6710,5829,347,401,406,413,63
137.6969,5830,347,401,406,413,63
137.7229,5831,348,402,407,414,63
137.7482,5832,350,402,406,414,63
137.7739,5833,349,402,407,414,61
137.7984,5834,349,402,407,414,61
137.8258,5835,351,402,407,414,64
137.8258,5835,312,388,344,406,38
137.8506,5836,351,402,407,414,64
137.8506,5836,312,388,344,406,38
137.8779,5837,349,402,407,414,62
137.9036,5838,348,402,407,414,61
137.9269,5839,350,402,407,414,61
137.9545,5840,350,402,407,414,61
137.9786,5841,351,402,407,414,60
137.9786,5841,312,388,348,406,38
138.0043,5842,351,402,407,414,60
138.0043,5842,312,388,348,406,38
138.0321,5843,351,402,407,414,61
138.0321,5843,312,388,345,406,31
138.0567,5844,351,402,407,414,61
138.0567,5844,312,389,343,406,41
138.0817,5845,351,402,407,414,61
138.0817,5845,312,388,344,406,38
138.1082,5846,352,402,407,414,60
138.1323,5847,352,402,407,414,60
138.1590,5848,352,402,407,414,63
138.1590,5848,312,390,345,406,44
138.1847,5849,345,402,406,414,61
138.2104,5850,348,402,407,414,63
138.2373,5851,348,402,407,414,63
138.2625,5852,348,402,407,414,63
138.2874,5853,349,402,407,414,63
138.3138,5854,346,402,407,414,63
138.3382,5855,344,402,407,414,63
138.3645,5856,344,402,407,414,63
138.3917,5857,346,402,407,414,64
138.4152,5858,345,402,407,414,64
138.4406,5859,346,401,406,413,64
138.4675,5860,346,401,406,413,64
138.4929,5861,347,402,407,414,64
138.5189,5862,342,401,406,413,63
138.5442,5863,340,400,407,414,64
138.5693,5864,339,401,407,413,64
138.5953,5865,339,401,407,413,64
138.6202,5866,339,400,407,414,64
138.6465,5867,339,400,407,414,64
138.6706,5868,341,401,406,413,64
138.6972,5869,341,401,406,413,64
138.7242,5870,344,401,407,413,64
138.7484,5871,336,400,407,414,63
138.7735,5872,336,400,407,414,63
138.8003,5873,336,400,406,414,63
138.8275,5874,338,401,406,413,63
138.8513,5875,332,400,406,414,63
138.8781,5876,336,400,406,414,63
138.9021,5877,336,400,406,414,63
138.9286,5878,328,400,407,414,62
138.9550,5879,330,400,406,414,64
138.9801,5880,334,400,406,414,64
139.0043,5881,337,400,406,414,64
139.0338,5882,337,400,406,414,64
139.0576,5883,337,400,406,414,64
139.0825,5884,335,400,406,414,63
139.1083,5885,335,400,406,414,63
139.1346,5886,332,400,407,414,62
139.1611,5887,329,399,407,414,63
139.1866,5888,333,400,407,414,64
139.2108,5889,333,399,407,415,63
139.2373,5890,333,399,407,415,63
139.2643,5891,331,399,407,414,63
139.2921,5892,335,400,407,414,63
139.3158,5893,330,400,407,414,63
139.3413,5894,333,399,407,415,63
139.3693,5895,333,399,407,415,63
139.3949,5896,333,398,407,414,63
139.4181,5897,338,400,407,414,64
139.4446,5898,338,400,407,414,64
139.4697,5899,333,400,407,414,64
139.4970,5900,329,399,408,415,64
139.5225,5901,335,399,407,414,64
139.5472,5902,322,396,407,413,63
139.5745,5903,322,396,407,413,63
139.6003,5904,330,399,408,415,64
139.6260,5905,332,398,408,414,64
139.6516,5906,337,400,408,414,65
139.6769,5907,330,399,408,415,64
139.7039,5908,330,399,408,415,64
139.7291,5909,330,399,408,415,64
139.7543,5910,334,398,408,414,64
139.7800,5911,334,398,408,414,64
139.8053,5912,334,398,408,414,63
139.8319,5913,334,399,408,415,64
139.8574,5914,337,399,408,415,65
139.8823,5915,336,398,408,414,64
139.9085,5916,336,398,408,414,64
139.9347,5917,335,399,409,415,65
139.9619,5918,333,399,408,415,65
139.9868,5919,340,398,408,414,64
140.0128,5920,334,398,408,414,64
140.0380,5921,334,398,408,414,64
140.0634,5922,333,399,408,415,64
140.0900,5923,338,399,408,415,65
140.1140,5924,338,399,408,415,65
140.1406,5925,333,398,408,414,64
140.1670,5926,340,399,408,415,65
140.1915,5927,335,398,408,414,64
140.2168,5928,338,398,408,414,62
140.2424,5929,338,398,408,414,62
140.2701,5930,342,398,408,414,64
140.2933,5931,337,399,408,415,64
140.3200,5932,335,399,409,415,64
140.3450,5933,338,398,408,414,64
140.3713,5934,338,398,408,414,64
140.3959,5935,334,399,408,415,64
140.4220,5936,334,399,408,415,64
140.4473,5937,336,398,409,414,64
140.4740,5938,340,397,408,413,64
140.4990,5939,337,398,409,414,64
140.5253,5940,333,399,408,416,64
140.5495,5941,333,399,408,416,64
140.5760,5942,333,398,408,414,63
140.6030,5943,334,398,408,414,63
140.6274,5944,336,398,408,414,64
140.6518,5945,338,398,408,414,64
140.6775,5946,338,398,408,414,64
140.7032,5947,340,398,407,414,64
140.7291,5948,344,398,407,414,64
140.7574,5949,344,398,407,414,64
140.7813,5950,342,399,408,414,65
140.8092,5951,344,399,408,413,64
140.8343,5952,344,400,408,412,62
140.8593,5953,340,400,408,414,64
140.8854,5954,340,400,408,414,64
140.9123,5955,335,400,408,414,64
140.9374,5956,334,400,408,412,62
140.9621,5957,340,400,408,412,62
140.9876,5958,340,401,408,413,62
141.0128,5959,340,401,408,413,62
141.0398,5960,340,400,408,412,62
141.0650,5961,342,400,408,412,61
141.0912,5962,342,400,408,412,61
141.1175,5963,334,400,408,413,61
141.1428,5964,339,400,408,412,62
141.1665,5965,334,400,408,412,56
141.1923,5966,341,400,408,412,58
141.2171,5967,341,400,408,412,58
141.2428,5968,341,400,408,412,58
141.2692,5969,343,400,408,412,59
141.2945,5970,345,400,409,412,59
141.3210,5971,343,400,409,412,58
141.3470,5972,343,400,409,412,58
141.3734,5973,342,400,409,412,59
141.3981,5974,346,400,409,412,57
141.4244,5975,346,400,409,412,57
141.4497,5976,345,400,409,412,59
141.4752,5977,341,400,409,412,58
141.5015,5978,341,400,409,412,60
141.5255,5979,341,400,409,412,60
141.5533,5980,347,400,409,412,58
141.5792,5981,344,400,408,412,57
141.6042,5982,339,400,408,412,58
141.6298,5983,339,400,408,412,56
141.6561,5984,341,400,408,412,57
141.6815,5985,341,400,408,412,57
141.7081,5986,345,400,409,412,57
141.7361,5987,340,400,408,412,57
141.7599,5988,343,400,409,412,54
141.7852,5989,343,400,409,412,54
141.8096,5990,345,400,409,412,57
141.8354,5991,345,400,409,412,57
141.8621,5992,345,400,409,412,57
141.8872,5993,341,400,409,412,56
141.9143,5994,347,400,409,412,56
141.9405,5995,347,401,409,412,56
141.9641,5996,343,400,408,412,58
141.9910,5997,343,400,408,412,58
142.0160,5998,346,401,408,412,58
142.0441,5999,340,400,409,412,57
142.0684,6000,340,401,409,413,57
142.0923,6001,341,400,409,412,58
142.1189,6002,341,400,409,412,58
142.1450,6003,343,400,409,412,58
142.1699,6004,342,400,408,412,59
142.1966,6005,342,400,408,412,59
142.2220,6006,341,400,408,412,60
142.2479,6007,341,400,408,412,60
142.2739,6008,339,400,408,412,56
142.2984,6009,340,400,409,412,58
142.3256,6010,340,400,409,412,58
142.3511,6011,342,400,409,412,58
142.3768,6012,344,400,409,412,54
142.4029,6013,339,400,409,412,57
142.4270,6014,342,400,410,412,59
142.4516,6015,342,400,410,412,59
142.4789,6016,340,400,409,412,57
142.5048,6017,340,400,409,412,57
142.5288,6018,342,400,409,412,56
142.5547,6019,346,400,410,412,57
142.5805,6020,343,400,409,412,56
142.6077,6021,344,400,409,411,53
142.6311,6022,344,400,409,411,53
142.6565,6023,344,400,409,411,53
142.6840,6024,346,400,409,412,57
142.7082,6025,344,400,409,411,55
142.7339,6026,338,399,409,411,54
142.7596,6027,337,399,409,411,54
142.7853,6028,337,399,409,411,54
142.8105,6029,341,400,409,411,55
142.8364,6030,341,400,409,411,55
142.8624,6031,341,400,409,411,52
142.8898,6032,346,400,409,412,52
142.9132,6033,346,400,410,412,55
142.9388,6034,346,400,410,412,53
142.9648,6035,346,400,410,412,53
142.9925,6036,350,401,410,411,52
143.0172,6037,350,401,410,411,53
143.0437,6038,350,401,410,411,53
143.0706,6039,344,400,410,412,54
143.0942,6040,344,400,410,412,54
143.1204,6041,348,401,410,411,55
143.1448,6042,346,400,410,412,55
143.1719,6043,346,400,410,412,55
143.1961,6044,347,400,410,412,57
143.2245,6045,350,400,409,412,56
143.2471,6046,346,400,410,412,55
143.2748,6047,347,401,410,413,54
143.2992,6048,347,401,410,413,54
143.3271,6049,353,400,410,412,53
143.3522,6050,349,400,410,412,55
143.3783,6051,348,400,410,412,59
143.4037,6052,350,400,410,412,59
143.4306,6053,350,400,410,412,59
143.4568,6054,350,400,410,412,59
143.4853,6055,351,400,410,412,59
143.5088,6056,351,400,410,412,59
143.5362,6057,346,400,410,412,59
143.5617,6058,349,400,410,412,58
143.5888,6059,346,400,410,412,60
143.6124,6060,350,400,410,412,61
143.6399,6061,350,400,410,412,61
143.6661,6062,348,400,411,412,61
143.6941,6063,346,400,410,412,59
143.7184,6064,346,400,411,412,59
143.7422,6065,351,400,411,412,58
143.7683,6066,348,400,410,412,58
143.7936,6067,348,400,410,412,58
143.8187,6068,353,400,410,412,58
143.8438,6069,353,400,410,412,58
143.8709,6070,353,400,410,412,58
143.8979,6071,353,400,410,412,58
143.9228,6072,352,400,410,412,58
143.9467,6073,353,400,410,413,58
143.9731,6074,353,401,410,413,58
144.0004,6075,353,401,410,413,58
144.0253,6076,347,400,410,413,58
144.0528,6077,354,400,411,412,56
144.0773,6078,354,400,411,412,57
144.1021,6079,354,400,411,412,57
144.1281,6080,353,400,410,412,58
144.1529,6081,352,400,410,412,57
144.1800,6082,352,400,410,412,57
144.2092,6083,351,400,410,412,56
144.2356,6084,360,401,410,413,53
144.2619,6085,353,400,410,413,55
144.2869,6086,358,400,410,412,56
144.3118,6087,358,400,410,412,56
144.3378,6088,358,400,411,413,55
144.3641,6089,357,400,410,413,57
144.3903,6090,353,401,411,413,56
144.4156,6091,361,401,411,413,56
144.4413,6092,355,400,410,412,56
144.4686,6093,355,400,410,412,56
144.4947,6094,355,399,410,413,57
144.5197,6095,350,400,410,412,57
144.5470,6096,350,400,410,412,57
144.5757,6097,354,400,410,412,58
144.5990,6098,354,400,410,413,59
144.6240,6099,352,400,410,412,56
144.6487,6100,359,400,410,412,55
144.6748,6101,359,400,410,412,55
144.7032,6102,354,400,410,412,56
144.7284,6103,356,400,410,412,55
144.7519,6104,354,399,410,413,56
144.7767,6105,351,399,410,413,57
144.8031,6106,351,399,410,413,57
144.8284,6107,352,399,410,413,57
144.8546,6108,352,399,410,413,57
144.8807,6109,357,399,410,413,55
144.9059,6110,354,400,411,413,55
144.9321,6111,358,400,410,413,56
144.9563,6112,358,400,410,412,52
144.9834,6113,354,400,410,412,55
145.0083,6114,354,400,410,412,55
145.0357,6115,357,400,410,412,50
145.0615,6116,354,400,410,412,55
145.0866,6117,356,400,410,413,49
145.1115,6118,358,400,410,413,52
145.1381,6119,358,400,410,413,52
145.1628,6120,358,400,410,413,51
145.1889,6121,358,400,410,413,51
145.2193,6122,355,400,410,412,52
145.2443,6123,355,400,410,412,49
145.2693,6124,354,400,410,412,45
145.2952,6125,359,400,410,412,42
145.3208,6126,359,400,410,412,42
145.3461,6127,357,399,410,411,51
145.3714,6128,360,401,410,411,45
145.3982,6129,360,401,411,411,44
145.4232,6130,358,400,410,411,40
145.4232,6130,321,392,364,406,32
145.4483,6131,357,400,411,410,36
145.4749,6132,357,400,411,410,36
145.5008,6133,357,400,411,410,40
145.5008,6133,323,393,367,407,32
145.5259,6134,357,400,411,410,35
145.5259,6134,323,392,370,407,35
145.5525,6135,357,400,411,410,35
145.5525,6135,323,392,370,407,35
145.5778,6136,358,400,411,410,34
145.5778,6136,323,392,362,407,34
145.6051,6137,323,393,367,407,36
145.6051,6137,357,400,410,410,35
145.6289,6138,359,400,411,410,37
145.6289,6138,323,392,358,408,31
145.6551,6139,359,400,411,410,37
145.6551,6139,323,392,358,408,31
145.6801,6140,361,400,411,410,33
145.6801,6140,324,393,358,407,31
145.7079,6141,357,400,411,410,35
145.7312,6142,354,400,412,410,37
145.7587,6143,355,400,411,410,38
145.7833,6144,355,400,411,410,38
145.8096,6145,326,394,375,408,36
145.8096,6145,356,399,412,409,34
145.8354,6146,326,396,381,408,37
145.8354,6146,355,400,411,410,32
145.8618,6147,354,400,411,410,36
145.8618,6147,326,394,378,408,34
145.8886,6148,354,400,411,410,36
145.8886,6148,326,394,378,408,34
145.9126,6149,357,400,412,410,37
145.9388,6150,353,400,412,410,33
145.9641,6151,356,400,412,410,34
145.9898,6152,356,400,412,410,34
146.0183,6153,351,400,412,410,34
146.0423,6154,358,399,412,409,37
146.0676,6155,361,398,412,408,31
146.0946,6156,355,400,412,410,34
146.1184,6157,355,400,412,410,34
146.1464,6158,352,400,412,410,38
146.1711,6159,350,398,412,408,36
146.1965,6160,352,398,412,408,37
146.2221,6161,352,398,412,408,37
146.2503,6162,353,400,412,410,34
146.2744,6163,357,398,412,408,33
146.2991,6164,358,398,412,408,36
146.3252,6165,358,398,412,408,36
146.3519,6166,355,400,412,410,37
146.3779,6167,350,400,412,410,33
146.4031,6168,352,398,412,408,39
146.4282,6169,350,398,412,408,38
146.4560,6170,350,398,412,408,38
146.4812,6171,355,398,413,408,40
146.5061,6172,357,399,413,408,36
146.5301,6173,360,399,412,408,33
146.5573,6174,360,399,412,408,33
146.5832,6175,358,399,412,409,33
146.6067,6176,350,398,412,408,42
146.6330,6177,350,398,412,408,42
146.6587,6178,350,398,412,408,42
146.6834,6179,356,398,412,408,42
146.7118,6180,346,398,413,408,40
146.7346,6181,357,398,413,408,41
146.7612,6182,354,398,413,408,41
146.7868,6183,354,398,413,408,41
146.8131,6184,357,398,413,408,39
146.8395,6185,356,398,413,408,43
146.8639,6186,363,398,413,408,39
146.8911,6187,363,398,413,408,39
146.9181,6188,346,398,413,408,37
146.9433,6189,361,398,413,408,35
146.9680,6190,348,398,413,408,48
146.9945,6191,348,398,413,408,48
147.0202,6192,356,398,414,408,47
147.0471,6193,356,398,414,408,47
147.0722,6194,356,398,413,408,45
147.0966,6195,351,398,413,408,48
147.1229,6196,351,398,413,408,48
147.1521,6197,354,399,413,409,34
147.1757,6198,345,398,413,408,48
147.2018,6199,352,398,413,408,49
147.2266,6200,354,398,414,408,52
147.2536,6201,354,398,414,408,52
147.2794,6202,353,398,414,408,53
147.3056,6203,353,398,414,408,55
147.3330,6204,353,398,414,408,55
147.3606,6205,345,398,414,408,54
147.3861,6206,355,398,414,408,49
147.4106,6207,352,398,414,408,53
147.4361,6208,352,398,414,408,53
147.4607,6209,352,398,414,408,53
147.4877,6210,345,398,414,408,56
147.5128,6211,345,398,414,408,56
147.5378,6212,346,398,414,408,58
147.5626,6213,351,398,414,408,52
147.5921,6214,351,398,414,408,52
147.6184,6215,346,398,414,408,58
147.6437,6216,355,398,414,408,58
147.6695,6217,355,398,414,408,58
147.6951,6218,352,398,414,408,55
147.7217,6219,355,398,414,408,48
147.7465,6220,352,398,414,408,52
147.7729,6221,351,398,414,408,57
147.7982,6222,351,398,414,408,57
147.8240,6223,350,398,415,408,55
147.8519,6224,350,398,415,408,55
147.8769,6225,352,397,415,407,57
147.9027,6226,357,397,415,407,53
147.9298,6227,357,397,415,407,53
147.9541,6228,353,398,415,408,57
147.9785,6229,354,397,415,407,58
148.0049,6230,354,397,415,407,58
148.0330,6231,353,397,415,407,54
148.0587,6232,341,396,415,407,61
148.0843,6233,356,397,416,407,56
148.1091,6234,352,397,415,407,59
148.1358,6235,352,397,415,407,59
148.1608,6236,351,396,416,407,60
148.1872,6237,351,396,416,408,60
148.2136,6238,352,396,416,408,57
148.2385,6239,352,396,416,408,57
148.2658,6240,352,396,416,408,57
148.2924,6241,351,396,416,408,60
148.3171,6242,350,396,416,407,60
148.3431,6243,350,396,416,407,60
148.3686,6244,351,397,417,407,60
148.3956,6245,354,396,417,406,62
148.4205,6246,354,396,418,407,62
148.4457,6247,355,396,418,406,59
148.4713,6248,355,396,418,406,59
148.4985,6249,355,394,417,406,61
148.5246,6250,358,395,417,406,61
148.5506,6251,354,396,417,406,60
148.5757,6252,360,396,418,406,58
148.6016,6253,360,396,418,406,58
148.6281,6254,356,395,417,405,58
148.6528,6255,360,395,418,405,56
148.6779,6256,360,395,418,405,56
148.7060,6257,354,395,418,406,60
148.7294,6258,350,395,417,405,60
148.7559,6259,348,396,417,406,61
148.7802,6260,348,396,417,406,58
148.8071,6261,348,396,417,406,58
148.8328,6262,352,396,417,406,57
148.8588,6263,352,397,418,406,56
148.8838,6264,358,396,418,406,55
148.9104,6265,350,396,418,406,59
148.9361,6266,350,396,418,406,59
148.9618,6267,354,396,419,406,59
148.9853,6268,362,397,418,407,57
149.0115,6269,362,397,418,407,57
149.0383,6270,363,396,419,406,57
149.0637,6271,360,396,418,406,60
149.0895,6272,357,397,419,407,61
149.1137,6273,356,396,419,406,62
149.1394,6274,356,396,419,406,62
149.1659,6275,355,397,419,407,60
149.1925,6276,357,397,419,407,60
149.2167,6277,354,397,419,407,61
149.2435,6278,358,397,419,407,62
149.2684,6279,358,397,419,407,62
149.2940,6280,355,397,419,407,63
149.3191,6281,356,397,419,407,62
149.3451,6282,356,397,419,407,62
149.3715,6283,364,397,419,407,56
149.3973,6284,372,396,418,408,59
149.3973,6284,329,397,396,407,34
149.4261,6285,357,396,419,408,61
149.4485,6286,357,396,419,408,61
149.4742,6287,356,396,419,408,64
149.4991,6288,354,396,419,408,65
149.5261,6289,356,396,419,408,64
149.5511,6290,368,396,418,408,58
149.5511,6290,327,397,386,407,40
149.5786,6291,366,397,418,408,60
149.5786,6291,327,397,383,407,34
149.6018,6292,366,397,418,408,60
149.6018,6292,327,397,383,407,34
149.6283,6293,373,396,419,408,60
149.6529,6294,373,396,419,408,60
149.6792,6295,365,396,419,408,63
149.7053,6296,364,397,419,409,61
149.7294,6297,366,396,420,408,60
149.7555,6298,364,396,420,408,62
149.7820,6299,364,396,420,408,62
149.8079,6300,366,397,420,409,60
149.8332,6301,380,398,420,408,53
149.8606,6302,377,397,420,408,57
149.8860,6303,380,397,420,409,56
149.9116,6304,376,397,420,409,58
149.9374,6305,376,397,420,409,58
149.9628,6306,368,396,420,408,61
149.9906,6307,368,396,420,408,61
150.0145,6308,374,396,420,408,60
150.0423,6309,373,396,419,408,62
150.0655,6310,384,397,420,409,58
150.0921,6311,381,396,419,409,62
150.1174,6312,381,396,419,409,62
150.1444,6313,383,395,420,409,63
150.1689,6314,382,396,420,410,63
150.1955,6315,377,396,420,410,63
150.2198,6316,379,396,420,410,64
150.2198,6316,334,395,392,407,38
150.2450,6317,379,396,420,410,64
150.2450,6317,334,395,392,407,38
150.2716,6318,382,396,421,410,62
150.2716,6318,332,394,377,406,36
150.2958,6319,383,396,421,410,62
150.2958,6319,333,395,374,407,43
150.3231,6320,383,396,421,410,62
150.3231,6320,333,395,374,407,43
150.3489,6321,380,396,422,410,64
150.3489,6321,334,394,373,406,40
150.3740,6322,383,396,421,410,63
150.3740,6322,334,394,374,406,49
150.3991,6323,384,396,422,410,62
150.3991,6323,333,395,374,407,50
150.4252,6324,379,396,422,410,63
150.4252,6324,335,394,391,408,35
150.4513,6325,379,396,422,410,63
150.4513,6325,335,394,391,408,35
150.4768,6326,383,396,421,410,62
150.4768,6326,333,395,372,407,38
150.5031,6327,383,396,421,410,64
150.5031,6327,333,394,376,406,36
150.5279,6328,385,396,422,410,62
150.5279,6328,333,394,377,406,43
150.5544,6329,385,396,422,410,64
150.5544,6329,333,394,378,406,48
150.5796,6330,385,396,422,410,64
150.5796,6330,333,394,378,406,48
150.6052,6331,384,396,422,410,63
150.6052,6331,332,393,373,406,48
150.6312,6332,383,396,422,410,63
150.6312,6332,332,394,372,406,44
150.6553,6333,383,397,423,411,64
150.6553,6333,332,395,369,407,54
150.6807,6334,383,397,423,411,64
150.6807,6334,332,395,369,407,54
150.7061,6335,384,396,422,410,63
150.7061,6335,333,394,373,406,43
150.7324,6336,383,396,422,410,62
150.7324,6336,333,394,374,406,45
150.7582,6337,383,396,422,410,62
150.7582,6337,333,394,374,406,45
150.7860,6338,384,396,422,410,63
150.7860,6338,333,394,372,406,32
150.8109,6339,386,395,422,411,64
150.8109,6339,332,395,375,407,31
150.8373,6340,384,396,422,411,64
150.8373,6340,332,395,374,405,33
150.8623,6341,384,396,422,412,63
150.8884,6342,385,396,423,412,65
150.8884,6342,333,394,373,404,41
150.9138,6343,385,396,423,412,65
150.9138,6343,333,394,373,404,41
150.9402,6344,384,396,422,411,62
150.9649,6345,384,396,422,412,62
150.9649,6345,334,394,376,404,31
150.9922,6346,382,396,422,412,63
150.9922,6346,335,395,390,407,31
151.0173,6347,382,396,422,412,63
151.0173,6347,335,395,390,407,31
151.0448,6348,382,396,422,412,64
151.0448,6348,334,395,389,407,30
151.0687,6349,386,396,422,412,64
151.0687,6349,333,395,379,405,34
151.0946,6350,386,396,422,412,64
151.0946,6350,333,395,379,405,34
151.1229,6351,384,396,423,412,64
151.1484,6352,384,396,422,412,64
151.1727,6353,383,396,423,412,64
151.1977,6354,381,396,423,412,63
151.2244,6355,378,396,423,412,65
151.2244,6355,337,394,404,406,30
151.2513,6356,378,396,423,412,65
151.2513,6356,337,394,404,406,30
151.2773,6357,382,396,423,412,64
151.3036,6358,380,396,423,412,66
151.3036,6358,335,394,398,406,33
151.3280,6359,382,396,423,412,64
151.3280,6359,335,395,396,407,37
151.3528,6360,382,396,423,412,64
151.3528,6360,335,395,396,407,37
151.3786,6361,383,397,423,412,61
151.4032,6362,380,396,422,412,63
151.4298,6363,380,396,422,412,63
151.4567,6364,380,396,422,412,63
151.4827,6365,380,396,422,411,64
151.5085,6366,379,397,422,411,61
151.5335,6367,366,396,422,410,65
151.5601,6368,373,396,423,410,62
151.5844,6369,373,396,423,410,62
151.6116,6370,378,398,423,410,58
151.6373,6371,377,398,423,410,58
151.6619,6372,382,398,423,410,46
151.6887,6373,382,398,423,410,46
151.7125,6374,360,398,423,410,57
151.7385,6375,361,397,423,409,56
151.7645,6376,361,397,423,409,56
151.7902,6377,356,397,423,409,60
151.8173,6378,351,397,424,409,61
151.8429,6379,351,397,424,409,61
151.8674,6380,360,397,424,409,60
151.8929,6381,360,397,424,409,60
151.9205,6382,354,396,424,408,59
151.9439,6383,352,397,424,409,58
151.9708,6384,351,397,425,409,57
151.9962,6385,364,398,424,408,56
152.0228,6386,364,398,424,408,56
152.0486,6387,362,397,425,408,58
152.0736,6388,357,397,425,409,60
152.0987,6389,357,397,425,409,60
152.1275,6390,357,397,426,408,59
152.1530,6391,355,397,426,408,60
152.1781,6392,360,396,426,408,57
152.2018,6393,358,397,426,408,55
152.2280,6394,358,397,426,408,55
152.2532,6395,358,397,426,408,55
152.2808,6396,366,396,426,408,58
152.3063,6397,361,397,426,408,56
152.3312,6398,357,397,427,408,52
152.3582,6399,357,397,427,408,52
152.3840,6400,356,397,426,408,54
152.4111,6401,368,398,426,408,49
152.4367,6402,368,398,426,408,49
152.4624,6403,358,398,427,408,51
152.4869,6404,366,398,428,408,47
152.5123,6405,364,397,427,407,51
152.5379,6406,369,397,428,408,50
152.5647,6407,369,397,428,408,50
152.5911,6408,374,397,428,408,47
152.6169,6409,368,397,428,408,53
152.6423,6410,368,397,428,408,53
152.6678,6411,366,398,428,408,47
152.6936,6412,366,398,428,408,47
152.7210,6413,368,398,428,408,48
152.7464,6414,367,398,428,408,49
152.7728,6415,367,398,428,408,49
152.7983,6416,372,398,428,408,51
152.8245,6417,369,397,428,408,55
152.8489,6418,376,397,429,408,52
152.8742,6419,374,398,429,408,40
152.9008,6420,374,398,429,408,40
152.9265,6421,378,398,430,408,41
152.9516,6422,378,398,430,408,42
152.9786,6423,377,398,430,408,45
153.0032,6424,374,398,429,408,43
153.0304,6425,374,398,429,408,43
153.0538,6426,374,398,429,408,43
153.0815,6427,382,398,430,408,38
153.1075,6428,382,398,430,408,38
153.1333,6429,381,398,430,408,31
153.1838,6431,372,398,430,407,36
153.2090,6432,376,397,431,407,41
153.2348,6433,376,397,431,407,41
153.2877,6435,342,394,384,406,30
153.3150,6436,367,398,430,408,37
153.3414,6437,379,398,431,407,33
153.3654,6438,379,398,431,407,33
153.3914,6439,375,397,431,407,39
153.4169,6440,375,397,431,407,39
153.4434,6441,371,397,431,407,47
153.4676,6442,375,397,431,407,49
153.4951,6443,376,398,431,408,42
153.5188,6444,378,398,431,408,36
153.5444,6445,371,398,431,408,45
153.5706,6446,371,398,431,408,45
153.5965,6447,361,397,430,407,50
153.6239,6448,362,397,431,407,51
153.6485,6449,365,397,431,407,53
153.6738,6450,365,397,431,407,53
153.7003,6451,362,397,431,407,56
153.7264,6452,370,397,431,407,51
153.7540,6453,370,397,431,407,54
153.7797,6454,370,397,431,407,54
153.8057,6455,369,397,431,407,50
153.8315,6456,366,397,431,407,52
153.8586,6457,363,396,431,408,55
153.8834,6458,366,396,432,408,54
153.9090,6459,366,396,432,408,54
153.9337,6460,374,397,431,407,52
153.9604,6461,364,396,432,408,57
153.9848,6462,371,396,432,408,56
154.0095,6463,368,396,431,408,55
154.0361,6464,368,396,431,408,55
154.0618,6465,362,396,432,408,56
154.0889,6466,363,397,432,407,55
154.1150,6467,363,397,432,407,55
154.1430,6468,368,397,432,407,52
154.1685,6469,360,396,432,408,60
154.1912,6470,372,396,432,408,56
154.2162,6471,364,396,432,408,57
154.2427,6472,364,396,432,408,57
154.2703,6473,362,397,432,407,57
154.2957,6474,363,396,432,408,57
154.3187,6475,370,397,433,407,54
154.3455,6476,360,396,433,408,59
154.3714,6477,360,396,433,408,59
154.3990,6478,370,396,433,408,56
154.4241,6479,374,397,433,407,55
154.4505,6480,374,397,433,407,55
154.4770,6481,366,397,433,407,58
154.5025,6482,371,396,433,408,57
154.5278,6483,367,396,434,408,58
154.5520,6484,372,397,434,407,58
154.5789,6485,372,397,434,407,58
154.6063,6486,370,396,434,408,61
154.6318,6487,375,396,434,408,61
154.6550,6488,374,396,434,408,61
154.6824,6489,374,396,434,408,59
154.7069,6490,374,396,434,408,59
154.7333,6491,373,396,434,408,60
154.7609,6492,364,396,434,408,63
154.7853,6493,364,396,434,408,63
154.8119,6494,364,396,434,408,64
154.8403,6495,365,395,435,408,64
154.8645,6496,371,396,435,408,64
154.8899,6497,370,395,435,409,64
154.9140,6498,370,395,435,409,64
154.9426,6499,368,394,435,408,64
154.9674,6500,370,394,434,408,63
154.9928,6501,374,395,435,409,62
155.0170,6502,362,395,435,409,62
155.0432,6503,362,395,435,409,62
155.0707,6504,370,396,436,408,61
155.0948,6505,368,396,436,408,60
155.1223,6506,368,396,436,408,60
155.1475,6507,368,397,436,407,56
155.1731,6508,374,396,436,406,55
155.1984,6509,374,396,437,406,55
155.2241,6510,377,397,437,407,50
155.2499,6511,377,397,437,407,50
155.2761,6512,379,398,437,406,49
155.3003,6513,381,398,436,406,44
155.3262,6514,380,398,437,407,45
155.3520,6515,381,398,437,407,47
155.3776,6516,381,398,437,407,47
155.4035,6517,382,398,437,406,43
155.4280,6518,380,398,437,407,51
155.4539,6519,380,398,437,407,51
155.4802,6520,380,398,438,407,47
155.5056,6521,384,398,438,407,46
155.5303,6522,386,398,437,406,49
155.5567,6523,386,398,437,406,49
155.5839,6524,387,397,437,407,50
155.6088,6525,385,398,437,408,56
155.6323,6526,385,397,438,407,59
155.6597,6527,385,398,438,408,55
155.6866,6528,385,398,438,408,55
155.7127,6529,385,397,438,407,57
155.7380,6530,386,398,438,408,55
155.7633,6531,386,397,438,407,52
155.7887,6532,386,397,438,407,52
155.8152,6533,386,398,438,408,53
155.8409,6534,384,398,438,408,56
155.8661,6535,386,397,438,408,57
155.8915,6536,386,397,438,408,57
155.9183,6537,386,397,439,408,57
155.9459,6538,386,398,439,408,56
155.9693,6539,387,398,439,408,53
155.9947,6540,387,397,439,408,55
156.0222,6541,387,397,439,408,55
156.0481,6542,388,397,439,408,54
156.0749,6543,386,397,439,409,61
156.0986,6544,388,397,439,409,59
156.1238,6545,388,397,440,408,58
156.1517,6546,388,397,440,408,58
156.1777,6547,388,398,440,408,59
156.2002,6548,387,398,440,408,55
156.2262,6549,387,398,440,408,55
156.2529,6550,387,398,440,408,55
156.2781,6551,388,397,440,409,59
156.3040,6552,388,398,440,408,60
156.3295,6553,388,397,440,409,62
156.3562,6554,388,397,440,409,62
156.3810,6555,388,396,441,408,63
156.4093,6556,388,397,441,409,61
156.4333,6557,389,398,440,409,53
156.4602,6558,388,398,440,408,57
156.4841,6559,388,398,440,408,57
156.5096,6560,389,398,440,409,58
156.5353,6561,389,398,440,409,58
156.5612,6562,388,397,440,409,59
156.5870,6563,388,398,441,408,58
156.6149,6564,388,398,441,408,61
156.6394,6565,388,398,441,408,61
156.6654,6566,388,398,441,408,61
156.6913,6567,389,398,442,409,57
156.7157,6568,389,398,441,408,60
156.7421,6569,390,397,441,409,59
156.7673,6570,389,398,441,410,58
156.7930,6571,389,397,442,409,64
156.8189,6572,389,397,442,409,64
156.8432,6573,389,396,442,408,64
156.8684,6574,389,396,442,408,64
156.8948,6575,389,397,442,409,62
156.9203,6576,389,397,441,409,60
156.9460,6577,389,397,441,409,60
156.9722,6578,389,397,442,409,63
156.9972,6579,389,397,442,409,63
157.0236,6580,389,397,443,409,66
157.0495,6581,389,397,443,409,66
157.0748,6582,389,395,443,409,67
157.0991,6583,389,396,442,410,67
157.1256,6584,389,396,442,410,67
157.1515,6585,390,396,442,410,66
157.1766,6586,390,396,442,410,65
157.2032,6587,390,396,442,410,65
157.2303,6588,390,396,442,410,67
157.2571,6589,390,396,442,410,69
157.2805,6590,389,395,443,410,68
157.3073,6591,390,395,443,410,69
157.3325,6592,390,395,443,410,69
157.3597,6593,390,394,444,410,69
157.3852,6594,390,395,443,411,67
157.4113,6595,390,395,442,411,68
157.4350,6596,390,395,442,411,68
157.4613,6597,390,395,442,411,68
157.4877,6598,390,395,443,411,68
157.5127,6599,390,393,444,411,70
157.5384,6600,390,393,444,411,70
157.5648,6601,390,394,444,410,70
157.5911,6602,389,394,444,411,70
157.6145,6603,390,393,444,411,69
157.6415,6604,390,394,443,412,69
157.6652,6605,390,394,443,412,69
157.6916,6606,390,394,443,412,70
157.7174,6607,390,394,444,412,71
157.7428,6608,390,394,444,412,70
157.7675,6609,389,394,444,412,71
157.7938,6610,389,394,444,412,71
157.8185,6611,390,394,444,412,70
157.8450,6612,390,394,444,412,70
157.8711,6613,390,394,444,412,70
157.8973,6614,391,394,444,412,68
157.9216,6615,390,394,444,412,70
157.9483,6616,390,394,445,412,69
157.9716,6617,390,394,445,412,69
157.9981,6618,390,394,445,412,70
158.0245,6619,390,394,444,412,70
158.0499,6620,389,394,444,412,71
158.0741,6621,390,393,444,412,71
158.1010,6622,390,393,444,412,71
158.1266,6623,389,394,445,412,69
158.1520,6624,390,394,444,412,70
158.1773,6625,390,394,444,412,68
158.2038,6626,390,394,444,412,68
158.2294,6627,390,394,444,412,70
158.2567,6628,390,394,445,412,70
158.2807,6629,389,393,445,412,71
158.3066,6630,389,393,445,412,71
158.3319,6631,390,394,444,412,69
158.3578,6632,390,394,445,412,69
158.3835,6633,390,394,445,412,71
158.4107,6634,390,394,445,412,70
158.4346,6635,390,394,445,412,70
158.4610,6636,389,393,446,412,71
158.4880,6637,389,393,446,412,72
158.5110,6638,389,393,446,412,71
158.5394,6639,389,393,446,412,71
158.5658,6640,389,393,446,412,71
158.5890,6641,390,392,446,412,71
158.6136,6642,390,392,446,412,71
158.6401,6643,390,392,446,412,71
158.6662,6644,390,392,446,412,71
158.6935,6645,388,392,447,412,72
158.7181,6646,388,392,446,412,72
158.7436,6647,388,392,446,412,72
158.7697,6648,389,392,447,412,71
158.8012,6649,389,392,447,412,70
158.8224,6650,390,392,446,412,71
158.8463,6651,388,392,446,412,72
158.8741,6652,388,392,446,412,72
158.8990,6653,389,391,446,413,73
158.9253,6654,389,391,447,413,73
158.9505,6655,389,391,447,413,73
158.9757,6656,389,392,447,414,74
159.0021,6657,388,391,446,413,73
159.0274,6658,387,391,446,413,72
159.0533,6659,387,392,446,414,72
159.0785,6660,386,392,446,414,72
159.1051,6661,386,392,446,414,72
159.1328,6662,386,391,447,414,74
159.1584,6663,387,390,447,414,74
159.1819,6664,387,390,447,414,74
159.2085,6665,387,390,447,414,74
159.2332,6666,385,390,447,414,74
159.2589,6667,380,390,447,414,75
159.2874,6668,380,390,447,414,75
159.3109,6669,384,391,447,415,74
159.3361,6670,386,391,447,415,74
159.3615,6671,379,391,447,415,74
159.3890,6672,379,390,447,414,76
159.4135,6673,379,390,447,414,76
159.4405,6674,379,390,448,415,75
159.4645,6675,383,390,448,416,75
159.4944,6676,380,390,448,415,75
159.5176,6677,378,390,448,416,75
159.5436,6678,378,390,448,416,75
159.5680,6679,381,391,448,415,75
159.5945,6680,379,390,448,416,76
159.6219,6681,379,390,448,416,76
159.6456,6682,381,390,448,416,76
159.6713,6683,380,390,449,416,76
159.6966,6684,381,390,449,416,75
159.7219,6685,383,390,449,416,76
159.7478,6686,383,390,449,416,76
159.7745,6687,383,390,448,416,76
159.7998,6688,380,390,448,416,75
159.8251,6689,380,390,448,416,75
159.8503,6690,385,390,449,416,76
159.8772,6691,385,390,449,416,76
159.9028,6692,383,390,449,416,76
159.9268,6693,385,390,449,416,75
159.9554,6694,385,390,449,416,75
159.9816,6695,382,390,450,416,76
160.0089,6696,388,389,450,415,77
160.0333,6697,383,390,450,416,77
160.0599,6698,382,390,450,416,76
160.0850,6699,382,390,450,416,76
160.1114,6700,379,392,450,416,75
160.1378,6701,389,390,450,416,75
160.1616,6702,384,391,450,415,75
160.1866,6703,382,392,450,416,75
160.2125,6704,382,392,450,416,75
160.2397,6705,380,391,450,415,74
160.2643,6706,382,391,450,415,75
160.2903,6707,382,391,450,415,75
160.3153,6708,383,391,450,415,75
160.3429,6709,389,389,451,415,75
160.3671,6710,384,390,452,414,75
160.3929,6711,384,392,451,414,73
160.4203,6712,384,392,451,414,73
160.4454,6713,382,395,451,414,72
160.4710,6714,381,395,452,414,71
160.4949,6715,378,395,451,414,71
160.5212,6716,381,395,452,413,70
160.5482,6717,381,395,452,413,70
160.5722,6718,382,396,452,413,69
160.5990,6719,382,396,452,413,69
160.6248,6720,384,394,452,412,69
160.6514,6721,380,396,452,412,68
160.6768,6722,381,396,453,413,68
160.7024,6723,379,395,453,413,70
160.7275,6724,380,395,454,413,71
160.7533,6725,380,395,454,413,71
160.7799,6726,378,395,454,413,71
160.8053,6727,379,395,454,413,69
160.8306,6728,378,396,454,412,67
160.8575,6729,378,396,454,412,67
160.8821,6730,377,396,453,412,66
160.9098,6731,377,395,454,413,68
160.9333,6732,377,395,454,413,68
160.9616,6733,378,395,454,412,67
160.9854,6734,381,395,455,413,68
161.0105,6735,378,395,455,412,68
161.0364,6736,378,395,455,412,68
161.0616,6737,378,395,455,412,68
161.0877,6738,380,397,455,413,63
161.1148,6739,378,394,454,411,61
161.1401,6740,382,397,455,412,60
161.1657,6741,382,398,455,412,62
161.1914,6742,382,398,455,412,62
161.2178,6743,383,398,456,412,61
161.2423,6744,383,398,456,412,62
161.2699,6745,383,398,456,412,62
161.2962,6746,383,399,456,412,62
161.3214,6747,383,398,456,412,61
161.3473,6748,382,398,456,412,60
161.3714,6749,385,398,456,412,61
161.3981,6750,385,398,456,412,61
161.4246,6751,381,398,456,412,63
161.4493,6752,381,398,456,412,63
161.4751,6753,381,398,457,412,62
161.5006,6754,380,398,457,412,64
161.5271,6755,380,398,457,412,64
161.5526,6756,380,398,457,412,63
161.5787,6757,380,398,457,412,62
161.6033,6758,380,398,457,412,62
161.6288,6759,380,398,457,412,62
161.6548,6760,380,398,457,412,62
161.6792,6761,381,398,458,412,62
161.7064,6762,381,398,458,412,63
161.7315,6763,381,398,458,412,63
161.7563,6764,381,398,458,412,64
161.7836,6765,383,400,458,412,62
161.8080,6766,381,398,458,412,62
161.8333,6767,381,398,458,412,62
161.8598,6768,381,398,458,412,62
161.8859,6769,381,398,458,412,62
161.9117,6770,380,398,458,412,60
161.9365,6771,381,398,457,411,58
161.9623,6772,381,398,457,411,58
161.9873,6773,384,399,457,411,55
162.0134,6774,384,399,457,411,56
162.0392,6775,384,399,458,411,55
162.0644,6776,384,399,458,411,55
162.0935,6777,386,399,458,411,53
162.1160,6778,385,399,459,411,52
162.1437,6779,378,395,456,409,51
162.1678,6780,378,395,457,409,51
162.1945,6781,378,395,457,409,51
162.2197,6782,385,399,458,411,51
162.2449,6783,385,399,458,411,51
162.2711,6784,384,398,458,410,47
162.2970,6785,384,398,458,410,47
162.3217,6786,387,399,458,411,48
162.3476,6787,386,399,458,411,46
162.3728,6788,386,399,458,411,46
162.3999,6789,385,399,458,411,50
162.4248,6790,387,398,458,410,49
162.4501,6791,379,394,456,409,52
162.4763,6792,377,394,457,410,51
162.5019,6793,377,394,457,410,51
162.5280,6794,378,393,457,409,54
162.5539,6795,378,392,457,408,51
162.5791,6796,378,394,457,408,50
162.6051,6797,378,396,456,410,52
162.6307,6798,378,396,456,410,52
162.6563,6799,378,396,456,410,52
162.6814,6800,379,393,457,409,54
162.7082,6801,379,393,457,409,54
162.7332,6802,382,396,458,410,53
162.7606,6803,382,396,459,409,50
162.7845,6804,387,397,460,409,53
162.8100,6805,386,397,459,409,51
162.8365,6806,386,397,459,409,51
162.8620,6807,383,397,459,409,50
162.8880,6808,387,398,460,410,52
162.9124,6809,388,397,461,409,51
162.9388,6810,390,398,461,409,45
162.9630,6811,390,398,461,409,45
162.9882,6812,390,398,460,410,48
163.0145,6813,393,398,461,409,46
163.0407,6814,393,398,461,409,46
163.0681,6815,390,398,461,409,48
163.0947,6816,390,398,461,410,51
163.1194,6817,391,398,461,410,48
163.1453,6818,387,399,461,410,43
163.1711,6819,387,399,461,410,43
163.1958,6820,389,399,462,409,40
163.2231,6821,392,398,462,409,50
163.2488,6822,394,398,462,408,47
163.2755,6823,385,398,462,410,43
163.3000,6824,385,398,462,410,43
163.3257,6825,394,399,462,409,44
163.3512,6826,391,399,462,410,41
163.3770,6827,391,399,462,410,41
163.4031,6828,389,399,462,410,46
163.4280,6829,392,399,463,411,49
163.4539,6830,394,398,464,410,48
163.4786,6831,392,397,463,409,53
163.5054,6832,392,397,463,409,53
163.5302,6833,393,397,463,409,53
163.5567,6834,394,399,461,411,58
163.5805,6835,396,400,460,412,64
163.6071,6836,396,400,460,412,64
163.6339,6837,390,399,461,411,59
163.6597,6838,396,396,462,408,59
163.6846,6839,396,396,462,408,59
163.7121,6840,396,398,462,410,55
163.7389,6841,391,400,462,413,63
163.7643,6842,399,398,463,412,59
163.7904,6843,395,396,463,408,59
163.8161,6844,395,396,463,408,59
163.8422,6845,397,398,463,410,58
163.8684,6846,392,399,462,413,63
163.8946,6847,393,398,462,412,56
163.9183,6848,398,398,462,410,56
163.9440,6849,398,398,462,410,56
163.9706,6850,394,398,463,410,56
163.9966,6851,394,398,462,411,55
164.0230,6852,392,397,464,409,57
164.0481,6853,392,397,464,409,57
164.0754,6854,386,397,464,411,59
164.0991,6855,388,398,463,412,56
164.1239,6856,395,398,464,410,55
164.1509,6857,390,396,464,410,60
164.1781,6858,390,396,464,410,60
164.2041,6859,389,397,464,411,56
164.2282,6860,387,397,464,411,55
164.2531,6861,400,396,465,409,58
164.2796,6862,400,396,465,409,58
164.3049,6863,393,396,464,410,59
164.3331,6864,391,398,464,412,58
164.3568,6865,391,398,464,412,58
164.3830,6866,394,397,464,411,60
164.4090,6867,392,395,465,409,61
164.4358,6868,394,396,465,410,61
164.4611,6869,390,397,465,411,58
164.4875,6870,391,396,465,410,61
164.5124,6871,391,396,465,410,61
164.5400,6872,392,396,465,410,61
164.5656,6873,387,398,465,412,60
164.5913,6874,388,397,464,411,58
164.6165,6875,386,395,464,409,61
164.6421,6876,386,395,464,409,61
164.6678,6877,396,397,465,409,58
164.6919,6878,396,397,465,409,58
164.7194,6879,388,398,465,410,54
164.7452,6880,398,396,466,410,59
164.7708,6881,401,396,466,410,60
164.7949,6882,392,397,466,411,58
164.8206,6883,392,397,466,411,58
164.8456,6884,386,398,465,410,57
164.8722,6885,386,396,466,409,57
164.8988,6886,385,396,466,410,57
164.9229,6887,384,398,466,410,55
164.9485,6888,384,398,466,410,55
164.9761,6889,387,397,466,410,56
165.0008,6890,399,396,467,410,60
165.0255,6891,390,397,466,410,57
165.0515,6892,390,397,466,410,57
165.0784,6893,388,397,466,411,59
165.1033,6894,397,396,467,410,61
165.1288,6895,400,396,467,410,59
165.1555,6896,400,396,467,410,59
165.1806,6897,392,397,467,411,58
165.2069,6898,404,397,467,410,57
165.2315,6899,387,396,467,409,61
165.2570,6900,388,396,467,410,60
165.2836,6901,388,396,467,410,60
165.3087,6902,389,397,466,411,58
165.3349,6903,392,397,466,409,57
165.3600,6904,398,398,466,408,52
165.3860,6905,398,398,466,408,52
165.4111,6906,399,399,467,409,44
165.4365,6907,405,398,467,408,45
165.4630,6908,405,398,467,408,45
165.4877,6909,405,398,467,408,48
165.5153,6910,402,398,468,408,46
165.5405,6911,403,399,468,409,36
165.5641,6912,405,398,468,408,41
165.5893,6913,405,398,468,408,41
165.6176,6914,408,398,468,408,44
165.6428,6915,402,400,468,410,31
165.6691,6916,401,400,468,410,31
165.6949,6917,405,398,469,408,44
165.7213,6918,405,398,469,408,44
165.7464,6919,405,398,469,408,38
165.7723,6920,394,400,469,410,37
165.7985,6921,394,400,469,410,37
165.8245,6922,404,399,469,409,36
165.8489,6923,404,399,469,409,36
165.8764,6924,397,400,469,410,39
165.8991,6925,408,399,469,409,34
165.9256,6926,408,399,469,409,34
165.9536,6927,411,399,470,408,32
165.9782,6928,404,400,470,410,34
166.0039,6929,406,400,469,410,37
166.0297,6930,400,400,470,410,35
166.0562,6931,400,400,470,410,35
166.0806,6932,404,400,470,410,33
166.1077,6933,402,400,470,410,41
166.1313,6934,402,400,470,410,41
166.1597,6935,404,400,470,410,36
166.1844,6936,405,400,470,410,36
166.2848,6940,408,400,470,410,33
166.3125,6941,410,399,470,408,33
166.3384,6942,406,400,470,410,37
166.3622,6943,412,400,470,410,39
166.3887,6944,412,400,470,410,39
166.4150,6945,411,400,470,410,33
166.4395,6946,411,400,470,410,37
166.4672,6947,411,400,470,410,37
166.4938,6948,412,400,471,410,40
166.5188,6949,412,400,471,410,37
166.5439,6950,411,400,471,410,36
166.5690,6951,413,400,471,410,32
166.5936,6952,413,400,471,410,32
166.6206,6953,410,400,471,410,39
166.6466,6954,410,400,471,410,39
166.6716,6955,414,399,471,408,30
166.6975,6956,413,400,472,410,30
166.7229,6957,413,400,472,410,30
166.7471,6958,410,400,472,410,32
166.7735,6959,410,400,472,410,32
166.8002,6960,413,398,473,408,36
166.8259,6961,412,398,472,408,33
166.8515,6962,410,399,472,408,30
166.8771,6963,410,398,472,408,40
166.9028,6964,409,398,472,408,40
166.9284,6965,409,398,472,408,40
166.9559,6966,406,398,473,408,38
166.9808,6967,409,398,473,408,43
167.0057,6968,412,398,473,408,44
167.0308,6969,412,398,473,408,44
167.0565,6970,412,398,473,408,44
167.0818,6971,412,398,473,408,44
167.1095,6972,412,398,473,408,44
167.1344,6973,410,398,473,408,55
167.1611,6974,413,398,473,408,46
167.1857,6975,414,398,474,408,50
167.2107,6976,414,398,474,408,48
167.2361,6977,414,398,474,408,48
167.2626,6978,412,398,473,408,49
167.2881,6979,413,398,474,408,49
167.3127,6980,413,398,474,408,49
167.3380,6981,412,398,474,408,51
167.3639,6982,412,398,474,408,51
167.3893,6983,410,398,474,408,49
167.4152,6984,410,398,474,408,48
167.4429,6985,410,398,474,408,48
167.4681,6986,410,398,474,408,48
167.4936,6987,404,398,474,408,49
167.5208,6988,402,398,474,408,54
167.5459,6989,426,392,477,420,74
167.5707,6990,426,392,477,420,74
167.5970,6991,420,390,493,427,77
167.6237,6992,423,388,504,432,79
167.6485,6993,431,392,514,436,75
167.6748,6994,439,398,523,440,71
167.6992,6995,439,398,523,440,71
167.7256,6996,450,406,529,444,69
167.7502,6997,463,414,536,446,71
167.7767,6998,463,414,536,446,71
167.8010,6999,490,426,553,442,53
167.8268,7000,508,428,575,444,66
167.8518,7001,516,428,592,446,67
167.8768,7002,516,428,592,446,67
167.9031,7003,527,433,606,447,44
167.9280,7004,557,436,619,448,49
167.9547,7005,560,436,629,448,48
167.9785,7006,569,437,638,449,43
168.0067,7007,569,437,638,449,43
168.0313,7008,584,438,647,450,47
168.0594,7009,590,438,656,450,52
168.0841,7010,601,438,662,451,57
168.1125,7011,601,438,662,451,57
168.1367,7012,606,439,668,451,53
168.1610,7013,614,440,676,452,62
168.1858,7014,616,439,682,452,59
168.2121,7015,616,439,682,452,59
168.2370,7016,625,439,687,452,62
168.2652,7017,624,439,692,453,63
168.2896,7018,629,439,696,453,61
168.3130,7019,633,439,701,453,64
168.3403,7020,633,439,701,453,64
168.3656,7021,642,441,706,453,65
168.3921,7022,648,441,710,453,66
168.4191,7023,651,441,713,454,65
168.4419,7024,655,442,717,454,66
168.4703,7025,655,442,717,454,66
168.4941,7026,652,442,720,455,67
168.5185,7027,652,442,720,455,67
168.5452,7028,660,443,724,455,62
168.5716,7029,660,442,728,456,64
168.5975,7030,662,443,730,455,64
168.6230,7031,666,443,734,456,64
168.6482,7032,668,443,736,456,64
168.6740,7033,668,443,736,456,64
168.7007,7034,675,444,739,456,63
168.7279,7035,678,444,742,456,67
168.7513,7036,680,444,746,457,62
168.7780,7037,682,443,748,457,64
168.8030,7038,682,443,748,457,64
168.8287,7039,682,443,750,457,65
168.8576,7040,682,443,750,457,65
168.8818,7041,685,444,753,458,67
168.9069,7042,686,444,756,458,62
168.9310,7043,694,445,758,457,63
168.9572,7044,694,445,760,458,61
168.9837,7045,694,445,760,458,61
169.0098,7046,699,445,763,458,61
169.0372,7047,701,445,765,458,62
169.0622,7048,702,445,767,458,62
169.0873,7049,703,446,769,458,59
169.1138,7050,706,446,770,458,52
169.1393,7051,706,446,770,458,52
169.1640,7052,706,446,772,458,52
169.1909,7053,706,446,772,458,52
169.2154,7054,712,447,775,458,51
169.2434,7055,713,446,777,458,51
169.2671,7056,716,446,779,458,54
169.2937,7057,715,446,781,458,52
169.3185,7058,715,446,781,458,52
169.3438,7059,718,447,782,459,51
169.3710,7060,722,447,784,459,38
169.3957,7061,718,447,786,459,33
169.4230,7062,738,445,784,462,57
169.4464,7063,738,445,784,462,57
169.4726,7064,747,437,776,471,45
169.5506,7067,737,432,781,466,73
169.5762,7068,730,441,780,470,67
169.6023,7069,723,451,781,473,66
169.6285,7070,704,452,748,500,72
169.6556,7071,704,452,748,500,72
169.7073,7073,653,502,717,514,38
169.7570,7075,644,497,667,559,62
169.7822,7076,646,532,658,583,46
169.8089,7077,646,532,658,583,46
169.8348,7078,646,552,668,600,70
169.8618,7079,646,552,668,600,70
169.8872,7080,646,562,678,608,75
169.9138,7081,647,566,685,614,73
169.9406,7082,647,572,691,620,75
169.9666,7083,649,580,695,622,75
169.9924,7084,649,580,695,622,75
170.0169,7085,655,580,697,616,55
170.0428,7086,666,586,696,620,70
170.0683,7087,666,586,696,620,70
170.0960,7088,676,576,696,624,60
170.1213,7089,683,568,699,620,56
170.1477,7090,686,561,702,619,63
170.1734,7091,686,554,704,614,67
170.1976,7092,686,554,704,614,67
170.2239,7093,686,548,706,610,70
170.2499,7094,686,548,706,610,70
170.2766,7095,688,539,710,600,73
170.3003,7096,689,534,711,597,72
170.3268,7097,689,534,711,597,72
170.3523,7098,690,531,712,595,71
170.3777,7099,691,527,711,587,64
170.4028,7100,691,527,711,587,64
170.4294,7101,694,520,712,576,47
170.4544,7102,691,508,723,566,71
170.4796,7103,689,500,729,554,75
170.5049,7104,693,492,733,544,72
170.5314,7105,693,492,733,544,72
170.5575,7106,706,487,736,537,73
170.5846,7107,710,478,745,528,71
170.6096,7108,724,463,756,517,71
170.6352,7109,724,463,756,517,71
170.6614,7110,724,463,756,517,71
170.6865,7111,737,431,773,497,72
170.7116,7112,741,419,779,492,69
170.7374,7113,741,419,779,492,69
170.7643,7114,747,410,785,480,64
170.7904,7115,756,413,802,435,61
170.8143,7116,763,405,819,431,73
170.8401,7117,770,403,836,431,62
170.8664,7118,770,403,836,431,62
170.8921,7119,784,398,850,412,59
170.9190,7120,786,394,862,412,68
170.9425,7121,808,392,874,408,69
170.9690,7122,817,390,884,406,70
170.9942,7123,817,390,884,406,70
171.0201,7124,824,387,892,405,71
171.0456,7125,824,387,892,405,71
171.0750,7126,824,387,892,405,71
171.1017,7127,833,385,907,403,69
171.1261,7128,842,384,912,402,64
171.1513,7129,849,382,919,400,60
171.1762,7130,856,381,924,400,70
171.2030,7131,856,381,924,400,70
171.2284,7132,864,380,929,399,71
171.2544,7133,865,379,934,399,73
171.2796,7134,868,380,934,400,69
171.3061,7135,894,373,932,405,66
171.3325,7136,894,373,932,405,66
171.3581,7137,902,370,930,416,78
171.3837,7138,902,370,930,416,78
171.4101,7139,895,370,933,430,79
171.4377,7140,886,378,931,440,78
171.4623,7141,878,392,926,448,75
171.4870,7142,871,395,925,455,75
171.5134,7143,863,419,911,454,58
171.5393,7144,863,419,911,454,58
171.5645,7145,850,440,906,452,59
171.5919,7146,832,442,894,454,62
171.6150,7147,818,442,875,454,63
171.6420,7148,804,442,863,454,67
171.6684,7149,804,442,863,454,67
171.6933,7150,790,443,846,453,63
171.7184,7151,769,441,827,457,66
171.7446,7152,769,441,827,457,66
171.7715,7153,748,445,808,459,61
171.7715,7153,817,435,840,453,30
171.7968,7154,731,446,791,463,64
171.8224,7155,719,446,783,466,67
171.8469,7156,718,448,743,488,64
171.8739,7157,718,448,743,488,64
171.9007,7158,716,446,730,502,50
171.9266,7159,712,457,730,516,60
171.9507,7160,708,469,730,527,67
171.9763,7161,704,478,730,537,71
172.0031,7162,704,478,730,537,71
172.0305,7163,701,485,729,545,75
172.0555,7164,698,490,729,551,75
172.0799,7165,698,490,729,551,75
172.1072,7166,696,496,728,558,76
172.1315,7167,694,496,728,564,76
172.1571,7168,692,505,726,569,73
172.1815,7169,692,505,726,569,73
172.2084,7170,690,514,724,574,73
172.2340,7171,688,518,724,578,74
172.2602,7172,687,523,721,582,73
172.2856,7173,685,527,719,585,74
172.3111,7174,685,527,719,585,74
172.3384,7175,684,530,720,590,73
172.3630,7176,683,534,717,592,74
172.3876,7177,681,532,719,596,68
172.4148,7178,681,532,719,596,68
172.4389,7179,680,532,718,598,66
172.4648,7180,678,544,711,602,68
172.4906,7181,677,544,713,604,63
172.5176,7182,677,544,713,604,63
172.5417,7183,676,551,710,607,66
172.5691,7184,674,550,712,610,66
172.5935,7185,671,560,704,606,65
172.6191,7186,663,572,704,602,65
172.6444,7187,663,572,704,602,65
172.6710,7188,657,575,709,601,63
172.6975,7189,653,585,707,601,64
172.6975,7189,694,550,710,596,30
172.7238,7190,650,588,704,602,62
172.7489,7191,650,588,704,602,62
172.7761,7192,648,584,700,602,62
172.8011,7193,654,579,698,607,67
172.8011,7193,700,560,714,590,41
172.8265,7194,660,575,688,613,61
172.8527,7195,660,575,688,613,61
172.8775,7196,664,571,686,617,48
172.9031,7197,664,568,687,618,65
172.9283,7198,664,566,686,618,66
172.9542,7199,664,564,687,618,68
172.9795,7200,664,564,687,618,68
173.0060,7201,665,561,687,618,70
173.0325,7202,666,560,688,618,73
173.0580,7203,666,558,688,616,72
173.0838,7204,666,558,688,616,72
173.1089,7205,666,556,690,616,73
173.1351,7206,665,555,689,615,72
173.1606,7207,666,554,690,614,72
173.1857,7208,666,554,690,614,72
173.2109,7209,668,552,690,612,70
173.2401,7210,669,552,690,612,70
173.2628,7211,670,551,689,609,68
173.2887,7212,671,550,689,608,68
173.3138,7213,671,550,689,608,68
173.3407,7214,671,550,689,608,68
173.3661,7215,671,548,689,607,68
173.3913,7216,672,548,689,608,66
173.4166,7217,672,548,689,608,66
173.4437,7218,671,546,689,606,68
173.4674,7219,672,547,689,607,67
173.4942,7220,672,547,689,607,67
173.5201,7221,671,546,689,606,69
173.5466,7222,671,544,689,606,68
173.5728,7223,672,544,689,606,67
173.5967,7224,671,544,689,606,68
173.6235,7225,671,543,689,605,67
173.6496,7226,671,543,689,605,67
173.6754,7227,671,542,689,604,67
173.7011,7228,671,542,689,604,67
173.7254,7229,671,542,689,604,66
173.7530,7230,671,542,689,604,66
173.7771,7231,672,542,689,604,66
173.8044,7232,671,541,689,603,66
173.8286,7233,671,541,689,603,66
173.8559,7234,671,541,689,603,66
173.8801,7235,672,540,688,602,65
173.9067,7236,672,539,688,600,64
173.9316,7237,672,539,688,601,64
173.9571,7238,672,539,688,601,64
173.9830,7239,673,538,689,600,65
174.0109,7240,672,537,689,599,64
174.0357,7241,673,537,689,598,64
174.0603,7242,672,536,688,598,64
174.0850,7243,672,536,688,598,64
174.1115,7244,673,536,689,597,63
174.1363,7245,673,536,689,596,63
174.1622,7246,673,536,689,596,63
174.1896,7247,672,536,688,596,63
174.2136,7248,673,535,689,596,63
174.2398,7249,673,535,689,596,63
174.2643,7250,672,535,688,595,63
174.2907,7251,672,535,688,595,63
174.3160,7252,673,534,689,596,63
174.3448,7253,672,535,688,595,62
174.3680,7254,673,535,689,596,62
174.3929,7255,672,534,688,594,62
174.4188,7256,672,534,688,594,62
174.4442,7257,672,534,688,594,62
174.4699,7258,672,534,688,594,62
174.4971,7259,673,534,689,594,61
174.5216,7260,673,534,688,594,61
174.5472,7261,674,533,688,594,60
174.5722,7262,674,533,688,593,60
174.5982,7263,674,533,688,593,60
174.6239,7264,674,533,688,593,61
174.6494,7265,674,533,688,593,61
174.6735,7266,674,532,688,594,61
174.7007,7267,674,532,688,595,60
174.7267,7268,674,532,688,595,60
174.7520,7269,674,532,688,593,61
174.7770,7270,674,532,688,594,61
174.8037,7271,674,532,688,594,61
174.8307,7272,674,532,688,594,61
174.8571,7273,674,532,688,592,61
174.8825,7274,674,532,687,592,60
174.9084,7275,674,532,687,592,60
174.9334,7276,674,532,687,592,60
174.9605,7277,674,531,687,593,60
174.9846,7278,674,531,687,593,59
175.0107,7279,674,531,686,592,60
175.0360,7280,674,531,686,592,60
175.0611,7281,674,531,686,592,60
175.0880,7282,674,530,686,592,60
175.1160,7283,674,530,686,592,60
175.1408,7284,674,530,686,592,60
175.1669,7285,674,531,686,591,59
175.1914,7286,674,530,686,592,59
175.2160,7287,674,530,686,590,60
175.2409,7288,674,530,686,591,60
175.2665,7289,674,530,686,591,60
175.2932,7290,674,530,686,590,60
175.3205,7291,674,530,686,592,59
175.3451,7292,674,530,685,590,59
175.3705,7293,674,530,685,590,60
175.3960,7294,674,530,685,590,60
175.4218,7295,674,530,685,590,59
175.4485,7296,674,530,685,590,59
175.4731,7297,674,530,685,590,59
175.5002,7298,674,530,685,590,59
175.5242,7299,674,530,685,591,59
175.5502,7300,674,530,685,592,59
175.5755,7301,674,530,685,590,59
175.6021,7302,674,530,685,590,59
175.6284,7303,674,530,685,590,56
175.6549,7304,674,530,685,590,58
175.6790,7305,674,530,685,592,59
175.7045,7306,674,530,685,591,57
175.7298,7307,674,530,685,591,57
175.7571,7308,674,530,685,590,58
175.7827,7309,674,530,685,590,57
175.8074,7310,674,530,684,590,58
175.8351,7311,674,530,684,590,58
175.8598,7312,674,530,684,590,58
175.8838,7313,674,530,684,591,57
175.9087,7314,674,530,684,591,57
175.9367,7315,674,530,684,590,56
175.9620,7316,674,531,684,591,56
175.9875,7317,674,530,684,592,56
176.0118,7318,674,531,685,591,56
176.0392,7319,674,530,685,592,55
176.0641,7320,674,530,685,592,55
176.0903,7321,674,530,684,590,57
176.1151,7322,674,530,684,591,56
176.1410,7323,674,531,684,591,58
176.1666,7324,674,531,684,591,58
176.1939,7325,674,530,684,592,54
176.2152,7326,674,530,684,592,56
176.2421,7327,674,530,684,592,56
176.2688,7328,674,530,684,592,55
176.2935,7329,674,531,684,591,55
176.3188,7330,674,531,684,591,55
176.3454,7331,674,531,684,591,55
176.3707,7332,674,531,684,591,55
176.3963,7333,674,530,684,590,57
176.4242,7334,674,530,684,592,56
176.4478,7335,674,530,684,592,56
176.4729,7336,674,530,684,592,53
176.4982,7337,674,530,684,592,53
176.5262,7338,674,530,684,592,54
176.5509,7339,674,530,684,592,54
176.5755,7340,674,530,684,592,50
176.6019,7341,674,531,684,591,54
176.6273,7342,674,531,684,591,56
176.6515,7343,674,531,684,591,55
176.6773,7344,674,531,684,591,55
176.7047,7345,674,530,684,590,55
176.7304,7346,674,530,684,592,51
176.7570,7347,674,530,684,592,56
176.7817,7348,674,530,684,592,56
176.8084,7349,674,531,684,592,54
176.8341,7350,674,531,684,592,54
176.8596,7351,674,531,684,591,55
176.8596,7351,679,596,707,625,31
176.8854,7352,674,531,684,591,55
176.8854,7352,679,596,707,625,31
176.9122,7353,674,531,684,591,54
176.9369,7354,674,531,684,591,55
176.9616,7355,674,530,684,592,54
176.9863,7356,674,530,684,590,56
177.0130,7357,674,530,684,590,56
177.0394,7358,674,530,684,590,57
177.0394,7358,679,596,705,625,32
177.0653,7359,674,531,684,591,57
177.0909,7360,674,530,684,590,56
177.1151,7361,674,531,684,590,56
177.1417,7362,674,531,684,590,56
177.1676,7363,674,531,685,591,55
177.1909,7364,674,531,685,591,55
177.2180,7365,674,531,685,591,55
177.2431,7366,674,531,684,591,57
177.2684,7367,674,530,684,590,56
177.2939,7368,674,530,684,590,57
177.3206,7369,674,531,684,591,57
177.3464,7370,674,531,684,591,57
177.3737,7371,673,531,685,592,56
177.3988,7372,674,530,684,590,57
177.3988,7372,678,593,706,622,35
177.4249,7373,674,531,684,591,55
177.4507,7374,674,531,684,591,55
177.4749,7375,674,531,684,591,55
177.5029,7376,674,530,684,592,55
177.5271,7377,674,531,684,591,56
177.5271,7377,678,594,704,624,30
177.5541,7378,674,531,684,591,56
177.5541,7378,678,594,704,624,30
177.5787,7379,674,531,684,591,55
177.6049,7380,674,530,684,592,55
177.6306,7381,673,531,685,591,57
177.6562,7382,673,531,685,591,57
177.6819,7383,673,531,685,591,57
177.7081,7384,673,531,685,592,56
177.7326,7385,673,531,685,591,54
177.7326,7385,678,590,704,622,33
177.7588,7386,674,531,684,591,55
177.7833,7387,673,531,685,591,55
177.8095,7388,673,531,685,591,55
177.8359,7389,674,531,684,591,56
177.8359,7389,678,592,706,624,35
177.8599,7390,673,531,685,591,56
177.8880,7391,673,531,685,591,56
177.9141,7392,673,531,685,591,57
177.9388,7393,673,530,685,592,57
177.9654,7394,674,531,686,593,55
177.9893,7395,674,531,686,593,55
178.0176,7396,674,531,686,591,54
178.0421,7397,674,531,686,593,54
178.0421,7397,678,584,704,620,33
178.0680,7398,673,530,685,592,53
178.0939,7399,673,531,685,593,53
178.1194,7400,673,531,685,593,55
178.1446,7401,673,531,685,593,55
178.1705,7402,674,531,686,591,56
178.1970,7403,673,531,686,592,53
178.2234,7404,673,531,686,592,53
178.2481,7405,673,532,686,592,55
178.2742,7406,673,530,687,592,57
178.2980,7407,673,530,687,592,57
178.3254,7408,673,530,687,592,57
178.3506,7409,673,531,687,593,59
178.3780,7410,672,530,688,592,58
178.4030,7411,673,531,689,597,59
178.4267,7412,672,531,688,593,60
178.4533,7413,672,531,688,593,60
178.4796,7414,672,530,689,594,61
178.5060,7415,672,530,688,592,62
178.5304,7416,672,531,690,595,61
178.5570,7417,672,531,690,595,61
178.5842,7418,671,531,691,595,63
178.6093,7419,672,531,690,593,66
178.6345,7420,672,531,690,593,66
178.6615,7421,672,531,690,593,66
178.6871,7422,670,530,690,594,65
178.7137,7423,671,531,691,594,66
178.7396,7424,670,531,692,593,66
178.7651,7425,671,531,693,597,63
178.7917,7426,671,531,693,597,63
178.8165,7427,671,531,697,604,62
178.8445,7428,670,531,692,593,67
178.8680,7429,670,531,692,593,66
178.8936,7430,670,531,692,593,66
178.9215,7431,670,531,692,593,67
178.9459,7432,670,531,693,593,67
178.9711,7433,670,531,694,596,63
178.9957,7434,670,531,694,596,63
179.0224,7435,670,531,695,598,62
179.0483,7436,670,531,695,598,62
179.0743,7437,669,531,693,594,65
179.0998,7438,669,531,691,591,68
179.1256,7439,669,531,691,591,68
179.1514,7440,669,530,693,594,68
179.1772,7441,670,531,692,593,67
179.2021,7442,669,531,693,596,65
179.2274,7443,669,531,693,595,67
179.2546,7444,669,531,693,595,67
179.2802,7445,669,530,697,606,63
179.3053,7446,669,530,694,598,65
179.3313,7447,669,530,694,598,65
179.3549,7448,669,530,694,598,66
179.3824,7449,669,530,693,594,67
179.4071,7450,670,530,694,596,65
179.4325,7451,670,530,694,596,65
179.4586,7452,670,530,694,596,65
179.4847,7453,669,530,695,596,65
179.5109,7454,668,530,694,598,63
179.5374,7455,668,530,694,598,63
179.5628,7456,668,530,694,596,67
179.5882,7457,668,530,694,596,67
179.6137,7458,669,531,693,595,67
179.6397,7459,669,531,693,595,67
179.6650,7460,669,531,703,613,64
179.6922,7461,668,531,702,612,61
179.7176,7462,668,530,702,612,60
179.7426,7463,668,531,700,609,61
179.7674,7464,669,530,699,608,61
179.7969,7465,669,530,699,608,61
179.8202,7466,668,531,702,611,64
179.8445,7467,668,531,702,611,64
179.8706,7468,668,532,703,612,60
179.8956,7469,668,531,704,613,63
179.9214,7470,668,531,704,613,63
179.9473,7471,668,531,702,611,63
179.9735,7472,668,531,702,611,63
179.9981,7473,667,531,701,609,61
180.0251,7474,666,531,696,599,64
180.0499,7475,666,532,704,614,66
180.0744,7476,666,532,706,616,63
180.0995,7477,666,532,706,616,63
180.1264,7478,667,531,705,613,62
180.1547,7479,666,532,706,610,67
180.1778,7480,666,531,704,611,64
180.2040,7481,666,531,706,611,65
180.2281,7482,666,531,706,611,65
180.2559,7483,666,531,706,611,65
180.2800,7484,666,531,706,609,68
180.3065,7485,666,531,706,609,68
180.3310,7486,666,531,706,609,66
180.3597,7487,666,532,706,610,70
180.3831,7488,665,531,705,609,71
180.4095,7489,664,532,706,611,71
180.4346,7490,664,532,706,611,71
180.4603,7491,665,532,705,607,70
180.4867,7492,665,532,705,606,69
180.5105,7493,665,532,705,606,68
180.5367,7494,664,532,704,605,70
180.5628,7495,664,532,704,605,70
180.5882,7496,664,531,704,603,69
180.6141,7497,664,531,704,603,69
180.6401,7498,665,532,705,606,66
180.6648,7499,664,532,706,608,70
180.6909,7500,664,532,706,609,72
180.7150,7501,664,532,706,610,73
180.7416,7502,664,532,706,610,73
180.7669,7503,664,532,706,610,72
180.7937,7504,664,532,706,608,69
180.8188,7505,664,532,705,608,72
180.8433,7506,664,533,706,609,71
180.8700,7507,664,533,706,609,71
180.8953,7508,664,532,708,612,70
180.9204,7509,664,532,707,612,66
180.9454,7510,664,533,707,611,72
180.9718,7511,664,533,707,611,72
180.9983,7512,664,533,708,611,71
181.0217,7513,664,534,706,610,71
181.0477,7514,664,534,706,611,71
181.0737,7515,664,534,706,611,71
181.0993,7516,664,534,706,609,72
181.1273,7517,663,534,707,609,74
181.1519,7518,662,534,706,608,73
181.1769,7519,663,534,707,609,73
181.2027,7520,663,534,707,609,73
181.2283,7521,662,534,708,610,73
181.2541,7522,662,535,706,607,72
181.2789,7523,663,534,707,610,72
181.3055,7524,663,534,707,610,72
181.3307,7525,662,535,706,606,72
181.3554,7526,662,535,707,607,75
181.3817,7527,662,535,707,607,75
181.4085,7528,662,535,706,607,75
181.4340,7529,662,535,708,609,74
181.4613,7530,661,534,707,610,72
181.4841,7531,662,535,708,611,71
181.5097,7532,662,535,708,611,71
181.5362,7533,662,535,708,609,72
181.5632,7534,662,535,708,608,74
181.5873,7535,661,535,707,608,76
181.6146,7536,661,536,707,608,74
181.6413,7537,661,536,707,608,74
181.6666,7538,661,535,707,607,75
181.6917,7539,661,535,708,609,73
181.7179,7540,661,535,708,609,73
181.7443,7541,661,536,707,608,74
181.7700,7542,661,536,707,606,72
181.7963,7543,661,536,707,608,72
181.8216,7544,661,536,707,608,73
181.8475,7545,660,536,708,608,74
181.8742,7546,660,536,708,608,74
181.9007,7547,660,536,708,608,75
181.9265,7548,660,535,708,609,74
181.9515,7549,660,536,708,608,73
181.9778,7550,660,536,708,608,73
182.0027,7551,660,536,708,610,73
182.0277,7552,660,536,708,609,74
182.0540,7553,660,536,708,609,74
182.0802,7554,660,536,708,609,72
182.1068,7555,660,535,708,609,73
182.1317,7556,660,536,708,610,74
182.1577,7557,660,536,708,608,73
182.1827,7558,660,536,708,608,73
182.2093,7559,660,536,708,609,72
182.2360,7560,660,536,708,608,75
182.2609,7561,660,536,708,608,74
182.2862,7562,660,536,708,608,72
182.3118,7563,660,536,708,608,72
182.3368,7564,660,537,708,609,73
182.3613,7565,660,536,708,608,74
182.3875,7566,660,536,708,608,74
182.4147,7567,660,537,710,612,74
182.4401,7568,661,537,709,612,75
182.4663,7569,660,537,710,611,75
182.4911,7570,660,536,708,610,75
182.5165,7571,660,536,708,610,75
182.5435,7572,660,537,710,612,74
182.5698,7573,660,536,710,612,76
182.5941,7574,660,536,710,612,76
182.6197,7575,660,537,710,611,76
182.6464,7576,660,537,710,611,76
182.6730,7577,660,537,710,612,75
182.6965,7578,660,537,710,613,76
182.7231,7579,660,537,710,613,76
182.7489,7580,660,536,708,608,73
182.7753,7581,660,536,708,608,74
182.7994,7582,659,537,709,609,75
182.8245,7583,659,536,709,610,74
182.8524,7584,659,536,709,610,74
182.8764,7585,660,537,710,613,73
182.9021,7586,659,537,710,613,74
182.9266,7587,660,537,710,611,72
182.9524,7588,659,537,709,609,73
182.9782,7589,659,537,709,609,73
183.0053,7590,660,537,710,614,74
183.0308,7591,660,537,710,614,74
183.0574,7592,659,537,710,611,73
183.0819,7593,660,537,710,613,74
183.1079,7594,659,536,709,612,72
183.1317,7595,659,536,710,612,71
183.1590,7596,659,536,710,612,71
183.1849,7597,659,537,710,611,72
183.2101,7598,659,537,709,610,72
183.2363,7599,659,537,709,611,71
183.2612,7600,660,536,710,614,73
183.2873,7601,660,536,710,612,71
183.3132,7602,660,536,710,612,71
183.3395,7603,659,537,711,611,72
183.3643,7604,659,537,711,611,72
183.3918,7605,659,537,711,615,70
183.4172,7606,659,537,711,615,70
183.4423,7607,659,537,711,615,70
183.4685,7608,659,536,711,612,72
183.4943,7609,659,536,711,612,72
183.5191,7610,659,536,711,612,72
183.5458,7611,658,536,712,614,71
183.5721,7612,660,537,710,611,72
183.5966,7613,660,537,710,615,73
183.6222,7614,660,537,710,615,73
183.6471,7615,659,538,711,616,71
183.6725,7616,658,538,710,614,66
183.6990,7617,658,538,710,614,66
183.7252,7618,658,538,712,614,67
183.7519,7619,657,538,711,614,62
183.7760,7620,657,537,711,613,69
183.8021,7621,656,537,708,611,64
183.8269,7622,656,537,708,611,64
183.8533,7623,656,537,708,611,64
183.8794,7624,656,538,707,606,74
183.9057,7625,656,538,706,607,72
183.9302,7626,656,538,706,606,74
183.9574,7627,656,538,706,606,74
183.9823,7628,656,538,706,604,71
184.0122,7629,658,538,706,603,71
184.0352,7630,658,538,706,603,71
184.0611,7631,661,537,705,599,67
184.0887,7632,662,535,703,593,61
184.1135,7633,664,533,698,589,58
184.1385,7634,664,532,688,589,54
184.1654,7635,664,532,688,589,54
184.1928,7636,666,531,682,587,54
184.2166,7637,691,588,715,608,37
184.2166,7637,667,530,681,588,32
184.2427,7638,691,588,715,608,37
184.2427,7638,667,530,681,588,32
184.2686,7639,675,588,713,602,37
184.2941,7640,675,588,713,602,37
184.3203,7641,673,587,713,599,39
184.3983,7644,672,584,710,598,38
184.4475,7646,669,564,699,598,41
184.4724,7647,670,570,698,598,44
184.4996,7648,670,570,698,598,44
184.5242,7649,670,572,696,600,47
184.6010,7652,670,578,696,602,31
184.6279,7653,670,578,696,602,31
184.6554,7654,670,578,696,602,31
184.6803,7655,670,578,696,602,31
184.7602,7658,670,581,696,603,34
184.7602,7658,669,516,681,576,31
184.7830,7659,670,516,682,575,34
184.7830,7659,670,575,695,603,31
184.8087,7660,670,516,682,575,34
184.8087,7660,670,575,695,603,31
184.8347,7661,670,516,682,576,37
184.8608,7662,670,516,682,576,44
184.8608,7662,670,575,696,605,39
184.8872,7663,670,516,682,574,46
184.8872,7663,670,577,696,607,42
184.9127,7664,669,576,697,608,52
184.9127,7664,669,516,682,574,49
184.9388,7665,669,576,696,608,53
184.9388,7665,670,516,682,574,50
184.9658,7666,669,576,696,608,53
184.9658,7666,670,516,682,574,50
184.9902,7667,670,582,696,608,52
184.9902,7667,670,516,682,573,52
185.0159,7668,670,515,682,573,54
185.0159,7668,670,577,696,607,51
185.0427,7669,670,515,682,573,54
185.0427,7669,670,577,696,607,51
185.0673,7670,670,515,682,573,54
185.0673,7670,670,577,696,607,51
185.0926,7671,669,516,683,574,57
185.0926,7671,670,576,694,608,44
185.1183,7672,670,516,682,574,56
185.1183,7672,670,582,693,608,41
185.1443,7673,670,515,683,573,58
185.1443,7673,670,579,692,608,50
185.1689,7674,670,515,683,573,58
185.1689,7674,670,579,692,608,50
185.1950,7675,670,515,683,573,57
185.1950,7675,670,574,692,606,46
185.2213,7676,670,514,683,574,58
185.2213,7676,669,571,691,607,40
185.2450,7677,671,514,683,574,59
185.2705,7678,670,515,683,573,59
185.2705,7678,670,571,692,607,32
185.2974,7679,670,515,683,573,59
185.2974,7679,670,571,692,607,32
185.3236,7680,671,514,683,574,59
185.3236,7680,670,570,690,608,30
185.3486,7681,672,514,684,574,60
185.3738,7682,671,514,684,574,61
185.4020,7683,671,514,684,574,61
185.4246,7684,670,514,684,574,62
185.4498,7685,670,514,684,572,61
185.4498,7685,670,559,688,609,30
185.4768,7686,670,514,684,572,61
185.4768,7686,670,559,688,609,30
185.5039,7687,670,514,684,572,61
185.5039,7687,670,565,692,608,34
185.5297,7688,671,513,685,572,60
185.5562,7689,671,513,685,571,61
185.5562,7689,670,568,690,608,38
185.5806,7690,671,514,685,572,61
185.5806,7690,670,563,691,607,37
185.6074,7691,671,514,685,572,61
185.6074,7691,670,563,691,607,37
185.6337,7692,672,514,685,572,61
185.6597,7693,671,514,685,572,62
185.6850,7694,671,513,685,573,64
185.7097,7695,672,513,686,571,63
185.7378,7696,672,513,686,571,63
185.7618,7697,672,512,686,572,63
185.7870,7698,672,513,686,571,63
185.7870,7698,672,559,692,605,32
185.8137,7699,672,513,686,571,63
185.8137,7699,672,559,692,605,32
185.8392,7700,672,513,686,571,62
185.8641,7701,672,513,686,571,62
185.8904,7702,672,512,686,570,62
185.9151,7703,672,513,686,571,63
185.9416,7704,672,513,686,571,63
185.9685,7705,672,512,686,572,63
185.9937,7706,672,512,686,570,62
186.0199,7707,672,512,686,570,62
186.0458,7708,672,512,686,572,62
186.0723,7709,672,512,686,572,62
186.0978,7710,672,511,686,571,63
186.1228,7711,672,511,686,570,62
186.1480,7712,672,511,686,570,62
186.1745,7713,672,511,686,570,63
186.2011,7714,673,511,686,569,62
186.2258,7715,673,511,686,569,63
186.2514,7716,672,511,686,569,63
186.2778,7717,672,511,686,569,63
186.3043,7718,673,510,686,570,63
186.3303,7719,673,511,686,570,63
186.3564,7720,673,511,686,569,62
186.3805,7721,673,510,686,570,63
186.4074,7722,673,510,686,570,63
186.4323,7723,673,511,686,571,62
186.4579,7724,673,510,686,570,64
186.4839,7725,673,510,686,570,64
186.5128,7726,672,511,686,568,61
186.5358,7727,670,511,688,560,67
186.5608,7728,668,508,688,558,73
186.5868,7729,665,505,688,559,73
186.6138,7730,665,505,688,559,73
186.6395,7731,664,502,688,558,75
186.6669,7732,662,500,688,558,75
186.6916,7733,660,498,688,558,75
186.7173,7734,659,495,687,557,74
186.7436,7735,659,495,687,557,74
186.7689,7736,659,494,685,554,72
186.7946,7737,658,492,683,550,72
186.8220,7738,658,492,683,550,72
186.8469,7739,658,490,682,548,72
186.8741,7740,657,489,681,545,73
186.8984,7741,656,488,680,546,73
186.9240,7742,656,486,680,546,73
186.9506,7743,656,486,680,546,73
186.9759,7744,656,485,679,545,72
187.0006,7745,655,484,679,546,72
187.0269,7746,655,483,681,552,66
187.0522,7747,654,482,680,550,69
187.0764,7748,654,482,680,550,69
187.1035,7749,654,482,680,551,66
187.1286,7750,654,482,678,544,69
187.1543,7751,654,482,678,544,69
187.1822,7752,654,480,678,545,67
187.2066,7753,654,480,680,548,68
187.2321,7754,653,478,679,546,69
187.2594,7755,652,479,678,545,66
187.2826,7756,652,479,678,545,66
187.3088,7757,653,478,679,544,70
187.3364,7758,652,477,678,544,68
187.3600,7759,652,477,678,544,68
187.3841,7760,652,477,678,544,68
187.4107,7761,652,476,678,546,66
187.4372,7762,651,476,677,544,68
187.4631,7763,652,476,676,542,68
187.4894,7764,652,476,676,542,68
187.5140,7765,652,476,676,542,68
187.5417,7766,651,475,675,541,68
187.5653,7767,651,475,676,543,65
187.5916,7768,651,475,676,543,65
187.6184,7769,651,474,677,544,64
187.6440,7770,651,474,675,540,66
187.6688,7771,650,474,674,540,65
187.6946,7772,650,473,674,539,64
187.7197,7773,650,474,675,542,62
187.7460,7774,650,474,675,542,62
187.7733,7775,650,473,674,539,63
187.7980,7776,650,473,674,539,63
187.8257,7777,649,472,673,536,65
187.8523,7778,650,473,672,535,67
187.8775,7779,649,472,675,540,65
187.9021,7780,649,472,675,540,65
187.9283,7781,648,472,676,539,68
187.9535,7782,648,472,676,539,68
187.9809,7783,648,471,676,537,68
188.0083,7784,648,471,676,538,69
188.0327,7785,648,471,676,541,70
188.0589,7786,648,470,674,536,70
188.0846,7787,648,470,674,536,70
188.1100,7788,648,470,676,538,71
188.1356,7789,648,470,676,538,70
188.1621,7790,648,470,676,538,70
188.1868,7791,648,470,674,536,70
188.2123,7792,648,470,674,534,71
188.2373,7793,648,470,674,534,71
188.2632,7794,648,470,674,534,71
188.2895,7795,648,470,674,534,70
188.3167,7796,647,470,672,530,69
188.3407,7797,647,470,673,532,70
188.3659,7798,647,470,673,534,70
188.3919,7799,647,470,673,534,69
188.4181,7800,647,470,673,534,69
188.4446,7801,646,469,672,531,70
188.4688,7802,647,469,673,533,70
188.4962,7803,647,469,673,533,70
188.5233,7804,647,469,673,533,70
188.5473,7805,646,469,673,533,70
188.5730,7806,646,469,672,531,70
188.5990,7807,646,469,672,531,70
188.6243,7808,646,469,672,529,70
188.6500,7809,646,469,672,529,70
188.6765,7810,646,468,672,532,67
188.7004,7811,646,468,672,534,68
188.7261,7812,646,468,672,534,68
188.7531,7813,646,467,672,531,68
188.7786,7814,645,468,671,528,68
188.8039,7815,645,468,671,528,68
188.8296,7816,645,468,671,528,68
188.8554,7817,645,468,671,530,69
188.8806,7818,645,467,673,531,70
188.9065,7819,644,467,674,537,69
188.9318,7820,644,467,674,537,69
188.9577,7821,644,467,672,533,66
188.9837,7822,644,467,672,533,64
189.0080,7823,644,467,674,536,65
189.0334,7824,644,467,674,536,65
189.0590,7825,644,467,674,536,65
189.0864,7826,644,466,672,532,65
189.1112,7827,644,466,672,532,70
189.1365,7828,645,466,673,532,68
189.1637,7829,645,466,673,532,68
189.1897,7830,644,466,674,534,68
189.2145,7831,644,467,672,533,69
189.2413,7832,644,467,672,533,69
189.2699,7833,644,468,672,540,57
189.2933,7834,642,468,672,532,67
189.3187,7835,641,468,672,524,70
189.3437,7836,640,467,674,526,72
189.3682,7837,640,468,674,526,72
189.3936,7838,640,468,674,526,72
189.4198,7839,640,467,674,527,74
189.4459,7840,640,467,674,527,74
189.4706,7841,640,467,676,527,74
189.4961,7842,640,467,676,527,74
189.5230,7843,640,468,676,530,73
189.5459,7844,639,468,675,526,72
189.5710,7845,639,468,675,526,72
189.5970,7846,639,467,675,525,73
189.6231,7847,638,467,676,527,71
189.6478,7848,639,467,675,525,72
189.6749,7849,638,466,676,526,71
189.7006,7850,638,466,676,526,71
189.7270,7851,638,466,676,528,71
189.7525,7852,638,467,676,524,71
189.7779,7853,638,466,676,524,72
189.8043,7854,638,467,676,524,71
189.8302,7855,638,467,676,524,71
189.8554,7856,638,467,676,524,71
189.8800,7857,638,467,676,524,71
189.9073,7858,638,467,676,522,71
189.9326,7859,638,467,676,523,73
189.9594,7860,638,466,676,524,72
189.9852,7861,638,467,677,527,72
190.0106,7862,638,466,676,524,72
190.0357,7863,638,466,676,524,72
190.0613,7864,638,467,676,525,72
190.0872,7865,638,466,676,525,73
190.1127,7866,638,468,673,518,75
190.1382,7867,633,473,673,509,73
190.1644,7868,633,473,673,509,73
190.1891,7869,628,472,676,506,78
190.2137,7870,628,472,676,506,78
190.2394,7871,625,468,677,508,77
190.2664,7872,620,467,676,509,77
190.2900,7873,617,466,678,516,75
190.3154,7874,614,466,678,518,68
190.3431,7875,614,466,678,518,68
190.3669,7876,612,465,676,515,31
190.5227,7882,600,459,666,495,30
190.5477,7883,600,459,666,495,30
190.5750,7884,600,458,668,494,45
190.6004,7885,598,458,668,494,49
190.6259,7886,596,457,671,497,53
190.6512,7887,595,456,672,496,47
190.6766,7888,595,456,672,496,47
190.7018,7889,594,456,670,494,56
190.7280,7890,593,455,675,497,58
190.7528,7891,592,455,667,493,58
190.7775,7892,590,454,670,494,61
190.8039,7893,590,454,670,494,61
190.8297,7894,590,454,670,494,59
190.8572,7895,588,454,670,492,69
190.8815,7896,588,454,670,492,69
190.9072,7897,588,453,668,491,70
190.9340,7898,587,452,667,490,68
190.9593,7899,586,453,668,489,64
190.9830,7900,585,452,665,488,66
191.0109,7901,585,452,665,488,66
191.0384,7902,584,452,668,488,66
191.0634,7903,584,452,670,488,70
191.0877,7904,583,452,671,489,73
191.1139,7905,582,452,670,488,73
191.1384,7906,582,452,670,488,73
191.1635,7907,582,452,668,486,74
191.1899,7908,581,451,668,485,75
191.2157,7909,581,451,668,485,75
191.2416,7910,580,451,668,485,71
191.2666,7911,580,451,665,484,77
191.2916,7912,580,450,665,484,75
191.3175,7913,580,450,665,484,75
191.3431,7914,579,450,665,484,77
191.3681,7915,579,450,666,484,77
191.3939,7916,578,450,666,484,76
191.4185,7917,578,450,666,482,77
191.4440,7918,578,450,666,482,77
191.4705,7919,577,450,664,482,76
191.4969,7920,577,449,667,483,76
191.5230,7921,576,450,665,482,74
191.5478,7922,576,450,665,482,74
191.5745,7923,576,449,662,481,77
191.5987,7924,576,449,662,481,75
191.6247,7925,575,449,661,481,74
191.6504,7926,575,449,661,481,74
191.6754,7927,574,448,660,480,76
191.7031,7928,574,448,655,480,75
191.7277,7929,562,452,610,472,72
191.7549,7930,550,448,610,476,74
191.7803,7931,550,448,610,476,74
191.8060,7932,536,449,606,478,67
191.8323,7933,523,463,589,479,39
191.8562,7934,514,465,578,481,54
191.8820,7935,507,466,564,480,61
191.9084,7936,507,466,564,480,61
191.9344,7937,501,468,561,480,64
191.9591,7938,495,468,556,480,64
191.9859,7939,495,468,556,480,64
192.0108,7940,489,468,549,480,63
192.0383,7941,484,468,546,480,62
192.0621,7942,481,468,534,482,66
192.0877,7943,470,468,522,482,60
192.1157,7944,470,468,522,482,60
192.1444,7945,456,472,514,482,62
192.1684,7946,442,472,501,482,63
192.1940,7947,432,472,488,482,61
192.2198,7948,424,473,478,483,63
192.2456,7949,424,473,478,483,63
192.2694,7950,415,473,468,483,59
192.2955,7951,415,473,468,483,59
192.3217,7952,407,473,462,483,47
192.3727,7954,393,474,443,484,35
192.4003,7955,387,474,435,484,36
192.4258,7956,382,472,435,484,64
192.4521,7957,382,472,435,484,64
192.4763,7958,376,468,422,486,75
192.5033,7959,359,470,419,484,62
192.5274,7960,345,467,414,481,65
192.5545,7961,334,466,415,480,65
192.5796,7962,334,466,415,480,65
192.6063,7963,322,465,398,479,62
192.6312,7964,313,465,396,479,61
192.6587,7965,313,465,396,479,61
192.6834,7966,304,462,364,474,45
192.7096,7967,297,462,357,474,52
192.7361,7968,289,462,352,474,52
192.7614,7969,284,462,352,474,58
192.7872,7970,284,462,352,474,58
192.8167,7971,277,462,349,473,56
192.8394,7972,272,462,340,472,54
192.8638,7973,266,462,330,472,51
192.8889,7974,261,462,328,472,56
192.9156,7975,261,462,328,472,56
192.9406,7976,256,462,326,472,58
192.9665,7977,252,460,317,472,59
192.9926,7978,252,460,317,472,59
193.0181,7979,247,460,313,472,61
193.0444,7980,247,460,313,472,61
193.0706,7981,240,460,310,472,59
193.0961,7982,236,460,301,472,59
193.1228,7983,236,460,301,472,59
193.1494,7984,233,460,296,472,62
193.1766,7985,229,460,293,472,61
193.2005,7986,226,459,289,471,60
193.2260,7987,224,460,286,470,58
193.2518,7988,224,460,286,470,58
193.2778,7989,221,460,280,470,58
193.3021,7990,218,460,278,470,61
193.3283,7991,218,460,278,470,61
193.3551,7992,216,460,277,470,62
193.3811,7993,214,460,271,470,57
193.4063,7994,211,460,268,470,54
193.4351,7995,211,460,268,470,54
193.4575,7996,211,460,268,470,54
193.4846,7997,208,459,262,469,36
193.5110,7998,207,458,264,470,52
193.5347,7999,209,450,262,472,66
193.5347,7999,178,450,188,478,34
193.5607,8000,212,446,258,476,70
193.5607,8000,228,460,294,474,34
193.5869,8001,212,446,258,476,70
193.5869,8001,228,460,294,474,34
193.6125,8002,214,440,252,480,72
193.6125,8002,262,457,289,475,32
193.6385,8003,214,440,252,480,72
193.6385,8003,262,457,289,475,32
193.6650,8004,216,438,248,484,75
193.6650,8004,240,452,279,482,53
193.6903,8005,218,436,241,486,64
193.6903,8005,240,454,276,486,62
193.7152,8006,237,455,272,487,64
193.7152,8006,219,435,242,487,52
193.7408,8007,228,454,266,488,60
193.7408,8007,221,434,246,488,39
193.7674,8008,226,456,262,487,62
193.7939,8009,226,456,262,487,62
193.8185,8010,225,459,261,487,64
193.8460,8011,225,459,261,487,64
193.8727,8012,226,466,262,487,64
193.8959,8013,225,470,262,488,65
193.9216,8014,225,470,262,488,65
193.9500,8015,222,473,262,489,60
193.9500,8015,219,436,258,488,37
193.9743,8016,222,473,262,489,60
193.9743,8016,219,436,258,488,37
194.0015,8017,220,474,261,490,48
194.0523,8019,215,425,237,475,62
194.0778,8020,209,429,247,465,70
194.0778,8020,177,431,188,469,49
194.1031,8021,207,429,255,465,65
194.1031,8021,176,432,190,468,58
194.1292,8022,207,429,255,465,65
194.1292,8022,176,432,190,468,58
194.1566,8023,206,428,262,470,72
194.1566,8023,176,430,189,467,33
194.1809,8024,207,426,268,470,70
194.2074,8025,206,426,272,468,70
194.2326,8026,206,426,272,468,70
194.2597,8027,206,426,272,468,70
194.2840,8028,205,423,280,467,71
194.3105,8029,205,423,280,467,71
194.3369,8030,205,423,282,465,73
194.3627,8031,204,421,285,463,75
194.3866,8032,207,420,288,460,75
194.4130,8033,208,420,290,458,77
194.4386,8034,208,420,290,458,77
194.4636,8035,206,419,291,458,78
194.4904,8036,208,418,293,456,78
194.5161,8037,209,418,296,456,78
194.5413,8038,212,417,297,455,78
194.5669,8039,215,416,299,454,78
194.5916,8040,215,416,299,454,78
194.6177,8041,217,416,300,454,78
194.6440,8042,217,416,300,454,78
194.6712,8043,217,416,300,454,78
194.6960,8044,220,414,304,454,77
194.7223,8045,220,414,305,454,77
194.7470,8046,223,413,307,453,77
194.7743,8047,223,413,307,453,77
194.8014,8048,226,412,308,452,79
194.8264,8049,226,412,309,450,79
194.8509,8050,229,411,310,449,79
194.8761,8051,228,411,311,451,79
194.9015,8052,228,410,312,450,78
194.9289,8053,228,410,312,450,78
194.9540,8054,231,410,312,448,79
194.9797,8055,231,410,312,448,79
195.0066,8056,230,410,313,449,78
195.0330,8057,231,410,314,450,78
195.0579,8058,232,410,315,448,78
195.0838,8059,234,409,316,447,77
195.1088,8060,234,409,316,447,77
195.1346,8061,234,408,317,446,75
195.1616,8062,236,408,318,444,75
195.1854,8063,239,406,320,442,75
195.2113,8064,238,406,320,444,74
195.2368,8065,238,406,320,444,74
195.2625,8066,241,406,321,442,74
195.2897,8067,241,406,322,440,74
195.3133,8068,242,406,323,438,75
195.3411,8069,242,406,323,438,75
195.3655,8070,240,406,322,442,75
195.3904,8071,240,406,323,440,76
195.4159,8072,240,405,325,441,75
195.4424,8073,240,405,325,441,75
195.4682,8074,240,405,325,441,76
195.4950,8075,241,405,326,440,76
195.5199,8076,241,405,327,439,77
195.5481,8077,241,404,328,439,77
195.5730,8078,241,404,328,439,77
195.6002,8079,242,404,328,438,76
195.6253,8080,241,404,329,440,76
195.6503,8081,242,404,329,438,76
195.6766,8082,242,404,329,438,76
195.7021,8083,242,404,330,438,77
195.7278,8084,246,403,331,433,75
195.7535,8085,244,403,331,433,74
195.7789,8086,244,403,331,433,74
195.8071,8087,244,403,332,434,75
195.8321,8088,244,403,332,433,75
195.8572,8089,248,402,333,430,74
195.8822,8090,245,402,333,432,75
195.9083,8091,245,402,333,432,75
195.9330,8092,244,402,334,432,75
195.9630,8093,245,402,334,432,75
195.9846,8094,244,402,334,432,77
196.0104,8095,244,402,334,432,77
196.0362,8096,244,402,335,431,75
196.0627,8097,246,402,336,430,74
196.0867,8098,246,402,336,430,74
196.1133,8099,246,402,336,430,76
196.1393,8100,250,402,336,428,75
196.1658,8101,247,402,336,430,76
196.1906,8102,250,402,337,428,75
196.2164,8103,251,402,337,426,75
196.2417,8104,251,402,337,426,75
196.2676,8105,250,402,337,426,75
196.2946,8106,251,402,338,426,76
196.3184,8107,255,402,338,424,75
196.3443,8108,255,402,338,424,75
196.3704,8109,252,402,338,426,76
196.3947,8110,251,402,338,426,76
196.4218,8111,251,402,338,426,76
196.4470,8112,252,401,339,427,77
196.4727,8113,251,401,339,427,77
196.4982,8114,252,401,339,427,77
196.5228,8115,252,402,340,426,77
196.5486,8116,252,402,340,426,77
196.5776,8117,252,402,340,427,77
196.6041,8118,254,402,340,426,76
196.6308,8119,253,402,340,427,77
196.6547,8120,254,402,341,426,77
196.6801,8121,254,402,341,426,77
196.7046,8122,254,402,341,426,76
196.7316,8123,254,402,341,426,76
196.7570,8124,254,402,341,426,76
196.7829,8125,255,402,342,425,75
196.8096,8126,254,402,342,425,76
196.8358,8127,254,402,342,426,76
196.8616,8128,254,402,342,426,76
196.8879,8129,254,402,342,426,76
196.9125,8130,254,402,343,424,76
196.9395,8131,255,402,343,424,75
196.9639,8132,255,402,343,424,76
196.9902,8133,257,402,343,422,74
197.0152,8134,257,402,343,422,74
197.0413,8135,257,402,343,422,74
197.0652,8136,257,402,343,422,73
197.0915,8137,257,402,343,422,73
197.1162,8138,257,402,344,422,72
197.1441,8139,261,402,344,421,71
197.1682,8140,258,403,344,421,71
197.1934,8141,258,402,344,422,70
197.2204,8142,258,402,344,422,70
197.2464,8143,261,403,344,421,68
197.2719,8144,259,402,344,422,71
197.2971,8145,260,403,345,421,67
197.3224,8146,258,402,345,422,72
197.3482,8147,258,402,345,422,72
197.3745,8148,259,402,346,422,68
197.4005,8149,259,402,346,422,68
197.4257,8150,260,403,346,421,65
197.4522,8151,256,403,346,423,65
197.4768,8152,256,403,346,423,64
197.5023,8153,256,403,346,423,64
197.5279,8154,256,403,346,423,64
197.5531,8155,262,402,347,420,62
197.5806,8156,267,403,347,419,60
197.6069,8157,257,404,346,422,62
197.6302,8158,256,403,346,423,63
197.6586,8159,257,404,346,422,62
197.6824,8160,257,404,346,422,62
197.7086,8161,268,403,348,419,59
197.7086,8161,252,409,326,425,33
197.7342,8162,268,403,348,419,59
197.7342,8162,252,409,326,425,33
197.7597,8163,256,403,347,421,61
197.7869,8164,256,404,347,422,60
197.8102,8165,265,403,348,418,57
197.8356,8166,265,403,348,418,57
197.8668,8167,265,403,348,418,57
197.8934,8168,255,404,347,422,59
197.9184,8169,266,404,348,418,59
197.9436,8170,268,404,349,418,57
197.9691,8171,266,404,349,418,58
197.9942,8172,266,404,349,418,58
198.0204,8173,266,404,349,418,58
198.0464,8174,266,404,349,418,55
198.0717,8175,266,404,349,418,55
198.0982,8176,269,404,349,418,54
198.1234,8177,276,404,348,417,56
198.1505,8178,271,404,348,418,53
198.1753,8179,272,405,349,417,52
198.2010,8180,272,405,349,417,52
198.2262,8181,276,405,349,417,52
198.2525,8182,276,405,349,417,52
198.2797,8183,261,406,348,420,57
198.3033,8184,261,406,348,420,56
198.3284,8185,260,406,348,420,54
198.3546,8186,260,406,348,420,54
198.3803,8187,262,406,348,420,52
198.4052,8188,262,406,348,420,52
198.4329,8189,262,407,348,419,49
198.4580,8190,261,406,348,420,52
198.4836,8191,260,407,348,420,51
198.5077,8192,260,407,348,420,53
198.5343,8193,260,408,348,420,54
198.5593,8194,260,408,348,420,54
198.5866,8195,263,407,348,419,52
198.6107,8196,260,408,348,420,52
198.6365,8197,260,408,348,420,52
198.6626,8198,260,408,348,420,52
198.6896,8199,262,408,348,420,53
198.7140,8200,279,407,350,419,53
198.7140,8200,256,410,300,422,36
198.7412,8201,279,407,350,419,53
198.7412,8201,256,410,300,422,36
198.7660,8202,282,407,350,419,52
198.7660,8202,256,410,300,422,36
198.7939,8203,283,408,350,418,49
198.7939,8203,256,410,299,422,35
198.8181,8204,283,408,350,418,53
198.8432,8205,276,408,350,418,53
198.8682,8206,276,408,350,418,53
198.8948,8207,278,407,351,419,56
198.9226,8208,284,408,350,418,54
198.9226,8208,257,410,297,422,33
198.9462,8209,278,408,350,419,56
198.9716,8210,283,408,351,418,53
198.9981,8211,285,408,351,418,53
199.0250,8212,285,408,351,418,53
199.0498,8213,285,408,351,418,53
199.0751,8214,278,408,351,419,53
199.0751,8214,256,410,311,422,31
199.1023,8215,278,408,351,419,53
199.1023,8215,256,410,311,422,31
199.1266,8216,279,408,351,419,53
199.1517,8217,287,408,351,418,56
199.1766,8218,288,408,352,419,54
199.2018,8219,288,408,352,419,54
199.2271,8220,287,409,351,419,52
199.2532,8221,285,408,351,419,58
199.2784,8222,284,408,351,419,55
199.3041,8223,289,408,351,418,55
199.3300,8224,289,408,351,418,55
199.3593,8225,292,408,352,418,53
199.3830,8226,284,408,351,419,57
199.4083,8227,286,408,352,419,57
199.4329,8228,286,408,352,419,57
199.4592,8229,286,408,352,419,57
199.4849,8230,285,409,352,419,54
199.5100,8231,285,409,352,419,54
199.5359,8232,290,409,352,419,49
199.5626,8233,286,409,352,419,52
199.5877,8234,291,409,352,419,53
199.6158,8235,291,409,352,419,49
199.6410,8236,291,409,352,419,49
199.6651,8237,291,409,352,419,47
199.6908,8238,292,410,352,420,48
199.7178,8239,293,409,352,419,54
199.7424,8240,292,410,353,420,50
199.7680,8241,292,410,353,420,50
199.7934,8242,293,410,352,420,51
199.8194,8243,291,410,352,420,51
199.8431,8244,291,410,352,420,51
199.8708,8245,293,409,352,419,56
199.8957,8246,293,409,352,419,55
199.9210,8247,292,410,352,420,51
199.9466,8248,293,410,353,420,53
199.9737,8249,293,410,353,420,53
199.9985,8250,294,410,353,420,53
200.0249,8251,298,410,353,420,48
200.0508,8252,294,410,353,420,53
200.0764,8253,294,410,353,420,56
200.1017,8254,294,410,353,420,56
200.1271,8255,294,410,353,420,58
200.1506,8256,294,410,353,420,56
200.1766,8257,294,410,353,420,56
200.2039,8258,294,410,353,420,58
200.2296,8259,295,410,353,420,58
200.2547,8260,293,410,353,420,58
200.2796,8261,294,410,354,420,56
200.3061,8262,294,410,354,420,56
200.3347,8263,294,410,354,420,58
200.3593,8264,295,410,353,420,55
200.3833,8265,296,410,354,420,57
200.4095,8266,294,410,354,420,54
200.4349,8267,294,410,354,420,54
200.4591,8268,295,410,354,420,53
200.4853,8269,295,410,354,420,53
200.5152,8270,294,410,354,420,58
200.5390,8271,295,410,354,420,57
200.5636,8272,295,410,353,420,60
200.5894,8273,296,410,354,420,58
200.6159,8274,295,410,354,420,59
200.6422,8275,295,410,354,420,59
200.6677,8276,297,410,354,420,60
200.6951,8277,295,410,354,420,59
200.7205,8278,296,411,354,421,60
200.7468,8279,296,411,354,421,60
200.7729,8280,298,411,354,421,58
200.7968,8281,298,411,354,421,61
200.8236,8282,298,411,354,421,61
200.8483,8283,296,410,354,420,60
200.8746,8284,296,411,354,421,64
200.9003,8285,295,411,354,421,64
200.9262,8286,296,410,354,421,65
200.9524,8287,296,409,353,421,66
200.9774,8288,296,409,353,421,66
201.0053,8289,296,410,354,422,64
201.0289,8290,295,410,354,422,67
201.0542,8291,295,410,354,422,65
201.0792,8292,295,410,354,422,65
201.1067,8293,296,411,354,421,64
201.1320,8294,295,410,354,422,67
201.1567,8295,295,410,354,422,67
201.1818,8296,294,410,354,422,67
201.2090,8297,295,410,354,422,68
201.2326,8298,297,410,354,422,66
201.2586,8299,296,410,354,422,68
201.2842,8300,296,410,354,422,68
201.3097,8301,296,410,354,422,67
201.3355,8302,297,410,354,422,67
201.3618,8303,296,410,354,422,65
201.3888,8304,296,410,354,422,67
201.4128,8305,296,410,354,422,67
201.4390,8306,295,410,354,422,67
201.4645,8307,296,410,354,422,65
201.4901,8308,296,410,354,422,65
201.5162,8309,296,410,354,422,67
201.5412,8310,294,410,354,422,67
201.5659,8311,294,410,354,422,67
201.5907,8312,294,410,354,422,67
201.6182,8313,294,410,354,422,67
201.6428,8314,294,410,354,422,68
201.6714,8315,292,410,354,422,67
201.6966,8316,292,410,354,422,66
201.7226,8317,293,410,354,422,66
201.7464,8318,293,410,354,422,66
201.7732,8319,284,409,354,423,68
201.7989,8320,291,410,354,422,66
201.8278,8321,291,410,354,422,66
201.8533,8322,282,409,353,423,69
201.8801,8323,286,409,353,423,68
201.9060,8324,276,409,353,423,70
201.9297,8325,276,409,353,423,70
201.9580,8326,276,409,353,423,70
201.9844,8327,274,408,354,423,70
202.0105,8328,275,409,354,423,70
202.0347,8329,280,409,353,423,69
202.0601,8330,276,409,353,423,70
202.0854,8331,276,409,353,423,70
202.1110,8332,278,410,353,424,69
202.1371,8333,276,409,353,423,69
202.1634,8334,276,409,353,423,69
202.1892,8335,275,409,353,423,69
202.2137,8336,274,409,353,423,70
202.2402,8337,274,409,353,423,70
202.2663,8338,277,409,354,424,69
202.2910,8339,277,409,354,424,69
202.3201,8340,275,409,354,424,68
202.3437,8341,278,409,354,424,69
202.3687,8342,279,409,353,424,69
202.3928,8343,278,409,354,424,69
202.4189,8344,278,409,354,424,69
202.4477,8345,274,408,354,424,71
202.4717,8346,276,409,354,424,70
202.4955,8347,276,410,354,424,69
202.5239,8348,276,410,354,424,69
202.5495,8349,274,409,353,425,70
202.5727,8350,274,408,354,424,70
202.5987,8351,274,408,354,424,70
202.6256,8352,275,408,354,424,70
202.6539,8353,275,408,354,424,70
202.6772,8354,273,409,354,425,70
202.7022,8355,276,409,354,425,70
202.7264,8356,275,410,354,424,70
202.7521,8357,275,410,354,424,70
202.7809,8358,272,409,354,425,71
202.8059,8359,271,409,353,425,70
202.8298,8360,278,410,354,425,68
202.8556,8361,278,410,354,425,68
202.8827,8362,276,409,353,425,69
202.9061,8363,277,409,353,425,69
202.9326,8364,277,409,353,425,69
202.9596,8365,272,409,354,425,70
202.9855,8366,276,409,353,425,71
203.0112,8367,275,409,353,425,70
203.0371,8368,275,409,353,425,70
203.0622,8369,275,409,353,425,70
203.0897,8370,271,409,353,425,71
203.1163,8371,273,409,353,425,71
203.1410,8372,272,408,354,426,72
203.1657,8373,275,409,353,426,71
203.1918,8374,275,409,353,426,71
203.2178,8375,273,409,353,426,71
203.2419,8376,274,409,353,426,71
203.2693,8377,274,409,353,426,71
203.2961,8378,277,410,352,426,69
203.3219,8379,274,410,353,426,71
203.3455,8380,273,410,353,426,71
203.3718,8381,274,409,353,426,71
203.3968,8382,274,409,353,426,71
203.4242,8383,273,409,354,427,71
203.4485,8384,273,409,354,427,71
203.4754,8385,279,410,354,426,69
203.5010,8386,274,409,354,426,70
203.5279,8387,274,409,354,426,70
203.5539,8388,278,410,354,426,70
203.5780,8389,275,410,353,426,70
203.6035,8390,275,410,353,426,70
203.6302,8391,277,410,353,426,69
203.6572,8392,274,409,354,427,68
203.6831,8393,274,409,354,427,70
203.7084,8394,275,409,354,427,69
203.7340,8395,275,409,354,427,70
203.7593,8396,275,409,354,427,70
203.7872,8397,274,410,354,428,72
203.8127,8398,276,410,354,428,71
203.8370,8399,276,410,354,428,71
203.8632,8400,276,410,354,428,71
203.8888,8401,278,410,354,428,70
203.9141,8402,276,410,354,428,71
203.9400,8403,276,410,354,428,71
203.9661,8404,278,409,354,428,71
203.9911,8405,275,409,354,428,72
204.0169,8406,276,409,354,429,72
204.0419,8407,274,409,354,428,72
204.0666,8408,274,409,354,428,72
204.0935,8409,278,409,354,428,72
204.1201,8410,275,409,354,428,71
204.1453,8411,277,409,355,428,72
204.1704,8412,277,409,354,429,72
204.1953,8413,277,409,354,429,72
204.2232,8414,280,409,354,429,71
204.2472,8415,280,409,354,429,71
204.2727,8416,275,409,353,429,72
204.2980,8417,276,409,353,429,71
204.3239,8418,274,409,353,429,71
204.3484,8419,277,409,354,429,71
204.3743,8420,277,409,354,429,71
204.4027,8421,276,409,354,429,73
204.4285,8422,276,409,354,429,73
204.4552,8423,276,410,354,430,71
204.4794,8424,278,410,353,430,71
204.5072,8425,274,410,353,430,72
204.5311,8426,274,410,353,430,72
204.5568,8427,271,409,354,431,72
204.5831,8428,271,409,354,431,72
204.6087,8429,274,410,354,430,72
204.6355,8430,273,410,353,430,73
204.6603,8431,274,410,354,430,72
204.6855,8432,273,410,354,430,72
204.7128,8433,275,410,354,430,72
204.7386,8434,275,410,354,430,72
204.7632,8435,272,410,354,430,72
204.7894,8436,273,410,354,430,73
204.8141,8437,274,410,354,430,72
204.8395,8438,273,410,354,430,72
204.8649,8439,273,410,354,430,72
204.8917,8440,276,410,354,430,71
204.9168,8441,276,410,354,430,71
204.9430,8442,275,410,354,430,72
204.9694,8443,273,410,353,430,73
204.9942,8444,276,410,353,430,71
205.0185,8445,273,410,353,430,71
205.0465,8446,273,410,353,430,71
205.0713,8447,272,410,353,430,73
205.0987,8448,271,408,354,430,73
205.1229,8449,276,409,354,431,73
205.1477,8450,274,409,354,431,72
205.1750,8451,274,409,354,431,72
205.2009,8452,273,410,354,430,72
205.2277,8453,278,410,353,430,71
205.2516,8454,278,410,353,430,71
205.2793,8455,276,410,354,430,72
205.3042,8456,274,409,354,431,73
205.3295,8457,273,409,354,431,72
205.3540,8458,274,409,353,431,72
205.3794,8459,274,409,353,431,72
205.4042,8460,276,410,354,430,71
205.4309,8461,276,410,353,430,71
205.4566,8462,275,410,352,430,70
205.4811,8463,276,411,352,431,69
205.5070,8464,276,411,352,431,69
205.5339,8465,274,409,353,431,70
205.5584,8466,277,410,353,432,71
205.5857,8467,277,410,353,432,71
205.6117,8468,279,410,353,432,70
205.6396,8469,277,410,353,432,70
205.6638,8470,278,410,353,431,70
205.6906,8471,283,410,353,431,71
205.7153,8472,283,410,353,431,71
205.7421,8473,280,410,353,432,71
205.7677,8474,277,410,353,432,70
205.7932,8475,277,410,353,432,70
205.8187,8476,278,410,353,432,70
205.8433,8477,278,410,353,432,70
205.8706,8478,274,409,353,431,71
205.8964,8479,276,410,353,432,70
205.9214,8480,274,408,353,432,73
205.9486,8481,274,408,353,432,73
205.9732,8482,275,409,353,432,73
205.9982,8483,272,407,354,432,73
206.0230,8484,276,408,354,432,73
206.0506,8485,276,408,354,432,73
206.0762,8486,276,410,354,432,71
206.1044,8487,273,408,354,432,72
206.1296,8488,272,406,354,432,74
206.1566,8489,274,408,354,432,72
206.1815,8490,274,408,354,432,72
206.2082,8491,273,407,353,432,73
206.2342,8492,272,408,354,432,71
206.2589,8493,273,408,354,432,71
206.2851,8494,273,408,354,432,71
206.3103,8495,271,406,354,432,72
206.3370,8496,271,407,352,433,71
206.3623,8497,268,404,352,434,73
206.3862,8498,268,404,352,434,73
206.4137,8499,270,404,352,434,73
206.4396,8500,273,407,353,434,71
206.4664,8501,280,410,353,434,71
206.4905,8502,278,410,353,434,73
206.5152,8503,278,410,353,434,73
206.5418,8504,275,407,353,434,73
206.5701,8505,271,404,353,434,72
206.5933,8506,272,404,353,434,73
206.6207,8507,272,404,353,434,73
206.6462,8508,271,402,352,434,73
206.6714,8509,273,404,352,434,74
206.6966,8510,278,408,353,434,71
206.7222,8511,278,408,353,434,71
206.7484,8512,274,404,353,434,74
206.7755,8513,272,404,353,434,73
206.8008,8514,274,404,353,434,71
206.8259,8515,280,407,354,434,72
206.8511,8516,280,407,354,434,72
206.8785,8517,274,402,353,434,75
206.9042,8518,274,402,352,434,71
206.9303,8519,274,401,353,434,74
206.9548,8520,274,401,353,434,74
206.9808,8521,277,404,353,434,69
207.0054,8522,276,405,352,433,70
207.0347,8523,276,405,352,433,70
207.0580,8524,276,405,352,433,70
207.0845,8525,274,402,353,432,74
207.1090,8526,279,404,353,432,66
207.1353,8527,278,404,353,432,68
207.1599,8528,280,404,353,432,64
207.1864,8529,280,404,353,432,64
207.2130,8530,280,403,353,431,61
207.2385,8531,279,404,353,430,61
207.2638,8532,278,403,353,431,64
207.2897,8533,278,403,353,431,64
207.3143,8534,275,399,352,429,49
207.3402,8535,275,400,351,429,52
207.3650,8536,275,400,351,429,52
207.3912,8537,275,398,352,428,42
207.4172,8538,272,396,304,424,38
207.4428,8539,272,396,304,424,38
207.4676,8540,272,396,299,424,48
207.4927,8541,272,396,299,424,48
207.5202,8542,273,395,300,424,45
207.5202,8542,277,399,350,427,31
207.5449,8543,274,397,302,425,41
207.5449,8543,277,399,350,427,38
207.5695,8544,273,397,300,424,44
207.5695,8544,277,400,348,426,35
207.5947,8545,273,396,297,423,47
207.6216,8546,273,396,297,423,47
207.6475,8547,273,396,298,424,47
207.6475,8547,277,399,343,426,32
207.6742,8548,272,398,302,424,43
207.6742,8548,276,400,349,427,40
207.6990,8549,272,398,302,424,43
207.6990,8549,276,400,349,427,40
207.7250,8550,273,398,300,424,45
207.7525,8551,276,399,350,427,40
207.7776,8552,273,396,298,424,41
207.7776,8552,277,399,348,427,31
207.8017,8553,273,396,300,424,44
207.8017,8553,276,399,350,427,37
207.8288,8554,273,396,300,424,44
207.8288,8554,276,399,350,427,37
207.8553,8555,273,396,300,424,44
207.8553,8555,276,399,350,427,37
207.8800,8556,277,399,350,427,44
207.9057,8557,277,399,352,428,44
207.9308,8558,274,396,300,424,45
207.9308,8558,277,399,345,427,37
207.9580,8559,274,396,300,424,45
207.9580,8559,277,399,345,427,37
207.9838,8560,274,397,299,424,41
207.9838,8560,277,399,345,427,31
208.0087,8561,277,400,351,428,30
208.0347,8562,277,400,351,428,30
208.0602,8563,274,396,298,424,37
208.0602,8563,277,399,344,427,31
208.0871,8564,277,400,354,428,38
208.1126,8565,276,399,350,428,38
208.1126,8565,273,397,301,425,38
208.1382,8566,276,400,353,428,42
208.1382,8566,274,398,303,424,32
208.1658,8567,276,400,353,428,42
208.1658,8567,274,398,303,424,32
208.1886,8568,276,398,352,428,37
208.1886,8568,273,395,302,425,34
208.2157,8569,273,396,298,424,42
208.2407,8570,273,396,298,424,42
208.2690,8571,276,400,355,428,44
208.2944,8572,276,400,355,428,44
208.3216,8573,276,400,355,428,47
208.3458,8574,276,399,356,429,45
208.3714,8575,276,399,356,429,45
208.3975,8576,283,407,358,429,35
208.4237,8577,276,399,357,429,43
208.4473,8578,276,398,356,428,36
208.4732,8579,276,399,357,429,54
208.4985,8580,276,399,357,429,54
208.5254,8581,276,399,357,430,57
208.5500,8582,276,399,357,430,57
208.5758,8583,276,398,357,430,51
208.6010,8584,276,398,358,430,43
208.6278,8585,276,397,358,429,46
208.6539,8586,278,403,358,431,54
208.6778,8587,278,403,358,431,54
208.7033,8588,312,416,364,438,75
208.7312,8589,307,416,374,438,71
208.7567,8590,305,422,384,440,69
208.7804,8591,306,418,390,442,72
208.8071,8592,306,418,390,442,72
208.8346,8593,308,423,399,443,70
208.8599,8594,317,428,404,444,69
208.8850,8595,317,428,404,444,69
208.9108,8596,319,428,409,444,69
208.9378,8597,337,431,415,446,65
208.9626,8598,343,432,419,446,67
208.9879,8599,346,432,423,446,66
209.0136,8600,346,432,423,446,66
209.0396,8601,398,429,440,467,73
209.0651,8602,394,433,464,481,75
209.0918,8603,400,447,482,489,69
209.1156,8604,447,464,498,488,54
209.1413,8605,447,464,498,488,54
209.1659,8606,461,476,517,488,64
209.1936,8607,467,474,530,488,66
209.2170,8608,467,474,530,488,66
209.2436,8609,476,472,540,486,65
209.2691,8610,486,470,550,484,65
209.2949,8611,493,467,559,483,66
209.3204,8612,502,465,562,481,63
209.3466,8613,502,465,562,481,63
209.3720,8614,525,452,571,483,76
209.3975,8615,529,447,585,485,76
209.4228,8616,525,440,597,482,77
209.4477,8617,526,434,606,478,78
209.4749,8618,526,434,606,478,78
209.5000,8619,528,429,616,475,79
209.5270,8620,533,425,623,471,77
209.5516,8621,533,425,623,471,77
209.5778,8622,542,420,630,469,79
209.6038,8623,549,417,637,467,80
209.6284,8624,556,414,642,464,80
209.6547,8625,556,414,642,464,80
209.6811,8626,562,410,648,462,79
209.7069,8627,570,408,654,460,78
209.7306,8628,576,405,658,455,78
209.7560,8629,581,403,663,452,78
209.7818,8630,581,403,663,452,78
209.8092,8631,583,402,667,450,77
209.8354,8632,586,400,670,448,76
209.8610,8633,589,398,675,446,76
209.8860,8634,589,398,675,446,76
209.9141,8635,594,396,679,442,75
209.9385,8636,598,394,682,439,76
209.9640,8637,600,392,686,438,76
209.9905,8638,600,392,686,438,76
210.0153,8639,603,391,689,436,75
210.0419,8640,604,390,692,434,76
210.0669,8641,608,388,694,431,76
210.0926,8642,609,387,697,429,77
210.1173,8643,609,387,697,429,77
210.1436,8644,611,385,699,427,76
210.1697,8645,615,384,701,424,76
210.1959,8646,616,384,704,423,74
210.2222,8647,616,384,704,423,74
210.2487,8648,654,387,710,417,64
210.2487,8648,622,411,652,423,39
210.2737,8649,650,386,720,412,37
210.2985,8650,656,383,730,401,46
210.3251,8651,656,383,730,401,46
210.3518,8652,658,383,738,401,51
210.3781,8653,676,383,746,399,54
210.4020,8654,684,382,754,396,56
210.4308,8655,690,381,759,395,58
210.4552,8656,690,381,759,395,58
210.4801,8657,686,382,760,396,53
210.5071,8658,728,373,776,413,70
210.5309,8659,783,399,819,447,69
210.5581,8660,783,399,819,447,69
210.5836,8661,791,430,851,469,60
210.6080,8662,802,444,866,476,67
210.6329,8663,802,444,866,476,67
210.6581,8664,802,444,866,476,67
210.6861,8665,832,456,892,476,60
210.7108,8666,849,464,907,476,51
210.7379,8667,862,466,916,476,39
210.7613,8668,871,466,925,476,47
210.7887,8669,871,466,925,476,47
210.8146,8670,886,446,926,478,61
210.8425,8671,902,427,944,469,73
210.8657,8672,922,407,952,462,69
210.8921,8673,922,407,952,462,69
210.9180,8674,936,392,958,450,72
210.9430,8675,940,378,964,440,73
210.9678,8676,945,368,968,424,75
210.9936,8677,945,368,968,424,75
211.0209,8678,947,360,969,412,71
211.0454,8679,947,360,969,412,71
211.0704,8680,948,333,970,391,71
211.0967,8681,945,322,967,380,76
211.1227,8682,945,322,967,380,76
211.1498,8683,941,313,965,373,74
211.1753,8684,939,305,963,365,73
211.2016,8685,937,300,962,364,71
211.2261,8686,937,300,962,364,71
211.2515,8687,936,294,960,359,65
211.2775,8688,935,291,959,353,61
211.3028,8689,935,291,959,353,61
211.3302,8690,933,286,953,346,56
211.3560,8691,932,281,951,342,61
211.3807,8692,930,277,950,339,64
211.4052,8693,930,274,948,334,67
211.4325,8694,930,274,948,334,67
211.4583,8695,930,274,948,334,67
211.4833,8696,920,272,946,324,74
211.5091,8697,914,272,948,319,77
211.5342,8698,909,272,951,312,76
211.5597,8699,906,271,953,310,73
211.5851,8700,906,271,953,310,73
211.6113,8701,902,271,954,303,71
211.6373,8702,902,271,954,303,71
211.6645,8703,899,269,953,297,69
211.6645,8703,939,304,955,336,40
211.6892,8704,896,268,952,294,64
211.6892,8704,938,294,955,332,40
211.7135,8705,893,268,949,292,62
211.7388,8706,892,266,948,292,65
211.7640,8707,892,266,948,292,65
211.7904,8708,890,266,948,293,64
211.8162,8709,888,265,946,291,66
211.8422,8710,888,265,946,291,66
211.8686,8711,886,265,946,293,67
211.8948,8712,886,265,946,293,67
211.9194,8713,884,264,946,292,68
211.9442,8714,883,263,947,291,69
211.9711,8715,883,263,947,291,69
211.9958,8716,882,262,946,290,68
212.0232,8717,881,262,946,290,67
212.0466,8718,881,262,945,290,69
212.0740,8719,880,262,946,290,69
212.0991,8720,880,262,946,290,69
212.1250,8721,880,262,946,290,68
212.1512,8722,880,262,944,288,67
212.1754,8723,880,262,944,290,66
212.2018,8724,880,262,944,288,67
212.2273,8725,880,262,944,288,67
212.2517,8726,880,262,944,288,67
212.2781,8727,880,262,944,288,67
212.3047,8728,881,263,941,285,67
212.3323,8729,880,262,939,284,66
212.3565,8730,880,263,938,283,67
212.3823,8731,880,263,942,285,65
212.4072,8732,880,263,940,285,66
212.4352,8733,880,263,940,285,66
212.4619,8734,880,262,939,284,66
212.4915,8735,880,262,937,282,66
212.5147,8736,880,262,936,282,66
212.5415,8737,880,262,936,282,66
212.5650,8738,880,262,936,282,66
212.5921,8739,880,262,934,280,65
212.6182,8740,880,263,936,281,66
212.6430,8741,880,263,936,281,66
212.6689,8742,880,263,934,281,66
212.6959,8743,880,263,934,281,66
212.7219,8744,880,263,933,281,65
212.7475,8745,880,263,931,279,65
212.7731,8746,880,263,931,279,65
212.8004,8747,880,263,930,279,65
212.8244,8748,880,263,931,280,65
212.8499,8749,880,263,928,279,65
212.8742,8750,880,262,928,281,65
212.9004,8751,880,262,928,281,65
212.9256,8752,881,263,929,281,64
212.9514,8753,881,263,929,281,64
212.9790,8754,880,262,934,284,62
213.0040,8755,881,263,940,287,60
213.0306,8756,881,263,939,287,58
213.0550,8757,881,263,937,285,58
213.0804,8758,880,263,934,281,56
213.1060,8759,880,263,934,281,56
213.1321,8760,880,262,930,280,56
213.1584,8761,879,259,925,283,65
213.1839,8762,880,254,912,292,60
213.2103,8763,881,252,895,296,57
213.2103,8763,887,250,925,288,36
213.2346,8764,881,252,895,296,57
213.2346,8764,887,250,925,288,36
213.2617,8765,881,252,895,302,60
213.2879,8766,881,252,895,308,61
213.3135,8767,881,252,895,308,61
213.3390,8768,881,253,895,313,63
213.3632,8769,880,263,898,317,75
213.3894,8770,880,273,898,323,72
213.3894,8770,881,238,903,261,31
213.4167,8771,880,273,898,323,72
213.4167,8771,881,238,903,261,31
213.4407,8772,876,279,898,337,76
213.4671,8773,874,285,898,347,76
213.4671,8773,877,264,897,282,41
213.4926,8774,871,292,896,356,73
213.5166,8775,868,307,892,364,70
213.5416,8776,868,307,892,364,70
213.5697,8777,865,314,891,372,75
213.5974,8778,862,318,892,378,76
213.6215,8779,860,322,892,384,77
213.6479,8780,860,322,892,384,77
213.6738,8781,858,320,894,388,76
213.6994,8782,855,331,893,393,77
213.7261,8783,852,334,892,398,77
213.7512,8784,850,335,892,401,77
213.7760,8785,850,335,892,401,77
213.8038,8786,847,335,893,405,75
213.8294,8787,842,348,886,404,65
213.8532,8788,832,363,880,403,72
213.8787,8789,832,363,880,403,72
213.9061,8790,825,364,881,406,75
213.9317,8791,818,368,882,410,72
213.9584,8792,811,372,882,414,71
213.9854,8793,811,372,882,414,71
214.0091,8794,806,369,886,415,73
214.0348,8795,801,378,880,418,74
214.0594,8796,796,384,874,420,75
214.0871,8797,796,384,874,420,75
214.1108,8798,793,384,873,420,72
214.1386,8799,783,390,846,416,59
214.1627,8800,769,400,831,424,71
214.1894,8801,758,396,828,426,75
214.2136,8802,758,396,828,426,75
214.2403,8803,748,394,828,432,73
214.2656,8804,739,402,815,436,73
214.2906,8805,731,406,808,438,70
214.3150,8806,731,406,808,438,70
214.3411,8807,723,404,810,442,71
214.3678,8808,717,404,805,444,73
214.3960,8809,717,404,805,444,73
214.4194,8810,711,406,798,446,75
214.4440,8811,706,412,790,448,74
214.4699,8812,702,414,784,450,74
214.4950,8813,697,416,779,452,72
214.5200,8814,692,414,779,454,70
214.5464,8815,692,414,779,454,70
214.5709,8816,688,417,775,457,71
214.6006,8817,685,420,771,458,70
214.6225,8818,681,420,769,460,73
214.6503,8819,681,420,769,460,73
214.6751,8820,677,422,765,462,73
214.7017,8821,673,427,759,463,71
214.7272,8822,673,427,759,463,71
214.7532,8823,670,428,758,464,73
214.7797,8824,667,428,755,466,74
214.8056,8825,665,429,753,467,72
214.8305,8826,661,432,749,468,71
214.8564,8827,658,441,718,467,65
214.8829,8828,658,441,718,467,65
214.9086,8829,641,452,707,466,47
214.9340,8830,624,450,702,466,61
214.9594,8831,608,451,680,467,64
214.9844,8832,594,452,672,466,32
215.0120,8833,594,452,672,466,32
215.4019,8848,504,450,556,465,31
215.4251,8849,504,450,556,465,31
215.4501,8850,504,450,556,465,31
215.4759,8851,480,449,540,467,63
215.5002,8852,469,457,530,467,59
215.5262,8853,469,457,530,467,59
215.5521,8854,458,457,518,467,62
215.5780,8855,449,458,507,468,59
215.6043,8856,441,458,498,468,62
215.6304,8857,434,458,490,468,60
215.6581,8858,434,458,490,468,60
215.6827,8859,428,458,485,468,61
215.7078,8860,428,458,485,468,61
215.7337,8861,421,458,482,468,61
215.7582,8862,415,458,475,468,61
215.7848,8863,410,458,471,468,64
215.8107,8864,405,458,467,469,64
215.8363,8865,405,458,467,469,64
215.8612,8866,405,458,467,469,64
215.8889,8867,396,459,458,469,64
215.9145,8868,391,459,454,469,65
215.9402,8869,387,459,451,469,63
215.9658,8870,383,459,446,469,62
215.9927,8871,383,459,446,469,62
216.0169,8872,379,459,446,469,62
216.0431,8873,376,459,443,469,63
216.0696,8874,376,459,443,469,63
216.0963,8875,374,458,442,470,66
216.1210,8876,371,452,426,474,73
216.1467,8877,360,454,420,474,73
216.1712,8878,349,455,419,470,64
216.1971,8879,349,455,419,470,64
216.2236,8880,340,454,412,468,57
216.2491,8881,340,454,412,468,57
216.2742,8882,324,455,398,465,48
216.3015,8883,318,455,390,465,44
216.3265,8884,318,455,390,465,44
216.3530,8885,312,455,380,465,52
216.3780,8886,306,455,372,465,55
216.4035,8887,306,455,372,465,55
216.4301,8888,301,455,361,465,57
216.4567,8889,296,456,356,466,59
216.4809,8890,292,455,358,466,60
216.5070,8891,287,456,353,466,58
216.5316,8892,287,456,353,466,58
216.5588,8893,284,456,355,466,60
216.5843,8894,280,456,348,466,61
216.6096,8895,276,456,346,467,61
216.6349,8896,276,456,346,467,61
216.6615,8897,276,456,346,467,61
216.6877,8898,270,456,334,468,54
216.7124,8899,267,457,338,467,59
216.7374,8900,267,457,338,467,59
216.7639,8901,264,456,342,468,60
216.7904,8902,261,456,337,468,59
216.8150,8903,258,456,335,468,58
216.8412,8904,256,457,330,468,56
216.8663,8905,256,457,330,468,56
216.8923,8906,253,457,333,468,58
216.9170,8907,251,457,330,469,60
216.9426,8908,249,457,327,469,61
216.9682,8909,247,458,319,468,58
216.9944,8910,247,458,319,468,58
217.0190,8911,244,458,323,468,53
217.0439,8912,244,458,323,468,53
217.0706,8913,244,458,323,468,53
217.0986,8914,241,458,315,468,35
217.1219,8915,239,458,311,468,35
217.1476,8916,237,458,297,468,35
217.1736,8917,237,458,297,468,35
217.2271,8919,234,459,297,469,39
217.2513,8920,232,459,294,469,35
217.2779,8921,231,459,292,469,34
217.3035,8922,231,459,292,469,34
217.3288,8923,229,459,294,469,31
217.3540,8924,228,459,291,469,34
217.3793,8925,227,459,289,469,31
217.4049,8926,227,459,289,469,31
217.4307,8927,225,459,289,469,37
217.5590,8932,222,459,286,469,36
217.5834,8933,220,459,285,469,37
217.6090,8934,220,460,283,470,43
217.6349,8935,220,460,283,470,43
217.6609,8936,219,460,281,469,46
217.6879,8937,218,460,282,470,41
217.7128,8938,216,459,278,469,32
217.7391,8939,216,459,278,469,32
217.7904,8941,215,460,280,469,36
217.8192,8942,214,458,274,470,65
217.8448,8943,214,458,274,470,65
217.8712,8944,216,457,264,475,69
217.8712,8944,244,459,306,471,41
217.8712,8944,178,456,187,482,39
217.8967,8945,219,452,258,483,76
217.8967,8945,257,455,302,473,43
217.9218,8946,221,448,253,488,78
217.9218,8946,251,448,292,476,41
217.9492,8947,223,446,250,492,72
217.9492,8947,256,448,286,476,48
217.9737,8948,223,446,250,492,72
217.9737,8948,256,448,286,476,48
217.9999,8949,224,446,245,494,61
217.9999,8949,239,445,278,479,46
218.0267,8950,247,445,274,475,63
218.0267,8950,224,446,239,498,57
218.0509,8951,242,444,271,472,61
218.0509,8951,225,445,239,500,51
218.0773,8952,242,444,271,472,61
218.0773,8952,225,445,239,500,51
218.1041,8953,241,443,270,470,58
218.1041,8953,224,448,235,504,45
218.1041,8953,227,443,252,487,32
218.1278,8954,243,443,269,465,59
218.1278,8954,225,449,235,505,46
218.1546,8955,239,442,269,462,61
218.1546,8955,225,451,235,507,48
218.1546,8955,227,444,259,476,38
218.1793,8956,239,442,269,462,61
218.1793,8956,225,451,235,507,48
218.1793,8956,227,444,259,476,38
218.2066,8957,244,440,269,460,63
218.2066,8957,224,455,235,509,49
218.2315,8958,239,440,269,456,61
218.2315,8958,224,455,235,511,49
218.2568,8959,233,438,268,456,61
218.2568,8959,224,456,235,512,49
218.2827,8960,236,437,269,455,52
218.2827,8960,224,456,235,514,50
218.3070,8961,236,437,269,455,52
218.3070,8961,224,456,235,514,50
218.3332,8962,231,436,267,456,56
218.3332,8962,224,457,235,515,46
218.3581,8963,230,435,265,457,58
218.3581,8963,224,457,235,517,41
218.3841,8964,230,434,262,458,58
218.3841,8964,224,458,235,518,43
218.4098,8965,229,432,259,458,59
218.4098,8965,223,458,235,518,40
218.4346,8966,229,432,259,458,59
218.4346,8966,223,458,235,518,40
218.4599,8967,228,431,259,459,56
218.4599,8967,223,461,235,520,42
218.4855,8968,228,431,259,459,56
218.4855,8968,223,461,235,520,42
218.5114,8969,228,430,256,458,55
218.5114,8969,223,462,235,522,39
218.5402,8970,228,430,256,458,52
218.5402,8970,223,463,235,523,42
218.5644,8971,228,432,258,458,50
218.5644,8971,223,464,235,524,42
218.5900,8972,223,464,235,524,44
218.5900,8972,228,430,250,460,43
218.6168,8973,223,464,235,524,44
218.6168,8973,228,430,250,460,43
218.6429,8974,230,433,259,457,51
218.6429,8974,223,466,235,525,44
218.6678,8975,223,466,235,526,46
218.6678,8975,227,434,249,462,45
218.6933,8976,227,436,247,464,50
218.6933,8976,223,468,235,526,47
218.7200,8977,223,467,235,527,46
218.7200,8977,227,436,249,464,37
218.7451,8978,223,468,235,528,47
218.7451,8978,227,437,249,465,36
218.7696,8979,223,468,235,528,47
218.7696,8979,227,437,249,465,36
218.7979,8980,223,468,235,528,47
218.8214,8981,223,468,235,528,47
218.8478,8982,223,469,235,529,46
218.8478,8982,227,435,243,468,33
218.8755,8983,223,470,235,530,46
218.8755,8983,227,436,244,466,37
218.8991,8984,223,470,235,530,45
218.8991,8984,227,437,243,467,35
218.9245,8985,223,471,235,531,46
218.9245,8985,227,437,244,467,31
218.9507,8986,223,471,235,531,46
218.9507,8986,227,437,244,467,31
218.9761,8987,223,471,235,531,45
219.0024,8988,223,470,236,532,45
219.0024,8988,227,439,242,471,31
219.0280,8989,223,467,236,533,46
219.0535,8990,223,469,235,533,44
219.0789,8991,223,469,235,533,44
219.1044,8992,223,471,235,533,44
219.1288,8993,223,471,235,534,44
219.1544,8994,223,471,235,534,44
219.1811,8995,223,471,235,534,43
219.2070,8996,223,473,235,535,43
219.2326,8997,223,475,235,535,45
219.2577,8998,223,475,235,535,45
219.2831,8999,223,476,235,536,46
219.3089,9000,223,476,235,536,46
219.3353,9001,223,476,235,538,46
219.3605,9002,222,480,237,536,61
219.3858,9003,220,478,241,534,70
219.4105,9004,220,478,241,534,70
219.4374,9005,217,480,240,528,77
219.4374,9005,221,448,239,476,30
219.4623,9006,217,480,240,528,77
219.4623,9006,221,448,239,476,30
219.4909,9007,213,486,245,525,75
219.4909,9007,219,454,240,484,51
219.4909,9007,178,489,187,531,38
219.5147,9008,211,492,247,524,69
219.5147,9008,218,458,241,488,51
219.5147,9008,178,490,188,530,41
219.5411,9009,208,482,246,522,61
219.5411,9009,178,491,189,531,30
219.5645,9010,207,486,246,522,63
219.5922,9011,208,474,235,508,60
219.5922,9011,208,498,249,522,42
219.6173,9012,208,474,235,508,60
219.6173,9012,208,498,249,522,42
219.6421,9013,208,476,235,506,58
219.6421,9013,208,490,246,520,58
219.6421,9013,178,502,190,532,35
219.6700,9014,208,477,234,505,59
219.6700,9014,208,494,249,520,52
219.6932,9015,207,478,231,506,62
219.6932,9015,208,492,249,520,52
219.7200,9016,207,478,231,506,57
219.7200,9016,208,487,248,521,49
219.7453,9017,207,478,231,506,57
219.7453,9017,208,487,248,521,49
219.7712,9018,207,477,228,505,60
219.7712,9018,208,494,249,520,45
219.7993,9019,207,477,228,505,60
219.7993,9019,208,494,249,520,45
219.8257,9020,205,476,224,506,67
219.8257,9020,208,488,248,520,46
219.8257,9020,178,489,192,525,38
219.8533,9021,205,476,222,510,61
219.8533,9021,207,489,250,521,37
219.8777,9022,209,502,240,526,64
219.8777,9022,178,494,189,532,41
219.8777,9022,203,476,225,506,40
219.8777,9022,235,508,274,522,39
219.9028,9023,207,490,238,532,65
219.9028,9023,250,502,271,522,52
219.9274,9024,247,499,269,523,60
219.9274,9024,215,502,237,536,58
219.9274,9024,205,488,227,522,57
219.9274,9024,179,502,188,540,44
219.9553,9025,247,499,269,523,60
219.9553,9025,215,502,237,536,58
219.9553,9025,205,488,227,522,57
219.9553,9025,179,502,188,540,44
219.9808,9026,246,497,269,521,71
219.9808,9026,216,509,236,539,58
219.9808,9026,210,491,227,525,42
219.9808,9026,178,503,188,545,36
220.0073,9027,246,494,269,522,73
220.0073,9027,217,498,236,538,37
220.0310,9028,246,493,269,521,74
220.0570,9029,246,493,269,521,74
220.0821,9030,245,491,269,521,74
220.0821,9030,214,501,228,533,34
220.1088,9031,245,489,270,521,75
220.1088,9031,213,502,225,532,40
220.1352,9032,245,489,270,521,75
220.1352,9032,213,502,225,532,40
220.1607,9033,246,489,269,521,75
220.1607,9033,212,507,228,535,45
220.1607,9033,178,510,187,542,31
220.1859,9034,246,486,270,520,75
220.1859,9034,211,510,230,536,43
220.2123,9035,245,486,270,520,74
220.2123,9035,210,511,225,537,37
220.2375,9036,245,486,270,520,74
220.2375,9036,210,511,225,537,37
220.2626,9037,244,484,270,522,74
220.2872,9038,244,484,270,522,74
220.3149,9039,244,482,270,522,74
220.3405,9040,239,482,270,526,74
220.3658,9041,234,480,271,530,74
220.3924,9042,234,480,271,530,74
220.4173,9043,234,480,271,528,75
220.4438,9044,236,478,271,526,74
220.4713,9045,234,478,271,528,75
220.4969,9046,234,478,271,528,75
220.5228,9047,232,477,271,529,73
220.5471,9048,234,476,271,526,73
220.5725,9049,234,476,271,526,72
220.5993,9050,234,476,271,526,72
220.6237,9051,239,475,267,523,65
220.6507,9052,239,475,267,523,65
220.6761,9053,213,525,236,549,40
220.7017,9054,214,529,233,549,30
220.7277,9055,214,529,233,549,30
221.0905,9069,247,461,261,518,38
221.1191,9070,247,461,262,517,34
221.1424,9071,246,460,263,518,42
221.1678,9072,246,460,263,518,42
221.1934,9073,246,461,264,517,44
221.2184,9074,246,460,262,518,46
221.2445,9075,246,460,261,518,46
221.2704,9076,246,460,261,518,46
221.2950,9077,246,459,262,517,49
221.3227,9078,246,459,261,517,50
221.3458,9079,246,458,262,518,54
221.3722,9080,246,459,262,517,53
221.4000,9081,246,459,262,517,53
221.4239,9082,245,458,261,517,55
221.4508,9083,245,458,261,517,55
221.4760,9084,245,457,262,517,54
221.5016,9085,245,457,262,517,54
221.5289,9086,246,456,260,516,46
221.5526,9087,244,456,258,518,55
221.5770,9088,244,454,260,518,63
221.6026,9089,244,454,260,518,63
221.6306,9090,244,453,261,517,64
221.6568,9091,244,452,262,516,66
221.6798,9092,244,451,263,517,67
221.7054,9093,243,450,263,516,66
221.7316,9094,243,450,263,516,66
221.7599,9095,243,449,263,515,68
221.7832,9096,243,449,264,515,68
221.8097,9097,243,449,264,514,70
221.8345,9098,243,449,264,514,70
221.8608,9099,243,449,264,514,70
221.8865,9100,242,448,265,514,70
221.9127,9101,242,447,265,513,71
221.9386,9102,242,447,265,513,71
221.9638,9103,242,446,265,514,72
221.9901,9104,242,446,265,512,71
222.0156,9105,242,446,265,512,71
222.0430,9106,242,446,264,512,70
222.0664,9107,242,446,264,512,70
222.0920,9108,242,445,264,514,71
222.1182,9109,242,444,264,514,70
222.1433,9110,242,444,263,512,67
222.1679,9111,242,444,265,510,68
222.1940,9112,242,444,265,510,68
222.2188,9113,242,443,264,511,67
222.2452,9114,242,443,264,511,67
222.2724,9115,242,444,264,512,69
222.2992,9116,242,444,264,512,68
222.3239,9117,242,443,265,512,70
222.3501,9118,242,443,264,511,68
222.3755,9119,242,443,264,511,68
222.4001,9120,242,442,265,512,69
222.4273,9121,242,442,264,510,68
222.4534,9122,242,442,264,512,69
222.4791,9123,242,442,264,512,68
222.5043,9124,242,442,264,512,68
222.5304,9125,242,442,264,512,68
222.5560,9126,242,442,263,512,67
222.5821,9127,242,442,263,512,67
222.6078,9128,242,441,265,511,69
222.6326,9129,242,442,264,510,66
222.6592,9130,242,442,264,512,67
222.6827,9131,243,442,263,512,66
222.7080,9132,243,442,263,512,66
222.7349,9133,243,441,263,511,66
222.7605,9134,243,441,263,511,65
222.7864,9135,243,441,263,511,63
222.8112,9136,243,441,262,509,64
222.8381,9137,243,441,262,509,64
222.8631,9138,243,441,262,508,62
222.8886,9139,243,441,262,509,61
222.9152,9140,243,441,262,509,61
222.9418,9141,244,441,262,509,58
222.9679,9142,244,441,262,509,57
222.9923,9143,244,441,262,509,58
223.0179,9144,244,441,262,509,58
223.0439,9145,244,441,262,509,58
223.0718,9146,244,441,260,509,61
223.0954,9147,244,440,261,511,59
223.1222,9148,244,440,262,509,59
223.1477,9149,244,439,262,511,57
223.1740,9150,244,439,262,511,57
223.1986,9151,244,439,262,511,58
223.2245,9152,244,439,262,511,58
223.2516,9153,244,439,261,511,55
223.2759,9154,244,439,259,511,53
223.3027,9155,244,438,259,510,53
223.3278,9156,244,439,259,512,52
223.3533,9157,244,438,259,512,51
223.3792,9158,244,438,259,512,51
223.4064,9159,244,438,259,512,52
223.4305,9160,244,438,258,512,51
223.4546,9161,244,438,258,510,50
223.4809,9162,245,438,258,512,49
223.5072,9163,245,438,258,512,49
223.5316,9164,245,439,257,511,49
223.5579,9165,245,439,257,511,49
223.5837,9166,245,439,257,512,48
223.6106,9167,245,439,258,511,47
223.6348,9168,245,438,258,512,46
223.6602,9169,245,438,257,510,47
223.6856,9170,245,438,257,510,47
223.7132,9171,245,438,258,510,47
223.7379,9172,245,438,258,512,47
223.7659,9173,245,438,258,512,47
223.7906,9174,245,438,258,512,46
223.8167,9175,245,438,258,512,46
223.8439,9176,245,438,258,512,45
223.8690,9177,245,438,258,510,44
223.8949,9178,245,438,258,512,45
223.9227,9179,245,438,258,512,45
223.9459,9180,245,438,258,510,45
223.9722,9181,246,438,258,512,44
223.9953,9182,245,439,258,513,45
224.0215,9183,245,439,258,513,45
224.0490,9184,246,438,258,512,44
224.0753,9185,245,438,259,512,45
224.0997,9186,245,438,258,510,44
224.1255,9187,246,439,258,511,43
224.1523,9188,246,438,258,510,44
224.1779,9189,246,438,258,510,44
224.2043,9190,246,439,258,511,42
224.2289,9191,246,439,258,511,45
224.2546,9192,246,439,258,511,45
224.2810,9193,246,439,258,511,44
224.3065,9194,246,439,258,511,42
224.3310,9195,246,439,258,511,44
224.3566,9196,246,439,258,511,44
224.3827,9197,246,439,258,511,43
224.4082,9198,246,438,258,512,43
224.4337,9199,246,439,258,511,42
224.4582,9200,246,439,258,511,43
224.4836,9201,246,439,258,511,43
224.5096,9202,246,439,258,512,42
224.5365,9203,246,438,258,510,42
224.5616,9204,246,439,258,511,46
224.5874,9205,246,439,258,511,46
224.6136,9206,246,438,258,510,43
224.6390,9207,245,438,258,510,44
224.6654,9208,246,439,259,511,43
224.6903,9209,246,439,259,511,43
224.7155,9210,245,438,259,508,44
224.7426,9211,246,438,258,512,44
224.7670,9212,246,438,258,511,45
224.7920,9213,245,438,258,510,45
224.8183,9214,245,438,258,510,45
224.8458,9215,245,438,258,510,43
224.8700,9216,245,438,258,513,45
224.8961,9217,245,438,257,510,46
224.9216,9218,245,438,257,510,46
224.9486,9219,245,438,257,510,45
224.9725,9220,245,438,258,512,45
224.9986,9221,245,438,258,512,45
225.0238,9222,245,438,258,510,45
225.0518,9223,245,438,258,510,45
225.0785,9224,245,437,258,511,46
225.1049,9225,245,438,257,510,45
225.1290,9226,245,437,257,511,44
225.1562,9227,245,437,257,511,44
225.1806,9228,245,438,257,510,45
225.2070,9229,245,438,257,512,46
225.2303,9230,245,438,257,510,45
225.2581,9231,245,438,257,510,45
225.2848,9232,245,438,257,510,45
225.3079,9233,245,438,257,510,44
225.3333,9234,245,438,257,510,44
225.3614,9235,245,438,257,510,44
225.3870,9236,245,438,258,510,44
225.4115,9237,245,438,258,511,45
225.4374,9238,245,438,258,511,45
225.4623,9239,245,438,258,511,45
225.4891,9240,245,438,258,511,45
225.5174,9241,245,437,257,511,45
225.5422,9242,245,438,258,512,46
225.5655,9243,245,438,257,512,45
225.5913,9244,245,438,257,512,45
225.6174,9245,245,438,257,510,44
225.6459,9246,245,438,258,511,45
225.6718,9247,246,438,258,510,43
225.6978,9248,246,438,258,510,43
225.7244,9249,245,438,257,510,44
225.7488,9250,245,438,257,510,44
225.7741,9251,245,438,258,510,44
225.7988,9252,245,438,257,510,44
225.8254,9253,245,438,257,510,44
225.8507,9254,245,438,257,510,44
225.8757,9255,245,438,257,510,44
225.9008,9256,245,438,257,508,45
225.9268,9257,245,438,257,508,45
225.9517,9258,245,438,258,508,43
225.9797,9259,246,438,258,510,41
226.0038,9260,246,438,258,510,41
226.0294,9261,246,438,258,510,40
226.0559,9262,246,438,258,511,39
226.0812,9263,246,438,257,512,39
226.1056,9264,246,438,257,510,38
226.1322,9265,246,438,257,510,38
226.1586,9266,246,438,257,510,37
226.1845,9267,246,438,257,508,38
226.2089,9268,246,437,257,511,38
226.2345,9269,246,437,257,511,38
226.2607,9270,246,437,257,511,38
226.2868,9271,246,437,257,511,37
226.3105,9272,246,437,257,511,37
226.3383,9273,246,437,257,511,37
226.3637,9274,246,437,256,511,37
226.3904,9275,246,438,256,510,37
226.4141,9276,246,437,257,511,36
226.4403,9277,246,437,257,511,36
226.4646,9278,246,437,257,509,36
226.4918,9279,246,437,257,509,36
226.5157,9280,246,437,256,509,36
226.5424,9281,246,437,257,510,35
226.5673,9282,246,437,257,509,35
226.5938,9283,246,437,257,509,35
226.6183,9284,246,437,257,510,36
226.6443,9285,246,437,257,510,36
226.6707,9286,246,437,257,510,36
226.6967,9287,246,437,257,511,35
226.7230,9288,246,437,256,509,36
226.7488,9289,246,437,257,510,37
226.7756,9290,246,437,257,509,39
226.8005,9291,246,437,257,509,39
226.8265,9292,246,438,257,510,37
226.8519,9293,246,438,257,510,37
226.8770,9294,246,438,257,510,35
226.9037,9295,247,438,257,510,32
226.9282,9296,247,438,257,510,32
226.9541,9297,246,437,257,509,35
226.9789,9298,246,437,257,509,35
227.0060,9299,246,438,258,510,35
227.0321,9300,246,437,257,509,36
227.0568,9301,246,437,258,509,34
227.0827,9302,246,436,258,510,35
227.1075,9303,246,436,258,510,35
227.1320,9304,246,436,258,508,34
227.1595,9305,246,437,258,509,33
227.1844,9306,246,436,258,508,32
227.2090,9307,247,437,257,509,30
227.2354,9308,247,437,257,509,30
227.2615,9309,247,436,258,510,30
227.2871,9310,247,436,258,510,31
227.3123,9311,246,436,258,508,33
227.3379,9312,246,436,258,508,33
227.3636,9313,246,436,258,510,36
227.3888,9314,246,436,258,506,40
227.4145,9315,246,436,258,506,40
227.4402,9316,246,436,259,508,38
227.4670,9317,246,436,259,508,37
227.4918,9318,246,436,259,510,34
227.5178,9319,246,436,260,510,32
227.5428,9320,246,436,259,510,38
227.5720,9321,246,436,259,510,38
227.5965,9322,246,436,260,511,38
227.6237,9323,246,436,260,511,38
227.6470,9324,246,436,260,510,38
227.6740,9325,246,436,260,510,38
227.6975,9326,246,436,260,510,37
227.7243,9327,246,436,260,510,36
227.7503,9328,246,436,260,510,36
227.7766,9329,246,436,260,510,37
227.8020,9330,246,435,260,509,37
227.8289,9331,246,435,260,510,35
227.8535,9332,246,436,260,508,37
227.8792,9333,246,436,260,506,39
227.9035,9334,246,436,260,506,39
227.9324,9335,246,436,260,508,40
227.9553,9336,246,435,260,507,39
227.9808,9337,246,435,260,507,37
228.0064,9338,246,435,260,507,37
228.0316,9339,246,436,260,508,41
228.0555,9340,246,435,260,509,40
228.0828,9341,246,435,260,509,40
228.1079,9342,246,434,261,502,43
228.1359,9343,246,435,262,503,51
228.1591,9344,246,435,262,501,50
228.1852,9345,245,435,262,507,47
228.2105,9346,245,435,262,507,47
228.2377,9347,246,435,262,499,48
228.2628,9348,246,434,262,500,51
228.2883,9349,246,434,262,502,52
228.3123,9350,246,434,262,500,51
228.3387,9351,246,434,262,500,51
228.3645,9352,246,434,262,500,53
228.3906,9353,246,434,262,500,53
228.4161,9354,246,434,263,501,54
228.4414,9355,246,433,263,501,54
228.4669,9356,246,434,263,502,56
228.4935,9357,245,434,263,502,55
228.5188,9358,245,434,263,502,55
228.5441,9359,246,434,263,502,56
228.5707,9360,246,433,263,501,54
228.5961,9361,246,433,263,503,56
228.6220,9362,246,434,263,502,54
228.6471,9363,246,434,263,502,54
228.6730,9364,246,434,263,502,56
228.6984,9365,246,433,263,502,55
228.7249,9366,246,433,263,502,55
228.7506,9367,246,434,263,502,54
228.7769,9368,246,434,264,502,56
228.8024,9369,246,434,263,502,56
228.8276,9370,246,434,263,501,53
228.8531,9371,246,434,263,501,53
228.8786,9372,246,434,263,501,57
228.9051,9373,245,434,264,503,59
228.9293,9374,245,434,264,502,61
228.9545,9375,245,434,264,502,60
228.9813,9376,245,434,264,502,60
229.0073,9377,245,434,264,502,59
229.0323,9378,245,434,265,502,60
229.0573,9379,245,434,265,502,60
229.0833,9380,245,433,264,503,61
229.1093,9381,245,433,264,501,60
229.1345,9382,245,432,264,500,59
229.1585,9383,245,433,264,501,59
229.1852,9384,245,433,264,501,59
229.2111,9385,245,433,265,501,58
229.2369,9386,245,432,265,501,58
229.2612,9387,245,432,265,500,59
229.2866,9388,245,432,265,502,60
229.3128,9389,245,432,265,502,60
229.3400,9390,245,432,265,502,60
229.3636,9391,245,432,265,502,60
229.3905,9392,245,432,265,502,60
229.4163,9393,245,432,265,503,59
229.4413,9394,245,432,265,503,60
229.4681,9395,246,433,265,501,58
229.4917,9396,246,433,265,501,58
229.5189,9397,246,434,265,500,57
229.5471,9398,246,434,267,502,59
229.5712,9399,245,433,266,501,59
229.5975,9400,245,434,267,500,62
229.6226,9401,245,433,267,499,63
229.6492,9402,245,433,267,499,63
229.6751,9403,245,433,268,497,64
229.6999,9404,245,433,268,499,65
229.7278,9405,245,433,268,499,65
229.7540,9406,245,432,268,500,65
229.7780,9407,245,433,268,499,65
229.8054,9408,244,433,269,497,67
229.8293,9409,244,433,269,497,67
229.8563,9410,244,433,269,497,67
229.8827,9411,244,432,269,500,68
229.9072,9412,244,432,269,498,67
229.9324,9413,244,432,269,498,67
229.9581,9414,244,432,269,498,67
229.9852,9415,244,432,269,498,68
230.0120,9416,244,432,269,498,68
230.0355,9417,244,432,269,498,67
230.0643,9418,244,432,269,498,67
230.0930,9419,244,432,270,502,68
230.1196,9420,244,432,269,500,68
230.1439,9421,244,433,269,499,68
230.1689,9422,244,433,269,499,68
230.1944,9423,244,432,270,498,67
230.2210,9424,244,432,270,500,68
230.2463,9425,244,432,270,500,68
230.2730,9426,244,432,270,508,68
230.2964,9427,244,432,270,508,67
230.3226,9428,244,432,270,508,67
230.3485,9429,244,432,270,506,68
230.3747,9430,244,432,270,508,69
230.3996,9431,244,432,270,508,69
230.4271,9432,244,432,270,507,68
230.4525,9433,244,432,270,503,69
230.4777,9434,244,432,270,508,69
230.5024,9435,244,432,270,508,69
230.5290,9436,244,432,270,502,69
230.5563,9437,244,432,270,508,69
230.5806,9438,244,432,270,510,69
230.6079,9439,244,432,271,510,70
230.6330,9440,244,432,271,510,70
230.6586,9441,244,432,271,510,70
230.6850,9442,244,431,270,509,70
230.7112,9443,244,431,271,510,69
230.7342,9444,244,431,271,510,69
230.7611,9445,244,430,271,510,70
230.7872,9446,244,430,272,510,70
230.8112,9447,244,430,271,510,70
230.8378,9448,244,430,271,510,70
230.8627,9449,244,430,271,510,70
230.8901,9450,244,430,271,510,70
230.9140,9451,244,430,272,510,71
230.9419,9452,244,431,271,511,70
230.9635,9453,244,431,271,511,70
230.9915,9454,244,430,271,510,70
231.0166,9455,244,430,271,510,70
231.0419,9456,244,430,271,510,70
231.0682,9457,245,430,271,508,69
231.0956,9458,245,430,271,508,69
231.1203,9459,245,430,271,508,69
231.1457,9460,245,429,270,508,69
231.1709,9461,245,429,270,508,69
231.1966,9462,245,428,270,504,68
231.2228,9463,246,429,270,505,68
231.2467,9464,247,428,270,506,68
231.2756,9465,247,428,270,506,68
231.2999,9466,247,428,270,506,68
231.3250,9467,247,428,270,508,68
231.3508,9468,248,428,270,506,68
231.3761,9469,247,428,270,506,69
231.4001,9470,248,427,270,507,69
231.4275,9471,248,427,270,507,69
231.4529,9472,248,427,270,507,69
231.4783,9473,248,427,270,507,69
231.5051,9474,248,427,270,505,67
231.5300,9475,248,427,269,507,67
231.5558,9476,248,427,270,505,67
231.5816,9477,248,427,269,507,67
231.6071,9478,248,427,269,507,67
231.6334,9479,248,427,269,508,67
231.6592,9480,248,427,269,507,65
231.6856,9481,248,426,268,506,64
231.7106,9482,248,426,268,504,61
231.7359,9483,248,427,268,506,59
231.7616,9484,248,427,268,506,59
231.7892,9485,249,426,268,506,57
231.8133,9486,249,426,268,506,57
231.8400,9487,247,426,268,510,56
231.8637,9488,249,426,268,506,55
231.8916,9489,248,426,268,510,54
231.9148,9490,247,426,268,512,52
231.9406,9491,247,426,268,512,52
231.9676,9492,247,425,268,511,52
231.9923,9493,244,427,267,515,52
232.0170,9494,244,427,267,515,53
232.0422,9495,244,426,267,516,50
232.0692,9496,244,426,267,516,50
232.0928,9497,248,426,268,508,46
232.1192,9498,248,426,268,508,46
232.1460,9499,244,427,266,515,46
232.1708,9500,248,424,267,510,42
232.1966,9501,251,424,267,498,46
232.2230,9502,250,424,267,500,41
232.2471,9503,251,424,267,498,45
232.2726,9504,251,424,267,498,45
232.3008,9505,251,424,267,498,44
232.3250,9506,253,424,267,494,46
232.3506,9507,253,424,267,494,45
232.3752,9508,253,423,267,495,44
232.4030,9509,253,423,267,495,44
232.4265,9510,253,423,267,495,44
232.4534,9511,253,423,267,495,44
232.4804,9512,251,423,267,497,45
232.5060,9513,252,424,267,500,41
232.5304,9514,253,424,268,500,50
232.5575,9515,253,424,268,500,46
232.5820,9516,253,424,268,500,46
232.6077,9517,254,423,268,499,49
232.6345,9518,255,422,268,498,49
232.6598,9519,254,423,268,501,50
232.6852,9520,254,422,267,500,50
232.7112,9521,254,422,267,500,50
232.7374,9522,255,422,267,498,35
232.7637,9523,254,422,267,498,40
232.7883,9524,254,422,267,500,40
232.8141,9525,254,422,267,500,40
232.8409,9526,255,421,268,495,47
232.8665,9527,254,422,268,500,45
232.8913,9528,254,422,267,498,42
232.9179,9529,254,422,267,498,42
232.9426,9530,254,421,268,497,48
232.9714,9531,254,420,268,498,43
232.9939,9532,254,421,268,497,43
233.0204,9533,254,422,268,498,47
233.0454,9534,254,422,268,498,47
233.0728,9535,255,422,268,496,41
233.0974,9536,255,421,267,497,45
233.1251,9537,255,420,268,496,50
233.1499,9538,255,420,268,496,50
233.1758,9539,255,420,268,494,49
233.2006,9540,255,420,268,496,47
233.2257,9541,254,420,268,496,46
233.2517,9542,254,420,268,496,46
233.2785,9543,255,419,268,495,50
233.3034,9544,255,420,268,496,42
233.3289,9545,255,419,268,495,45
233.3546,9546,255,420,268,496,43
233.3800,9547,255,420,268,496,43
233.4052,9548,256,419,268,495,44
233.4312,9549,255,419,268,495,45
233.4553,9550,256,419,268,493,40
233.4825,9551,256,419,268,493,40
233.5068,9552,256,419,268,493,44
233.5327,9553,256,419,268,492,47
233.5584,9554,256,420,268,494,47
233.5838,9555,256,420,268,494,47
233.6127,9556,256,419,268,496,47
233.6369,9557,257,419,269,493,52
233.6605,9558,256,419,269,491,50
233.6860,9559,256,419,269,493,50
233.7122,9560,256,419,269,493,50
233.7391,9561,256,418,269,492,52
233.7652,9562,257,418,269,492,52
233.7893,9563,257,418,269,490,51
233.8160,9564,257,418,269,490,51
233.8425,9565,256,418,269,492,49
233.8667,9566,257,419,269,491,51
233.8924,9567,257,419,269,491,51
233.9184,9568,256,418,269,492,50
233.9449,9569,257,419,269,491,50
233.9706,9570,258,419,269,491,52
233.9955,9571,257,418,269,492,52
234.0212,9572,257,418,269,492,52
234.0470,9573,257,418,269,494,52
234.0737,9574,257,419,269,493,52
234.0985,9575,257,418,269,494,52
234.1249,9576,257,418,270,490,51
234.1521,9577,257,418,270,490,51
234.1769,9578,258,418,270,490,51
234.2015,9579,258,418,269,491,51
234.2266,9580,258,418,269,491,51
234.2551,9581,258,418,269,491,51
234.2793,9582,258,418,269,488,50
234.3072,9583,258,417,269,490,47
234.3290,9584,258,416,270,488,49
234.3551,9585,258,416,270,488,49
234.3834,9586,258,416,270,488,48
234.4085,9587,258,416,270,488,45
234.4336,9588,259,416,270,488,48
234.4589,9589,259,416,270,488,47
234.4846,9590,259,416,270,488,47
234.5118,9591,258,416,270,490,46
234.5355,9592,259,415,270,489,47
234.5612,9593,259,415,270,489,47
234.5874,9594,259,415,270,489,40
234.6133,9595,259,415,270,488,43
234.6382,9596,259,415,270,488,43
234.6647,9597,259,415,270,488,41
234.6906,9598,259,415,270,488,41
234.7172,9599,259,414,270,486,45
234.7447,9600,259,414,270,488,44
234.7703,9601,259,415,270,487,48
234.7957,9602,259,414,270,490,50
234.8221,9603,259,414,270,490,50
234.8487,9604,259,415,271,489,52
234.8736,9605,259,414,271,486,47
234.9000,9606,259,414,271,486,47
234.9257,9607,259,414,271,488,46
234.9522,9608,259,416,271,490,53
234.9776,9609,259,415,271,487,53
235.0017,9610,259,416,271,490,53
235.0267,9611,259,416,271,490,53
235.0538,9612,259,416,271,490,53
235.0816,9613,259,415,272,488,51
235.1063,9614,259,414,272,486,49
235.1311,9615,258,416,272,492,52
235.1563,9616,258,416,272,492,52
235.1823,9617,259,416,272,488,55
235.2104,9618,258,415,272,493,52
235.2363,9619,258,415,272,493,52
235.2604,9620,259,414,272,488,52
235.2870,9621,258,415,272,493,55
235.3121,9622,258,415,272,493,53
235.3384,9623,258,415,272,493,56
235.3628,9624,258,415,272,493,56
235.3889,9625,258,415,272,493,53
235.4149,9626,258,415,272,495,54
235.4401,9627,258,415,272,495,54
235.4659,9628,258,415,273,493,53
235.4906,9629,258,415,273,493,53
235.5173,9630,258,415,272,491,52
235.5437,9631,258,415,272,493,53
235.5700,9632,258,415,272,493,53
235.5981,9633,259,415,272,492,53
235.6215,9634,258,415,273,493,52
235.6460,9635,259,415,272,491,52
235.6715,9636,259,414,273,492,52
235.6997,9637,259,414,273,492,52
235.7252,9638,259,415,273,491,52
235.7512,9639,258,415,273,493,53
235.7767,9640,258,415,273,495,54
235.8022,9641,259,415,273,493,52
235.8270,9642,259,415,273,493,52
235.8540,9643,259,415,273,493,52
235.8782,9644,259,415,273,493,52
235.9057,9645,258,414,273,496,52
235.9303,9646,259,415,273,491,52
235.9567,9647,258,414,273,496,54
235.9811,9648,258,415,273,495,53
236.0071,9649,258,415,273,495,53
236.0330,9650,258,414,273,494,53
236.0595,9651,259,415,273,493,53
236.0833,9652,258,415,273,495,52
236.1100,9653,258,415,273,495,53
236.1368,9654,258,415,273,495,53
236.1631,9655,258,414,273,494,52
236.1896,9656,259,415,273,492,52
236.2158,9657,259,414,273,492,50
236.2416,9658,259,414,273,492,50
236.2685,9659,259,414,273,492,50
236.2940,9660,260,414,273,490,48
236.3199,9661,260,414,273,492,49
236.3443,9662,260,414,273,492,49
236.3713,9663,260,414,273,489,49
236.3957,9664,259,414,273,490,51
236.4237,9665,259,414,273,492,51
236.4480,9666,260,415,273,487,51
236.4743,9667,260,414,274,488,49
236.4988,9668,260,414,274,488,49
236.5259,9669,260,415,274,487,52
236.5508,9670,260,414,274,486,51
236.5776,9671,260,414,274,486,51
236.6034,9672,260,414,274,488,52
236.6301,9673,263,414,275,486,50
236.6530,9674,263,413,275,485,51
236.6805,9675,263,414,275,486,51
236.7071,9676,263,414,275,486,51
236.7334,9677,262,414,275,486,51
236.7605,9678,262,414,275,490,52
236.7862,9679,262,414,275,489,53
236.8110,9680,262,414,275,490,53
236.8375,9681,262,414,275,490,53
236.8634,9682,262,414,276,490,54
236.8926,9683,262,414,276,492,53
236.9188,9684,262,414,276,492,53
236.9451,9685,262,414,276,490,55
236.9710,9686,262,414,276,492,55
236.9975,9687,262,414,276,492,55
237.0218,9688,262,414,276,490,56
237.0474,9689,263,414,276,486,57
237.0753,9690,263,414,276,486,57
237.0997,9691,262,414,277,488,57
237.1246,9692,262,414,277,486,58
237.1510,9693,262,414,276,486,58
237.1756,9694,262,414,277,485,58
237.2043,9695,262,414,277,485,58
237.2278,9696,262,414,277,486,59
237.2534,9697,262,414,277,486,59
237.2785,9698,262,414,277,488,59
237.3048,9699,262,414,277,489,59
237.3290,9700,263,414,277,488,60
237.3549,9701,263,414,277,488,60
237.3805,9702,263,414,277,488,60
237.4072,9703,263,414,277,489,60
237.4324,9704,263,414,277,486,61
237.4576,9705,263,414,277,487,61
237.4822,9706,263,414,277,488,61
237.5097,9707,263,414,277,488,61
237.5354,9708,262,414,277,487,61
237.5628,9709,262,415,278,487,61
237.5891,9710,262,415,278,487,61
237.6148,9711,263,414,278,488,62
237.6403,9712,263,414,278,485,61
237.6662,9713,263,414,278,486,61
237.6913,9714,263,414,278,486,62
237.7168,9715,263,414,278,486,62
237.7420,9716,263,414,278,486,61
237.7712,9717,263,414,278,484,62
237.7952,9718,262,414,278,486,61
237.8229,9719,262,414,278,488,61
237.8458,9720,262,414,278,488,61
237.8737,9721,263,414,278,486,61
237.8967,9722,263,414,278,486,62
237.9246,9723,263,414,278,486,62
237.9500,9724,263,414,278,486,61
237.9759,9725,264,414,278,484,62
238.0017,9726,264,414,278,486,62
238.0269,9727,264,414,278,488,62
238.0525,9728,264,414,278,488,62
238.0786,9729,264,414,278,483,62
238.1051,9730,264,414,278,486,62
238.1307,9731,264,414,278,486,62
238.1559,9732,263,414,279,484,62
238.1811,9733,263,414,279,484,62
238.2070,9734,263,414,278,485,62
238.2343,9735,263,414,279,485,62
238.2589,9736,263,414,279,487,62
238.2848,9737,263,414,279,487,62
238.3111,9738,263,414,279,486,62
238.3383,9739,264,414,279,486,62
238.3612,9740,264,414,279,484,62
238.3882,9741,264,414,279,484,62
238.4132,9742,264,414,279,487,62
238.4406,9743,263,414,279,486,62
238.4664,9744,264,414,279,488,61
238.4931,9745,263,414,280,488,61
238.5193,9746,263,414,280,488,61
238.5451,9747,263,414,280,484,61
238.5714,9748,262,414,280,486,61
238.5968,9749,261,414,281,484,62
238.6230,9750,261,414,281,484,62
238.6500,9751,262,413,280,485,62
238.6739,9752,262,414,281,486,61
238.6993,9753,262,413,281,483,62
238.7254,9754,262,413,281,483,62
238.7520,9755,262,414,281,484,62
238.7795,9756,262,413,281,487,62
238.8038,9757,262,414,281,486,63
238.8282,9758,262,413,282,486,62
238.8540,9759,262,413,282,486,62
238.8803,9760,262,414,281,486,62
238.9071,9761,262,414,282,486,63
238.9309,9762,262,414,282,488,63
238.9577,9763,262,414,282,488,63
238.9834,9764,262,414,282,486,63
239.0078,9765,262,414,282,486,63
239.0341,9766,262,414,282,486,63
239.0603,9767,262,414,282,486,63
239.0873,9768,261,414,283,484,62
239.1126,9769,261,413,283,485,62
239.1379,9770,262,413,284,487,65
239.1618,9771,261,413,284,485,65
239.1884,9772,261,413,284,485,65
239.2174,9773,261,414,284,486,65
239.2429,9774,261,414,284,486,66
239.2702,9775,260,413,284,487,66
239.2938,9776,260,413,284,487,66
239.3219,9777,261,414,284,488,65
239.3477,9778,261,414,284,488,65
239.3738,9779,261,414,284,488,66
239.3984,9780,261,414,284,488,66
239.4265,9781,261,414,285,486,66
239.4511,9782,261,414,285,486,66
239.4755,9783,261,414,285,486,67
239.5002,9784,261,414,285,487,67
239.5262,9785,261,414,285,487,67
239.5514,9786,260,414,286,485,68
239.5777,9787,261,414,285,484,68
239.6040,9788,261,414,285,484,68
239.6291,9789,261,414,285,484,68
239.6564,9790,260,414,286,484,68
239.6800,9791,261,414,286,484,69
239.7060,9792,262,414,286,488,69
239.7305,9793,262,414,286,488,69
239.7558,9794,262,414,286,486,69
239.7826,9795,262,414,286,484,69
239.8081,9796,262,414,286,486,69
239.8340,9797,262,414,286,486,69
239.8590,9798,262,414,286,486,69
239.8849,9799,262,414,286,484,68
239.9114,9800,261,414,287,484,69
239.9352,9801,262,413,286,485,69
239.9600,9802,263,414,286,487,70
239.9875,9803,263,414,286,487,70
240.0114,9804,263,414,286,486,69
240.0398,9805,263,414,286,486,69
240.0632,9806,262,415,287,483,70
240.0900,9807,261,414,287,482,71
240.1155,9808,261,415,287,483,70
240.1409,9809,262,415,286,485,70
240.1661,9810,262,415,286,485,70
240.1932,9811,262,414,286,484,70
240.2186,9812,262,414,286,485,70
240.2465,9813,262,414,286,485,70
240.2692,9814,263,414,287,487,71
240.2940,9815,263,414,287,488,71
240.3204,9816,263,414,287,488,71
240.3460,9817,263,414,287,488,71
240.3726,9818,263,414,287,488,71
240.3996,9819,262,414,287,484,71
240.4247,9820,262,414,287,485,71
240.4504,9821,262,414,287,485,71
240.4743,9822,263,414,287,490,72
240.5014,9823,263,414,287,490,72
240.5272,9824,263,414,287,488,72
240.5533,9825,263,414,287,492,72
240.5781,9826,263,414,287,494,72
240.6042,9827,262,414,287,492,70
240.6283,9828,262,414,287,492,70
240.6546,9829,262,414,287,492,70
240.6794,9830,262,414,286,496,68
240.7070,9831,262,414,286,496,68
240.7339,9832,262,413,286,495,68
240.7599,9833,262,412,286,492,65
240.7848,9834,262,412,286,492,66
240.8121,9835,262,412,286,490,66
240.8374,9836,262,412,286,490,66
240.8617,9837,260,412,286,489,66
240.8879,9838,261,412,286,492,66
240.9147,9839,261,412,286,490,64
240.9395,9840,260,412,286,490,66
240.9668,9841,260,412,286,490,66
240.9931,9842,260,412,286,488,66
241.0195,9843,260,412,286,484,65
241.0454,9844,260,412,286,484,65
241.0715,9845,259,411,286,486,65
241.0984,9846,260,412,286,484,64
241.1240,9847,261,411,286,486,65
241.1491,9848,261,411,286,490,63
241.1748,9849,261,411,286,490,63
241.2022,9850,263,411,286,487,63
241.2266,9851,260,411,286,487,62
241.2534,9852,261,411,285,481,60
241.2771,9853,260,411,285,483,62
241.3030,9854,260,411,285,483,62
241.3297,9855,262,410,286,488,59
241.3559,9856,263,410,285,487,57
241.3796,9857,263,410,285,487,57
241.4060,9858,265,410,285,484,59
241.4334,9859,264,410,285,484,59
241.4583,9860,264,410,285,482,60
241.4837,9861,263,410,285,486,58
241.5097,9862,263,410,285,486,58
241.5364,9863,263,410,285,487,57
241.5621,9864,262,410,285,488,59
241.5875,9865,263,410,285,488,59
241.6127,9866,260,410,285,488,59
241.6389,9867,260,410,285,488,59
241.6632,9868,263,409,285,487,57
241.6903,9869,263,409,285,489,59
241.7151,9870,263,409,285,489,59
241.7418,9871,263,410,285,488,57
241.7683,9872,263,409,285,489,59
241.7920,9873,263,409,286,489,57
241.8182,9874,264,409,286,487,58
241.8435,9875,264,409,286,487,58
241.8708,9876,265,409,286,485,60
241.8957,9877,262,409,286,489,58
241.9224,9878,262,409,286,489,57
241.9470,9879,262,408,286,490,58
241.9736,9880,262,408,286,490,58
241.9995,9881,263,408,286,488,58
242.0243,9882,263,409,286,489,57
242.0510,9883,263,409,286,489,57
242.0760,9884,262,409,286,493,58
242.1030,9885,260,410,286,492,58
242.1275,9886,265,408,286,484,57
242.1535,9887,264,408,285,490,55
242.1794,9888,264,408,285,490,55
242.2043,9889,262,408,286,492,56
242.2319,9890,259,410,284,498,59
242.2561,9891,262,408,285,491,52
242.2823,9892,258,409,284,497,54
242.3082,9893,258,409,284,497,54
242.3333,9894,260,408,285,494,49
242.3587,9895,260,408,284,494,47
242.3861,9896,260,408,284,494,47
242.4117,9897,260,408,284,494,46
242.4386,9898,260,408,284,494,49
242.4621,9899,260,408,284,490,45
242.4897,9900,260,408,284,490,45
242.5146,9901,259,407,284,493,46
242.5399,9902,263,408,284,490,48
242.5668,9903,261,408,284,490,50
242.5898,9904,263,408,284,488,47
242.6163,9905,262,407,284,489,48
242.6433,9906,262,407,284,489,48
242.6706,9907,262,408,285,490,51
242.6932,9908,261,407,285,490,49
242.7206,9909,261,407,285,490,49
242.7444,9910,261,406,285,488,47
242.7725,9911,264,406,284,488,48
242.7953,9912,262,407,284,489,48
242.8217,9913,262,407,284,489,48
242.8489,9914,264,406,285,486,51
242.8758,9915,262,407,284,489,50
242.9014,9916,262,406,284,488,50
242.9264,9917,261,406,285,492,50
242.9507,9918,259,409,283,495,51
242.9777,9919,259,409,283,495,51
243.0035,9920,261,406,285,492,47
243.0289,9921,263,407,284,487,48
243.0544,9922,263,407,284,487,48
243.0826,9923,263,406,284,488,46
243.1066,9924,262,406,284,488,47
243.1315,9925,263,406,284,488,52
243.1583,9926,263,406,284,488,52
243.1848,9927,263,406,285,488,47
243.2116,9928,263,406,284,488,50
243.2383,9929,262,406,284,490,50
243.2623,9930,262,407,284,489,50
243.2901,9931,262,407,284,489,50
243.3139,9932,262,407,284,490,48
243.3411,9933,264,406,284,488,49
243.3648,9934,265,406,285,486,50
243.3901,9935,264,406,284,488,45
243.4165,9936,264,406,284,488,45
243.4408,9937,264,406,285,487,48
243.4667,9938,262,406,286,488,50
243.4916,9939,262,406,286,488,50
243.5190,9940,263,406,285,488,48
243.5439,9941,262,406,285,489,47
243.5703,9942,262,406,285,490,50
243.5958,9943,262,406,285,489,48
243.6211,9944,262,406,285,489,48
243.6489,9945,261,406,285,490,51
243.6746,9946,258,408,284,496,50
243.6994,9947,260,406,285,492,49
243.7233,9948,264,406,285,488,42
243.7515,9949,264,406,285,488,42
243.7752,9950,262,406,285,490,45
243.8021,9951,260,406,285,490,48
243.8270,9952,260,406,285,490,48
243.8542,9953,260,406,285,490,48
243.8810,9954,261,406,285,492,46
243.9045,9955,262,406,285,492,47
243.9300,9956,263,406,285,490,48
243.9568,9957,263,406,285,490,48
243.9816,9958,262,406,286,492,45
244.0081,9959,262,406,286,492,46
244.0332,9960,262,406,285,492,47
244.0589,9961,262,406,286,492,47
244.0840,9962,262,406,286,492,47
244.1091,9963,262,406,285,492,47
244.1386,9964,262,406,286,492,47
244.1617,9965,262,406,286,492,47
244.1891,9966,261,407,285,493,48
244.2137,9967,262,406,286,492,46
244.2395,9968,262,406,286,492,46
244.2642,9969,263,406,286,490,48
244.2902,9970,263,406,286,490,48
244.3171,9971,259,407,286,495,47
244.3420,9972,263,405,286,489,47
244.3677,9973,263,406,286,488,47
244.3925,9974,263,405,286,485,47
244.4178,9975,263,405,286,485,47
244.4425,9976,264,406,286,485,49
244.4689,9977,264,406,286,485,49
244.4952,9978,262,406,286,486,47
244.5216,9979,262,406,286,486,46
244.5457,9980,262,405,286,487,49
244.5709,9981,264,406,286,485,44
244.5958,9982,264,406,286,485,44
244.6225,9983,265,406,286,484,44
244.6489,9984,265,406,286,484,44
244.6740,9985,264,406,286,484,45
244.6987,9986,265,406,286,484,46
244.7257,9987,265,406,286,484,46
244.7514,9988,263,406,286,484,46
244.7770,9989,263,406,286,486,49
244.8031,9990,263,406,286,486,49
244.8282,9991,263,406,286,486,49
244.8556,9992,265,406,286,482,48
244.8817,9993,264,406,286,484,49
244.9055,9994,264,405,286,485,49
244.9304,9995,264,405,286,485,49
244.9581,9996,263,406,286,486,51
244.9846,9997,263,406,286,487,50
245.0098,9998,263,405,286,487,49
245.0359,9999,263,405,286,487,49
245.0601,10000,263,405,286,487,49
245.0871,10001,263,406,286,486,49
245.1137,10002,263,406,286,486,49
245.1393,10003,262,406,286,490,48
245.1639,10004,263,406,286,488,51
245.1903,10005,263,406,286,488,50
245.2152,10006,263,406,286,488,46
245.2410,10007,263,406,286,488,47
245.2677,10008,263,406,286,488,47
245.2917,10009,262,406,286,489,49
245.3185,10010,263,406,286,488,47
245.3452,10011,265,405,286,485,48
245.3681,10012,266,406,286,482,46
245.3948,10013,266,406,286,482,46
245.4205,10014,263,406,287,488,49
245.4447,10015,263,406,287,488,49
245.4725,10016,263,406,287,488,49
245.4985,10017,263,406,286,488,50
245.5230,10018,263,406,287,488,51
245.5487,10019,262,406,286,490,52
245.5730,10020,262,406,286,490,52
245.5993,10021,263,406,286,490,53
245.6259,10022,262,406,286,490,53
245.6506,10023,262,406,286,490,52
245.6763,10024,263,406,286,492,51
245.7023,10025,263,406,286,492,51
245.7293,10026,263,405,287,491,52
245.7555,10027,263,406,287,490,52
245.7805,10028,263,406,287,492,52
245.8053,10029,263,406,287,492,52
245.8333,10030,262,406,287,492,51
245.8580,10031,259,408,286,498,53
245.8837,10032,258,408,286,498,56
245.9095,10033,258,408,286,498,56
245.9347,10034,259,408,286,497,53
245.9620,10035,258,408,286,498,59
245.9876,10036,259,409,286,497,57
246.0134,10037,258,408,287,498,61
246.0399,10038,258,408,287,498,54
246.0656,10039,258,408,287,498,54
246.0910,10040,259,407,288,497,53
246.1162,10041,258,408,287,498,56
246.1431,10042,258,408,287,498,56
246.1713,10043,259,408,287,498,59
246.1959,10044,260,407,288,497,55
246.2221,10045,260,407,288,497,55
246.2464,10046,260,407,288,497,55
246.2746,10047,262,406,288,495,57
246.3004,10048,262,406,288,494,55
246.3263,10049,258,407,288,499,60
246.3526,10050,259,408,287,498,60
246.3769,10051,259,408,288,498,59
246.4063,10052,259,408,288,498,59
246.4295,10053,258,408,288,498,60
246.4559,10054,258,408,288,500,61
246.4805,10055,258,408,288,500,61
246.5096,10056,258,408,287,499,57
246.5329,10057,258,407,288,499,57
246.5578,10058,260,407,288,497,57
246.5828,10059,263,406,288,492,54
246.6088,10060,263,406,288,492,54
246.6345,10061,261,406,288,496,56
246.6609,10062,264,406,288,490,53
246.6860,10063,264,406,288,492,56
246.7129,10064,264,406,288,492,55
246.7378,10065,264,406,288,492,55
246.7644,10066,263,406,288,492,54
246.7893,10067,260,407,289,497,56
246.8166,10068,260,407,289,497,56
246.8432,10069,265,406,289,488,55
246.8682,10070,265,405,289,489,54
246.8949,10071,265,406,290,490,56
246.9192,10072,265,406,290,490,56
246.9461,10073,265,406,290,490,57
246.9724,10074,266,405,290,488,56
246.9983,10075,267,406,290,488,59
247.0230,10076,270,405,290,481,59
247.0497,10077,268,406,290,488,62
247.0765,10078,268,406,290,488,62
247.1012,10079,268,406,290,488,63
247.1270,10080,266,406,291,490,63
247.1528,10081,267,405,291,489,63
247.1793,10082,267,405,291,489,63
247.2051,10083,268,406,291,488,64
247.2303,10084,268,406,291,486,65
247.2542,10085,268,406,291,486,65
247.2803,10086,268,406,291,488,65
247.3080,10087,268,406,291,488,65
247.3323,10088,267,406,291,489,65
247.3578,10089,267,406,291,490,66
247.3822,10090,267,406,292,490,67
247.4085,10091,267,406,292,490,67
247.4367,10092,267,406,292,488,66
247.4612,10093,267,406,292,488,67
247.4863,10094,268,406,292,488,68
247.5124,10095,268,406,292,488,68
247.5377,10096,268,406,292,488,69
247.5619,10097,267,406,292,488,69
247.5880,10098,267,406,292,488,69
247.6151,10099,267,406,292,488,69
247.6406,10100,268,406,292,487,69
247.6661,10101,268,406,292,486,69
247.6920,10102,267,406,292,488,69
247.7172,10103,267,406,292,488,69
247.7439,10104,267,407,292,487,70
247.7708,10105,268,406,292,488,70
247.7944,10106,267,406,292,487,70
247.8201,10107,268,406,292,486,70
247.8452,10108,268,406,292,486,70
247.8713,10109,266,406,293,488,70
247.8965,10110,266,406,293,488,70
247.9233,10111,266,406,293,488,70
247.9470,10112,267,406,293,487,71
247.9739,10113,267,406,293,486,71
247.9980,10114,266,408,292,490,71
248.0240,10115,266,408,292,490,71
248.0493,10116,267,406,293,486,71
248.0764,10117,265,407,293,492,71
248.1024,10118,266,406,292,490,69
248.1272,10119,266,407,293,487,71
248.1530,10120,266,407,293,487,72
248.1781,10121,266,407,293,487,72
248.2040,10122,267,406,293,486,71
248.2286,10123,267,406,293,486,71
248.2546,10124,266,406,293,488,70
248.2807,10125,266,406,293,488,71
248.3067,10126,266,406,293,487,71
248.3319,10127,264,407,293,492,73
248.3561,10128,264,407,293,492,73
248.3824,10129,266,406,293,488,71
248.4082,10130,266,406,293,489,71
248.4343,10131,266,407,293,487,71
248.4595,10132,265,406,293,488,72
248.4862,10133,265,406,293,488,72
248.5104,10134,264,407,293,491,72
248.5374,10135,266,406,293,486,72
248.5610,10136,266,406,293,486,72
248.5897,10137,264,407,293,492,73
248.6153,10138,265,406,293,488,72
248.6398,10139,265,406,293,488,72
248.6649,10140,265,407,293,489,71
248.6903,10141,265,407,293,489,71
248.7177,10142,266,406,293,487,72
248.7417,10143,266,406,293,487,71
248.7667,10144,264,407,293,491,72
248.7923,10145,266,406,293,488,71
248.8216,10146,266,406,293,488,71
248.8446,10147,265,406,294,490,71
248.8705,10148,265,407,293,491,72
248.8961,10149,265,407,293,491,72
248.9226,10150,265,407,293,490,73
248.9483,10151,266,406,294,488,71
248.9725,10152,264,407,293,493,71
248.9988,10153,264,407,293,493,71
249.0235,10154,264,407,293,493,72
249.0497,10155,264,407,293,493,72
249.0759,10156,267,406,294,487,68
249.1000,10157,266,406,294,487,70
249.1267,10158,266,406,294,487,70
249.1551,10159,266,406,294,491,70
249.1789,10160,266,406,294,488,70
249.2032,10161,267,406,294,488,69
249.2294,10162,267,406,294,488,69
249.2569,10163,266,407,294,491,70
249.2818,10164,264,407,294,494,71
249.3064,10165,265,407,294,495,71
249.3319,10166,265,407,294,495,71
249.3583,10167,266,406,294,494,70
249.3828,10168,264,407,295,497,71
249.4083,10169,265,406,295,494,69
249.4335,10170,265,406,295,494,69
249.4616,10171,265,406,295,494,69
249.4847,10172,267,407,295,493,69
249.5118,10173,268,407,295,493,70
249.5362,10174,267,406,295,494,70
249.5622,10175,267,406,295,494,70
249.5866,10176,267,406,296,494,71
249.6125,10177,266,407,295,496,71
249.6385,10178,266,407,295,496,71
249.6646,10179,266,406,296,494,72
249.6899,10180,266,406,296,494,71
249.7172,10181,267,406,295,494,71
249.7415,10182,266,406,296,494,72
249.7672,10183,266,406,296,494,72
249.7934,10184,267,406,296,492,71
249.8199,10185,267,406,296,492,71
249.8449,10186,267,406,296,492,71
249.8705,10187,267,406,296,492,72
249.8970,10188,267,406,296,492,72
249.9226,10189,267,406,296,492,72
249.9476,10190,266,407,296,493,72
249.9741,10191,266,408,296,496,73
249.9991,10192,266,408,296,496,73
250.0266,10193,266,407,296,493,71
250.0520,10194,266,408,296,494,72
250.0784,10195,266,407,297,493,71
250.1032,10196,266,407,297,493,71
250.1295,10197,267,407,297,492,70
250.1555,10198,268,406,297,490,70
250.1818,10199,268,407,297,491,70
250.2079,10200,268,406,298,492,70
250.2331,10201,268,406,298,492,70
250.2575,10202,268,406,298,492,70
250.2823,10203,268,406,298,491,71
250.3090,10204,268,406,298,491,71
250.3343,10205,268,407,298,491,71
250.3619,10206,268,406,298,489,70
250.3864,10207,268,406,298,488,70
250.4117,10208,268,406,298,490,71
250.4383,10209,268,406,298,490,71
250.4628,10210,268,406,298,486,72
250.4902,10211,268,406,298,490,71
250.5156,10212,268,406,298,490,71
250.5397,10213,267,407,298,489,72
250.5661,10214,267,407,298,489,72
250.5911,10215,268,407,298,489,71
250.6162,10216,268,407,298,489,72
250.6442,10217,268,407,298,489,72
250.6680,10218,268,407,298,489,71
250.6950,10219,268,406,298,488,71
250.7187,10220,268,407,298,487,71
250.7449,10221,268,406,299,486,71
250.7711,10222,268,406,299,486,71
250.7985,10223,268,407,299,487,71
250.8246,10224,268,407,299,487,72
250.8496,10225,268,407,299,485,73
250.8748,10226,268,407,299,484,72
250.9009,10227,268,407,299,484,72
250.9250,10228,268,407,299,483,72
250.9512,10229,268,407,299,485,73
250.9766,10230,268,407,299,485,73
251.0036,10231,268,407,299,484,73
251.0282,10232,268,406,299,484,73
251.0538,10233,268,408,299,488,74
251.0784,10234,268,408,299,488,74
251.1053,10235,268,407,299,483,73
251.1311,10236,268,407,298,487,73
251.1564,10237,268,406,300,486,74
251.1814,10238,268,407,299,485,74
251.2074,10239,268,408,299,488,74
251.2332,10240,268,408,299,488,74
251.2582,10241,267,407,299,489,74
251.2853,10242,267,407,299,489,74
251.3099,10243,267,408,299,490,74
251.3376,10244,267,408,299,490,73
251.3612,10245,268,408,299,490,74
251.3865,10246,268,407,300,487,71
251.4134,10247,268,407,300,487,71
251.4399,10248,267,408,300,492,73
251.4655,10249,268,407,300,488,72
251.4905,10250,268,408,300,486,72
251.5164,10251,268,407,300,488,72
251.5407,10252,268,407,300,488,72
251.5680,10253,268,408,300,488,73
251.5931,10254,268,408,300,488,74
251.6185,10255,268,408,300,488,74
251.6433,10256,268,408,300,490,74
251.6710,10257,268,407,300,489,73
251.6948,10258,268,408,300,490,74
251.7215,10259,268,407,300,488,73
251.7461,10260,268,407,300,488,73
251.7746,10261,268,408,300,492,74
251.8001,10262,268,408,300,490,73
251.8258,10263,268,408,300,490,74
251.8514,10264,268,408,300,488,73
251.8760,10265,268,408,300,488,73
251.9038,10266,267,407,301,489,73
251.9304,10267,267,407,301,489,74
251.9554,10268,267,407,301,489,74
251.9814,10269,268,407,300,489,74
252.0075,10270,268,408,300,490,74
252.0330,10271,267,408,300,490,74
252.0583,10272,267,408,301,490,74
252.0836,10273,267,408,301,490,74
252.1127,10274,267,407,301,489,73
252.1370,10275,268,407,301,489,74
252.1626,10276,268,408,300,490,73
252.1880,10277,268,407,301,488,73
252.2143,10278,268,407,301,488,73
252.2395,10279,267,408,301,492,74
252.2664,10280,268,407,301,489,73
252.2907,10281,268,407,301,487,74
252.3162,10282,268,407,301,487,74
252.3447,10283,268,407,301,489,73
252.3688,10284,268,406,301,486,74
252.3935,10285,268,407,301,487,74
252.4192,10286,268,407,301,487,74
252.4465,10287,267,407,301,489,74
252.4731,10288,267,407,300,489,74
252.4989,10289,268,407,300,491,73
252.5228,10290,267,406,300,492,73
252.5496,10291,267,406,300,492,73
252.5756,10292,266,406,300,494,75
252.6019,10293,267,407,300,493,73
252.6275,10294,266,406,300,494,72
252.6535,10295,266,406,300,494,72
252.6788,10296,266,406,300,494,72
252.7057,10297,265,406,300,496,72
252.7292,10298,265,406,300,495,72
252.7577,10299,265,406,300,495,72
252.7813,10300,264,407,300,497,73
252.8073,10301,264,406,300,495,72
252.8341,10302,264,405,300,495,71
252.8579,10303,264,406,300,496,69
252.8846,10304,264,406,300,496,69
252.9095,10305,264,406,300,494,70
252.9363,10306,263,407,300,497,69
252.9611,10307,263,406,299,498,71
252.9864,10308,263,406,299,498,71
253.0134,10309,263,406,300,498,68
253.0381,10310,264,406,300,494,68
253.0649,10311,264,405,300,494,70
253.0909,10312,264,405,300,494,70
253.1167,10313,262,406,300,496,70
253.1425,10314,263,406,299,496,69
253.1677,10315,262,406,300,497,69
253.1920,10316,262,406,300,496,69
253.2184,10317,262,406,300,496,69
253.2441,10318,262,406,300,496,70
253.2712,10319,262,406,300,496,71
253.2972,10320,262,405,300,495,70
253.3222,10321,262,405,300,495,70
253.3470,10322,262,407,299,497,70
253.3715,10323,262,407,300,497,69
253.3980,10324,262,407,300,497,69
253.4250,10325,261,406,300,496,70
253.4510,10326,261,406,300,496,70
253.4784,10327,262,406,300,496,70
253.5027,10328,262,406,300,496,69
253.5294,10329,262,406,300,497,69
253.5543,10330,262,406,300,497,69
253.5798,10331,262,406,300,496,65
253.6064,10332,262,406,300,496,65
253.6321,10333,261,406,300,497,64
253.6576,10334,261,406,300,497,64
253.6835,10335,264,405,300,490,63
253.7096,10336,264,406,300,494,63
253.7349,10337,264,406,300,494,63
253.7613,10338,263,406,300,494,64
253.7879,10339,265,405,300,489,66
253.8118,10340,265,405,300,489,63
253.8375,10341,265,405,300,489,63
253.8627,10342,269,404,300,484,63
253.8898,10343,269,404,300,484,63
253.9165,10344,267,404,300,484,64
253.9413,10345,266,404,300,488,67
253.9667,10346,266,405,300,487,67
253.9924,10347,266,405,300,487,67
254.0183,10348,266,405,300,485,67
254.0427,10349,267,405,300,485,66
254.0686,10350,267,405,300,485,66
254.0949,10351,267,405,300,485,68
254.1203,10352,268,405,299,485,66
254.1455,10353,270,405,299,482,66
254.1698,10354,269,405,299,483,64
254.1967,10355,269,405,299,483,64
254.2222,10356,266,404,300,486,64
254.2487,10357,266,404,300,486,64
254.2734,10358,266,405,300,487,63
254.2984,10359,268,405,300,483,65
254.3243,10360,268,405,300,483,65
254.3498,10361,270,405,300,481,63
254.3751,10362,267,405,300,483,66
254.4012,10363,267,405,300,483,66
254.4270,10364,268,405,299,485,66
254.4547,10365,268,405,300,483,66
254.4787,10366,270,405,300,483,68
254.5042,10367,269,405,299,483,63
254.5298,10368,269,405,299,483,63
254.5580,10369,270,405,299,481,63
254.5807,10370,272,406,299,480,63
254.6062,10371,272,405,300,481,63
254.6307,10372,272,405,300,481,63
254.6570,10373,272,405,300,481,63
254.6837,10374,271,405,299,481,65
254.7099,10375,271,405,299,481,65
254.7366,10376,270,405,300,479,66
254.7636,10377,272,406,299,478,63
254.7887,10378,271,405,300,481,66
254.8136,10379,272,405,300,479,66
254.8385,10380,272,405,299,481,63
254.8657,10381,272,405,299,481,63
254.8937,10382,272,405,299,479,63
254.9164,10383,272,405,300,479,63
254.9420,10384,272,405,299,479,61
254.9677,10385,272,405,299,479,61
254.9943,10386,274,405,298,475,60
255.0200,10387,272,406,299,478,64
255.0462,10388,272,406,299,478,64
255.0717,10389,272,406,299,478,64
255.0981,10390,271,406,298,479,64
255.1230,10391,271,406,297,479,62
255.1479,10392,272,406,297,477,59
255.1762,10393,272,406,297,477,59
255.2033,10394,272,405,297,477,61
255.2289,10395,272,405,296,477,56
255.2559,10396,272,406,296,476,57
255.2788,10397,272,405,296,477,59
255.3050,10398,271,405,296,478,55
255.3306,10399,271,405,296,478,55
255.3551,10400,271,405,296,479,56
255.3823,10401,271,405,296,479,56
255.4083,10402,273,406,295,476,51
255.4322,10403,272,405,295,477,55
255.4584,10404,274,405,295,477,46
255.4833,10405,273,405,296,477,52
255.5090,10406,273,405,296,477,52
255.5353,10407,272,405,295,479,53
255.5638,10408,272,405,295,479,58
255.5869,10409,272,405,296,479,55
255.6117,10410,274,405,295,477,47
255.6369,10411,274,405,295,477,47
255.6640,10412,274,404,295,478,41
255.6907,10413,274,404,295,478,57
255.7168,10414,274,404,295,478,57
255.7435,10415,273,405,295,479,54
255.7691,10416,270,405,295,481,57
255.7948,10417,273,404,295,478,52
255.8226,10418,272,405,295,479,55
255.8449,10419,272,405,295,479,55
255.8720,10420,272,404,295,478,45
255.8982,10421,271,404,295,478,51
255.9234,10422,272,404,295,479,53
255.9481,10423,268,405,294,480,56
255.9760,10424,270,404,295,478,61
256.0021,10425,270,404,295,478,61
256.0296,10426,269,404,295,478,60
256.0535,10427,270,404,295,478,60
256.0790,10428,270,404,295,478,60
256.1053,10429,270,404,295,479,57
256.1308,10430,270,404,295,479,60
256.1549,10431,268,404,295,480,64
256.1817,10432,268,404,295,480,64
256.2071,10433,268,404,295,478,58
256.2336,10434,268,404,295,480,60
256.2592,10435,264,404,294,482,55
256.2844,10436,266,404,295,482,59
256.3104,10437,266,404,295,482,59
256.3358,10438,269,404,295,480,60
256.3607,10439,270,404,295,482,63
256.3873,10440,270,403,295,481,62
256.4122,10441,270,403,295,481,62
256.4387,10442,267,403,295,481,57
256.4651,10443,267,404,295,482,59
256.4902,10444,268,403,295,481,54
256.5162,10445,268,403,295,481,54
256.5432,10446,270,404,294,480,54
256.5692,10447,268,403,295,481,59
256.5937,10448,270,404,295,480,59
256.6195,10449,270,403,295,481,57
256.6457,10450,270,403,295,481,57
256.6708,10451,268,403,295,481,55
256.6970,10452,269,403,295,481,51
256.7225,10453,270,403,295,479,51
256.7475,10454,270,403,295,479,51
256.7751,10455,270,403,295,479,56
256.7992,10456,269,403,295,480,54
256.8249,10457,270,403,295,479,57
256.8511,10458,270,403,295,479,57
256.8781,10459,268,403,295,481,60
256.9046,10460,268,403,295,482,65
256.9297,10461,269,403,295,481,62
256.9536,10462,268,403,295,483,65
256.9793,10463,268,403,295,483,65
257.0052,10464,269,403,295,481,61
257.0304,10465,268,403,295,481,63
257.0546,10466,268,403,295,483,60
257.0829,10467,268,403,295,483,60
257.1072,10468,268,402,295,484,59
257.1320,10469,269,403,295,483,62
257.1574,10470,269,403,295,483,62
257.1845,10471,269,402,296,484,62
257.2123,10472,269,403,295,483,59
257.2397,10473,268,402,295,484,60
257.2626,10474,269,403,296,484,65
257.2866,10475,266,403,295,485,61
257.3138,10476,266,403,295,485,61
257.3402,10477,267,403,295,485,61
257.3662,10478,267,403,295,485,62
257.3906,10479,267,402,295,486,65
257.4166,10480,267,402,295,486,65
257.4415,10481,267,402,296,484,61
257.4680,10482,266,403,295,485,63
257.4931,10483,266,403,295,485,63
257.5197,10484,266,403,296,485,62
257.5460,10485,266,402,295,486,59
257.5723,10486,266,402,295,486,67
257.5967,10487,266,403,295,485,64
257.6243,10488,266,403,295,485,64
257.6480,10489,265,403,296,486,65
257.6737,10490,266,403,295,485,61
257.6997,10491,266,402,296,486,60
257.7242,10492,262,404,295,490,62
257.7505,10493,262,404,295,490,62
257.7767,10494,263,404,295,488,66
257.8014,10495,265,403,296,486,62
257.8286,10496,265,403,296,486,62
257.8553,10497,264,402,296,486,60
257.8810,10498,262,404,295,489,62
257.9071,10499,262,404,295,490,64
257.9321,10500,260,404,295,490,63
257.9573,10501,260,404,295,490,63
257.9835,10502,261,404,295,490,63
258.0093,10503,264,403,295,486,54
258.0351,10504,265,403,295,486,52
258.0597,10505,264,402,295,486,49
258.0864,10506,264,402,295,486,49
258.1143,10507,265,402,295,484,51
258.1371,10508,265,402,295,484,57
258.1628,10509,265,402,295,484,57
258.1892,10510,265,402,295,484,52
258.2147,10511,266,403,295,483,57
258.2422,10512,266,403,295,483,57
258.2680,10513,265,402,295,484,57
258.2912,10514,265,402,295,484,57
258.3169,10515,268,403,294,483,54
258.3430,10516,266,403,294,483,57
258.3696,10517,266,403,294,483,54
258.3935,10518,265,404,294,484,53
258.4194,10519,265,404,294,484,53
258.4447,10520,264,403,294,485,51
258.4718,10521,264,403,294,485,51
258.4971,10522,265,402,294,484,40
258.5236,10523,263,402,294,484,52
258.5481,10524,266,402,294,482,45
258.5746,10525,267,403,294,483,55
258.5989,10526,267,403,294,483,55
258.6262,10527,268,403,294,482,49
258.6513,10528,268,403,294,482,49
258.6785,10529,266,404,293,484,43
258.7043,10530,269,403,294,483,43
258.7275,10531,270,403,294,481,42
258.7527,10532,270,403,294,481,42
258.7797,10533,271,403,294,481,37
258.8042,10534,271,403,294,481,37
258.8569,10536,271,403,294,479,35
258.9071,10538,266,404,293,484,38
258.9331,10539,266,404,293,484,38
258.9617,10540,271,404,294,480,41
258.9856,10541,266,404,293,484,34
259.0096,10542,267,404,293,484,38
259.0366,10543,267,404,293,484,38
259.0626,10544,267,404,293,484,38
259.0884,10545,267,404,293,484,35
259.1141,10546,268,403,293,483,31
259.1416,10547,268,403,293,483,31
259.1664,10548,267,404,293,484,37
259.1927,10549,269,404,294,484,48
259.2187,10550,266,404,293,486,49
259.2452,10551,266,404,294,486,54
259.2690,10552,266,404,294,486,54
259.2952,10553,270,404,294,482,44
259.3207,10554,266,404,294,486,52
259.3456,10555,268,404,295,484,51
259.3708,10556,267,403,295,485,54
259.3970,10557,267,403,295,485,54
259.4222,10558,269,403,295,484,58
259.4483,10559,269,403,295,484,58
259.4743,10560,268,403,296,485,62
259.5007,10561,268,403,296,485,62
259.5266,10562,270,403,296,485,62
259.5512,10563,270,403,296,484,63
259.5762,10564,269,403,296,485,65
259.6016,10565,269,403,296,485,65
259.6291,10566,269,403,296,484,65
259.6532,10567,270,403,296,483,66
259.6785,10568,269,403,296,484,66
259.7040,10569,271,404,296,482,63
259.7298,10570,271,404,296,482,63
259.7564,10571,270,403,297,483,64
259.7823,10572,268,403,298,485,63
259.8077,10573,269,403,298,483,64
259.8350,10574,269,403,298,483,64
259.8585,10575,269,403,298,483,64
259.8844,10576,270,402,298,484,61
259.9090,10577,270,402,298,484,61
259.9355,10578,269,403,298,483,62
259.9617,10579,268,403,298,485,61
259.9863,10580,267,403,298,485,66
260.0113,10581,269,402,299,484,61
260.0391,10582,269,402,299,484,61
260.0633,10583,264,404,299,490,62
260.0907,10584,270,403,299,483,61
260.1158,10585,269,403,299,485,67
260.1412,10586,270,403,299,487,68
260.1687,10587,270,403,299,487,68
260.1920,10588,270,403,299,485,63
260.2178,10589,268,403,300,486,65
260.2427,10590,268,403,300,486,65
260.2706,10591,270,404,300,486,62
260.2960,10592,270,404,300,486,62
260.3206,10593,269,403,301,487,68
260.3450,10594,270,403,301,486,69
260.3716,10595,270,403,301,486,69
260.3990,10596,270,403,301,487,67
260.4254,10597,270,404,301,486,68
260.4510,10598,270,404,301,486,67
260.4758,10599,270,403,301,487,70
260.5028,10600,270,403,301,487,70
260.5257,10601,270,403,301,487,69
260.5509,10602,269,404,301,488,70
260.5785,10603,269,404,301,488,70
260.6050,10604,270,403,301,485,70
260.6324,10605,270,404,301,486,69
260.6571,10606,272,403,301,483,67
260.6825,10607,270,403,301,485,68
260.7077,10608,270,403,301,485,68
260.7335,10609,272,403,301,482,69
260.7603,10610,273,403,301,481,69
260.7873,10611,271,403,301,485,69
260.8105,10612,272,403,301,483,69
260.8392,10613,272,403,301,483,69
260.8624,10614,271,403,301,483,70
260.8907,10615,270,404,301,484,70
260.9162,10616,270,404,301,484,70
260.9431,10617,272,403,301,483,68
260.9723,10618,271,403,301,483,70
260.9982,10619,270,403,301,485,69
261.0221,10620,272,403,301,483,70
261.0491,10621,272,403,301,483,70
261.0751,10622,271,404,301,486,68
261.1027,10623,271,403,302,486,71
261.1282,10624,271,403,302,487,69
261.1541,10625,272,403,302,486,70
261.1774,10626,271,403,302,487,70
261.2042,10627,271,403,302,487,70
261.2301,10628,271,403,302,487,71
261.2571,10629,272,403,302,486,72
261.2817,10630,272,403,302,486,72
261.3070,10631,271,403,303,487,72
261.3327,10632,272,403,302,485,71
261.3590,10633,272,403,302,485,72
261.3828,10634,272,403,303,485,73
261.4106,10635,272,403,303,485,73
261.4374,10636,271,403,303,488,73
261.4604,10637,272,404,303,486,72
261.4863,10638,271,403,304,488,73
261.5114,10639,272,404,304,486,72
261.5385,10640,272,404,304,486,72
261.5647,10641,271,402,304,486,72
261.5891,10642,271,402,304,486,72
261.6165,10643,272,403,304,485,72
261.6410,10644,272,402,304,484,74
261.6669,10645,272,403,304,485,73
261.6925,10646,271,402,304,486,73
261.7169,10647,271,402,304,486,73
261.7453,10648,271,403,304,485,73
261.7699,10649,272,403,304,484,73
261.7950,10650,271,403,304,487,74
261.8204,10651,272,403,304,485,72
261.8464,10652,272,403,304,485,72
261.8714,10653,272,403,304,485,73
261.8974,10654,271,403,305,485,73
261.9229,10655,271,403,305,485,73
261.9501,10656,271,403,305,485,73
261.9755,10657,271,403,305,485,74
262.0018,10658,271,403,305,485,74
262.0265,10659,271,403,305,485,74
262.0521,10660,271,403,305,485,74
262.0781,10661,271,403,305,487,73
262.1047,10662,271,403,305,487,74
262.1294,10663,270,403,306,487,75
262.1551,10664,271,403,305,487,73
262.1810,10665,271,403,305,487,73
262.2071,10666,271,403,306,487,73
262.2325,10667,272,403,306,485,73
262.2584,10668,272,403,306,485,73
262.2842,10669,272,403,305,485,73
262.3113,10670,272,403,306,484,74
262.3364,10671,271,402,306,486,74
262.3620,10672,272,402,306,486,74
262.3873,10673,272,402,306,486,74
262.4129,10674,271,403,306,487,74
262.4398,10675,272,403,306,485,73
262.4639,10676,272,403,306,485,74
262.4890,10677,272,403,306,485,73
262.5140,10678,272,403,306,485,73
262.5399,10679,272,403,307,483,74
262.5655,10680,272,403,307,483,74
262.5925,10681,272,402,307,482,74
262.6181,10682,272,403,307,483,74
262.6436,10683,272,403,307,483,74
262.6691,10684,272,403,307,481,75
262.6943,10685,272,403,307,481,75
262.7207,10686,272,403,307,483,75
262.7498,10687,272,403,307,484,74
262.7752,10688,272,403,307,483,75
262.8006,10689,272,403,307,481,75
262.8252,10690,272,402,307,482,75
262.8538,10691,272,402,307,482,75
262.8787,10692,272,402,307,482,75
262.9036,10693,271,403,307,483,75
262.9281,10694,271,403,307,483,75
262.9568,10695,271,403,308,483,75
262.9809,10696,271,403,307,484,76
263.0065,10697,271,403,307,486,75
263.0304,10698,271,403,307,486,75
263.0565,10699,271,403,307,486,75
263.0828,10700,270,403,308,485,74
263.1088,10701,271,403,308,485,75
263.1352,10702,272,403,307,481,75
263.1596,10703,271,403,308,483,74
263.1859,10704,271,403,308,483,74
263.2136,10705,272,403,308,483,75
263.2376,10706,271,403,308,484,75
263.2662,10707,271,403,308,484,75
263.2905,10708,270,403,308,486,75
263.3178,10709,271,403,308,485,75
263.3420,10710,271,403,308,485,74
263.3671,10711,271,403,308,485,74
263.3924,10712,271,403,308,483,74
263.4212,10713,272,404,308,482,74
263.4433,10714,272,404,308,482,74
263.4693,10715,271,403,308,485,74
263.4947,10716,271,403,308,485,74
263.5212,10717,272,403,309,483,75
263.5464,10718,272,404,308,482,75
263.5715,10719,272,404,308,482,76
263.5985,10720,272,404,308,482,76
263.6246,10721,272,404,308,482,75
263.6484,10722,272,403,309,481,76
263.6746,10723,272,403,309,481,75
263.7002,10724,272,403,309,481,75
263.7270,10725,272,403,309,480,76
263.7555,10726,272,404,309,480,75
263.7791,10727,272,404,309,478,76
263.8042,10728,272,403,309,479,76
263.8298,10729,272,403,309,479,76
263.8563,10730,272,403,309,479,76
263.8833,10731,272,404,309,478,76
263.9078,10732,272,404,309,480,76
263.9347,10733,272,404,309,480,76
263.9601,10734,272,403,309,481,76
263.9862,10735,272,404,309,478,76
264.0116,10736,272,404,309,478,76
264.0372,10737,272,404,309,478,76
264.0652,10738,272,403,310,479,77
264.0878,10739,271,403,310,480,77
264.1149,10740,272,404,310,478,77
264.1406,10741,272,403,310,481,76
264.1667,10742,272,403,310,481,76
264.1931,10743,272,404,309,480,76
264.2184,10744,272,403,309,481,76
264.2436,10745,272,403,309,481,76
264.2697,10746,272,403,309,481,76
264.2961,10747,271,403,309,479,76
264.3215,10748,272,404,308,480,75
264.3465,10749,272,403,309,483,76
264.3730,10750,272,403,309,483,76
264.3989,10751,271,402,309,484,76
264.4239,10752,271,403,309,485,76
264.4496,10753,270,402,309,486,76
264.4743,10754,270,402,309,486,75
264.5007,10755,270,402,309,486,75
264.5271,10756,269,403,308,487,76
264.5528,10757,269,402,309,486,75
264.5776,10758,268,402,309,486,76
264.6048,10759,268,402,309,486,76
264.6297,10760,268,402,309,486,76
264.6536,10761,267,402,309,486,76
264.6802,10762,268,402,309,486,76
264.7067,10763,268,402,309,486,76
264.7312,10764,267,402,309,486,77
264.7572,10765,268,402,309,486,77
264.7813,10766,268,402,309,486,76
264.8074,10767,268,402,309,486,76
264.8328,10768,268,402,309,486,76
264.8602,10769,268,402,309,486,75
264.8854,10770,268,402,308,486,75
264.9101,10771,268,402,309,486,75
264.9351,10772,268,402,309,486,75
264.9616,10773,268,402,309,486,75
264.9878,10774,268,402,309,486,75
265.0128,10775,268,402,309,486,75
265.0392,10776,268,402,309,486,75
265.0647,10777,268,402,309,486,75
265.0892,10778,268,401,309,487,75
265.1139,10779,268,402,309,486,76
265.1422,10780,268,402,309,486,76
265.1665,10781,268,402,309,486,76
265.1922,10782,268,401,309,485,75
265.2196,10783,267,402,309,486,75
265.2446,10784,267,401,309,487,75
265.2708,10785,267,401,309,487,75
265.2970,10786,266,401,309,487,73
265.3220,10787,268,401,309,486,75
265.3472,10788,268,401,309,486,75
265.3739,10789,267,401,309,487,75
265.3998,10790,268,401,309,487,76
265.4251,10791,267,400,309,486,75
265.4512,10792,268,400,308,484,76
265.4766,10793,268,400,308,484,76
265.5039,10794,268,401,309,485,75
265.5296,10795,268,400,309,486,75
265.5541,10796,268,400,309,484,76
265.5795,10797,267,400,309,484,75
265.6065,10798,267,400,309,484,75
265.6315,10799,269,401,309,483,76
265.6561,10800,268,400,309,484,75
265.6825,10801,268,400,309,484,75
265.7088,10802,268,400,309,484,76
265.7347,10803,282,405,317,459,69
265.7588,10804,280,402,322,454,77
265.7838,10805,278,400,328,455,79
265.8096,10806,278,400,328,455,79
265.8368,10807,279,399,333,455,79
265.8622,10808,280,398,336,454,78
265.8880,10809,279,396,338,454,79
265.9121,10810,279,396,340,452,79
265.9384,10811,279,396,340,452,79
265.9628,10812,280,394,342,450,79
265.9903,10813,280,394,342,450,79
266.0149,10814,279,394,345,450,78
266.0433,10815,279,393,346,447,78
266.0657,10816,278,393,348,447,78
266.0902,10817,277,392,350,448,79
266.1155,10818,277,392,350,448,79
266.1431,10819,278,391,351,445,79
266.1696,10820,278,391,352,443,79
266.1943,10821,278,390,353,442,79
266.2200,10822,276,390,355,443,78
266.2461,10823,276,390,355,443,78
266.2726,10824,277,390,355,440,78
266.2976,10825,277,389,356,440,78
266.3223,10826,277,389,356,440,78
266.3484,10827,277,388,357,438,79
266.3749,10828,277,388,358,438,79
266.3995,10829,277,388,360,438,79
266.4245,10830,277,387,360,437,79
266.4498,10831,277,387,360,437,79
266.4754,10832,277,387,361,437,79
266.5016,10833,278,387,362,435,78
266.5273,10834,277,386,362,436,79
266.5526,10835,279,387,363,435,78
266.5799,10836,279,387,363,435,78
266.6052,10837,280,386,363,434,79
266.6317,10838,281,385,364,433,79
266.6560,10839,281,386,364,434,80
266.6821,10840,281,386,364,434,80
266.7078,10841,281,385,365,433,77
266.7337,10842,282,384,366,432,78
266.7586,10843,283,384,365,432,78
266.7857,10844,283,384,365,432,78
266.8115,10845,285,384,367,431,78
266.8381,10846,286,384,366,430,78
266.8619,10847,285,384,367,430,77
266.8875,10848,286,384,367,430,78
266.9140,10849,286,384,367,430,78
266.9399,10850,286,384,368,430,78
266.9652,10851,287,383,368,429,77
266.9907,10852,287,384,368,428,76
267.0167,10853,287,384,368,428,76
267.0417,10854,288,383,369,429,77
267.0657,10855,287,383,369,428,77
267.0923,10856,287,383,369,428,77
267.1198,10857,289,384,369,428,77
267.1461,10858,289,384,369,428,78
267.1721,10859,291,384,370,428,78
267.1972,10860,292,384,370,428,78
267.2226,10861,292,384,370,428,78
267.2480,10862,291,384,371,428,77
267.2749,10863,292,384,371,428,78
267.3006,10864,292,384,372,428,78
267.3256,10865,292,384,372,428,78
267.3502,10866,292,384,372,428,78
267.3760,10867,291,385,373,428,78
267.4023,10868,292,384,373,428,78
267.4278,10869,292,384,373,428,78
267.4535,10870,292,384,373,428,78
267.4805,10871,289,385,374,428,78
267.5045,10872,291,384,374,428,78
267.5296,10873,290,385,374,428,78
267.5555,10874,290,385,374,428,78
267.5838,10875,292,385,374,427,78
267.6094,10876,291,385,375,428,78
267.6364,10877,293,385,375,427,78
267.6598,10878,293,384,376,426,78
267.6863,10879,293,384,376,426,78
267.7104,10880,293,384,376,426,78
267.7374,10881,293,384,376,426,78
267.7621,10882,293,384,376,426,78
267.7867,10883,292,385,377,427,78
267.8126,10884,293,384,376,426,78
267.8403,10885,293,384,376,426,78
267.8644,10886,292,384,377,426,78
267.8890,10887,292,384,377,426,78
267.9168,10888,292,385,376,427,78
267.9420,10889,293,384,377,426,78
267.9662,10890,292,385,377,427,77
267.9946,10891,293,384,377,426,78
268.0190,10892,293,384,377,426,78
268.0461,10893,294,384,377,424,77
268.0704,10894,294,384,377,424,77
268.0982,10895,293,384,378,426,77
268.1228,10896,295,384,378,424,76
268.1494,10897,294,384,378,424,76
268.1727,10898,294,384,379,424,77
268.2000,10899,294,384,379,424,77
268.2244,10900,295,384,378,424,77
268.2512,10901,295,384,378,424,77
268.2763,10902,294,384,380,424,76
268.3039,10903,296,385,379,423,76
268.3273,10904,295,385,379,423,75
268.3542,10905,295,385,379,423,75
268.3784,10906,295,383,380,423,75
268.4056,10907,295,383,380,423,75
268.4306,10908,294,383,380,423,75
268.4597,10909,296,382,379,422,73
268.4829,10910,295,382,379,422,74
268.5084,10911,295,382,379,422,75
268.5343,10912,295,383,379,422,74
268.5598,10913,295,383,379,422,74
268.5845,10914,295,383,378,422,75
268.6105,10915,294,383,379,423,75
268.6358,10916,294,383,379,423,75
268.6633,10917,294,383,379,423,75
268.6878,10918,295,382,379,422,74
268.7136,10919,294,382,379,422,73
268.7396,10920,294,382,379,422,73
268.7664,10921,296,383,379,421,74
268.7934,10922,293,382,380,422,74
268.8213,10923,295,382,379,422,74
268.8454,10924,294,382,380,422,73
268.8719,10925,294,382,380,422,73
268.8956,10926,295,382,380,422,74
268.9226,10927,295,382,380,422,74
268.9473,10928,294,383,380,421,75
268.9732,10929,294,383,380,421,75
268.9979,10930,294,383,380,421,75
269.0255,10931,330,387,376,415,60
269.0255,10931,296,397,352,421,42
269.0504,10932,330,387,376,415,60
269.0504,10932,296,397,352,421,42
269.0752,10933,330,387,376,415,60
269.0752,10933,296,397,352,421,42
269.1038,10934,342,389,393,404,51
269.1038,10934,317,389,345,421,43
269.1281,10935,345,390,396,405,60
269.1281,10935,316,389,343,422,47
269.1554,10936,347,390,400,406,64
269.1554,10936,316,390,343,424,59
269.1810,10937,348,390,403,406,68
269.1810,10937,318,390,343,421,53
269.2053,10938,348,390,403,406,68
269.2053,10938,318,390,343,421,53
269.2335,10939,350,390,404,408,68
269.2335,10939,318,390,343,418,48
269.2583,10940,350,392,406,408,68
269.2583,10940,320,392,343,418,31
269.2849,10941,353,392,408,409,69
269.2849,10941,321,393,341,417,41
269.3099,10942,351,392,410,410,69
269.3359,10943,351,392,410,410,69
269.3617,10944,351,392,411,410,69
269.3880,10945,352,393,413,411,69
269.4125,10946,352,393,413,411,69
269.4383,10947,350,393,414,411,70
269.4655,10948,353,394,415,412,69
269.4903,10949,356,394,416,412,70
269.5161,10950,355,394,418,412,71
269.5417,10951,355,394,418,412,71
269.5681,10952,356,394,418,412,72
269.5958,10953,358,395,419,413,71
269.6195,10954,357,396,420,414,72
269.6451,10955,358,396,421,414,72
269.6725,10956,358,396,421,414,72
269.6968,10957,359,396,422,414,70
269.7220,10958,359,396,423,414,71
269.7488,10959,359,396,423,414,71
269.7735,10960,358,396,423,414,70
269.8016,10961,359,395,424,415,70
269.8263,10962,359,396,425,415,69
269.8522,10963,362,397,426,415,66
269.8772,10964,362,397,426,415,66
269.9031,10965,359,396,426,416,67
269.9312,10966,356,396,427,416,66
269.9560,10967,357,395,427,416,67
269.9828,10968,355,395,427,416,67
270.0090,10969,356,394,428,416,62
270.0347,10970,356,394,428,416,62
270.0607,10971,354,394,429,417,65
270.0860,10972,353,393,429,417,66
270.1123,10973,353,393,429,417,66
270.1386,10974,355,393,430,417,61
270.1646,10975,353,394,429,418,64
270.1886,10976,348,391,430,417,63
270.2155,10977,348,391,430,417,63
270.2406,10978,350,392,430,418,60
270.2657,10979,349,392,431,418,60
270.2919,10980,372,400,431,418,62
270.3182,10981,374,399,431,419,62
270.3440,10982,373,398,432,420,64
270.3703,10983,373,398,432,420,64
270.3947,10984,364,396,432,420,61
270.4202,10985,358,394,432,420,61
270.4475,10986,358,394,432,420,61
270.4742,10987,370,398,432,420,63
270.4988,10988,370,398,432,420,64
270.5239,10989,369,398,433,420,63
270.5505,10990,369,398,433,420,63
270.5777,10991,371,398,433,420,64
270.6040,10992,374,398,433,420,64
270.6286,10993,372,398,433,420,63
270.6555,10994,376,399,433,421,64
270.6806,10995,378,400,434,420,66
270.7062,10996,378,400,434,420,66
270.7334,10997,379,400,434,420,65
270.7577,10998,377,399,434,421,66
270.7834,10999,377,399,434,421,66
270.8093,11000,380,400,434,420,67
270.8348,11001,379,400,435,420,66
270.8598,11002,382,402,435,420,66
270.8852,11003,382,402,435,420,66
270.9120,11004,382,401,434,421,66
270.9376,11005,383,402,434,422,66
270.9629,11006,383,402,435,422,68
270.9883,11007,382,402,436,422,68
271.0140,11008,382,402,436,422,68
271.0397,11009,384,404,436,422,71
271.0659,11010,384,406,436,422,70
271.0926,11011,384,406,437,422,69
271.1183,11012,384,406,437,422,69
271.1437,11013,384,405,437,423,68
271.1696,11014,384,406,437,422,69
271.1957,11015,384,406,437,422,69
271.2208,11016,384,406,437,422,69
271.2478,11017,384,405,437,423,67
271.2740,11018,384,405,438,423,69
271.2990,11019,384,406,438,424,68
271.3237,11020,384,405,438,423,69
271.3491,11021,384,405,438,423,69
271.3773,11022,384,406,438,424,68
271.4026,11023,383,404,439,424,68
271.4273,11024,384,406,439,424,70
271.4535,11025,384,406,439,424,70
271.4792,11026,384,406,440,424,70
271.5045,11027,384,406,440,424,69
271.5293,11028,385,407,440,425,70
271.5551,11029,385,407,440,425,70
271.5811,11030,385,407,440,425,70
271.6071,11031,384,407,440,425,70
271.6315,11032,385,407,441,425,70
271.6569,11033,386,408,441,426,71
271.6826,11034,386,408,441,426,71
271.7086,11035,386,408,441,426,70
271.7343,11036,386,408,442,426,72
271.7594,11037,385,407,442,425,71
271.7855,11038,385,407,442,425,71
271.8101,11039,385,408,442,426,71
271.8349,11040,386,408,443,426,70
271.8622,11041,386,408,443,426,70
271.8862,11042,385,408,443,426,71
271.9127,11043,384,408,443,426,71
271.9383,11044,385,408,443,426,70
271.9632,11045,386,407,443,426,70
271.9882,11046,386,407,443,426,70
272.0170,11047,387,408,443,426,72
272.0409,11048,386,407,444,427,71
272.0665,11049,386,408,444,426,71
272.0918,11050,387,408,443,428,69
272.1170,11051,387,408,443,428,69
272.1443,11052,390,404,445,434,74
272.1691,11053,390,404,445,434,74
272.1947,11054,388,401,450,435,78
272.2203,11055,394,399,455,437,76
272.2464,11056,394,399,455,437,76
272.2709,11057,393,405,462,440,74
272.2976,11058,394,407,465,441,73
272.3228,11059,394,407,465,441,73
272.3504,11060,396,410,467,442,73
272.3766,11061,397,412,469,443,73
272.4017,11062,400,414,471,444,73
272.4261,11063,404,416,474,446,74
272.4514,11064,404,416,474,446,74
272.4798,11065,406,417,476,446,74
272.5021,11066,410,418,477,448,72
272.5288,11067,410,418,477,448,72
272.5544,11068,434,422,478,456,75
272.5849,11069,429,418,488,458,76
272.6070,11070,429,421,498,463,72
272.6327,11071,429,421,498,463,72
272.6584,11072,429,421,498,463,72
272.6844,11073,435,429,512,469,66
272.7093,11074,435,429,512,469,66
272.7367,11075,441,434,518,472,68
272.7613,11076,451,442,525,474,67
272.7874,11077,458,444,530,476,75
272.8106,11078,465,448,535,478,76
272.8362,11079,465,448,535,478,76
272.8631,11080,472,450,538,480,77
272.8894,11081,486,454,540,478,68
272.9139,11082,506,454,550,479,80
272.9139,11082,475,445,499,473,52
272.9398,11083,506,451,560,481,78
272.9662,11084,506,451,560,481,78
272.9922,11085,507,448,569,478,79
273.0179,11086,510,444,578,478,79
273.0454,11087,510,444,578,478,79
273.0695,11088,515,441,584,475,79
273.0955,11089,537,432,587,466,77
273.1220,11090,548,428,602,466,75
273.1463,11091,549,425,621,459,73
273.1719,11092,549,425,621,459,73
273.1983,11093,559,421,634,445,72
273.2235,11094,563,418,646,438,75
273.2500,11095,566,415,656,436,72
273.2736,11096,579,412,665,432,75
273.3001,11097,579,412,665,432,75
273.3252,11098,598,409,672,431,75
273.3523,11099,599,408,679,430,76
273.3779,11100,599,408,679,430,76
273.4045,11101,601,405,687,429,76
273.4291,11102,608,404,690,429,75
273.4554,11103,652,404,706,421,68
273.4789,11104,662,410,726,422,66
273.5061,11105,662,410,726,422,66
273.5322,11106,676,410,742,426,70
273.5581,11107,688,410,756,428,69
273.5831,11108,701,410,767,430,69
273.6076,11109,700,410,778,430,70
273.6340,11110,700,410,778,430,70
273.6604,11111,706,410,787,432,71
273.6870,11112,708,407,796,433,71
273.7109,11113,708,407,796,433,71
273.7390,11114,718,408,804,434,63
273.7630,11115,729,414,813,436,64
273.7880,11116,743,420,819,436,62
273.8139,11117,743,420,819,436,62
273.8421,11118,755,423,825,437,66
273.8656,11119,765,425,831,437,66
273.8908,11120,774,426,838,438,68
273.9166,11121,776,426,842,438,69
273.9411,11122,776,426,842,438,69
273.9677,11123,782,427,847,439,68
273.9943,11124,788,428,852,438,68
274.0200,11125,798,427,856,439,69
274.0459,11126,798,427,856,439,69
274.0723,11127,800,428,860,439,67
274.0986,11128,804,428,864,440,66
274.1237,11129,807,428,868,440,66
274.1505,11130,807,428,868,440,66
274.1758,11131,811,428,871,440,66
274.2028,11132,819,428,873,440,67
274.2279,11133,829,420,867,450,73
274.2534,11134,839,418,867,452,75
274.2781,11135,839,418,867,452,75
274.3052,11136,828,416,870,456,75
274.3309,11137,822,422,874,460,76
274.3549,11138,815,432,873,462,74
274.3845,11139,815,432,873,462,74
274.4082,11140,808,427,874,464,73
274.4339,11141,803,436,869,466,62
274.4579,11142,797,451,853,471,73
274.4853,11143,797,451,853,471,73
274.5107,11144,786,449,838,471,64
274.5374,11145,773,460,830,470,64
274.5374,11145,841,439,862,461,41
274.5620,11146,760,460,818,470,63
274.5882,11147,750,461,810,471,36
274.6142,11148,750,461,810,471,36
274.7452,11153,714,461,762,479,68
274.7707,11154,706,457,762,485,74
274.7953,11155,690,460,758,488,69
274.8204,11156,690,460,758,488,69
274.8482,11157,679,465,756,493,71
274.8738,11158,668,468,746,496,74
274.8997,11159,658,469,742,499,74
274.9246,11160,651,471,727,501,73
274.9496,11161,651,471,727,501,73
274.9755,11162,646,473,720,503,72
275.0020,11163,650,482,682,518,63
275.0274,11164,652,479,680,529,76
275.0530,11165,652,479,680,529,76
275.0801,11166,655,481,673,537,64
275.1044,11167,654,484,670,544,68
275.1044,11167,667,478,701,489,30
275.1301,11168,653,489,671,549,70
275.1301,11168,658,475,693,490,43
275.1561,11169,653,489,671,549,70
275.1561,11169,658,475,693,490,43
275.1811,11170,653,494,673,554,69
275.1811,11170,658,470,690,488,41
275.2079,11171,655,499,673,559,67
275.2331,11172,654,500,674,562,64
275.2575,11173,658,503,674,566,58
275.2829,11174,658,503,674,566,58
275.3105,11175,660,507,674,570,51
275.3360,11176,661,511,674,573,46
275.3620,11177,662,513,674,575,39
275.3874,11178,662,513,674,575,39
275.4126,11179,662,517,675,578,32
275.4381,11180,661,515,675,579,30
275.6182,11187,664,534,682,588,57
275.6439,11188,659,544,690,582,70
275.6696,11189,656,555,690,583,69
275.6696,11189,655,523,681,569,45
275.6943,11190,657,548,691,588,68
275.7185,11191,657,548,691,588,68
275.7458,11192,662,547,694,591,71
275.7715,11193,668,541,696,595,77
275.7961,11194,668,541,696,595,77
275.8230,11195,673,538,697,594,75
275.8480,11196,673,538,697,594,75
275.8730,11197,682,534,696,586,58
275.8985,11198,682,531,696,587,58
275.9237,11199,682,531,696,587,58
275.9534,11200,683,527,697,587,55
275.9766,11201,682,524,696,583,56
276.0023,11202,683,520,697,582,56
276.0290,11203,683,517,697,579,55
276.0539,11204,683,517,697,579,55
276.0810,11205,682,514,696,578,56
276.1044,11206,683,511,695,575,58
276.1307,11207,683,511,695,575,58
276.1565,11208,683,509,695,573,58
276.1825,11209,684,507,696,569,57
276.2081,11210,683,504,696,568,55
276.2346,11211,683,504,696,568,55
276.2592,11212,683,504,696,568,55
276.2881,11213,684,502,696,564,52
276.3107,11214,684,500,696,562,52
276.3363,11215,684,499,696,562,48
276.3600,11216,685,497,697,563,43
276.3877,11217,685,497,697,563,43
276.4142,11218,686,496,698,558,44
276.4407,11219,686,496,698,558,44
276.4677,11220,687,495,698,557,48
276.4932,11221,687,494,698,554,49
276.5199,11222,688,492,698,553,49
276.5440,11223,688,491,698,551,50
276.5705,11224,688,490,698,550,54
276.5960,11225,688,490,698,550,54
276.6222,11226,683,496,703,547,67
276.6478,11227,683,496,703,547,67
276.6734,11228,677,504,723,534,73
276.6982,11229,682,501,730,542,76
276.7231,11230,682,501,730,542,76
276.7490,11231,689,501,735,549,76
276.7744,11232,689,501,735,549,76
276.8018,11233,690,502,740,552,75
276.8271,11234,692,509,744,557,74
276.8547,11235,695,516,747,562,75
276.8790,11236,703,528,745,568,72
276.9042,11237,718,532,744,572,59
276.9301,11238,718,532,744,572,59
276.9585,11239,710,537,746,574,73
276.9810,11240,702,546,747,578,70
277.0074,11241,694,558,746,580,71
277.0317,11242,694,558,746,580,71
277.0595,11243,694,558,746,580,71
277.0837,11244,683,564,743,584,68
277.1103,11245,683,564,743,584,68
277.1359,11246,678,567,742,585,69
277.1620,11247,674,570,738,586,66
277.1871,11248,670,572,732,586,62
277.2126,11249,668,573,728,587,56
277.2375,11250,668,573,728,587,56
277.2638,11251,665,574,725,587,56
277.2915,11252,664,574,724,588,49
277.5470,11262,649,574,689,591,62
277.5725,11263,649,574,689,591,62
277.5990,11264,647,570,689,594,73
277.5990,11264,694,572,728,590,37
277.6248,11265,646,566,687,596,73
277.6248,11265,694,568,724,592,52
277.6502,11266,648,562,684,596,73
277.6502,11266,695,568,720,592,39
277.6752,11267,648,559,680,599,74
277.6752,11267,674,564,714,600,49
277.7025,11268,648,559,680,599,74
277.7025,11268,674,564,714,600,49
277.7283,11269,647,556,680,602,73
277.7283,11269,672,567,710,601,48
277.7543,11270,647,554,679,602,74
277.7543,11270,679,569,709,601,54
277.7789,11271,647,552,676,602,72
277.7789,11271,683,571,707,601,60
277.8057,11272,647,552,676,602,72
277.8057,11272,683,571,707,601,60
277.8313,11273,646,550,676,602,72
277.8313,11273,683,571,705,601,48
277.8552,11274,646,549,678,601,70
277.8552,11274,676,573,704,601,48
277.8808,11275,646,547,676,601,70
277.9061,11276,646,547,676,601,70
277.9343,11277,648,545,672,599,66
277.9593,11278,649,543,667,595,58
277.9858,11279,649,541,666,595,61
278.0099,11280,650,538,666,594,61
278.0364,11281,650,538,666,594,61
278.0610,11282,650,536,667,591,63
278.0878,11283,650,534,668,590,65
278.1110,11284,650,532,668,588,66
278.1403,11285,650,532,668,588,66
278.1634,11286,650,531,670,588,67
278.1893,11287,650,530,670,586,69
278.2137,11288,650,530,670,586,69
278.2414,11289,650,529,670,585,69
278.2663,11290,651,528,671,584,70
278.2916,11291,651,526,672,583,71
278.3168,11292,651,525,673,583,72
278.3421,11293,651,525,673,583,72
278.3687,11294,651,524,673,580,73
278.3948,11295,652,523,674,577,73
278.3948,11295,652,555,680,602,37
278.4197,11296,652,522,674,578,74
278.4447,11297,652,521,674,577,73
278.4447,11297,652,559,680,603,34
278.4722,11298,652,521,674,577,73
278.4722,11298,652,559,680,603,34
278.4970,11299,652,520,674,576,73
278.4970,11299,652,566,678,604,38
278.5216,11300,653,520,675,576,74
278.5468,11301,653,520,675,576,74
278.5742,11302,653,520,675,576,74
278.5742,11302,653,571,677,605,36
278.6003,11303,652,519,676,576,75
278.6003,11303,653,570,677,607,33
278.6257,11304,652,518,676,575,75
278.6257,11304,653,582,676,608,34
278.6515,11305,652,518,676,575,75
278.6515,11305,653,580,674,608,30
278.6760,11306,652,518,676,575,75
278.6760,11306,653,580,674,608,30
278.7022,11307,652,518,676,576,75
278.7283,11308,652,518,676,574,75
278.7531,11309,654,517,676,573,75
278.7780,11310,653,516,677,574,75
278.8044,11311,653,516,677,574,75
278.8283,11312,653,516,677,574,75
278.8543,11313,654,516,676,574,75
278.8796,11314,654,516,676,574,75
278.9086,11315,653,515,677,573,75
278.9320,11316,654,515,677,573,75
278.9576,11317,653,515,677,573,75
278.9835,11318,653,515,677,573,75
279.0102,11319,654,515,678,573,75
279.0358,11320,654,515,678,572,74
279.0612,11321,654,515,678,571,75
279.0867,11322,654,514,678,572,75
279.1128,11323,654,514,678,572,75
279.1388,11324,654,514,678,572,75
279.1647,11325,655,514,678,572,75
279.1904,11326,655,514,678,572,75
279.2162,11327,655,514,678,572,75
279.2427,11328,654,514,678,572,75
279.2700,11329,654,514,678,572,75
279.2941,11330,654,514,678,572,75
279.3206,11331,655,514,679,571,76
279.3468,11332,655,514,679,571,76
279.3745,11333,655,514,679,570,76
279.3984,11334,655,514,679,569,76
279.4240,11335,655,514,679,570,76
279.4497,11336,656,514,680,570,76
279.4758,11337,656,514,680,570,76
279.5017,11338,656,514,680,570,76
279.5264,11339,655,514,680,571,76
279.5522,11340,655,514,680,571,76
279.5790,11341,655,514,680,571,76
279.6043,11342,655,514,680,570,77
279.6302,11343,655,514,680,570,76
279.6558,11344,655,514,680,570,76
279.6839,11345,655,514,681,570,76
279.7081,11346,655,514,681,570,77
279.7363,11347,655,514,681,570,77
279.7590,11348,655,514,681,570,76
279.7863,11349,655,514,681,570,76
279.8095,11350,655,514,681,570,76
279.8365,11351,655,514,681,569,76
279.8616,11352,655,514,681,569,76
279.8874,11353,656,514,680,570,76
279.9129,11354,655,514,681,570,76
279.9395,11355,655,514,681,570,76
279.9637,11356,655,514,681,570,76
279.9887,11357,655,514,681,570,76
280.0143,11358,655,514,681,570,76
280.0406,11359,655,514,681,570,76
280.0661,11360,656,514,682,570,75
280.0934,11361,655,514,681,570,76
280.1181,11362,655,514,681,570,76
280.1428,11363,656,514,682,570,76
280.1683,11364,656,514,682,570,76
280.1942,11365,656,514,682,570,76
280.2215,11366,656,514,682,570,76
280.2489,11367,656,514,682,570,76
280.2722,11368,656,514,682,570,75
280.2983,11369,656,515,681,569,76
280.3247,11370,656,515,681,569,76
280.3529,11371,655,515,681,571,76
280.3784,11372,656,515,682,571,76
280.4032,11373,656,515,682,571,76
280.4273,11374,656,515,682,571,76
280.4539,11375,656,515,682,571,76
280.4796,11376,655,515,682,573,76
280.5048,11377,656,514,682,572,76
280.5305,11378,656,514,682,572,76
280.5584,11379,657,514,682,570,75
280.5829,11380,658,514,682,572,75
280.6072,11381,658,514,682,572,74
280.6333,11382,658,514,682,572,74
280.6616,11383,658,514,682,572,74
280.6872,11384,658,514,682,572,73
280.7143,11385,658,514,682,572,73
280.7381,11386,659,514,682,572,73
280.7641,11387,659,514,682,572,72
280.7887,11388,659,514,682,572,72
280.8172,11389,659,514,682,572,73
280.8404,11390,660,515,682,573,72
280.8691,11391,660,514,682,574,71
280.8931,11392,660,514,682,574,71
280.9186,11393,660,516,682,574,71
280.9425,11394,660,515,682,574,70
280.9688,11395,660,515,682,574,70
280.9943,11396,660,515,682,573,71
281.0205,11397,660,515,682,573,68
281.0483,11398,660,515,682,573,68
281.0744,11399,660,514,682,574,66
281.1006,11400,661,514,682,572,66
281.1255,11401,661,514,682,572,66
281.1529,11402,661,514,681,574,65
281.1780,11403,661,514,682,574,64
281.2029,11404,661,515,681,573,64
281.2311,11405,661,515,681,573,64
281.2555,11406,661,514,681,572,64
281.2802,11407,661,514,682,574,62
281.3053,11408,661,514,682,573,64
281.3310,11409,661,514,682,573,64
281.3568,11410,661,515,681,573,64
281.3831,11411,661,514,682,574,63
281.4074,11412,664,515,682,572,62
281.4331,11413,664,515,682,572,62
281.4577,11414,664,515,682,572,62
281.4853,11415,663,514,683,572,63
281.5121,11416,662,515,684,573,66
281.5378,11417,662,514,684,572,67
281.5640,11418,662,514,684,572,67
281.5905,11419,661,514,684,574,68
281.6142,11420,661,514,684,573,69
281.6394,11421,662,514,684,573,70
281.6662,11422,662,514,684,573,70
281.6918,11423,661,514,685,572,70
281.7171,11424,661,514,685,572,70
281.7427,11425,661,514,685,573,71
281.7686,11426,660,514,684,574,70
281.7975,11427,660,514,684,574,70
281.8211,11428,661,514,685,572,71
281.8483,11429,661,514,685,572,71
281.8724,11430,661,514,685,574,70
281.8991,11431,661,514,685,574,70
281.9241,11432,661,514,685,574,71
281.9509,11433,661,513,685,573,71
281.9764,11434,661,513,685,573,71
282.0024,11435,661,514,685,574,71
282.0264,11436,661,514,685,574,72
282.0542,11437,661,514,685,574,71
282.0787,11438,660,514,686,574,70
282.1040,11439,661,514,685,574,71
282.1295,11440,661,514,685,574,71
282.1575,11441,661,514,685,574,71
282.1825,11442,661,513,686,573,72
282.2064,11443,661,514,686,572,72
282.2328,11444,661,514,686,572,72
282.2593,11445,661,514,686,572,72
282.2868,11446,660,514,686,574,72
282.3108,11447,660,514,686,574,72
282.3374,11448,661,513,686,573,72
282.3643,11449,660,514,686,574,72
282.3891,11450,660,516,686,574,73
282.4142,11451,660,516,686,576,72
282.4398,11452,660,516,686,576,72
282.4655,11453,660,516,688,578,71
282.4920,11454,660,516,688,574,74
282.5184,11455,659,516,688,574,75
282.5429,11456,659,515,689,573,75
282.5681,11457,659,515,689,573,75
282.5938,11458,659,515,689,573,75
282.6188,11459,658,514,690,574,75
282.6448,11460,658,514,690,574,75
282.6713,11461,658,515,690,575,75
282.6955,11462,658,514,690,574,76
282.7214,11463,658,514,690,572,77
282.7457,11464,658,514,690,574,76
282.7723,11465,658,514,690,574,76
282.7986,11466,659,514,691,572,76
282.8244,11467,659,514,691,573,76
282.8508,11468,659,514,691,572,76
282.8759,11469,659,514,691,573,76
282.9028,11470,659,514,691,573,76
282.9291,11471,659,514,691,573,76
282.9537,11472,660,514,692,571,77
282.9804,11473,660,514,692,571,77
283.0053,11474,659,514,691,572,76
283.0329,11475,659,514,692,572,76
283.0583,11476,660,514,692,573,76
283.0858,11477,660,514,692,570,77
283.1101,11478,660,514,692,570,77
283.1360,11479,659,514,692,572,76
283.1620,11480,660,514,692,570,77
283.1872,11481,660,514,692,570,77
283.2135,11482,660,515,692,571,77
283.2382,11483,660,515,692,571,77
283.2640,11484,660,516,694,572,76
283.2889,11485,660,516,694,566,77
283.3165,11486,660,516,694,566,77
283.3445,11487,659,516,695,566,77
283.3688,11488,659,516,695,566,78
283.3969,11489,659,516,696,566,77
283.4196,11490,658,516,696,566,77
283.4459,11491,658,516,696,566,77
283.4717,11492,659,515,697,565,77
283.4978,11493,658,516,698,566,77
283.5233,11494,658,516,698,566,77
283.5497,11495,658,514,698,566,77
283.5731,11496,658,514,698,566,77
283.6010,11497,658,514,698,568,77
283.6246,11498,659,515,699,567,77
283.6514,11499,659,515,699,567,77
283.6773,11500,659,515,699,566,77
283.7034,11501,659,514,699,566,77
283.7266,11502,659,515,699,567,77
283.7533,11503,659,514,699,566,78
283.7799,11504,659,514,699,566,78
283.8053,11505,658,515,700,567,77
283.8308,11506,658,515,700,567,77
283.8557,11507,658,514,700,568,78
283.8812,11508,658,515,700,567,78
283.9083,11509,658,515,700,567,78
283.9345,11510,658,515,700,567,78
283.9596,11511,658,515,700,567,78
283.9860,11512,658,515,700,567,78
284.0109,11513,659,514,700,566,77
284.0372,11514,659,514,701,566,77
284.0613,11515,660,515,700,565,78
284.0887,11516,660,515,700,565,78
284.1158,11517,660,515,696,563,77
284.1404,11518,662,513,693,561,70
284.1666,11519,672,511,692,559,58
284.1666,11519,653,546,675,588,30
284.1903,11520,675,509,693,559,62
284.1903,11520,650,556,672,586,41
284.2173,11521,674,507,694,559,71
284.2173,11521,649,559,677,581,41
284.2424,11522,674,507,694,559,71
284.2424,11522,649,559,677,581,41
284.2687,11523,672,505,694,559,73
284.2934,11524,672,505,694,559,73
284.3211,11525,671,503,695,559,74
284.3482,11526,670,502,695,558,75
284.3728,11527,669,500,695,558,74
284.3974,11528,667,500,695,556,75
284.4227,11529,667,498,695,554,76
284.4498,11530,667,498,695,554,76
284.4746,11531,665,497,695,552,77
284.5010,11532,665,496,695,552,77
284.5266,11533,664,496,694,550,77
284.5534,11534,664,495,694,549,77
284.5797,11535,664,495,694,549,77
284.6053,11536,663,494,693,548,78
284.6053,11536,670,556,692,578,31
284.6320,11537,662,493,692,547,78
284.6320,11537,669,556,692,578,36
284.6574,11538,662,493,692,547,78
284.6574,11538,669,556,692,578,36
284.6837,11539,661,492,691,548,77
284.7099,11540,660,491,692,549,76
284.7345,11541,660,491,691,547,76
284.7594,11542,660,490,690,546,76
284.7861,11543,660,490,690,546,76
284.8119,11544,660,490,690,548,75
284.8391,11545,660,489,690,547,75
284.8629,11546,658,488,690,548,75
284.8893,11547,658,488,690,548,75
284.9135,11548,658,488,690,548,75
284.9430,11549,658,488,689,544,75
284.9655,11550,658,486,690,548,73
284.9945,11551,658,486,690,548,73
285.0186,11552,658,486,688,544,75
285.0443,11553,657,486,689,548,70
285.0696,11554,657,486,689,542,74
285.0947,11555,657,484,687,542,73
285.1213,11556,657,484,687,542,73
285.1495,11557,655,484,687,547,70
285.1750,11558,654,483,686,539,72
285.1998,11559,652,482,686,538,75
285.2241,11560,652,481,686,537,74
285.2493,11561,652,481,686,537,74
285.2769,11562,650,479,686,535,74
285.3033,11563,649,478,686,533,74
285.3293,11564,649,478,686,533,74
285.3558,11565,648,478,686,532,75
285.3798,11566,648,477,686,533,74
285.4053,11567,648,477,686,531,75
285.4316,11568,648,477,686,531,75
285.4581,11569,648,477,686,531,75
285.4834,11570,646,476,686,530,70
285.5100,11571,642,478,682,527,71
285.5334,11572,637,480,679,516,76
285.5588,11573,637,480,679,516,76
285.5857,11574,634,477,684,515,78
285.6105,11575,628,475,682,514,78
285.6365,11576,624,474,684,516,68
285.6623,11577,624,474,684,516,68
285.6889,11578,621,473,682,511,59
285.7144,11579,618,472,680,508,68
285.7389,11580,615,470,679,504,70
285.7648,11581,615,470,679,504,70
285.7907,11582,612,469,682,507,69
285.8177,11583,610,469,684,511,68
285.8430,11584,610,469,684,511,68
285.8684,11585,605,466,673,496,66
285.8938,11586,605,466,673,496,66
285.9210,11587,603,465,673,495,69
285.9475,11588,602,465,667,493,73
285.9703,11589,600,464,665,490,74
285.9975,11590,600,464,665,490,74
286.0243,11591,599,464,675,494,71
286.0490,11592,596,463,666,489,71
286.0741,11593,595,462,665,488,70
286.0993,11594,595,462,665,488,70
286.1276,11595,594,462,664,486,69
286.1529,11596,592,462,668,488,66
286.1780,11597,591,461,668,487,67
286.2033,11598,590,460,678,492,68
286.2285,11599,590,460,678,492,68
286.2548,11600,590,460,678,492,68
286.2808,11601,588,460,676,490,69
286.3060,11602,587,460,669,486,63
286.3317,11603,584,464,642,486,66
286.3567,11604,584,464,642,486,66
286.3822,11605,579,464,636,476,57
286.4065,11606,572,461,634,477,68
286.4358,11607,572,461,634,477,68
286.4610,11608,564,462,634,478,62
286.4862,11609,556,462,624,476,62
286.5106,11610,549,462,619,474,61
286.5355,11611,544,462,616,474,61
286.5636,11612,544,462,616,474,61
286.5885,11613,539,461,609,473,64
286.6150,11614,534,461,606,473,66
286.6401,11615,534,461,606,473,66
286.6654,11616,526,462,595,472,64
286.6913,11617,526,462,595,472,64
286.7195,11618,523,462,593,472,64
286.7435,11619,523,462,593,472,64
286.7709,11620,519,462,589,472,63
286.7957,11621,518,461,588,473,65
286.8219,11622,512,457,561,479,74
286.8473,11623,494,464,548,478,64
286.8730,11624,479,467,539,479,63
286.8730,11624,543,459,567,475,35
286.8993,11625,479,467,539,479,63
286.8993,11625,543,459,567,475,35
286.9249,11626,467,468,530,480,63
286.9509,11627,456,468,516,482,62
286.9772,11628,447,470,506,482,62
287.0024,11629,439,471,498,483,64
287.0273,11630,439,471,498,483,64
287.0537,11631,439,471,498,483,64
287.0789,11632,423,474,481,484,61
287.1052,11633,423,474,481,484,61
287.1310,11634,417,473,476,485,61
287.1560,11635,410,474,472,485,62
287.1825,11636,405,474,466,486,59
287.2086,11637,399,475,454,485,50
287.2364,11638,399,475,454,485,50
287.2611,11639,393,476,450,486,57
287.2863,11640,389,476,444,486,53
287.3104,11641,384,476,440,486,40
287.3358,11642,380,476,436,486,55
287.3642,11643,380,476,436,486,55
287.3903,11644,376,469,426,489,71
287.4170,11645,376,469,426,489,71
287.4428,11646,358,472,418,486,65
287.4692,11647,344,472,406,482,64
287.4967,11648,329,470,402,482,56
287.5231,11649,316,470,393,482,50
287.5444,11650,316,470,393,482,50
287.5717,11651,304,471,376,481,41
287.6003,11652,294,471,356,481,38
287.6262,11653,286,471,351,481,35
287.6529,11654,278,470,351,482,44
287.6779,11655,270,471,334,481,41
287.7039,11656,270,471,334,481,41
287.7816,11659,257,471,321,482,34
287.8120,11660,251,471,315,482,45
287.8866,11663,235,472,292,482,36
287.9130,11664,235,472,292,482,36
288.1693,11674,214,467,256,490,68
288.1693,11674,178,469,189,497,45
288.1952,11675,218,460,239,502,70
288.1952,11675,229,461,278,491,39
288.1952,11675,178,463,186,504,35
288.2206,11676,218,458,242,510,75
288.2468,11677,218,458,242,510,75
288.2729,11678,216,456,246,518,77
288.2990,11679,216,459,248,522,79
288.3239,11680,218,459,247,522,78
288.3508,11681,220,464,247,522,77
288.3742,11682,220,464,247,522,77
288.4022,11683,220,464,246,523,76
288.4258,11684,220,468,246,522,74
288.4526,11685,220,468,246,522,74
288.4775,11686,220,474,246,522,72
288.4775,11686,257,535,274,555,41
288.5059,11687,219,475,246,522,71
288.5059,11687,257,535,276,559,62
288.5285,11688,220,478,246,522,69
288.5285,11688,256,535,277,563,66
288.5549,11689,257,535,277,565,71
288.5549,11689,220,479,245,523,63
288.5549,11689,308,536,318,562,31
288.5792,11690,257,535,277,565,71
288.5792,11690,220,479,245,523,63
288.5792,11690,308,536,318,562,31
288.6069,11691,257,535,279,567,72
288.6069,11691,219,484,246,522,69
288.6069,11691,309,535,318,565,46
288.6304,11692,258,536,279,571,70
288.6304,11692,218,487,243,523,67
288.6304,11692,308,535,318,567,49
288.6569,11693,258,535,280,573,68
288.6569,11693,219,488,243,524,58
288.6569,11693,308,536,319,570,56
288.6824,11694,260,538,284,572,64
288.6824,11694,308,535,320,568,62
288.6824,11694,218,492,244,524,58
288.7061,11695,260,538,284,572,64
288.7061,11695,308,535,320,568,62
288.7061,11695,218,492,244,524,58
288.7328,11696,255,539,293,567,68
288.7328,11696,305,534,322,564,60
288.7328,11696,226,502,249,519,54
288.7571,11697,255,539,293,567,68
288.7571,11697,305,534,322,564,60
288.7571,11697,226,502,249,519,54
288.7835,11698,304,535,323,565,63
288.7835,11698,255,550,297,568,60
288.7835,11698,177,533,186,564,31
288.8106,11699,303,538,326,566,64
288.8106,11699,257,552,300,568,57
288.8353,11700,303,536,327,566,63
288.8353,11700,257,550,299,568,59
288.8353,11700,229,519,244,547,44
288.8607,11701,304,536,328,566,52
288.8607,11701,259,555,301,569,41
288.8869,11702,303,535,328,566,40
288.8869,11702,260,554,301,568,35
288.9131,11703,303,535,328,566,40
288.9131,11703,260,554,301,568,35
288.9389,11704,304,536,326,568,34
288.9653,11705,273,546,305,574,53
288.9653,11705,314,542,331,570,37
288.9906,11706,272,550,302,576,67
288.9906,11706,315,542,330,572,30
289.0172,11707,274,547,301,579,65
289.0422,11708,274,547,301,579,65
289.0688,11709,276,548,301,578,65
289.0946,11710,276,548,301,578,65
289.1194,11711,278,545,301,577,60
289.1194,11711,316,536,329,573,33
289.1465,11712,282,546,302,574,55
289.3792,11721,282,536,302,566,51
289.4032,11722,280,536,302,562,38
289.4293,11723,280,536,302,562,38
289.4545,11724,280,536,302,563,40
289.7140,11734,245,501,262,518,47
289.7377,11735,244,500,261,518,58
289.7642,11736,244,498,263,518,65
289.7907,11737,244,498,263,518,65
289.8172,11738,243,498,263,518,69
289.8420,11739,243,498,263,518,69
289.8689,11740,240,495,262,518,75
289.8939,11741,240,495,262,518,75
289.9196,11742,239,494,261,518,75
289.9468,11743,239,494,261,518,76
289.9723,11744,238,492,260,518,76
289.9972,11745,237,492,260,518,76
290.0229,11746,237,492,260,518,76
290.0491,11747,237,491,260,519,76
290.0731,11748,237,490,260,518,76
290.0991,11749,236,490,259,518,75
290.1246,11750,236,490,259,518,75
290.1536,11751,235,489,260,519,76
290.1779,11752,235,488,260,518,76
290.2028,11753,234,487,259,519,76
290.2276,11754,234,487,259,519,76
290.2535,11755,234,487,259,519,76
290.2795,11756,233,486,258,518,77
290.3053,11757,232,486,258,518,77
290.3291,11758,231,485,258,518,77
290.3556,11759,231,485,258,518,77
290.3811,11760,231,484,257,518,77
290.4072,11761,230,484,257,518,77
290.4306,11762,230,484,257,518,77
290.4579,11763,230,484,257,518,77
290.4852,11764,229,483,257,519,77
290.5113,11765,233,483,258,519,74
290.5354,11766,233,483,258,519,74
290.5621,11767,236,481,254,521,67
290.5880,11768,235,478,257,523,77
290.6133,11769,234,474,261,527,78
290.6384,11770,234,474,261,527,78
290.6655,11771,233,468,265,528,80
290.6900,11772,233,468,265,528,80
290.7159,11773,233,466,267,526,79
290.7419,11774,234,464,269,528,79
290.7660,11775,233,462,270,528,78
290.7944,11776,233,462,270,528,78
290.8175,11777,233,459,272,531,78
290.8432,11778,233,458,273,530,78
290.8679,11779,233,458,273,530,78
290.8943,11780,233,456,274,529,78
290.9202,11781,232,454,274,530,79
290.9457,11782,231,453,275,529,79
290.9718,11783,231,451,276,528,79
290.9976,11784,231,451,276,528,79
291.0241,11785,232,450,277,528,79
291.0502,11786,232,450,277,528,79
291.0755,11787,231,448,279,526,79
291.1015,11788,232,446,280,523,78
291.1272,11789,232,446,280,523,78
291.1538,11790,231,445,281,523,79
291.1776,11791,232,444,282,520,79
291.2037,11792,232,444,282,520,79
291.2288,11793,232,443,283,519,79
291.2554,11794,232,442,283,522,79
291.2790,11795,230,442,284,522,79
291.3042,11796,231,440,285,522,79
291.3312,11797,231,440,285,522,79
291.3565,11798,232,440,285,520,79
291.3828,11799,233,439,286,519,80
291.4060,11800,232,438,287,519,80
291.4330,11801,232,438,287,519,80
291.4582,11802,232,438,287,519,80
291.4851,11803,232,437,287,519,80
291.5091,11804,232,437,287,519,80
291.5362,11805,233,437,287,518,79
291.5621,11806,233,436,288,518,79
291.5879,11807,233,436,288,516,80
291.6130,11808,236,435,288,515,81
291.6385,11809,236,435,288,515,81
291.6647,11810,236,436,289,514,81
291.6898,11811,240,435,289,515,80
291.7156,11812,240,434,290,514,81
291.7402,11813,242,434,289,512,80
291.7652,11814,242,434,289,512,80
291.7923,11815,243,433,290,511,80
291.8176,11816,243,433,290,511,80
291.8443,11817,243,433,290,511,80
291.8698,11818,243,433,290,511,80
291.8949,11819,246,432,291,510,80
291.9214,11820,246,431,291,510,80
291.9464,11821,246,430,291,510,80
291.9714,11822,246,430,291,510,80
291.9984,11823,245,431,292,511,81
292.0249,11824,247,430,292,510,81
292.0500,11825,247,430,292,510,80
292.0762,11826,245,430,293,510,80
292.1013,11827,245,430,293,510,80
292.1269,11828,246,429,293,509,80
292.1522,11829,247,429,293,509,80
292.1780,11830,247,429,293,509,80
292.2040,11831,247,429,293,509,80
292.2306,11832,246,429,294,511,80
292.2558,11833,245,428,294,510,79
292.2806,11834,246,428,294,510,78
292.3067,11835,246,428,294,510,78
292.3336,11836,246,428,295,510,79
292.3611,11837,247,427,295,509,79
292.3851,11838,247,428,295,510,79
292.4103,11839,247,427,296,509,80
292.4375,11840,247,427,296,509,80
292.4642,11841,247,427,296,509,79
292.4888,11842,247,427,296,509,79
292.5151,11843,247,427,296,509,79
292.5418,11844,247,427,297,508,79
292.5689,11845,248,427,297,503,79
292.5938,11846,247,426,297,508,79
292.6204,11847,246,426,297,508,79
292.6450,11848,246,426,297,508,79
292.6702,11849,248,426,298,502,79
292.6969,11850,248,426,298,502,79
292.7221,11851,247,426,298,506,79
292.7479,11852,248,425,298,503,79
292.7733,11853,248,425,298,503,79
292.8006,11854,248,425,298,503,79
292.8244,11855,247,424,299,502,80
292.8509,11856,247,424,299,502,80
292.8757,11857,248,425,298,501,80
292.9013,11858,247,424,299,501,80
292.9270,11859,247,424,299,502,80
292.9518,11860,247,424,299,502,80
292.9790,11861,247,424,299,502,80
293.0060,11862,247,424,299,501,80
293.0317,11863,247,424,300,502,80
293.0565,11864,247,424,300,502,80
293.0819,11865,247,423,300,501,80
293.1079,11866,247,423,300,501,80
293.1338,11867,247,423,300,501,80
293.1570,11868,247,423,300,501,79
293.1840,11869,247,423,300,501,79
293.2118,11870,247,423,300,501,81
293.2351,11871,247,423,300,501,81
293.2601,11872,247,422,300,500,80
293.2880,11873,247,422,300,500,80
293.3132,11874,246,423,300,501,81
293.3397,11875,246,422,301,501,80
293.3657,11876,246,422,300,501,80
293.3910,11877,246,422,300,501,80
293.4179,11878,246,422,300,501,80
293.4434,11879,246,422,301,500,80
293.4685,11880,246,422,301,500,80
293.4957,11881,246,422,301,500,81
293.5203,11882,246,422,301,500,80
293.5465,11883,246,422,301,500,80
293.5720,11884,246,421,301,500,80
293.5966,11885,246,421,301,500,80
293.6229,11886,246,421,301,500,80
293.6504,11887,246,421,301,499,80
293.6761,11888,246,421,301,500,80
293.7007,11889,246,420,301,500,81
293.7268,11890,246,420,301,500,80
293.7514,11891,246,420,301,500,80
293.7785,11892,245,421,301,500,80
293.8056,11893,245,422,302,500,80
293.8295,11894,245,422,302,500,79
293.8554,11895,244,422,302,501,77
293.8819,11896,244,422,302,501,77
293.9078,11897,246,422,302,499,77
293.9335,11898,248,422,303,496,78
293.9588,11899,248,422,303,496,78
293.9859,11900,249,422,303,496,78
294.0106,11901,249,422,304,496,77
294.0373,11902,249,422,304,496,78
294.0622,11903,250,422,304,496,77
294.0882,11904,250,422,304,496,77
294.1157,11905,251,422,304,496,78
294.1421,11906,251,421,304,497,78
294.1687,11907,252,421,304,495,78
294.1935,11908,252,421,304,493,78
294.2192,11909,252,421,304,493,78
294.2443,11910,252,421,304,493,78
294.2705,11911,252,421,304,490,78
294.2943,11912,252,421,304,490,78
294.3204,11913,253,424,306,479,74
294.3467,11914,256,427,307,481,66
294.3733,11915,258,427,309,473,66
294.3986,11916,257,427,311,479,76
294.4242,11917,257,426,313,478,77
294.4500,11918,257,426,313,478,77
294.4767,11919,258,426,315,473,77
294.5038,11920,257,426,316,476,77
294.5277,11921,257,426,318,476,75
294.5530,11922,257,426,318,476,75
294.5790,11923,257,425,319,475,74
294.6047,11924,256,424,320,476,75
294.6303,11925,256,424,320,476,75
294.6554,11926,256,424,320,476,75
294.6823,11927,257,424,322,468,74
294.7075,11928,256,423,323,470,75
294.7335,11929,256,422,324,468,75
294.7612,11930,256,422,324,468,75
294.7853,11931,256,422,325,468,76
294.8120,11932,255,422,326,468,76
294.8356,11933,256,422,326,466,76
294.8618,11934,255,421,327,467,77
294.8881,11935,255,421,327,467,77
294.9131,11936,254,421,328,467,77
294.9396,11937,255,421,328,466,76
294.9661,11938,255,421,328,466,76
294.9915,11939,254,421,329,467,78
295.0176,11940,253,421,329,467,78
295.0424,11941,253,421,329,467,78
295.0676,11942,253,420,330,466,77
295.0933,11943,253,420,330,466,77
295.1199,11944,253,420,330,465,76
295.1453,11945,252,420,331,464,76
295.1711,11946,253,420,332,464,75
295.1969,11947,254,419,333,462,75
295.2211,11948,254,419,333,462,75
295.2474,11949,255,418,334,460,75
295.2717,11950,255,418,334,460,75
295.2983,11951,255,419,334,459,75
295.3242,11952,254,418,335,458,76
295.3511,11953,255,418,335,456,75
295.3748,11954,257,418,336,454,75
295.4008,11955,257,418,335,453,74
295.4258,11956,257,418,335,453,74
295.4517,11957,257,418,335,453,74
295.4789,11958,254,417,336,455,76
295.5038,11959,255,418,337,452,76
295.5284,11960,255,418,337,452,76
295.5550,11961,252,418,336,456,77
295.5800,11962,253,418,336,454,76
295.6082,11963,253,418,336,454,76
295.6328,11964,254,417,337,453,76
295.6586,11965,254,418,337,452,76
295.6832,11966,251,418,337,454,77
295.7110,11967,253,417,338,451,77
295.7338,11968,253,417,338,451,77
295.7598,11969,250,417,338,453,77
295.7861,11970,252,417,338,452,78
295.8102,11971,251,417,338,453,78
295.8349,11972,251,417,338,453,78
295.8612,11973,251,417,338,453,78
295.8873,11974,251,417,338,451,79
295.9122,11975,252,416,338,450,79
295.9395,11976,252,416,338,450,79
295.9639,11977,251,417,338,449,79
295.9894,11978,250,416,338,450,79
296.0144,11979,251,417,339,449,80
296.0418,11980,250,416,339,450,79
296.0660,11981,250,416,339,450,79
296.0924,11982,251,417,339,449,80
296.1196,11983,251,417,339,449,80
296.1441,11984,251,417,339,449,80
296.1693,11985,251,417,339,449,80
296.1951,11986,252,417,339,449,80
296.2208,11987,253,416,340,448,80
296.2463,11988,253,416,340,448,80
296.2734,11989,253,416,340,448,80
296.2991,11990,254,417,340,447,80
296.3248,11991,254,417,340,447,80
296.3500,11992,254,417,340,447,80
296.3760,11993,254,417,340,447,80
296.4017,11994,254,417,340,446,80
296.4272,11995,254,417,340,446,80
296.4534,11996,253,417,340,446,80
296.4789,11997,252,417,340,445,80
296.5042,11998,253,417,340,445,79
296.5313,11999,253,417,340,445,79
296.5568,12000,253,417,340,445,79
296.5821,12001,253,417,341,445,79
296.6081,12002,253,417,341,445,79
296.6349,12003,253,417,341,445,79
296.6585,12004,253,417,341,445,79
296.6849,12005,253,417,341,444,79
296.7100,12006,254,418,340,444,79
296.7357,12007,254,418,340,444,79
296.7651,12008,254,418,341,442,79
296.7890,12009,254,417,341,443,78
296.8148,12010,255,418,341,442,78
296.8404,12011,253,418,342,442,78
296.8686,12012,253,418,342,442,78
296.8916,12013,253,418,341,442,78
296.9183,12014,254,418,341,442,78
296.9435,12015,253,417,341,441,78
296.9686,12016,253,417,341,441,78
296.9947,12017,253,418,341,442,78
297.0180,12018,254,418,341,440,77
297.0444,12019,254,418,341,440,77
297.0743,12020,254,417,341,441,78
297.0983,12021,254,417,341,441,77
297.1239,12022,257,417,341,440,78
297.1495,12023,254,418,341,440,77
297.1736,12024,254,418,341,440,77
297.2009,12025,296,418,341,440,74
297.2009,12025,260,420,314,442,44
297.2271,12026,296,413,349,445,78
297.2516,12027,298,414,356,448,78
297.2795,12028,297,417,364,451,78
297.3056,12029,297,417,364,451,78
297.3309,12030,294,417,369,453,76
297.3572,12031,301,421,374,455,70
297.3832,12032,301,421,374,455,70
297.4093,12033,303,422,379,456,70
297.4365,12034,306,423,383,458,70
297.4605,12035,310,424,386,459,72
297.4865,12036,314,426,390,460,74
297.5121,12037,314,426,390,460,74
297.5377,12038,317,429,393,461,74
297.5639,12039,320,432,396,462,73
297.5893,12040,356,442,400,472,80
297.6144,12041,362,446,416,475,75
297.6416,12042,362,446,416,475,75
297.6671,12043,358,453,430,480,71
297.6927,12044,367,457,441,483,69
297.7169,12045,367,457,441,483,69
297.7425,12046,385,463,451,485,71
297.7694,12047,391,466,460,486,71
297.7940,12048,398,468,468,487,70
297.8201,12049,412,476,474,488,61
297.8448,12050,412,476,474,488,61
297.8708,12051,418,478,480,488,45
298.1288,12061,466,478,517,490,55
298.1537,12062,477,468,525,492,75
298.1786,12063,477,468,525,492,75
298.2051,12064,480,465,540,490,77
298.2307,12065,493,458,551,486,72
298.2552,12066,505,454,559,486,76
298.2812,12067,510,449,566,486,78
298.3063,12068,510,449,566,486,78
298.3330,12069,511,446,574,486,79
298.3574,12070,511,446,574,486,79
298.3847,12071,509,442,581,486,78
298.4097,12072,509,440,586,488,79
298.4381,12073,515,437,592,485,78
298.4602,12074,518,434,598,484,80
298.4862,12075,518,434,598,484,80
298.5117,12076,523,433,602,483,80
298.5387,12077,526,430,606,482,79
298.5626,12078,528,428,610,480,80
298.5879,12079,532,426,614,478,80
298.6143,12080,532,426,614,478,80
298.6408,12081,536,424,618,474,79
298.6659,12082,539,423,621,473,79
298.6928,12083,539,423,621,473,79
298.7188,12084,543,421,625,471,79
298.7452,12085,546,420,628,470,80
298.7706,12086,550,418,632,466,81
298.7962,12087,552,415,634,465,81
298.8210,12088,552,415,634,465,81
298.8480,12089,555,415,637,463,79
298.8724,12090,556,412,640,462,78
298.8999,12091,559,411,643,461,79
298.9247,12092,560,410,646,459,79
298.9507,12093,560,410,646,459,79
298.9761,12094,564,408,648,456,80
299.0020,12095,566,407,650,454,80
299.0276,12096,566,407,650,454,80
299.0549,12097,569,406,653,453,78
299.0802,12098,573,405,656,451,78
299.1053,12099,574,403,658,451,79
299.1315,12100,574,403,659,449,80
299.1567,12101,574,403,659,449,80
299.1821,12102,577,402,661,448,80
299.2089,12103,579,401,663,447,80
299.2336,12104,581,400,665,445,79
299.2581,12105,583,399,667,445,78
299.2856,12106,583,399,667,445,78
299.3103,12107,585,398,669,444,78
299.3366,12108,586,398,670,444,78
299.3611,12109,586,398,670,444,78
299.3910,12110,587,396,673,442,77
299.4167,12111,589,395,675,441,78
299.4417,12112,589,395,675,441,78
299.4670,12113,594,394,678,439,78
299.4929,12114,594,394,678,439,78
299.5184,12115,594,394,680,438,78
299.5445,12116,612,397,684,431,73
299.5698,12117,622,395,690,431,66
299.5938,12118,627,393,695,415,68
299.6201,12119,627,393,695,415,68
299.6468,12120,620,391,702,423,74
299.6727,12121,620,390,706,421,77
299.6986,12122,620,390,706,421,77
299.7250,12123,621,388,711,420,79
299.7523,12124,622,388,715,418,79
299.7761,12125,627,387,719,415,78
299.8012,12126,633,384,722,414,78
299.8271,12127,633,384,722,414,78
299.8549,12128,633,384,722,414,78
299.8809,12129,640,382,728,414,77
299.9059,12130,643,382,731,412,77
299.9308,12131,645,380,735,410,75
299.9566,12132,645,380,735,410,75
299.9836,12133,650,379,738,410,76
300.0096,12134,652,379,740,409,75
300.0358,12135,652,379,740,409,75
300.0615,12136,654,377,742,409,75
300.0866,12137,656,376,745,408,74
300.1113,12138,659,376,747,408,72
300.1384,12139,660,375,750,407,73
300.1645,12140,660,375,750,407,73
300.1895,12141,666,374,752,406,73
300.2154,12142,666,373,755,407,74
300.2415,12143,666,373,755,407,74
300.2692,12144,668,372,758,406,75
300.2911,12145,668,372,758,406,75
300.3183,12146,670,371,759,406,75
300.3434,12147,671,370,761,406,75
300.3694,12148,672,370,762,406,75
300.3948,12149,672,370,762,406,75
300.4217,12150,674,369,764,405,74
300.4451,12151,675,370,765,405,74
300.4708,12152,675,369,767,405,75
300.4970,12153,675,369,767,405,75
300.5250,12154,679,369,769,405,75
300.5493,12155,680,369,770,405,75
300.5745,12156,680,367,772,405,75
300.5996,12157,682,367,772,404,74
300.6256,12158,682,367,772,404,74
300.6516,12159,682,367,772,404,74
300.6765,12160,685,366,775,404,75
300.7019,12161,709,369,777,397,70
300.7283,12162,709,369,777,397,70
300.7543,12163,726,369,782,391,65
300.7777,12164,728,369,786,389,64
300.7777,12164,703,380,729,404,47
300.8042,12165,728,369,786,389,64
300.8042,12165,703,380,729,404,47
300.8325,12166,733,368,789,388,70
300.8325,12166,706,379,728,405,39
300.8568,12167,737,368,793,388,73
300.8829,12168,739,368,796,390,74
300.9072,12169,742,369,800,390,72
300.9339,12170,742,369,800,390,72
300.9592,12171,744,369,802,391,74
300.9855,12172,746,369,804,391,75
300.9855,12172,713,371,733,396,51
301.0096,12173,747,370,807,392,73
301.0096,12173,712,369,736,393,58
301.0366,12174,747,370,807,392,73
301.0366,12174,712,369,736,393,58
301.0628,12175,747,370,807,392,73
301.0628,12175,712,369,736,393,58
301.0872,12176,750,371,812,393,74
301.0872,12176,712,369,738,388,30
301.1139,12177,751,372,813,393,73
301.1385,12178,751,372,813,393,73
301.1650,12179,752,372,816,394,73
301.1907,12180,752,373,818,393,73
301.2164,12181,755,374,819,394,72
301.2422,12182,756,374,820,394,72
301.2679,12183,756,374,820,394,72
301.2953,12184,757,374,822,394,72
301.3212,12185,757,374,823,395,72
301.3453,12186,756,375,824,395,71
301.3706,12187,755,374,825,396,71
301.3956,12188,755,374,825,396,71
301.4225,12189,760,376,826,396,70
301.4470,12190,760,376,826,396,70
301.4727,12191,760,375,828,397,71
301.4978,12192,762,376,830,396,71
301.5257,12193,764,375,830,397,70
301.5490,12194,759,374,831,397,70
301.5742,12195,759,374,831,397,70
301.6006,12196,762,374,832,398,70
301.6288,12197,766,376,834,398,70
301.6524,12198,762,374,834,398,70
301.6775,12199,762,374,834,398,70
301.7033,12200,768,376,836,398,70
301.7296,12201,768,376,836,398,70
301.7553,12202,770,377,836,399,70
301.7814,12203,770,377,836,399,70
301.8069,12204,769,376,837,398,70
301.8329,12205,770,377,838,399,70
301.8569,12206,784,379,838,403,71
301.8569,12206,746,361,776,386,41
301.8839,12207,785,376,839,405,75
301.9084,12208,785,376,839,405,75
301.9347,12209,781,374,843,406,76
301.9603,12210,786,374,846,408,76
301.9872,12211,789,375,848,409,76
302.0114,12212,784,374,850,410,74
302.0381,12213,784,374,850,410,74
302.0645,12214,782,375,852,411,74
302.0882,12215,766,372,852,412,73
302.1141,12216,766,372,852,412,73
302.1415,12217,768,372,854,413,75
302.1694,12218,782,374,856,414,74
302.1912,12219,788,374,858,416,75
302.2192,12220,795,376,859,416,75
302.2423,12221,795,376,859,416,75
302.2688,12222,788,375,860,417,74
302.2952,12223,802,378,862,418,74
302.3215,12224,800,377,862,419,74
302.3464,12225,779,370,863,418,72
302.3710,12226,779,370,863,418,72
302.3977,12227,794,375,864,419,71
302.4223,12228,808,381,866,421,72
302.4488,12229,808,381,866,421,72
302.4742,12230,811,385,865,422,74
302.4985,12231,817,390,858,428,74
302.4985,12231,783,370,805,390,38
302.5244,12232,829,388,857,428,71
302.5502,12233,829,388,857,428,71
302.5793,12234,826,387,860,427,76
302.6040,12235,819,386,861,426,77
302.6293,12236,816,387,863,427,77
302.6549,12237,812,389,865,429,73
302.6791,12238,808,398,866,431,74
302.7071,12239,808,398,866,431,74
302.7321,12240,805,403,865,431,74
302.7564,12241,799,390,860,430,70
302.7829,12242,799,390,860,430,70
302.8087,12243,795,402,857,430,62
302.8335,12244,792,406,854,430,57
302.8594,12245,788,406,854,430,40
302.8853,12246,788,406,854,430,40
302.9124,12247,785,405,854,431,44
302.9378,12248,782,397,858,431,40
302.9637,12249,779,422,842,434,38
302.9637,12249,794,398,858,432,33
302.9876,12250,776,421,842,433,42
302.9876,12250,798,402,860,432,36
303.0140,12251,776,421,842,433,42
303.0140,12251,798,402,860,432,36
303.0400,12252,774,423,838,434,53
303.0400,12252,827,402,862,431,32
303.0656,12253,772,423,836,435,58
303.0900,12254,770,424,833,436,61
303.1158,12255,770,424,833,436,61
303.1434,12256,768,424,830,436,62
303.1671,12257,766,425,828,436,64
303.1928,12258,764,425,828,436,65
303.2195,12259,764,425,828,436,65
303.2451,12260,763,426,826,436,66
303.2716,12261,761,426,823,436,66
303.2950,12262,760,426,820,436,67
303.3215,12263,758,426,820,436,67
303.3469,12264,758,426,820,436,67
303.3724,12265,757,426,819,437,66
303.3984,12266,756,426,818,437,65
303.4235,12267,754,426,816,437,64
303.4508,12268,754,426,816,437,64
303.4747,12269,753,427,813,437,64
303.5004,12270,752,426,814,438,63
303.5260,12271,752,426,814,438,63
303.5530,12272,751,426,810,438,66
303.5782,12273,752,422,796,446,72
303.5782,12273,770,423,828,440,33
303.6024,12274,747,419,795,452,79
303.6024,12274,806,423,830,443,33
303.6287,12275,735,420,795,456,77
303.6544,12276,735,420,795,456,77
303.6816,12277,728,422,800,462,73
303.7068,12278,719,429,786,469,74
303.7320,12279,713,429,785,472,73
303.7585,12280,706,430,786,474,73
303.7843,12281,706,430,786,474,73
303.8103,12282,702,432,780,478,73
303.8342,12283,696,431,780,481,73
303.8605,12284,696,431,780,481,73
303.8872,12285,700,454,718,507,64
303.9129,12286,684,471,722,518,75
303.9386,12287,671,486,724,520,65
303.9386,12287,703,464,725,516,35
303.9639,12288,663,480,725,522,59
303.9898,12289,663,480,725,522,59
304.0171,12290,655,502,725,524,50
304.0928,12293,646,510,696,528,54
304.1197,12294,646,510,696,528,54
304.1440,12295,654,504,684,537,63
304.1694,12296,654,504,684,537,63
304.1956,12297,655,502,681,540,72
304.2198,12298,654,501,688,545,77
304.2475,12299,654,501,688,545,77
304.2722,12300,653,512,699,552,73
304.2965,12301,654,514,704,553,72
304.3242,12302,654,514,704,553,72
304.3515,12303,654,514,708,554,73
304.3756,12304,655,520,711,556,73
304.4012,12305,658,524,712,554,73
304.4257,12306,670,528,710,556,68
304.4526,12307,670,528,710,556,68
304.4770,12308,673,521,711,559,75
304.5028,12309,673,521,711,559,75
304.5282,12310,676,515,714,561,74
304.5565,12311,679,511,717,561,74
304.5806,12312,682,506,718,560,75
304.6049,12313,688,504,718,560,72
304.6308,12314,688,504,718,560,72
304.6565,12315,688,504,718,560,72
304.6838,12316,688,501,720,559,72
304.7093,12317,690,500,722,558,73
304.7348,12318,691,498,723,558,74
304.7606,12319,692,498,724,556,73
304.7867,12320,692,498,724,556,73
304.8131,12321,691,496,725,558,72
304.8375,12322,691,496,725,558,72
304.8637,12323,694,496,726,556,74
304.8893,12324,696,494,726,554,73
304.9147,12325,694,493,728,555,74
304.9399,12326,700,494,728,552,75
304.9661,12327,700,494,728,552,75
304.9927,12328,702,492,729,550,74
305.0180,12329,702,492,730,552,73
305.0431,12330,702,492,730,552,73
305.0682,12331,704,492,730,550,72
305.0934,12332,704,492,730,550,72
305.1215,12333,704,491,730,549,71
305.1454,12334,702,492,727,546,71
305.1713,12335,702,492,727,546,71
305.1969,12336,712,489,726,541,57
305.2223,12337,711,488,727,540,61
305.2474,12338,710,487,728,542,63
305.2739,12339,708,487,730,542,67
305.2979,12340,708,487,730,542,67
305.3239,12341,706,486,732,542,71
305.3502,12342,706,486,733,542,73
305.3750,12343,705,486,734,542,73
305.4007,12344,704,485,734,541,73
305.4258,12345,704,485,734,541,73
305.4532,12346,704,485,734,541,73
305.4777,12347,704,485,734,539,74
305.4777,12347,700,541,730,565,38
305.5028,12348,704,485,734,539,74
305.5028,12348,700,541,730,565,38
305.5308,12349,703,483,734,539,74
305.5308,12349,702,541,731,565,32
305.5546,12350,703,484,734,538,74
305.5546,12350,703,542,731,566,43
305.5796,12351,703,484,734,538,74
305.6052,12352,703,484,734,538,74
305.6320,12353,702,483,734,538,74
305.6580,12354,702,483,734,537,74
305.6845,12355,702,483,733,537,74
305.7089,12356,699,485,731,535,73
305.7357,12357,699,485,731,535,73
305.7596,12358,692,489,732,532,74
305.7873,12359,689,486,735,526,75
305.8128,12360,686,483,734,523,76
305.8386,12361,686,483,734,523,76
305.8672,12362,686,483,734,523,76
305.8945,12363,679,481,731,523,75
305.9176,12364,676,479,728,517,78
305.9440,12365,676,479,728,517,78
305.9701,12366,675,479,729,521,73
305.9960,12367,673,478,727,520,73
306.0234,12368,672,476,728,516,65
306.0473,12369,670,474,730,522,59
306.0719,12370,669,474,725,512,71
306.0980,12371,669,474,725,512,71
306.1235,12372,667,473,725,515,68
306.1503,12373,666,472,722,512,75
306.1751,12374,665,471,721,513,74
306.2019,12375,665,471,721,513,74
306.2265,12376,664,470,722,512,74
306.2518,12377,664,469,722,512,75
306.2774,12378,664,469,722,512,75
306.3060,12379,662,468,720,512,76
306.3318,12380,661,467,718,511,77
306.3578,12381,660,470,710,508,77
306.3822,12382,655,471,710,502,73
306.4086,12383,651,465,709,497,76
306.4346,12384,651,465,709,497,76
306.4614,12385,644,463,702,500,78
306.4865,12386,637,461,703,503,33
306.5109,12387,632,459,700,499,46
306.5388,12388,632,459,700,499,46
306.5648,12389,628,458,700,498,53
306.5886,12390,624,456,700,498,45
306.6173,12391,624,456,700,498,45
306.6426,12392,620,454,696,492,37
306.6686,12393,616,454,698,494,61
306.6943,12394,613,453,696,489,64
306.7204,12395,609,451,693,485,65
306.7452,12396,607,450,690,482,72
306.7712,12397,607,450,690,482,72
306.7971,12398,604,450,688,480,74
306.8225,12399,603,449,687,479,74
306.8482,12400,599,448,685,476,72
306.8746,12401,599,448,685,476,72
306.8999,12402,597,447,683,471,70
306.9248,12403,594,446,682,470,71
306.9508,12404,594,446,682,470,71
306.9751,12405,592,446,682,470,68
307.0032,12406,590,444,680,468,67
307.0270,12407,588,444,680,466,68
307.0527,12408,587,443,679,466,69
307.0780,12409,587,443,679,466,69
307.1044,12410,585,443,677,465,70
307.1301,12411,584,442,672,464,70
307.1545,12412,582,442,668,462,70
307.1809,12413,580,441,668,461,70
307.2076,12414,580,441,668,461,70
307.2331,12415,578,441,666,461,68
307.2571,12416,577,440,665,460,69
307.2828,12417,577,440,665,460,69
307.3094,12418,576,440,654,460,68
307.3346,12419,575,439,661,459,68
307.3604,12420,573,439,661,459,68
307.3847,12421,572,438,660,458,68
307.4107,12422,572,438,660,458,68
307.4383,12423,570,438,650,457,66
307.4636,12424,568,437,650,457,69
307.4895,12425,568,437,652,457,69
307.5127,12426,566,436,650,456,69
307.5386,12427,566,436,650,456,69
307.5645,12428,565,436,648,456,68
307.5892,12429,565,436,648,456,68
307.6187,12430,564,436,648,456,70
307.6427,12431,562,436,638,454,69
307.6684,12432,562,436,646,454,70
307.6931,12433,560,435,636,453,71
307.7204,12434,559,434,639,454,70
307.7456,12435,559,434,639,454,70
307.7706,12436,559,434,645,454,72
307.7978,12437,558,434,644,454,72
307.8218,12438,557,434,643,454,72
307.8477,12439,556,433,640,453,72
307.8736,12440,556,433,640,453,72
307.8984,12441,555,433,641,453,72
307.9244,12442,555,433,641,453,72
307.9504,12443,555,433,640,453,72
307.9765,12444,553,433,639,453,72
308.0030,12445,553,432,635,452,72
308.0279,12446,552,432,634,452,70
308.0547,12447,552,432,634,452,70
308.0792,12448,551,432,639,454,74
308.1053,12449,550,432,632,452,72
308.1314,12450,549,431,633,453,73
308.1563,12451,548,431,632,453,73
308.1823,12452,548,431,632,453,73
308.2071,12453,548,431,635,453,73
308.2333,12454,547,431,635,453,73
308.2596,12455,547,431,635,453,73
308.2857,12456,546,431,632,453,73
308.3107,12457,546,431,632,453,74
308.3365,12458,545,431,629,453,74
308.3614,12459,545,431,629,453,74
308.3878,12460,544,431,630,454,75
308.4129,12461,544,431,628,453,74
308.4387,12462,543,431,627,455,74
308.4644,12463,543,431,627,455,73
308.4897,12464,542,432,626,454,73
308.5158,12465,542,432,626,454,73
308.5403,12466,542,432,626,454,72
308.5665,12467,542,432,624,452,68
308.5924,12468,542,432,624,452,68
308.6183,12469,540,432,624,452,69
308.6429,12470,540,432,622,452,65
308.6682,12471,539,432,623,450,63
308.6935,12472,539,432,623,450,63
308.7201,12473,538,431,622,449,62
308.7445,12474,538,432,622,450,63
308.7703,12475,537,431,622,449,64
308.7954,12476,536,432,622,450,64
308.8216,12477,536,432,622,450,64
308.8483,12478,536,431,621,449,63
308.8752,12479,536,431,620,449,62
308.9001,12480,535,431,619,449,63
308.9265,12481,535,431,619,449,63
308.9519,12482,535,431,619,449,63
308.9773,12483,534,431,618,448,61
309.0038,12484,534,431,618,449,60
309.0289,12485,534,431,618,449,60
309.0555,12486,534,431,618,449,60
309.0800,12487,534,430,616,448,58
309.1070,12488,534,430,616,448,58
309.1333,12489,533,431,615,447,55
309.1585,12490,536,430,582,446,59
309.1585,12490,597,441,623,454,31
309.1843,12491,528,425,576,455,76
309.2097,12492,515,428,577,460,75
309.2348,12493,515,428,577,460,75
309.2596,12494,506,428,582,466,77
309.2885,12495,496,432,576,470,72
309.3117,12496,489,431,573,473,74
309.3384,12497,482,432,570,476,73
309.3639,12498,482,432,570,476,73
309.3900,12499,476,436,563,478,70
309.4167,12500,471,443,554,481,72
309.4425,12501,471,443,554,481,72
309.4686,12502,471,443,554,481,72
309.4953,12503,472,450,494,490,73
309.5202,12504,464,459,503,481,67
309.5462,12505,458,460,516,486,72
309.5714,12506,458,460,516,486,72
309.5979,12507,461,458,528,488,71
309.6236,12508,470,463,539,489,61
309.6488,12509,507,475,550,491,69
309.6746,12510,510,475,566,489,70
309.7037,12511,510,475,566,489,70
309.7270,12512,535,470,584,488,72
309.7531,12513,543,465,598,488,77
309.7770,12514,549,462,607,486,72
309.8045,12515,549,462,607,486,72
309.8288,12516,553,458,617,484,73
309.8565,12517,557,456,625,484,74
309.8793,12518,557,456,625,484,74
309.9058,12519,558,454,632,484,73
309.9314,12520,573,451,637,481,72
309.9609,12521,592,442,647,472,70
309.9830,12522,599,440,672,464,60
310.0096,12523,629,438,690,454,70
310.0096,12523,601,440,625,464,35
310.0330,12524,629,438,690,454,70
310.0330,12524,601,440,625,464,35
310.0607,12525,639,437,703,455,71
310.0607,12525,607,435,625,455,39
310.0864,12526,641,437,713,457,72
310.1107,12527,648,438,723,458,70
310.1374,12528,648,438,723,458,70
310.1632,12529,655,441,733,459,65
310.1881,12530,658,443,740,459,65
310.2137,12531,658,443,740,459,65
310.2387,12532,658,441,748,460,63
310.2657,12533,674,444,754,460,58
310.2915,12534,680,445,760,460,48
310.3174,12535,681,446,765,460,35
310.3420,12536,681,446,765,460,35
310.4451,12540,730,446,784,464,59
310.4715,12541,730,446,784,464,59
310.4953,12542,738,443,794,465,70
310.5215,12543,738,443,794,465,70
310.5469,12544,744,441,806,461,73
310.5722,12545,745,438,817,460,73
310.6003,12546,753,435,825,457,76
310.6239,12547,761,434,833,458,75
310.6482,12548,769,434,839,456,75
310.6733,12549,769,434,839,456,75
310.7002,12550,773,431,845,455,74
310.7266,12551,784,430,850,452,70
310.7512,12552,787,428,855,452,73
310.7753,12553,792,427,860,451,73
310.8035,12554,792,427,860,451,73
310.8272,12555,790,426,864,452,73
310.8517,12556,790,426,864,452,73
310.8795,12557,795,425,867,451,74
310.9057,12558,791,424,871,452,74
310.9306,12559,804,422,874,450,75
310.9550,12560,799,421,878,449,74
310.9812,12561,799,421,878,449,74
311.0083,12562,800,420,880,449,74
311.0360,12563,807,420,883,448,75
311.0593,12564,822,418,886,446,75
311.0853,12565,818,418,888,446,76
311.1107,12566,818,418,888,446,76
311.1362,12567,817,416,891,446,76
311.1626,12568,816,415,893,447,75
311.1879,12569,816,415,893,447,75
311.2141,12570,813,416,895,448,74
311.2392,12571,820,414,898,446,74
311.2651,12572,823,414,899,446,75
311.2899,12573,820,413,902,447,76
311.3159,12574,820,413,902,447,76
311.3424,12575,822,412,904,448,75
311.3674,12576,822,411,905,448,76
311.3943,12577,823,410,907,447,76
311.4196,12578,832,410,908,446,75
311.4455,12579,832,410,908,446,75
311.4731,12580,826,410,910,446,75
311.4978,12581,855,405,907,435,72
311.5230,12582,855,405,907,435,72
311.5513,12583,859,398,899,434,70
311.5755,12584,868,402,902,435,77
311.6013,12585,862,404,906,436,81
311.6248,12586,852,406,910,433,74
311.6517,12587,852,406,910,433,74
311.6785,12588,846,406,910,432,62
311.7033,12589,841,406,907,422,60
311.7279,12590,836,406,904,420,64
311.7535,12591,831,406,899,420,67
311.7796,12592,831,406,899,420,67
311.8086,12593,831,400,874,428,73
311.8326,12594,816,397,874,435,78
311.8576,12595,816,397,874,435,78
311.8829,12596,802,406,866,442,72
311.9081,12597,791,410,866,448,75
311.9349,12598,781,411,863,453,74
311.9594,12599,772,415,850,457,71
311.9856,12600,772,415,850,457,71
312.0115,12601,765,417,842,459,70
312.0387,12602,759,422,837,462,69
312.0625,12603,748,441,789,477,70
312.0892,12604,728,441,792,487,68
312.1151,12605,728,441,792,487,68
312.1431,12606,712,468,776,494,72
312.1666,12607,700,474,768,500,71
312.1926,12608,700,474,768,500,71
312.2190,12609,689,477,755,503,72
312.2451,12610,678,481,746,507,72
312.2684,12611,670,486,734,510,73
312.2949,12612,663,486,735,512,70
312.3211,12613,663,486,735,512,70
312.3471,12614,656,488,728,516,68
312.3707,12615,651,490,721,518,70
312.3962,12616,645,492,717,520,62
312.4243,12617,645,492,717,520,62
312.4507,12618,642,496,692,526,73
312.4766,12619,645,496,685,534,77
312.5014,12620,646,495,682,539,77
312.5288,12621,646,495,682,539,77
312.5541,12622,645,495,679,543,76
312.5790,12623,646,496,676,548,74
312.6050,12624,648,499,674,551,68
312.6310,12625,648,499,674,551,68
312.6562,12626,648,499,674,551,68
312.6831,12627,646,504,664,558,61
312.7088,12628,646,510,668,552,57
312.7368,12629,644,518,682,548,67
312.7585,12630,644,518,682,548,67
312.7864,12631,646,524,694,548,67
312.8100,12632,647,532,704,548,66
312.8370,12633,652,536,710,549,64
312.8611,12634,655,537,717,551,67
312.8886,12635,655,537,717,551,67
312.9125,12636,660,538,722,550,65
312.9375,12637,668,538,726,550,67
312.9635,12638,668,538,726,550,67
312.9903,12639,672,535,728,551,71
313.0158,12640,678,526,724,558,76
313.0416,12641,678,526,724,558,76
313.0656,12642,699,515,719,565,59
313.0656,12642,668,529,704,565,41
313.0926,12643,699,515,719,565,59
313.0926,12643,668,529,704,565,41
313.1187,12644,704,510,720,566,56
313.1187,12644,676,537,708,567,46
313.1449,12645,706,507,720,561,59
313.1449,12645,681,534,715,566,33
313.1681,12646,705,504,721,560,61
313.1681,12646,682,541,713,570,34
313.1951,12647,703,502,721,560,60
313.2216,12648,703,502,721,560,60
313.2466,12649,702,500,720,558,64
313.2726,12650,702,497,720,557,64
313.2726,12650,695,541,719,579,37
313.3003,12651,702,497,720,557,64
313.3003,12651,695,541,719,579,37
313.3270,12652,702,495,720,555,63
313.3270,12652,698,538,720,580,33
313.3522,12653,701,493,719,553,61
313.3522,12653,702,544,720,582,31
313.3761,12654,701,492,717,552,57
313.4036,12655,701,490,715,550,52
313.4267,12656,701,490,715,550,52
313.4558,12657,701,490,715,550,52
313.4787,12658,700,488,714,552,45
313.5042,12659,700,488,714,552,40
313.5286,12660,700,487,714,549,37
313.5544,12661,700,487,714,549,37
313.5806,12662,699,487,715,548,44
313.6078,12663,699,487,715,548,44
313.6339,12664,698,486,714,548,47
313.6608,12665,697,486,715,550,54
313.6851,12666,697,485,715,547,53
313.7108,12667,697,485,715,547,55
313.7359,12668,696,484,715,544,59
313.7638,12669,696,484,715,544,59
313.7885,12670,696,483,714,543,57
313.8134,12671,695,484,715,542,55
313.8395,12672,695,484,715,542,55
313.8659,12673,693,482,713,542,58
313.8894,12674,693,482,713,542,58
313.9149,12675,692,483,714,541,63
313.9419,12676,692,483,714,541,63
313.9688,12677,690,484,712,539,71
313.9953,12678,685,485,713,535,72
314.0198,12679,682,486,716,532,76
314.0467,12680,679,485,719,533,76
314.0722,12681,678,484,720,532,77
314.0722,12681,703,542,717,570,38
314.0980,12682,678,484,720,532,77
314.0980,12682,703,542,717,570,38
314.1240,12683,676,485,720,531,76
314.1240,12683,702,535,718,568,36
314.1507,12684,674,484,720,528,76
314.1507,12684,701,530,721,564,34
314.1756,12685,672,483,720,525,77
314.2011,12686,672,484,720,524,76
314.2270,12687,672,484,720,524,76
314.2537,12688,672,484,720,524,76
314.2776,12689,672,484,720,524,76
314.3033,12690,669,483,719,521,75
314.3298,12691,668,482,718,522,74
314.3550,12692,668,483,718,521,75
314.3803,12693,668,482,718,520,76
314.4055,12694,668,482,718,520,76
314.4331,12695,667,482,719,524,72
314.4590,12696,666,482,720,524,70
314.4856,12697,666,482,720,524,73
314.5095,12698,665,482,719,524,72
314.5364,12699,665,482,719,524,72
314.5626,12700,665,482,721,526,68
314.5875,12701,664,482,722,526,61
314.6132,12702,664,482,722,526,61
314.6400,12703,664,481,718,525,61
314.6655,12704,663,481,719,524,68
314.6903,12705,663,480,722,528,54
314.7163,12706,662,480,718,524,53
314.7423,12707,662,480,718,524,53
314.7692,12708,662,480,716,523,69
314.7955,12709,662,480,718,526,56
314.8200,12710,662,480,725,532,34
314.8448,12711,661,479,717,525,62
314.8711,12712,661,479,717,523,58
314.8970,12713,661,479,717,523,58
314.9222,12714,661,479,719,525,48
314.9486,12715,661,479,719,525,48
314.9764,12716,661,479,717,523,56
315.0027,12717,661,479,717,523,38
315.0267,12718,661,479,716,524,39
315.0549,12719,660,478,716,524,53
315.0781,12720,660,478,716,524,53
315.1064,12721,660,479,714,523,43
315.1306,12722,660,478,714,524,40
315.1563,12723,660,478,716,523,30
315.1819,12724,660,478,714,520,41
315.2057,12725,660,478,714,520,41
315.2327,12726,659,478,713,523,63
315.2577,12727,659,478,713,522,66
315.2841,12728,659,478,713,522,66
315.3131,12729,660,478,714,522,45
315.3361,12730,659,478,715,522,45
315.3602,12731,659,478,715,520,48
315.4380,12734,659,478,718,526,41
315.4645,12735,659,477,719,523,34
315.4880,12736,664,476,710,518,57
315.5134,12737,668,473,696,513,60
315.5403,12738,668,473,696,513,60
315.5653,12739,668,474,693,514,76
315.5889,12740,666,475,698,515,76
315.6149,12741,666,475,698,515,76
315.6411,12742,664,475,704,513,75
315.6668,12743,662,474,708,512,73
315.6916,12744,662,472,712,510,74
315.7187,12745,662,472,712,510,74
315.7442,12746,662,471,716,509,75
315.7706,12747,663,470,719,504,74
315.7940,12748,664,468,722,504,77
315.8198,12749,664,466,724,504,75
315.8451,12750,664,466,724,504,75
315.8729,12751,664,466,726,506,77
315.8972,12752,662,464,728,510,77
315.9238,12753,663,466,727,502,72
315.9488,12754,663,466,727,502,72
315.9762,12755,684,467,750,483,56
315.9992,12756,694,462,766,484,66
316.0256,12757,694,462,766,484,66
316.0517,12758,714,459,780,481,69
316.0778,12759,702,455,790,481,69
316.1023,12760,711,452,799,480,67
316.1286,12761,728,450,806,476,68
316.1525,12762,731,448,813,476,71
316.1797,12763,731,448,813,476,71
316.2047,12764,742,446,820,474,72
316.2316,12765,747,444,825,472,73
316.2553,12766,750,443,830,471,70
316.2816,12767,750,443,830,471,70
316.3067,12768,749,440,835,470,69
316.3321,12769,754,438,839,470,68
316.3569,12770,754,438,839,470,68
316.3840,12771,763,436,845,466,72
316.4104,12772,764,436,849,466,75
316.4348,12773,768,434,852,464,76
316.4597,12774,778,433,856,463,75
316.4852,12775,778,433,856,463,75
316.5113,12776,774,432,860,464,75
316.5382,12777,781,431,863,463,74
316.5633,12778,788,430,867,462,75
316.5897,12779,800,429,870,459,74
316.6157,12780,800,429,870,459,74
316.6413,12781,796,428,874,460,75
316.6665,12782,802,427,876,457,73
316.6937,12783,802,427,876,457,73
316.7191,12784,809,426,879,455,71
316.7457,12785,817,425,882,452,73
316.7707,12786,810,425,884,455,73
316.7951,12787,815,424,887,454,73
316.8210,12788,815,424,887,454,73
316.8486,12789,806,422,888,456,73
316.8730,12790,811,422,892,454,73
316.8992,12791,818,421,895,451,73
316.9234,12792,818,421,896,451,73
316.9516,12793,818,421,896,451,73
316.9773,12794,842,420,892,446,68
317.0028,12795,833,414,887,454,56
317.0271,12796,833,414,887,454,56
317.0539,12797,860,411,888,465,79
317.0789,12798,853,413,891,477,78
317.1037,12799,846,436,884,476,62
317.1288,12800,833,450,881,475,64
317.1546,12801,833,450,881,475,64
317.1802,12802,819,458,882,476,62
317.2074,12803,806,458,870,476,70
317.2319,12804,794,457,856,475,70
317.2563,12805,787,457,851,475,71
317.2821,12806,787,457,851,475,71
317.3075,12807,780,456,846,474,68
317.3337,12808,780,456,846,474,68
317.3598,12809,772,454,838,472,69
317.3866,12810,767,455,837,473,65
317.4125,12811,764,453,826,468,56
317.4369,12812,764,453,826,468,56
317.4627,12813,764,453,826,468,56
317.4893,12814,716,421,782,447,49
317.5162,12815,701,418,763,444,73
317.5397,12816,688,416,754,447,70
317.5646,12817,677,414,753,450,68
317.5903,12818,677,414,753,450,68
317.6181,12819,668,425,733,451,57
317.6434,12820,660,430,726,454,64
317.6699,12821,660,430,726,454,64
317.6953,12822,653,432,723,456,67
317.7226,12823,646,436,714,457,66
317.7480,12824,638,440,692,467,69
317.7725,12825,618,439,692,467,69
317.7989,12826,603,450,677,468,48
317.8247,12827,603,450,677,468,48
317.8505,12828,603,450,677,468,48
317.8770,12829,576,453,660,469,66
317.9021,12830,565,452,647,468,65
317.9281,12831,565,452,647,468,65
317.9530,12832,556,452,636,468,61
317.9801,12833,547,451,633,468,64
318.0054,12834,547,451,633,468,64
318.0313,12835,531,446,583,474,74
318.0578,12836,510,446,588,480,76
318.0830,12837,491,459,571,485,61
318.1086,12838,476,466,548,488,71
318.1341,12839,476,466,548,488,71
318.1591,12840,463,470,531,490,68
318.1857,12841,453,472,525,492,60
318.2112,12842,442,472,522,492,42
318.2376,12843,442,472,522,492,42
318.2624,12844,442,472,522,492,42
318.3164,12846,396,478,460,492,54
318.3415,12847,382,476,442,491,67
318.3680,12848,382,476,442,491,67
318.3949,12849,369,475,430,489,68
318.4205,12850,360,474,425,488,71
318.4427,12851,352,473,418,488,68
318.4691,12852,352,473,418,488,68
318.4972,12853,343,472,414,486,69
318.5211,12854,336,470,410,486,64
318.5480,12855,328,470,401,484,63
318.5723,12856,322,468,399,484,59
318.5991,12857,322,468,399,484,59
318.6250,12858,316,468,398,484,55
318.6506,12859,316,468,398,484,55
318.6751,12860,305,466,384,482,43
318.7018,12861,305,466,384,482,43
318.7272,12862,300,466,382,482,50
318.7518,12863,296,465,384,483,57
318.7775,12864,290,465,381,483,57
318.8032,12865,290,465,381,483,57
318.8286,12866,286,465,374,481,52
318.8559,12867,283,464,372,480,55
318.8802,12868,278,464,369,480,54
318.9048,12869,275,464,368,480,49
318.9317,12870,275,464,368,480,49
318.9574,12871,271,462,362,479,48
318.9846,12872,268,462,360,478,50
319.0096,12873,264,462,355,478,57
319.0362,12874,264,462,355,478,57
319.0608,12875,264,462,355,478,57
319.0849,12876,257,461,352,477,59
319.1122,12877,257,461,352,477,59
319.1388,12878,255,460,350,478,60
319.1652,12879,252,461,348,477,58
319.1912,12880,250,460,341,476,59
319.2169,12881,247,460,340,476,62
319.2400,12882,244,459,337,475,64
319.2666,12883,244,459,337,475,64
319.2913,12884,242,458,333,474,62
319.3176,12885,240,458,332,474,62
319.3429,12886,238,458,331,474,65
319.3680,12887,238,458,331,474,65
319.3936,12888,236,457,328,473,65
319.4189,12889,233,457,322,472,65
319.4433,12890,233,457,322,472,65
319.4705,12891,231,457,319,471,64
319.4968,12892,229,456,318,471,66
319.5225,12893,227,455,317,471,67
319.5477,12894,225,455,315,471,66
319.5732,12895,225,455,315,471,66
319.5998,12896,223,455,314,470,66
319.6250,12897,222,454,313,470,65
319.6504,12898,219,455,311,469,65
319.6754,12899,218,454,309,468,62
319.7052,12900,218,454,309,468,62
319.7268,12901,216,453,302,467,60
319.7536,12902,215,453,295,467,57
319.7774,12903,215,453,295,467,57
319.8066,12904,213,453,298,467,56
319.8317,12905,212,452,299,466,57
319.8581,12906,211,452,296,466,45
319.8818,12907,210,452,291,466,41
319.9075,12908,210,452,291,466,41
319.9359,12909,208,452,291,466,41
319.9595,12910,206,451,275,465,33
320.1405,12917,204,451,268,465,31
320.1652,12918,207,449,251,467,51
320.1652,12918,240,454,298,468,38
320.1906,12919,213,442,250,476,66
320.1906,12919,177,444,186,480,39
320.2151,12920,215,436,241,480,74
320.2151,12920,241,439,270,474,39
320.2417,12921,215,436,241,480,74
320.2417,12921,241,439,270,474,39
320.2674,12922,216,433,246,487,63
320.2959,12923,217,432,248,492,40
320.3203,12924,214,437,230,497,36
320.3203,12924,222,431,253,457,32
320.3459,12925,217,427,249,449,43
320.3459,12925,214,437,231,501,38
320.3716,12926,217,427,249,449,43
320.3716,12926,214,437,231,501,38
320.3978,12927,214,439,230,504,48
320.3978,12927,217,425,247,449,43
320.4233,12928,214,439,230,504,48
320.4233,12928,217,425,247,449,43
320.4504,12929,214,441,231,507,52
320.4504,12929,216,423,244,445,44
320.4756,12930,214,443,232,509,51
320.4756,12930,216,422,240,450,43
320.5003,12931,214,443,232,512,48
320.5260,12932,215,444,234,514,47
320.5518,12933,215,444,234,514,47
320.5773,12934,216,442,234,516,52
320.6037,12935,216,442,234,518,51
320.6301,12936,216,442,235,520,58
320.6560,12937,216,452,235,523,58
320.6807,12938,216,451,236,524,62
320.7070,12939,216,451,236,524,62
320.7319,12940,216,454,236,526,63
320.7567,12941,216,454,236,526,63
320.7829,12942,216,456,236,528,65
320.8094,12943,217,450,236,528,66
320.8354,12944,217,454,236,530,66
320.8605,12945,217,455,237,531,66
320.8865,12946,217,455,237,531,66
320.9139,12947,218,461,237,533,66
320.9381,12948,218,458,237,534,66
320.9632,12949,218,460,237,536,66
320.9876,12950,218,458,238,536,67
321.0146,12951,218,458,238,536,67
321.0423,12952,218,458,238,537,68
321.0674,12953,217,456,238,538,68
321.0901,12954,217,456,238,538,68
321.1177,12955,218,458,238,538,68
321.1442,12956,218,457,238,539,68
321.1672,12957,218,459,238,541,68
321.1942,12958,218,458,238,542,67
321.2204,12959,218,458,238,542,67
321.2474,12960,218,463,238,543,67
321.2727,12961,218,462,239,544,68
321.2978,12962,218,466,239,544,67
321.3216,12963,218,463,239,545,68
321.3470,12964,218,463,239,545,68
321.3736,12965,218,465,239,546,67
321.4002,12966,218,462,239,546,68
321.4281,12967,218,462,239,546,68
321.4514,12968,218,463,239,547,68
321.4785,12969,217,461,239,548,67
321.5035,12970,217,461,240,549,68
321.5284,12971,218,462,239,549,66
321.5541,12972,218,462,239,549,66
321.5830,12973,217,462,240,550,67
321.6064,12974,217,462,240,550,66
321.6312,12975,217,462,240,551,66
321.6564,12976,217,465,240,553,67
321.6852,12977,217,465,240,553,67
321.7099,12978,217,462,240,552,66
321.7363,12979,218,468,240,554,65
321.7600,12980,218,471,240,555,67
321.7866,12981,218,471,240,555,67
321.8111,12982,218,469,240,555,68
321.8372,12983,218,469,240,555,68
321.8622,12984,218,469,240,555,68
321.8889,12985,218,470,241,556,69
321.9151,12986,219,472,240,557,68
321.9404,12987,218,469,241,557,69
321.9660,12988,219,475,241,558,67
321.9919,12989,219,475,241,559,69
322.0169,12990,219,475,241,559,69
322.0440,12991,219,477,241,559,70
322.0697,12992,219,478,241,560,70
322.0958,12993,220,482,241,560,69
322.1212,12994,220,482,241,560,69
322.1470,12995,218,476,241,560,70
322.1709,12996,219,478,241,560,70
322.1962,12997,219,478,241,560,70
322.2218,12998,219,478,241,562,70
322.2491,12999,219,478,241,562,70
322.2748,13000,218,478,241,562,71
322.3010,13001,219,481,242,563,70
322.3241,13002,219,481,242,563,70
322.3538,13003,218,479,241,563,71
322.3767,13004,218,478,241,564,71
322.4027,13005,218,479,241,564,72
322.4292,13006,218,479,242,565,71
322.4546,13007,218,479,242,565,71
322.4807,13008,219,481,241,565,70
322.5052,13009,218,478,241,565,72
322.5315,13010,218,478,241,565,72
322.5589,13011,217,478,242,566,73
322.5834,13012,218,479,242,565,71
322.6077,13013,218,478,242,566,71
322.6338,13014,218,478,242,566,71
322.6593,13015,218,478,242,566,71
322.6843,13016,219,485,241,567,70
322.7117,13017,218,483,242,567,71
322.7359,13018,218,484,242,568,71
322.7627,13019,218,482,242,568,72
322.7883,13020,218,482,242,568,72
322.8141,13021,218,485,241,569,72
322.8417,13022,218,486,241,568,71
322.8670,13023,218,486,241,568,71
322.8920,13024,218,483,242,569,72
322.9184,13025,217,483,242,569,72
322.9438,13026,218,485,242,569,72
322.9698,13027,218,486,241,570,72
322.9954,13028,218,486,241,570,72
323.0216,13029,218,486,241,570,72
323.0483,13030,218,486,241,570,72
323.0735,13031,218,488,242,570,72
323.0986,13032,217,484,241,570,72
323.1263,13033,217,484,241,570,72
323.1516,13034,217,485,242,571,72
323.1771,13035,217,485,242,571,72
323.2030,13036,217,483,242,571,72
323.2291,13037,218,487,242,571,72
323.2562,13038,217,484,242,572,73
323.2804,13039,217,484,242,572,72
323.3048,13040,217,486,242,572,73
323.3304,13041,217,486,242,572,73
323.3573,13042,217,486,242,572,73
323.3828,13043,217,487,242,573,73
323.4099,13044,217,486,242,572,73
323.4367,13045,217,486,242,572,73
323.4635,13046,217,486,242,572,73
323.4871,13047,217,487,242,573,73
323.5128,13048,217,488,242,574,73
323.5414,13049,217,488,242,574,73
323.5682,13050,216,486,242,574,74
323.5937,13051,216,485,242,573,73
323.6189,13052,216,485,242,573,73
323.6447,13053,216,486,241,574,73
323.6703,13054,216,486,241,574,73
323.6966,13055,216,486,242,574,73
323.7241,13056,216,485,242,574,73
323.7513,13057,216,486,242,574,73
323.7756,13058,216,486,242,574,73
323.8013,13059,216,487,242,575,72
323.8269,13060,216,487,242,575,72
323.8512,13061,216,487,242,575,72
323.8778,13062,216,487,242,575,72
323.9033,13063,216,486,242,574,73
323.9305,13064,216,487,241,575,72
323.9563,13065,216,489,242,575,73
323.9815,13066,216,487,242,575,73
324.0098,13067,216,487,242,575,73
324.0344,13068,216,487,242,575,73
324.0613,13069,216,487,242,575,73
324.0868,13070,216,487,242,575,74
324.1122,13071,216,489,242,575,73
324.1408,13072,216,487,241,575,73
324.1680,13073,216,487,241,575,73
324.1935,13074,216,487,242,575,73
324.2183,13075,216,487,241,575,73
324.2454,13076,216,487,241,575,73
324.2718,13077,215,487,242,575,73
324.2969,13078,215,486,241,575,73
324.3225,13079,215,487,241,575,73
324.3481,13080,215,487,241,575,73
324.3741,13081,215,487,241,575,73
324.3998,13082,215,486,241,576,73
324.4247,13083,215,487,241,575,73
324.4500,13084,215,488,241,576,73
324.4758,13085,215,488,241,576,73
324.5013,13086,215,488,241,576,73
324.5257,13087,215,488,241,576,73
324.5518,13088,215,488,241,576,72
324.5786,13089,215,488,241,576,72
324.6027,13090,215,486,241,576,73
324.6309,13091,215,488,241,576,73
324.6549,13092,216,489,241,576,73
324.6798,13093,214,488,241,576,73
324.7063,13094,214,488,241,576,73
324.7345,13095,215,488,241,576,74
324.7568,13096,215,488,241,576,74
324.7839,13097,215,490,241,576,73
324.8079,13098,215,490,241,576,73
324.8337,13099,214,488,241,576,74
324.8594,13100,214,488,241,576,75
324.8854,13101,214,488,241,576,75
324.9104,13102,214,488,241,576,73
324.9378,13103,214,488,241,576,73
324.9615,13104,215,488,241,576,73
324.9870,13105,214,488,241,576,72
325.0131,13106,214,488,241,576,72
325.0392,13107,214,488,241,576,73
325.0665,13108,214,488,241,576,72
325.0908,13109,214,488,241,576,73
325.1153,13110,214,486,241,576,73
325.1426,13111,214,486,241,576,73
325.1689,13112,214,488,241,576,73
325.1931,13113,214,488,241,576,73
325.2196,13114,214,488,241,576,73
325.2477,13115,214,488,241,576,74
325.2713,13116,214,488,241,576,73
325.2970,13117,214,490,241,576,72
325.3213,13118,214,490,242,576,74
325.3479,13119,214,490,242,576,74
325.3731,13120,214,490,241,576,73
325.4000,13121,215,498,241,576,73
325.4251,13122,214,490,241,576,72
325.4513,13123,215,491,241,575,74
325.4757,13124,215,491,241,575,74
325.5035,13125,214,490,241,576,74
325.5278,13126,214,491,241,575,73
325.5554,13127,214,491,241,575,73
325.5810,13128,214,490,241,576,73
325.6080,13129,214,490,241,576,72
325.6313,13130,214,489,241,576,73
325.6579,13131,214,490,241,576,74
325.6842,13132,214,490,241,576,74
325.7092,13133,214,489,241,575,73
325.7356,13134,214,491,241,575,73
325.7599,13135,214,490,241,576,72
325.7866,13136,214,490,241,576,73
325.8118,13137,214,490,241,576,73
325.8377,13138,213,490,242,576,74
325.8619,13139,213,491,242,576,74
325.8893,13140,213,491,242,576,74
325.9175,13141,214,490,242,576,73
325.9430,13142,213,488,242,576,74
325.9677,13143,213,490,242,576,74
325.9947,13144,213,488,242,576,74
326.0192,13145,213,488,242,576,74
326.0446,13146,215,502,241,576,73
326.0714,13147,213,489,242,576,74
326.0953,13148,215,502,242,576,73
326.1209,13149,214,490,242,576,74
326.1501,13150,214,490,242,576,74
326.1737,13151,213,490,242,576,74
326.1990,13152,213,491,242,576,74
326.2247,13153,213,491,242,576,74
326.2517,13154,213,491,242,575,74
326.2764,13155,213,492,242,576,74
326.3025,13156,212,491,242,576,73
326.3292,13157,212,493,242,576,74
326.3543,13158,212,493,242,576,74
326.3840,13159,212,489,242,575,73
326.4078,13160,212,491,242,576,73
326.4326,13161,212,490,242,576,75
326.4586,13162,212,490,242,576,75
326.4849,13163,212,490,242,576,75
326.5094,13164,212,491,242,576,75
326.5361,13165,212,490,242,576,75
326.5601,13166,212,490,242,576,75
326.5880,13167,213,500,241,576,73
326.6115,13168,212,491,242,576,74
326.6359,13169,212,491,242,576,74
326.6630,13170,212,491,242,576,74
326.6902,13171,212,490,242,576,74
326.7154,13172,213,498,242,576,74
326.7431,13173,212,492,242,576,75
326.7692,13174,212,490,242,576,75
326.7957,13175,212,490,242,576,75
326.8210,13176,212,490,242,576,75
326.8489,13177,212,491,242,577,74
326.8740,13178,211,490,242,576,75
326.9007,13179,211,490,242,576,75
326.9282,13180,211,490,242,576,74
326.9520,13181,211,490,242,576,76
326.9768,13182,211,492,242,576,74
327.0020,13183,211,490,242,576,74
327.0277,13184,211,490,242,576,74
327.0537,13185,211,490,242,576,74
327.0797,13186,211,492,242,576,75
327.1051,13187,212,492,242,576,75
327.1315,13188,211,490,242,576,74
327.1563,13189,211,490,242,576,74
327.1856,13190,211,490,242,576,74
327.2097,13191,211,490,242,576,76
327.2335,13192,211,490,242,576,73
327.2620,13193,211,490,242,576,73
327.2864,13194,211,491,242,575,76
327.3116,13195,211,491,242,576,75
327.3356,13196,211,492,241,576,76
327.3645,13197,211,492,241,576,76
327.3898,13198,211,491,242,576,76
327.4167,13199,211,491,242,576,76
327.4409,13200,211,491,242,576,76
327.4677,13201,210,491,242,576,76
327.4919,13202,210,491,242,576,76
327.5181,13203,210,489,242,576,77
327.5436,13204,210,491,242,576,73
327.5701,13205,211,492,242,576,75
327.5953,13206,211,492,242,576,75
327.6225,13207,211,490,242,576,76
327.6466,13208,210,490,242,576,75
327.6742,13209,210,490,242,576,76
327.6992,13210,210,490,242,576,76
327.7252,13211,210,490,242,576,76
327.7517,13212,210,490,242,576,75
327.7764,13213,210,490,242,576,76
327.8011,13214,210,491,242,576,76
327.8264,13215,210,491,242,576,76
327.8527,13216,210,491,242,576,76
327.8799,13217,210,490,242,576,76
327.9037,13218,210,492,242,576,76
327.9299,13219,210,492,242,576,76
327.9537,13220,210,492,242,576,76
327.9813,13221,210,492,241,576,75
328.0072,13222,210,492,241,576,75
328.0326,13223,210,490,242,576,76
328.0590,13224,210,490,242,576,76
328.0845,13225,210,492,242,576,75
328.1107,13226,212,498,242,576,75
328.1368,13227,210,491,242,575,76
328.1637,13228,210,491,242,575,76
328.1900,13229,211,492,242,576,76
328.2160,13230,211,493,242,575,76
328.2404,13231,211,493,242,575,76
328.2679,13232,211,493,242,575,76
328.2924,13233,212,495,242,575,76
328.3167,13234,212,502,242,576,76
328.3430,13235,212,502,242,576,76
328.3684,13236,213,506,242,576,76
328.3958,13237,211,495,242,575,76
328.4208,13238,212,502,242,576,76
328.4466,13239,213,505,242,575,76
328.4714,13240,211,493,242,575,76
328.4986,13241,211,493,242,575,76
328.5229,13242,211,496,242,575,77
328.5486,13243,212,503,242,575,76
328.5723,13244,211,496,242,574,77
328.5989,13245,211,496,242,574,77
328.6242,13246,211,494,242,574,77
328.6509,13247,211,497,242,575,77
328.6763,13248,211,497,242,575,77
328.7021,13249,211,498,242,574,77
328.7280,13250,211,496,242,574,77
328.7550,13251,211,496,242,574,77
328.7787,13252,211,496,242,574,77
328.8050,13253,211,496,242,574,77
328.8301,13254,211,497,242,575,77
328.8562,13255,211,498,242,574,77
328.8810,13256,211,497,242,575,77
328.9068,13257,210,495,242,575,77
328.9319,13258,210,495,242,575,77
328.9593,13259,211,498,242,574,77
328.9834,13260,211,496,242,574,77
329.0128,13261,211,496,242,574,77
329.0371,13262,211,496,242,574,77
329.0637,13263,210,493,242,574,77
329.0880,13264,210,494,242,574,77
329.1149,13265,210,493,242,574,78
329.1400,13266,210,493,242,574,78
329.1691,13267,210,493,242,573,77
329.1918,13268,210,493,242,573,78
329.2181,13269,210,492,242,573,77
329.2421,13270,210,495,242,573,77
329.2682,13271,210,495,242,573,77
329.2934,13272,211,500,242,573,77
329.3197,13273,209,501,242,573,77
329.3449,13274,209,501,242,573,77
329.3724,13275,209,501,242,573,78
329.3961,13276,208,501,242,573,78
329.4227,13277,209,498,242,572,77
329.4481,13278,209,498,242,572,77
329.4744,13279,208,498,242,572,77
329.4988,13280,208,499,242,573,77
329.5256,13281,208,500,242,572,77
329.5505,13282,208,500,242,572,77
329.5768,13283,208,500,242,572,77
329.6012,13284,208,501,242,572,77
329.6273,13285,208,505,242,571,77
329.6537,13286,208,505,242,571,77
329.6799,13287,207,502,242,572,77
329.7045,13288,207,501,242,571,77
329.7307,13289,207,501,242,571,77
329.7559,13290,208,499,242,571,77
329.7836,13291,208,499,242,571,77
329.8073,13292,209,498,242,570,76
329.8352,13293,209,510,241,570,75
329.8599,13294,209,511,241,569,76
329.8866,13295,208,517,241,569,75
329.9120,13296,208,517,241,569,75
329.9378,13297,208,516,241,569,74
329.9623,13298,208,516,242,568,74
329.9881,13299,208,516,242,568,74
330.0149,13300,208,522,241,568,73
330.0405,13301,207,522,241,568,72
330.0653,13302,207,524,241,568,74
330.0907,13303,208,526,241,568,72
330.1162,13304,208,526,241,568,72
330.1446,13305,208,526,241,568,72
330.1681,13306,208,525,241,567,72
330.1946,13307,207,523,241,567,72
330.2208,13308,207,521,241,567,71
330.2448,13309,207,521,241,567,71
330.2712,13310,207,523,241,567,70
330.2970,13311,207,523,241,567,71
330.3226,13312,207,523,241,567,71
330.3491,13313,207,523,241,567,71
330.3742,13314,206,521,241,567,73
330.3991,13315,207,524,241,566,71
330.4239,13316,207,524,241,566,69
330.4511,13317,207,524,241,566,69
330.4777,13318,207,524,241,566,71
330.5033,13319,207,523,241,566,68
330.5287,13320,207,524,241,566,69
330.5546,13321,207,524,241,566,67
330.5797,13322,207,524,241,566,67
330.6082,13323,208,526,241,566,68
330.6333,13324,207,526,241,566,69
330.6572,13325,208,526,241,566,69
330.6832,13326,208,526,241,566,69
330.7099,13327,206,522,241,566,70
330.7353,13328,207,524,241,566,70
330.7607,13329,207,524,241,566,69
330.7874,13330,207,524,241,566,69
330.8142,13331,207,525,241,567,68
330.8397,13332,207,526,241,566,67
330.8665,13333,206,522,241,566,70
330.8905,13334,206,525,241,567,70
330.9176,13335,206,525,241,567,70
330.9427,13336,206,523,241,568,71
330.9688,13337,207,526,241,568,71
330.9944,13338,207,523,241,569,73
331.0190,13339,207,523,241,569,73
331.0479,13340,207,522,241,568,72
331.0707,13341,205,516,241,570,74
331.0963,13342,207,518,241,570,73
331.1243,13343,207,518,241,570,73
331.1514,13344,206,516,241,570,74
331.1767,13345,205,508,242,570,75
331.2014,13346,206,515,241,571,75
331.2268,13347,208,523,241,571,72
331.2524,13348,208,523,241,571,72
331.2781,13349,208,523,242,571,74
331.3039,13350,207,508,242,572,75
331.3311,13351,208,516,242,572,74
331.3559,13352,208,516,242,572,74
331.3828,13353,208,512,242,572,75
331.4073,13354,207,508,242,572,76
331.4324,13355,207,508,242,572,76
331.4581,13356,207,508,242,572,76
331.4862,13357,208,506,242,572,75
331.5099,13358,207,507,242,573,77
331.5352,13359,207,510,242,574,76
331.5610,13360,207,507,242,573,76
331.5866,13361,207,507,242,573,76
331.6149,13362,207,506,242,574,76
331.6388,13363,208,506,242,574,76
331.6634,13364,207,506,242,574,77
331.6896,13365,207,506,242,574,77
331.7163,13366,207,506,242,574,77
331.7407,13367,208,506,242,574,76
331.7663,13368,208,506,242,574,76
331.7938,13369,207,502,242,575,77
331.8188,13370,208,507,242,575,77
331.8438,13371,208,507,242,575,77
331.8696,13372,208,509,242,575,77
331.8947,13373,207,506,242,576,77
331.9230,13374,207,506,242,576,77
331.9496,13375,207,504,242,576,77
331.9757,13376,208,510,242,576,77
332.0011,13377,208,507,242,575,77
332.0251,13378,208,507,242,575,77
332.0516,13379,207,507,242,575,76
332.0778,13380,207,506,242,576,77
332.1020,13381,207,506,242,576,77
332.1289,13382,208,506,242,576,77
332.1555,13383,208,505,242,576,77
332.1806,13384,207,505,242,576,77
332.2078,13385,207,504,242,576,77
332.2320,13386,207,504,242,576,77
332.2577,13387,207,504,242,576,77
332.2823,13388,207,506,242,576,78
332.3105,13389,208,506,242,578,77
332.3341,13390,208,504,242,578,77
332.3632,13391,208,504,242,578,77
332.3857,13392,207,506,242,577,78
332.4108,13393,207,504,242,578,77
332.4371,13394,207,504,242,578,77
332.4638,13395,208,506,242,578,77
332.4896,13396,208,505,242,577,76
332.5144,13397,208,504,242,578,78
332.5393,13398,208,506,242,578,77
332.5660,13399,208,506,242,578,77
332.5922,13400,208,504,243,578,77
332.6196,13401,208,505,243,579,77
332.6432,13402,208,505,243,579,77
332.6702,13403,207,506,243,580,78
332.6944,13404,207,506,243,580,78
332.7200,13405,207,505,243,579,77
332.7465,13406,207,506,243,580,77
332.7733,13407,207,506,243,580,77
332.7985,13408,206,504,243,580,78
332.8250,13409,207,503,243,580,78
332.8502,13410,206,502,242,580,77
332.8763,13411,207,503,243,581,77
332.9008,13412,207,503,243,581,77
332.9275,13413,207,504,243,582,77
332.9541,13414,207,504,243,582,77
332.9789,13415,207,503,243,582,77
333.0038,13416,208,504,242,582,77
333.0316,13417,208,504,242,582,77
333.0555,13418,208,504,242,582,77
333.0853,13419,206,502,242,582,77
333.1118,13420,206,502,242,582,77
333.1377,13421,206,502,243,583,77
333.1630,13422,207,503,243,583,77
333.1883,13423,207,503,242,583,77
333.2131,13424,207,503,242,583,77
333.2401,13425,207,503,242,583,77
333.2663,13426,207,503,242,583,77
333.2919,13427,207,503,242,583,77
333.3171,13428,207,502,242,584,77
333.3431,13429,207,503,242,585,77
333.3669,13430,207,504,243,584,77
333.3937,13431,207,504,243,584,77
333.4196,13432,207,504,242,584,77
333.4452,13433,207,504,242,584,77
333.4703,13434,207,502,242,584,77
333.4967,13435,207,503,242,585,77
333.5221,13436,208,505,242,585,77
333.5479,13437,207,504,242,584,78
333.5738,13438,207,504,242,584,78
333.5999,13439,207,505,242,585,77
333.6256,13440,208,504,242,586,77
333.6503,13441,208,504,242,586,77
333.6754,13442,208,506,242,586,77
333.7007,13443,208,506,242,586,77
333.7285,13444,208,505,242,585,77
333.7523,13445,207,504,242,586,77
333.7779,13446,207,504,242,586,77
333.8062,13447,208,504,242,586,77
333.8305,13448,208,504,242,586,77
333.8554,13449,208,504,242,586,77
333.8812,13450,208,505,242,585,77
333.9072,13451,208,505,242,585,77
333.9336,13452,208,505,242,586,77
333.9586,13453,208,503,242,586,77
333.9840,13454,208,504,242,586,76
334.0093,13455,208,505,242,586,77
334.0342,13456,208,505,242,586,77
334.0631,13457,208,504,242,586,77
334.0856,13458,208,504,242,586,77
334.1135,13459,207,502,242,586,77
334.1392,13460,208,504,242,586,77
334.1650,13461,208,504,242,586,77
334.1886,13462,208,504,242,586,76
334.2150,13463,208,504,242,586,76
334.2444,13464,208,504,242,586,77
334.2676,13465,208,506,242,586,77
334.2946,13466,208,504,242,586,77
334.3175,13467,208,503,242,586,77
334.3433,13468,208,505,242,586,77
334.3716,13469,208,505,242,586,77
334.3960,13470,208,506,242,586,76
334.4236,13471,208,506,242,586,76
334.4491,13472,208,506,242,586,76
334.4751,13473,208,506,242,586,78
334.4996,13474,208,505,242,587,77
334.5258,13475,208,506,242,586,77
334.5505,13476,208,506,242,586,77
334.5768,13477,208,505,242,587,77
334.6025,13478,208,507,242,587,77
334.6297,13479,209,507,242,587,77
334.6536,13480,209,512,242,586,77
334.6797,13481,208,506,242,586,77
334.7048,13482,208,506,242,586,77
334.7323,13483,208,506,242,586,77
334.7570,13484,209,508,242,586,77
334.7846,13485,209,508,242,586,77
334.8076,13486,209,508,242,586,77
334.8342,13487,209,508,242,586,77
334.8579,13488,209,506,242,586,77
334.8848,13489,209,506,242,586,77
334.9099,13490,209,507,242,585,77
334.9371,13491,210,507,242,585,77
334.9614,13492,209,505,242,585,78
334.9867,13493,210,510,242,585,77
335.0122,13494,210,510,242,585,77
335.0386,13495,210,508,242,584,77
335.0638,13496,210,510,242,584,77
335.0901,13497,211,512,243,584,77
335.1158,13498,211,512,243,584,77
335.1425,13499,210,514,242,584,77
335.1670,13500,210,514,242,584,77
335.1930,13501,211,518,242,584,77
335.2183,13502,211,518,242,584,77
335.2464,13503,211,514,243,584,77
335.2700,13504,210,515,242,583,77
335.2953,13505,210,515,243,583,77
335.3205,13506,211,517,243,583,77
335.3460,13507,211,517,243,583,77
335.3707,13508,210,515,242,583,77
335.3991,13509,210,514,242,583,77
335.4239,13510,209,513,243,583,77
335.4528,13511,209,513,243,583,77
335.4760,13512,210,518,242,582,77
335.5021,13513,210,513,242,583,77
335.5264,13514,210,513,242,583,77
335.5518,13515,209,512,243,582,77
335.5797,13516,209,512,243,582,77
335.6035,13517,210,514,242,582,76
335.6294,13518,210,515,242,583,77
335.6547,13519,209,510,243,582,77
335.6822,13520,209,510,243,582,77
335.7081,13521,209,511,242,583,77
335.7335,13522,209,510,242,582,77
335.7588,13523,209,510,242,582,77
335.7849,13524,209,510,242,582,77
335.8098,13525,209,512,243,582,77
335.8359,13526,208,508,243,582,77
335.8615,13527,208,508,243,582,77
335.8861,13528,209,511,243,583,77
335.9117,13529,209,508,243,582,77
335.9374,13530,209,510,243,582,77
335.9633,13531,209,511,242,582,76
335.9877,13532,209,511,242,582,76
336.0147,13533,209,510,242,582,76
336.0410,13534,208,506,243,582,77
336.0660,13535,209,508,243,582,77
336.0920,13536,209,507,243,581,76
336.1186,13537,209,507,243,581,76
336.1445,13538,209,508,242,579,76
336.1712,13539,208,512,242,578,75
336.1964,13540,208,512,242,578,75
336.2224,13541,208,515,242,579,76
336.2487,13542,208,515,242,579,76
336.2741,13543,207,524,242,578,76
336.2988,13544,207,522,242,578,76
336.3243,13545,207,522,242,578,76
336.3500,13546,207,520,242,577,76
336.3788,13547,207,523,241,575,75
336.4052,13548,207,522,241,576,73
336.4296,13549,207,520,241,576,72
336.4549,13550,207,520,241,576,72
336.4810,13551,207,523,241,575,71
336.5049,13552,207,511,240,574,68
336.5305,13553,207,511,240,574,68
336.5568,13554,208,511,239,573,63
336.5841,13555,209,524,238,574,44
336.6111,13556,208,529,238,573,45
336.6371,13557,208,529,238,573,45
336.6597,13558,208,529,238,573,45
336.6868,13559,206,523,274,587,52
336.7147,13560,205,522,276,586,55
336.7399,13561,206,523,275,587,51
336.7657,13562,206,520,274,586,66
336.7899,13563,206,520,274,586,66
336.8160,13564,206,521,275,586,65
336.8410,13565,206,520,275,586,63
336.8661,13566,206,520,275,586,63
336.8930,13567,206,516,274,586,57
336.9187,13568,206,521,277,585,67
336.9428,13569,206,528,277,586,69
336.9700,13570,205,531,278,585,72
336.9955,13571,205,531,278,585,72
337.0210,13572,206,531,279,585,70
337.0463,13573,206,531,279,585,70
337.0729,13574,204,527,277,585,71
337.0974,13575,205,530,278,584,70
337.1227,13576,205,530,278,584,70
337.1487,13577,205,526,280,584,71
337.1740,13578,205,526,280,584,71
337.2001,13579,206,530,279,584,71
337.2265,13580,206,532,281,584,71
337.2513,13581,205,528,281,584,71
337.2760,13582,204,529,281,583,72
337.3027,13583,204,529,281,583,72
337.3281,13584,204,528,282,582,72
337.3550,13585,204,530,282,583,71
337.3799,13586,205,532,283,583,71
337.4066,13587,205,525,283,583,71
337.4312,13588,205,525,283,583,71
337.4572,13589,205,525,283,583,71
337.4832,13590,204,526,282,582,71
337.5085,13591,204,526,282,582,71
337.5362,13592,204,528,284,582,71
337.5603,13593,204,530,284,582,71
337.5861,13594,204,530,285,582,71
337.6103,13595,205,526,287,582,68
337.6362,13596,205,526,287,582,68
337.6636,13597,205,525,287,577,54
337.6890,13598,206,526,287,576,49
338.0312,13611,244,534,319,575,38
338.0543,13612,248,526,316,580,30
338.0790,13613,225,533,288,584,37
338.1038,13614,216,536,286,588,60
338.1316,13615,216,536,286,588,60
338.1560,13616,215,534,286,590,66
338.1815,13617,215,533,286,591,63
338.2088,13618,215,533,286,591,63
338.2353,13619,214,532,284,592,51
338.2602,13620,225,532,282,588,38
338.2856,13621,211,540,234,578,33
338.3116,13622,211,540,234,578,33
338.3383,13623,234,532,281,588,37
338.3647,13624,233,531,282,591,46
338.3892,13625,230,530,283,592,50
338.4153,13626,233,529,282,591,52
338.4401,13627,233,530,282,592,50
338.4654,13628,233,530,282,592,50
338.4900,13629,228,530,283,594,54
338.5161,13630,229,529,282,596,60
338.5442,13631,229,529,282,596,60
338.5692,13632,229,530,282,594,58
338.5943,13633,228,530,282,592,59
338.6184,13634,230,529,282,594,56
338.6452,13635,230,529,282,594,56
338.6720,13636,229,529,282,593,60
338.6964,13637,230,529,282,591,55
338.7220,13638,231,530,282,590,44
338.7493,13639,231,529,281,589,45
338.7736,13640,231,529,281,589,45
338.7993,13641,236,530,281,590,42
338.8257,13642,230,530,281,590,53
338.8517,13643,233,530,280,590,43
338.8767,13644,233,530,280,590,43
338.9027,13645,229,530,280,588,31
339.9051,13684,218,508,277,592,32
341.4796,13745,220,575,239,595,35
341.5056,13746,221,575,240,595,35
341.5056,13746,258,544,271,572,34
341.5819,13749,221,575,239,595,36
341.5819,13749,258,545,271,573,34
341.6598,13752,221,575,239,595,31
341.7093,13754,258,543,271,573,39
341.7093,13754,221,576,240,596,32
341.7362,13755,257,542,271,574,33
341.7627,13756,257,542,271,574,33
341.8145,13758,257,544,272,572,31
341.8405,13759,257,544,272,572,31
341.8663,13760,258,544,272,574,33
341.8663,13760,222,575,240,595,30
341.8920,13761,258,544,272,574,33
341.8920,13761,222,575,240,595,30
342.0984,13769,258,542,274,574,35
342.2011,13773,249,498,277,576,30
342.2253,13774,249,498,277,576,30
342.2544,13775,249,498,277,576,30
342.7189,13793,249,498,277,578,30
345.3209,13894,235,498,261,524,38
345.3467,13895,235,498,261,524,38
347.4097,13975,236,498,261,524,39
347.4352,13976,236,498,261,524,39
347.4626,13977,236,498,261,524,39
347.4862,13978,237,498,261,526,33
347.5914,13982,240,498,261,526,32
352.4145,14169,244,500,258,520,34
352.4905,14172,245,500,257,520,32
352.5971,14176,245,500,256,520,30
352.6213,14177,245,500,256,520,32
352.6485,14178,245,500,256,520,32
352.7009,14180,244,500,255,520,36
352.7270,14181,244,500,255,520,36
352.7520,14182,244,500,255,520,33
352.7778,14183,244,500,255,520,40
352.8040,14184,244,500,255,520,40
352.8299,14185,244,500,255,520,42
352.8557,14186,244,500,255,520,41
352.8805,14187,244,500,255,520,42
352.9068,14188,244,500,255,520,42
352.9343,14189,244,499,255,520,43
352.9582,14190,244,500,255,520,41
352.9844,14191,244,500,255,520,41
353.0089,14192,244,500,255,520,41
353.0362,14193,244,500,255,520,40
353.0621,14194,244,499,255,520,40
353.0862,14195,244,499,255,520,41
353.1126,14196,244,499,255,520,41
353.1390,14197,243,498,255,520,44
353.1645,14198,243,499,255,521,44
353.1913,14199,243,499,255,521,43
353.2135,14200,244,500,255,520,41
353.2435,14201,244,500,255,520,41
353.2675,14202,243,500,255,520,40
353.2915,14203,244,499,255,521,42
353.3179,14204,244,499,255,521,42
353.3436,14205,243,499,255,520,43
353.3713,14206,244,500,255,520,36
353.3962,14207,244,498,261,522,60
353.4224,14208,246,492,262,520,41
353.4490,14209,246,492,262,520,41
353.4755,14210,246,487,263,519,33
353.5011,14211,249,483,266,520,55
353.5263,14212,249,479,267,520,68
353.5515,14213,249,476,268,520,71
353.5790,14214,249,476,268,520,71
353.6025,14215,248,474,270,520,73
353.6281,14216,249,472,270,520,74
353.6533,14217,249,472,270,520,74
353.6793,14218,250,470,271,520,75
353.7052,14219,250,469,272,519,75
353.7312,14220,250,466,272,520,75
353.7558,14221,251,465,273,519,76
353.7811,14222,251,465,273,519,76
353.8065,14223,251,464,273,520,76
353.8334,14224,251,462,274,520,75
353.8586,14225,252,461,274,519,75
353.8847,14226,252,459,274,519,75
353.9096,14227,252,459,274,519,75
353.9358,14228,252,458,275,520,75
353.9612,14229,252,457,276,519,75
353.9861,14230,252,457,276,519,75
354.0116,14231,252,456,276,518,76
354.0383,14232,252,455,276,519,75
354.0623,14233,253,454,276,518,75
354.0890,14234,253,454,277,518,75
354.1140,14235,253,454,277,518,75
354.1416,14236,253,452,277,518,75
354.1672,14237,253,452,277,517,75
354.1912,14238,253,451,277,515,75
354.2173,14239,254,450,277,516,75
354.2436,14240,254,450,277,516,75
354.2708,14241,254,450,278,516,75
354.2955,14242,254,450,278,516,75
354.3237,14243,254,449,278,515,75
354.3489,14244,254,448,278,516,74
354.3747,14245,255,447,278,515,74
354.3994,14246,254,447,278,515,74
354.4246,14247,255,446,279,516,74
354.4500,14248,255,446,279,516,74
354.4804,14249,255,446,279,514,73
354.5036,14250,255,445,279,513,73
354.5291,14251,256,444,279,514,73
354.5548,14252,256,444,279,514,73
354.5809,14253,256,444,280,512,73
354.6060,14254,256,443,280,513,73
354.6319,14255,256,443,280,513,72
354.6569,14256,256,443,280,513,72
354.6843,14257,256,442,280,514,71
354.7088,14258,258,442,280,511,70
354.7369,14259,257,442,280,514,71
354.7605,14260,257,441,281,513,70
354.7886,14261,257,441,281,513,70
354.8116,14262,258,441,281,513,71
354.8382,14263,258,440,281,513,70
354.8638,14264,258,440,282,512,68
354.8914,14265,258,439,282,512,68
354.9160,14266,258,439,282,512,68
354.9454,14267,259,439,282,510,67
354.9676,14268,259,438,282,512,66
354.9940,14269,259,438,282,512,66
355.0199,14270,259,438,282,512,67
355.0466,14271,259,438,282,512,67
355.0703,14272,259,437,282,511,67
355.0973,14273,259,437,283,513,67
355.1220,14274,259,437,283,513,67
355.1485,14275,258,436,283,512,68
355.1747,14276,259,436,283,512,66
355.2000,14277,259,436,283,512,65
355.2260,14278,259,436,284,511,66
355.2514,14279,259,436,284,511,66
355.2772,14280,259,436,283,512,65
355.3025,14281,259,436,283,512,65
355.3296,14282,259,436,283,512,68
355.3546,14283,258,435,283,512,67
355.3802,14284,258,435,282,511,68
355.4060,14285,258,435,282,512,66
355.4315,14286,258,435,282,512,66
355.4589,14287,258,435,282,512,66
355.4831,14288,258,434,280,512,63
355.5106,14289,256,434,281,514,64
355.5348,14290,257,434,280,512,63
355.5602,14291,258,433,280,511,61
355.5874,14292,258,433,280,511,61
355.6125,14293,260,433,280,511,61
355.6404,14294,261,432,280,510,58
355.6657,14295,261,432,280,510,58
355.6918,14296,261,432,279,510,60
355.7188,14297,263,432,279,508,59
355.7413,14298,262,431,279,509,60
355.7673,14299,261,431,279,509,58
355.7922,14300,261,431,279,509,58
355.8178,14301,262,431,279,509,58
355.8449,14302,262,431,279,509,58
355.8697,14303,261,430,279,510,58
355.8951,14304,261,430,279,510,58
355.9228,14305,262,430,279,510,56
355.9482,14306,261,430,279,510,56
355.9751,14307,261,430,279,510,59
356.0008,14308,261,430,279,510,59
356.0278,14309,258,430,279,512,57
356.0511,14310,259,430,279,512,55
356.0759,14311,258,430,279,514,57
356.1029,14312,258,430,279,514,57
356.1294,14313,259,430,279,514,58
356.1539,14314,259,429,279,514,52
356.1810,14315,259,428,279,514,49
356.2057,14316,260,429,280,513,47
356.2310,14317,260,429,280,513,47
356.2578,14318,260,429,280,513,47
356.2843,14319,262,428,279,512,50
356.3082,14320,262,428,279,512,53
356.3342,14321,262,428,279,512,53
356.3602,14322,266,428,279,508,40
356.3851,14323,262,427,279,512,42
356.4110,14324,261,427,279,513,45
356.4353,14325,261,427,279,513,45
356.4626,14326,261,426,279,512,51
356.4875,14327,261,427,280,513,47
356.5139,14328,262,426,279,512,47
356.5411,14329,261,426,279,514,49
356.5646,14330,261,426,279,514,49
356.5910,14331,261,427,280,513,40
356.6178,14332,261,426,280,513,40
356.6425,14333,261,426,280,513,40
356.6684,14334,261,426,280,513,40
356.6962,14335,266,425,279,505,45
356.7219,14336,262,425,280,510,47
356.7478,14337,266,425,280,503,48
356.7711,14338,266,425,280,503,48
356.7977,14339,263,425,280,508,50
356.8240,14340,266,424,280,502,50
356.8504,14341,266,424,280,502,49
356.8749,14342,266,424,280,504,46
356.9008,14343,266,424,280,504,46
356.9285,14344,266,424,281,504,48
356.9538,14345,264,424,281,508,52
356.9784,14346,264,424,281,508,52
357.0062,14347,264,424,281,508,52
357.0326,14348,264,423,281,507,52
357.0561,14349,266,424,281,504,52
357.0819,14350,266,424,281,504,52
357.1092,14351,264,424,281,506,53
357.1371,14352,267,424,282,496,53
357.1628,14353,266,424,283,500,56
357.1865,14354,266,423,284,495,55
357.2129,14355,266,422,283,497,56
357.2378,14356,266,422,283,497,56
357.2648,14357,266,422,284,490,57
357.2926,14358,265,422,283,496,58
357.3171,14359,265,423,283,499,59
357.3412,14360,265,423,283,499,59
357.3663,14361,266,422,284,489,61
357.3936,14362,265,422,284,491,63
357.4188,14363,265,421,285,489,65
357.4438,14364,265,421,285,489,65
357.4703,14365,265,422,285,492,65
357.4966,14366,265,421,285,489,63
357.5213,14367,265,421,285,491,64
357.5448,14368,265,421,286,489,65
357.5719,14369,265,421,286,489,65
357.5983,14370,265,420,285,494,65
357.6242,14371,265,420,285,492,64
357.6517,14372,265,420,285,493,65
357.6765,14373,265,419,286,487,66
357.7028,14374,265,419,286,487,66
357.7280,14375,265,420,285,488,64
357.7533,14376,265,419,286,487,64
357.7799,14377,265,419,286,487,64
357.8051,14378,265,419,286,487,65
357.8297,14379,265,418,286,486,66
357.8558,14380,265,418,286,484,67
357.8817,14381,265,418,286,483,66
357.9075,14382,265,418,286,483,66
357.9331,14383,265,418,286,482,68
357.9588,14384,265,418,287,482,69
357.9832,14385,265,418,288,482,69
358.0095,14386,265,416,287,484,68
358.0356,14387,265,416,287,484,68
358.0612,14388,265,417,286,486,67
358.0871,14389,265,417,286,486,67
358.1131,14390,265,417,286,487,67
358.1389,14391,265,418,288,482,69
358.1644,14392,265,418,288,482,70
358.1905,14393,265,417,288,483,70
358.2151,14394,265,417,288,483,70
358.2415,14395,264,416,288,482,71
358.2679,14396,264,416,288,482,71
358.2918,14397,264,416,289,482,71
358.3184,14398,264,417,289,481,72
358.3431,14399,264,416,289,484,72
358.3699,14400,264,416,289,484,72
358.3961,14401,264,416,288,484,72
358.4210,14402,264,416,288,484,72
358.4465,14403,264,416,288,484,72
358.4721,14404,263,416,289,482,72
358.4979,14405,264,415,288,483,72
358.5239,14406,264,415,289,481,72
358.5505,14407,264,415,289,481,72
358.5745,14408,264,415,288,480,72
358.6014,14409,263,414,289,480,72
358.6270,14410,263,414,289,480,72
358.6530,14411,264,414,290,480,73
358.6781,14412,264,414,290,480,73
358.7039,14413,264,414,289,480,72
358.7303,14414,263,414,289,480,72
358.7545,14415,263,414,289,480,72
358.7810,14416,263,414,289,478,72
358.8064,14417,264,414,288,482,72
358.8341,14418,264,414,289,480,73
358.8574,14419,264,413,288,481,72
358.8840,14420,264,413,288,481,72
358.9095,14421,264,414,288,480,72
358.9354,14422,264,412,289,478,72
358.9595,14423,264,412,289,476,72
358.9865,14424,264,411,290,477,72
359.0126,14425,264,411,290,477,72
359.0385,14426,265,411,289,479,72
359.0643,14427,264,412,291,476,73
359.0905,14428,264,412,291,476,73
359.1167,14429,265,412,289,478,70
359.1425,14430,265,411,286,479,68
359.1671,14431,265,411,287,479,68
359.1926,14432,265,411,287,477,69
359.2181,14433,265,411,287,477,69
359.2463,14434,265,410,287,478,68
359.2713,14435,265,410,286,479,67
359.2972,14436,265,409,288,475,70
359.3249,14437,265,409,289,474,70
359.3490,14438,265,409,289,474,70
359.3744,14439,265,409,287,475,69
359.3978,14440,265,408,288,474,69
359.4258,14441,265,408,288,474,69
359.4512,14442,266,409,286,476,67
359.4768,14443,266,409,286,475,67
359.5012,14444,266,409,285,476,65
359.5267,14445,266,409,285,476,65
359.5551,14446,266,408,286,476,66
359.5833,14447,266,407,286,475,64
359.6082,14448,266,407,286,475,66
359.6350,14449,266,407,286,477,64
359.6595,14450,266,407,286,477,64
359.6855,14451,266,407,286,477,64
359.7125,14452,266,407,286,476,61
359.7379,14453,267,408,284,480,59
359.7626,14454,267,408,284,480,59
359.7917,14455,267,407,284,479,55
359.8153,14456,267,408,284,483,52
359.8396,14457,267,408,284,483,52
359.8657,14458,268,407,285,487,51
359.8914,14459,268,407,285,487,51
359.9186,14460,268,406,286,482,43
359.9439,14461,268,406,282,486,48
359.9689,14462,268,405,281,489,50
359.9947,14463,268,405,281,487,50
360.0211,14464,268,405,281,487,50
360.0464,14465,268,405,282,487,49
360.0710,14466,268,404,282,488,49
360.0965,14467,268,404,282,488,49
360.1238,14468,268,404,282,490,49
360.1496,14469,268,405,282,489,50
360.1740,14470,268,405,282,491,50
360.1989,14471,268,405,282,491,50
360.2259,14472,268,405,282,491,49
360.2519,14473,268,405,282,491,49
360.2783,14474,268,404,282,492,48
360.3020,14475,268,403,282,491,47
360.3284,14476,268,404,282,490,48
360.3543,14477,268,404,282,490,48
360.3806,14478,269,403,281,489,47
360.4067,14479,269,403,282,491,47
360.4332,14480,269,403,282,491,47
360.4596,14481,269,402,282,489,44
360.4838,14482,269,402,282,488,43
360.5085,14483,270,402,283,490,42
360.5343,14484,270,402,284,490,42
360.5608,14485,270,402,284,490,42
360.5871,14486,270,402,284,492,45
360.6135,14487,270,402,284,490,39
360.6381,14488,270,402,284,490,39
360.6647,14489,270,401,283,490,40
360.6898,14490,270,401,283,490,40
360.7174,14491,270,401,284,491,40
360.7413,14492,271,401,283,489,37
360.7682,14493,271,401,283,489,37
360.7925,14494,270,400,283,486,36
360.8175,14495,271,400,283,488,37
360.8434,14496,271,400,283,488,40
360.8696,14497,271,400,283,488,40
360.8947,14498,271,400,284,488,35
360.9199,14499,271,401,283,489,36
360.9452,14500,270,401,283,489,39
360.9704,14501,270,401,283,487,40
360.9960,14502,270,401,283,487,40
361.0233,14503,270,399,283,477,39
361.0497,14504,270,399,283,477,39
361.0747,14505,270,399,283,479,46
361.1005,14506,271,399,283,475,47
361.1282,14507,271,399,283,475,47
361.1518,14508,271,399,283,477,49
361.1772,14509,270,400,284,476,54
361.2038,14510,270,400,284,476,54
361.2298,14511,269,400,284,478,57
361.2547,14512,270,399,284,475,59
361.2817,14513,269,399,284,473,62
361.3063,14514,268,399,285,473,63
361.3328,14515,268,399,285,473,63
361.3583,14516,268,399,285,473,64
361.3843,14517,268,398,286,470,65
361.4077,14518,268,398,286,472,65
361.4352,14519,268,398,286,472,65
361.4593,14520,268,398,286,472,65
361.4857,14521,267,398,287,470,67
361.5109,14522,267,398,287,470,67
361.5363,14523,268,398,287,472,66
361.5628,14524,268,398,287,473,66
361.5873,14525,268,398,288,471,66
361.6116,14526,268,398,288,470,67
361.6377,14527,268,398,288,470,67
361.6645,14528,268,398,288,472,67
361.6914,14529,267,397,289,484,67
361.7172,14530,267,397,288,471,66
361.7428,14531,268,397,288,471,67
361.7679,14532,268,397,288,471,67
361.7961,14533,267,397,288,471,67
361.8207,14534,268,397,288,472,67
361.8470,14535,268,397,288,472,67
361.8731,14536,268,396,288,472,67
361.8986,14537,268,397,288,471,67
361.9231,14538,268,396,288,470,68
361.9490,14539,268,396,288,470,67
361.9738,14540,268,396,288,470,67
362.0011,14541,268,396,288,470,67
362.0278,14542,268,396,288,472,66
362.0534,14543,268,396,288,472,67
362.0787,14544,268,396,289,474,67
362.1037,14545,268,396,289,474,67
362.1306,14546,268,396,289,473,68
362.1547,14547,268,397,289,473,68
362.1811,14548,268,397,289,473,68
362.2092,14549,268,397,289,471,67
362.2333,14550,268,396,289,472,67
362.2584,14551,268,396,290,474,68
362.2831,14552,267,396,290,469,68
362.3113,14553,267,396,290,470,68
362.3371,14554,267,396,290,470,68
362.3637,14555,267,396,290,470,68
362.3893,14556,267,395,291,470,69
362.4167,14557,267,395,291,472,69
362.4396,14558,267,395,290,471,69
362.4676,14559,267,395,290,471,69
362.4913,14560,268,396,291,472,69
362.5181,14561,268,396,291,472,69
362.5427,14562,268,396,291,472,69
362.5702,14563,268,396,291,470,69
362.5951,14564,268,395,291,471,69
362.6192,14565,268,395,291,468,70
362.6450,14566,268,395,291,468,70
362.6723,14567,267,394,292,472,70
362.6991,14568,267,394,292,470,70
362.7234,14569,267,395,292,471,71
362.7489,14570,267,395,292,470,71
362.7748,14571,267,395,292,470,71
362.8012,14572,268,394,292,472,69
362.8268,14573,268,394,292,470,70
362.8520,14574,268,394,292,470,70
362.8801,14575,268,394,292,472,69
362.9046,14576,268,393,292,469,69
362.9307,14577,268,392,292,472,69
362.9553,14578,269,393,291,471,68
362.9829,14579,269,393,291,471,68
363.0084,14580,271,392,291,473,66
363.0344,14581,272,392,290,476,65
363.0598,14582,272,392,290,476,66
363.0854,14583,271,392,291,476,66
363.1117,14584,271,392,291,476,66
363.1381,14585,271,392,290,472,65
363.1626,14586,272,391,290,475,64
363.1883,14587,272,391,290,475,64
363.2132,14588,273,391,290,475,62
363.2398,14589,272,390,290,476,63
363.2652,14590,271,390,290,472,63
363.2897,14591,272,390,290,472,61
363.3156,14592,272,390,290,472,61
363.3435,14593,273,390,290,476,62
363.3692,14594,273,391,290,475,61
363.3949,14595,272,390,290,476,60
363.4210,14596,273,390,290,480,60
363.4477,14597,273,390,290,480,60
363.4744,14598,273,389,290,479,59
363.4989,14599,273,389,290,479,59
363.5244,14600,273,389,290,479,59
363.5511,14601,273,389,289,480,59
363.5776,14602,272,389,290,479,60
363.6021,14603,272,390,290,480,60
363.6272,14604,273,389,289,479,59
363.6547,14605,273,389,289,479,59
363.6808,14606,272,389,290,480,59
363.7075,14607,271,389,289,479,56
363.7326,14608,274,388,288,476,53
363.7594,14609,272,389,288,479,54
363.7835,14610,272,389,288,479,54
363.8107,14611,274,387,288,471,52
363.8364,14612,273,388,288,474,51
363.8610,14613,273,388,288,474,51
363.8895,14614,274,388,288,470,51
363.9150,14615,273,388,288,466,52
363.9407,14616,274,388,288,466,51
363.9651,14617,273,387,288,469,51
363.9930,14618,273,387,288,469,51
364.0174,14619,273,387,288,467,50
364.0434,14620,273,387,288,465,50
364.0702,14621,273,386,288,468,49
364.0941,14622,273,386,288,468,49
364.1197,14623,275,386,288,462,49
364.1462,14624,275,386,288,462,49
364.1723,14625,274,387,288,467,49
364.1976,14626,274,387,288,467,49
364.2248,14627,273,387,288,469,51
364.2520,14628,272,386,288,468,51
364.2779,14629,272,386,288,470,52
364.3028,14630,272,387,288,469,51
364.3274,14631,272,387,288,469,51
364.3535,14632,274,386,288,466,47
364.3797,14633,274,386,288,467,48
364.4060,14634,273,385,288,467,48
364.4328,14635,274,386,288,466,48
364.4565,14636,273,386,288,468,48
364.4851,14637,273,386,288,468,48
364.5093,14638,273,386,288,467,48
364.5355,14639,274,385,288,465,48
364.5616,14640,274,385,288,465,48
364.5875,14641,273,386,288,466,48
364.6144,14642,276,385,288,461,48
364.6394,14643,276,385,288,461,48
364.6639,14644,275,385,288,463,50
364.6911,14645,275,385,288,463,50
364.7174,14646,276,386,288,460,48
364.7425,14647,275,385,289,460,50
364.7674,14648,275,384,289,460,50
364.7952,14649,273,385,289,465,51
364.8200,14650,273,385,289,465,51
364.8490,14651,273,386,289,466,50
364.8726,14652,274,385,289,463,51
364.8991,14653,274,385,289,463,51
364.9240,14654,274,385,289,463,51
364.9509,14655,275,385,289,463,51
364.9755,14656,276,384,290,458,52
365.0022,14657,275,383,290,457,51
365.0266,14658,275,383,290,457,51
365.0538,14659,275,383,290,457,51
365.0804,14660,275,384,290,462,53
365.1045,14661,275,384,290,460,53
365.1316,14662,274,384,290,460,53
365.1567,14663,274,384,290,460,53
365.1848,14664,275,385,289,461,52
365.2083,14665,274,384,290,462,54
365.2347,14666,274,384,290,462,54
365.2604,14667,275,383,290,453,54
365.2847,14668,274,383,290,459,55
365.3108,14669,274,384,290,460,57
365.3347,14670,274,383,290,458,56
365.3627,14671,274,383,290,458,56
365.3882,14672,274,384,290,452,61
365.4147,14673,273,384,291,450,66
365.4147,14673,268,424,288,472,32
365.4397,14674,273,384,291,450,66
365.4397,14674,268,424,288,472,32
365.4660,14675,271,381,294,449,70
365.4913,14676,271,381,294,449,70
365.5177,14677,269,380,295,450,70
365.5177,14677,271,428,289,470,30
365.5427,14678,268,380,296,447,71
365.5427,14678,270,434,290,470,32
365.5683,14679,268,380,296,447,71
365.5683,14679,270,434,290,470,32
365.5955,14680,267,378,297,454,70
365.6204,14681,266,377,299,452,71
365.6461,14682,266,377,301,449,71
365.6709,14683,267,377,302,448,72
365.6972,14684,267,377,302,448,72
365.7232,14685,266,375,303,449,73
365.7519,14686,267,375,304,449,74
365.7759,14687,267,375,304,451,74
365.8003,14688,267,375,304,451,74
365.8259,14689,266,375,304,454,74
365.8535,14690,266,375,304,454,74
365.8780,14691,266,374,305,454,75
365.9043,14692,266,374,305,454,75
365.9310,14693,266,373,306,452,74
365.9556,14694,265,372,307,452,77
365.9815,14695,265,372,307,450,76
366.0066,14696,265,372,307,450,76
366.0326,14697,265,372,307,449,77
366.0580,14698,265,372,308,450,76
366.0837,14699,265,371,308,447,76
366.1090,14700,266,371,308,447,77
366.1348,14701,264,371,309,449,78
366.1614,14702,264,371,309,449,78
366.1868,14703,264,371,309,447,78
366.2121,14704,264,370,309,447,78
366.2385,14705,264,370,309,447,78
366.2650,14706,264,370,309,447,78
366.2897,14707,263,371,309,447,78
366.3164,14708,262,372,311,448,80
366.3433,14709,262,372,311,448,80
366.3686,14710,262,373,311,449,80
366.3953,14711,262,375,313,449,78
366.4203,14712,262,375,314,447,75
366.4454,14713,265,375,316,440,73
366.4701,14714,265,375,316,440,73
366.4972,14715,266,377,316,439,74
366.5235,14716,267,377,317,437,74
366.5487,14717,266,376,318,432,75
366.5749,14718,265,377,319,435,75
366.6007,14719,265,377,319,435,75
366.6269,14720,265,377,319,437,75
366.6527,14721,265,376,320,434,75
366.6781,14722,265,376,320,434,75
366.7035,14723,264,376,320,435,76
366.7307,14724,264,377,321,435,77
366.7558,14725,264,376,322,436,76
366.7837,14726,264,377,323,435,76
366.8072,14727,264,377,323,435,76
366.8321,14728,264,376,323,434,77
366.8589,14729,263,376,323,434,77
366.8838,14730,263,376,324,434,77
366.9093,14731,262,376,324,434,78
366.9348,14732,262,376,324,434,78
366.9598,14733,262,376,324,433,77
366.9850,14734,261,376,324,433,77
367.0109,14735,261,376,324,433,77
367.0372,14736,262,376,325,432,77
367.0645,14737,261,376,325,432,78
367.0897,14738,262,376,325,432,77
367.1142,14739,262,375,326,431,77
367.1404,14740,262,375,326,431,77
367.1667,14741,262,375,326,431,78
367.1929,14742,260,376,326,430,78
367.2196,14743,258,378,326,432,78
367.2444,14744,256,378,325,432,78
367.2710,14745,256,378,325,432,78
367.2957,14746,255,378,325,430,77
367.3211,14747,254,380,325,432,77
367.3462,14748,254,380,325,432,77
367.3717,14749,256,380,326,430,76
367.3983,14750,257,379,327,425,74
367.4224,14751,260,379,328,425,74
367.4482,14752,262,382,329,428,74
367.4749,14753,262,382,329,428,74
367.5008,14754,261,382,330,428,73
367.5272,14755,262,380,330,424,74
367.5516,14756,262,380,330,424,74
367.5767,14757,261,381,331,423,74
367.6022,14758,261,381,331,423,74
367.6283,14759,261,380,330,424,74
367.6532,14760,261,380,330,424,74
367.6803,14761,260,380,331,424,75
367.7054,14762,260,382,331,424,73
367.7320,14763,262,382,331,422,73
367.7575,14764,261,381,331,421,73
367.7824,14765,261,381,331,421,73
367.8093,14766,262,381,332,421,73
367.8343,14767,262,382,333,422,72
367.8619,14768,261,380,334,420,73
367.8873,14769,261,380,334,420,73
367.9134,14770,261,383,334,421,71
367.9392,14771,261,383,334,421,71
367.9652,14772,261,383,333,421,72
367.9890,14773,261,383,333,421,72
368.0162,14774,260,381,333,418,72
368.0423,14775,262,382,333,418,71
368.0677,14776,261,384,333,418,70
368.0938,14777,258,383,333,421,71
368.1206,14778,258,383,334,419,71
368.1472,14779,258,383,334,419,71
368.1731,14780,261,386,335,420,68
368.1996,14781,260,386,335,420,67
368.2231,14782,259,383,335,419,66
368.2523,14783,256,385,335,421,64
368.2750,14784,256,385,335,421,64
368.3019,14785,261,385,336,418,68
368.3262,14786,261,385,336,418,68
368.3534,14787,261,385,336,418,68
368.3780,14788,263,384,336,416,66
368.4044,14789,262,385,337,417,65
368.4292,14790,263,385,336,416,65
368.4555,14791,260,384,336,414,58
368.4814,14792,260,384,336,414,58
368.5074,14793,263,385,336,413,66
368.5339,14794,264,387,336,415,64
368.5597,14795,256,386,336,417,63
368.5849,14796,256,386,336,417,60
368.6115,14797,256,386,336,417,60
368.6360,14798,255,387,337,417,61
368.6645,14799,255,387,337,417,61
368.6883,14800,256,387,336,417,63
368.7157,14801,255,387,337,417,55
368.7399,14802,256,386,337,416,60
368.7671,14803,257,387,338,417,60
368.7910,14804,256,388,337,418,61
368.8184,14805,256,388,337,418,61
368.8436,14806,259,387,338,413,63
368.8708,14807,260,387,338,412,59
368.8945,14808,256,388,339,416,61
368.9207,14809,255,387,339,414,61
368.9461,14810,255,387,339,414,61
368.9724,14811,255,387,339,414,65
368.9987,14812,255,387,339,414,65
369.0249,14813,256,389,338,415,64
369.0501,14814,257,388,336,414,66
369.0753,14815,257,387,336,413,64
369.1017,14816,262,386,339,408,66
369.1278,14817,271,386,340,406,67
369.1278,14817,256,386,298,412,38
369.1550,14818,271,386,340,406,67
369.1550,14818,256,386,298,412,38
369.1837,14819,274,384,340,406,68
369.2072,14820,278,384,341,406,69
369.2343,14821,285,384,342,406,69
369.2343,14821,264,386,313,412,39
369.2594,14822,285,384,342,406,70
369.2859,14823,285,384,342,406,70
369.3117,14824,286,384,343,406,70
369.3372,14825,286,384,343,406,71
369.3630,14826,286,384,343,406,71
369.3891,14827,284,384,344,408,71
369.4137,14828,286,384,344,407,71
369.4409,14829,286,384,344,407,71
369.4642,14830,286,384,344,407,71
369.4906,14831,285,384,346,408,72
369.5160,14832,285,384,346,408,73
369.5440,14833,284,384,347,408,73
369.5685,14834,284,384,347,408,73
369.5942,14835,289,384,348,408,74
369.6191,14836,289,384,348,408,74
369.6462,14837,286,384,347,408,74
369.6705,14838,285,384,348,408,73
369.6977,14839,285,384,348,408,73
369.7234,14840,286,384,348,409,74
369.7511,14841,286,385,348,409,75
369.7748,14842,286,384,349,408,75
369.8011,14843,287,384,349,408,75
369.8272,14844,287,384,349,408,75
369.8537,14845,287,384,349,408,75
369.8795,14846,289,385,349,409,75
369.9062,14847,287,384,350,409,75
369.9319,14848,287,384,350,410,75
369.9584,14849,287,384,350,410,75
369.9833,14850,285,386,350,410,76
370.0095,14851,287,385,350,409,76
370.0368,14852,287,385,350,409,76
370.0626,14853,285,385,350,409,75
370.0878,14854,285,386,350,410,76
370.1150,14855,284,386,350,410,76
370.1390,14856,287,385,350,409,75
370.1662,14857,287,385,350,409,75
370.1908,14858,285,386,350,410,76
370.2177,14859,284,386,351,410,75
370.2427,14860,284,386,351,410,75
370.2678,14861,282,386,352,410,76
370.2927,14862,282,386,352,410,76
370.3207,14863,282,387,351,411,75
370.3443,14864,279,387,352,411,75
370.3702,14865,279,387,352,411,75
370.3961,14866,280,388,351,410,75
370.4232,14867,278,387,352,411,74
370.4464,14868,280,388,352,412,76
370.4724,14869,280,388,352,412,76
370.5002,14870,280,388,352,412,76
370.5239,14871,279,388,353,412,75
370.5490,14872,280,388,353,412,75
370.5747,14873,280,388,353,412,75
370.6011,14874,279,388,353,412,75
370.6270,14875,279,388,353,412,75
370.6529,14876,279,388,353,412,75
370.6770,14877,280,388,353,412,75
370.7037,14878,280,388,353,412,75
370.7301,14879,280,388,352,412,76
370.7558,14880,279,387,353,413,76
370.7813,14881,282,387,353,413,78
370.8058,14882,282,387,353,413,78
370.8337,14883,281,386,353,414,78
370.8591,14884,280,386,353,414,77
370.8841,14885,280,387,354,414,77
370.9098,14886,280,387,354,414,77
370.9344,14887,280,387,354,414,77
370.9617,14888,281,386,354,414,78
370.9876,14889,281,386,354,414,78
371.0127,14890,282,386,354,414,78
371.0365,14891,282,386,354,414,78
371.0642,14892,282,386,354,414,78
371.0874,14893,282,386,354,414,78
371.1146,14894,284,386,354,414,78
371.1404,14895,284,386,354,414,78
371.1662,14896,283,386,355,415,78
371.1916,14897,283,386,355,414,78
371.2175,14898,282,386,354,414,78
371.2441,14899,282,386,354,414,77
371.2692,14900,282,386,354,414,77
371.2980,14901,285,386,355,414,77
371.3232,14902,283,385,355,414,76
371.3490,14903,282,385,356,414,76
371.3745,14904,282,385,356,414,76
371.4001,14905,285,385,356,415,77
371.4241,14906,285,384,356,414,77
371.4508,14907,284,385,356,414,77
371.4759,14908,284,385,356,414,77
371.5026,14909,284,384,357,414,76
371.5280,14910,284,384,357,414,76
371.5530,14911,283,384,357,414,75
371.5788,14912,283,382,357,414,75
371.6046,14913,283,382,357,414,75
371.6303,14914,282,382,357,414,75
371.6565,14915,282,383,357,413,75
371.6807,14916,282,384,358,413,76
371.7073,14917,282,383,359,413,75
371.7316,14918,282,383,359,413,75
371.7583,14919,282,384,359,414,75
371.7836,14920,282,385,359,413,76
371.8107,14921,282,385,359,413,76
371.8392,14922,283,383,359,413,75
371.8669,14923,282,381,359,413,73
371.8899,14924,282,382,359,414,74
371.9162,14925,282,381,360,413,74
371.9410,14926,282,381,360,413,74
371.9685,14927,282,382,360,412,73
371.9927,14928,280,381,360,413,74
372.0183,14929,281,380,360,412,74
372.0428,14930,283,382,360,412,73
372.0705,14931,283,382,360,412,73
372.0948,14932,285,382,360,412,72
372.1212,14933,285,384,360,412,72
372.1471,14934,285,384,360,412,72
372.1724,14935,286,382,361,412,71
372.1993,14936,287,383,361,411,71
372.2247,14937,286,383,362,411,69
372.2486,14938,287,383,362,411,70
372.2747,14939,287,383,362,411,70
372.2994,14940,288,383,362,411,68
372.3269,14941,286,381,362,411,67
372.3510,14942,288,383,363,411,65
372.3790,14943,288,382,363,410,65
372.4029,14944,288,382,363,410,65
372.4271,14945,287,382,363,410,66
372.4572,14946,287,382,362,410,66
372.4854,14947,287,382,362,410,66
372.5113,14948,286,382,362,410,68
372.5382,14949,286,382,363,410,66
372.5627,14950,287,381,363,411,68
372.5895,14951,287,382,364,410,65
372.6136,14952,287,382,364,410,65
372.6407,14953,285,380,362,409,62
372.6662,14954,286,382,363,408,57
372.6916,14955,287,380,362,408,46
372.7166,14956,288,382,362,408,43
372.7434,14957,288,382,362,408,43
372.7690,14958,288,383,362,407,46
372.7941,14959,288,382,363,408,42
372.8192,14960,288,382,363,408,42
372.8482,14961,288,384,363,408,52
372.8718,14962,289,384,364,408,46
372.8980,14963,288,383,363,407,47
372.9228,14964,289,387,364,407,45
372.9498,14965,289,387,364,407,45
372.9757,14966,290,386,364,408,47
373.0002,14967,290,386,364,408,53
373.0267,14968,289,384,364,408,50
373.0513,14969,289,383,364,407,44
373.0766,14970,289,383,364,407,44
373.1019,14971,290,383,364,407,46
373.1275,14972,290,383,364,407,46
373.1542,14973,289,383,364,407,49
373.1817,14974,289,384,364,408,48
373.2107,14975,289,385,364,407,49
373.2359,14976,289,384,365,408,47
373.2617,14977,289,386,365,408,55
373.2865,14978,294,389,367,408,50
373.3144,14979,294,389,367,408,50
373.3398,14980,296,390,367,408,51
373.3685,14981,294,389,368,408,53
373.3902,14982,298,390,367,408,51
373.4169,14983,298,389,368,409,53
373.4424,14984,298,389,368,409,53
373.4691,14985,297,389,368,409,57
373.4944,14986,297,389,368,409,57
373.5198,14987,296,389,369,409,56
373.5473,14988,296,389,368,409,58
373.5721,14989,294,389,370,409,58
373.5972,14990,293,389,370,408,59
373.6234,14991,293,388,370,408,58
373.6500,14992,293,388,370,408,58
373.6761,14993,294,390,370,408,56
373.7028,14994,290,384,369,407,54
373.7259,14995,291,385,370,407,52
373.7512,14996,294,392,371,406,45
373.7512,14996,288,382,319,405,32
373.7779,14997,294,392,371,406,45
373.7779,14997,288,382,319,405,32
373.8027,14998,290,385,371,407,44
373.8292,14999,290,385,371,407,44
373.8545,15000,292,391,372,407,48
373.8810,15001,292,392,374,408,55
373.9069,15002,291,392,374,408,58
373.9304,15003,288,389,373,407,62
373.9565,15004,288,389,373,407,62
373.9838,15005,290,390,374,408,65
374.0094,15006,290,391,373,408,62
374.0348,15007,289,392,374,408,64
374.0597,15008,289,391,373,409,65
374.0852,15009,289,391,373,409,65
374.1112,15010,289,391,373,409,67
374.1375,15011,290,392,374,410,66
374.1615,15012,290,392,374,410,66
374.1889,15013,290,392,375,410,67
374.2148,15014,290,392,374,410,68
374.2412,15015,290,392,374,410,68
374.2659,15016,290,392,375,410,68
374.2921,15017,290,392,375,410,68
374.3204,15018,290,393,375,410,66
374.3449,15019,290,393,375,411,69
374.3705,15020,290,393,376,412,68
374.3971,15021,290,393,376,412,69
374.4197,15022,290,393,376,412,69
374.4468,15023,291,392,376,412,69
374.4714,15024,293,394,376,413,69
374.4993,15025,293,394,376,413,69
374.5244,15026,292,394,376,412,70
374.5513,15027,291,395,377,413,69
374.5762,15028,296,394,377,414,69
374.6018,15029,296,394,377,414,70
374.6283,15030,296,394,377,414,70
374.6552,15031,296,394,377,414,70
374.6820,15032,292,394,378,414,71
374.7072,15033,298,394,378,414,71
374.7305,15034,299,394,378,414,72
374.7576,15035,299,394,378,414,72
374.7837,15036,299,394,378,414,72
374.8083,15037,300,394,379,414,72
374.8340,15038,300,394,379,414,72
374.8601,15039,300,394,379,414,72
374.8872,15040,298,393,379,415,72
374.9117,15041,298,393,379,415,73
374.9367,15042,298,393,379,415,73
374.9637,15043,298,393,379,415,72
374.9888,15044,302,395,378,415,71
375.0147,15045,300,394,379,416,72
375.0410,15046,300,394,379,416,72
375.0654,15047,305,392,379,418,75
375.0913,15048,305,392,379,418,75
375.1178,15049,306,391,380,419,76
375.1435,15050,306,391,379,419,75
375.1712,15051,306,391,379,419,75
375.1975,15052,310,392,380,420,74
375.2234,15053,309,392,380,420,74
375.2504,15054,309,393,380,420,73
375.2734,15055,309,393,381,420,73
375.3000,15056,309,393,381,420,73
375.3264,15057,308,393,381,420,72
375.3521,15058,309,393,382,421,73
375.3774,15059,309,393,381,421,73
375.4015,15060,309,393,382,421,73
375.4285,15061,309,393,382,421,73
375.4560,15062,309,393,382,421,73
375.4797,15063,310,393,382,421,73
375.5056,15064,310,393,382,421,73
375.5325,15065,313,393,382,421,72
375.5587,15066,308,392,382,421,73
375.5828,15067,311,393,383,421,73
375.6077,15068,312,393,383,421,73
375.6343,15069,312,393,383,421,73
375.6591,15070,313,393,383,421,73
375.6857,15071,313,392,383,422,73
375.7108,15072,311,392,384,422,73
375.7368,15073,314,392,384,422,72
375.7619,15074,314,392,384,422,72
375.7902,15075,313,392,384,422,73
375.8133,15076,312,392,384,422,73
375.8398,15077,312,392,384,422,73
375.8656,15078,312,392,384,422,73
375.8914,15079,312,393,382,423,72
375.9168,15080,322,393,384,424,72
375.9434,15081,321,392,384,424,73
375.9693,15082,321,392,384,424,73
375.9984,15083,322,391,384,425,74
376.0228,15084,321,392,384,426,74
376.0490,15085,323,392,385,426,74
376.0733,15086,321,392,385,426,75
376.0991,15087,321,392,385,426,75
376.1243,15088,323,392,385,427,75
376.1518,15089,324,391,385,427,75
376.1752,15090,324,391,385,427,75
376.2027,15091,325,390,385,428,76
376.2293,15092,324,390,385,428,76
376.2533,15093,326,390,385,428,76
376.2794,15094,326,390,385,428,76
376.3053,15095,326,390,386,428,76
376.3326,15096,326,390,386,429,76
376.3592,15097,328,390,386,429,76
376.3822,15098,326,390,386,429,76
376.4090,15099,326,390,386,430,77
376.4342,15100,326,390,386,430,77
376.4605,15101,326,391,387,430,77
376.4846,15102,324,390,387,430,77
376.5114,15103,324,390,387,430,77
376.5379,15104,327,390,387,430,77
376.5642,15105,327,390,387,430,77
376.5895,15106,325,390,387,430,77
376.6147,15107,325,390,387,430,77
376.6403,15108,325,390,387,430,77
376.6680,15109,324,390,387,430,77
376.6918,15110,326,392,387,431,77
376.7173,15111,327,392,387,432,77
376.7430,15112,327,392,387,432,77
376.7698,15113,324,392,387,432,76
376.7947,15114,324,391,388,433,77
376.8197,15115,323,391,388,433,78
376.8482,15116,323,391,388,433,78
376.8736,15117,326,390,388,434,78
376.8992,15118,326,390,388,434,77
376.9243,15119,325,390,389,434,77
376.9486,15120,325,390,389,434,77
376.9763,15121,326,389,389,435,77
377.0028,15122,325,390,389,435,77
377.0267,15123,325,390,390,435,77
377.0520,15124,327,390,390,436,76
377.0776,15125,324,390,390,436,77
377.1039,15126,324,390,390,436,77
377.1307,15127,326,390,390,436,76
377.1564,15128,327,390,391,436,77
377.1821,15129,327,390,391,436,76
377.2078,15130,327,390,391,436,76
377.2326,15131,327,390,391,436,76
377.2574,15132,326,390,391,436,76
377.2832,15133,326,390,391,436,76
377.3099,15134,328,390,391,436,75
377.3358,15135,328,390,391,436,76
377.3616,15136,328,390,391,437,76
377.3861,15137,330,389,391,437,76
377.4151,15138,330,389,391,437,76
377.4391,15139,328,390,392,437,75
377.4663,15140,329,390,392,437,76
377.4898,15141,337,390,392,438,76
377.5152,15142,337,392,391,438,76
377.5421,15143,337,392,391,438,76
377.5667,15144,332,391,391,439,75
377.5910,15145,328,390,390,439,75
377.6171,15146,328,390,390,439,75
377.6454,15147,325,390,391,440,74
377.6702,15148,328,390,390,440,75
377.6958,15149,328,390,391,440,74
377.7198,15150,336,391,391,441,76
377.7472,15151,336,391,391,441,76
377.7733,15152,334,391,391,441,76
377.7998,15153,336,391,391,441,77
377.8241,15154,338,391,391,442,76
377.8499,15155,336,391,392,442,77
377.8754,15156,336,391,392,442,77
377.9012,15157,338,391,392,443,77
377.9267,15158,338,391,392,443,77
377.9552,15159,339,390,392,442,76
377.9793,15160,339,391,392,443,76
378.0062,15161,338,390,392,442,77
378.0298,15162,338,390,392,443,77
378.0545,15163,339,390,392,444,77
378.0818,15164,339,390,392,444,77
378.1080,15165,343,391,392,443,77
378.1336,15166,338,390,392,444,77
378.1594,15167,342,390,392,444,77
378.1839,15168,342,389,392,443,77
378.2101,15169,342,389,392,443,77
378.2352,15170,338,390,392,444,77
378.2618,15171,338,390,392,444,77
378.2882,15172,344,390,391,445,77
378.3127,15173,340,390,391,446,76
378.3386,15174,344,390,391,446,76
378.3645,15175,344,390,392,446,77
378.3889,15176,344,390,392,446,77
378.4153,15177,342,390,392,446,77
378.4423,15178,342,390,392,447,77
378.4660,15179,343,390,392,448,78
378.4931,15180,344,391,392,447,78
378.5172,15181,344,391,392,447,78
378.5439,15182,347,391,392,447,78
378.5686,15183,345,391,392,448,78
378.5953,15184,345,391,392,448,78
378.6216,15185,346,390,392,448,78
378.6487,15186,346,390,392,448,78
378.6749,15187,345,390,392,448,78
378.7000,15188,348,391,393,449,78
378.7258,15189,348,391,393,449,78
378.7521,15190,344,390,393,449,78
378.7778,15191,344,391,393,449,78
378.8031,15192,348,391,394,449,78
378.8284,15193,343,389,393,449,79
378.8543,15194,343,389,393,449,79
378.8794,15195,343,389,394,449,78
378.9054,15196,348,389,394,451,77
378.9305,15197,348,389,394,451,77
378.9574,15198,344,389,394,451,77
378.9838,15199,345,388,394,450,77
379.0093,15200,344,388,394,450,78
379.0347,15201,344,388,394,450,78
379.0601,15202,344,388,394,450,78
379.0858,15203,343,388,395,450,77
379.1126,15204,342,386,394,450,77
379.1375,15205,341,386,395,450,77
379.1633,15206,342,386,395,450,77
379.1891,15207,342,386,395,450,77
379.2167,15208,344,387,395,451,77
379.2409,15209,342,385,395,451,76
379.2670,15210,342,385,395,451,76
379.2928,15211,344,386,394,451,77
379.3185,15212,345,387,394,451,76
379.3433,15213,342,384,394,452,76
379.3685,15214,344,386,394,452,78
379.3950,15215,344,386,394,452,78
379.4224,15216,340,384,394,452,78
379.4473,15217,340,384,394,452,78
379.4747,15218,342,384,394,452,77
379.4984,15219,343,385,394,453,77
379.5254,15220,343,385,394,453,77
379.5517,15221,344,386,394,454,76
379.5765,15222,345,386,394,454,76
379.6026,15223,345,386,394,454,76
379.6293,15224,345,386,394,454,76
379.6546,15225,346,386,394,454,76
379.6806,15226,345,386,394,454,75
379.7070,15227,347,386,394,454,75
379.7312,15228,347,386,394,454,75
379.7569,15229,344,385,394,455,76
379.7824,15230,345,386,394,454,75
379.8064,15231,345,385,394,455,75
379.8333,15232,345,385,394,455,75
379.8591,15233,345,385,394,455,75
379.8844,15234,344,385,394,455,76
379.9108,15235,343,383,395,455,75
379.9351,15236,343,383,395,455,75
379.9628,15237,345,385,395,455,76
379.9868,15238,344,383,394,455,76
380.0132,15239,344,384,395,455,75
380.0379,15240,344,384,395,455,75
380.0655,15241,344,383,395,455,75
380.0908,15242,345,383,395,455,74
380.1157,15243,345,382,396,456,74
380.1417,15244,344,382,396,456,75
380.1668,15245,344,382,396,456,75
380.1941,15246,342,382,396,456,76
380.2194,15247,343,380,396,456,75
380.2450,15248,343,380,396,456,75
380.2714,15249,343,380,396,456,75
380.2975,15250,345,382,396,456,74
380.3220,15251,343,382,396,456,76
380.3475,15252,344,382,396,456,75
380.3722,15253,344,382,396,456,75
380.4019,15254,343,381,396,455,76
380.4264,15255,343,382,397,456,75
380.4512,15256,344,381,397,456,75
380.4770,15257,343,382,397,456,76
380.5026,15258,343,382,397,456,76
380.5294,15259,344,380,397,456,75
380.5567,15260,344,382,397,456,75
380.5812,15261,344,382,397,456,74
380.6071,15262,344,381,397,456,75
380.6336,15263,344,381,397,456,75
380.6589,15264,344,381,397,456,75
380.6838,15265,344,381,397,455,76
380.7107,15266,344,381,397,455,76
380.7369,15267,343,380,397,456,76
380.7614,15268,344,380,397,456,75
380.7882,15269,343,380,397,456,76
380.8138,15270,344,380,397,456,75
380.8400,15271,346,381,397,455,74
380.8659,15272,346,381,397,455,74
380.8919,15273,346,381,398,456,74
380.9182,15274,344,380,397,456,75
380.9431,15275,345,380,398,456,75
380.9700,15276,345,380,398,456,75
380.9954,15277,346,380,398,456,73
381.0187,15278,346,381,397,456,74
381.0454,15279,346,381,397,456,74
381.0724,15280,346,380,398,456,75
381.0986,15281,346,380,398,456,74
381.1239,15282,346,380,398,456,74
381.1496,15283,346,380,397,456,75
381.1760,15284,346,380,397,456,75
381.2007,15285,346,380,398,456,73
381.2277,15286,346,380,398,456,74
381.2538,15287,345,379,398,456,74
381.2802,15288,346,380,398,456,75
381.3063,15289,346,380,398,456,75
381.3322,15290,346,379,397,456,75
381.3562,15291,345,378,394,456,74
381.3816,15292,345,378,394,456,74
381.4081,15293,353,388,391,456,74
381.4342,15294,358,400,390,456,74
381.4593,15295,362,400,389,458,70
381.4843,15296,370,400,390,458,66
381.5101,15297,370,400,390,458,66
381.5376,15298,373,401,390,460,58
381.5625,15299,374,399,390,461,57
381.5884,15300,373,401,390,463,67
381.6142,15301,369,402,391,464,73
381.6403,15302,369,402,391,464,73
381.6668,15303,364,403,394,461,76
381.6924,15304,360,401,397,459,77
381.7164,15305,360,401,397,459,77
381.7434,15306,359,410,400,458,78
381.7717,15307,357,410,402,460,79
381.7956,15308,355,411,403,461,79
381.8202,15309,354,411,403,461,79
381.8461,15310,354,411,403,461,79
381.8725,15311,351,408,402,462,79
381.8969,15312,350,406,400,462,79
381.9239,15313,348,413,401,463,78
381.9474,15314,347,413,401,463,78
381.9750,15315,347,413,401,463,78
381.9993,15316,347,423,401,463,77
382.0247,15317,346,417,400,463,77
382.0519,15318,346,417,400,463,77
382.0766,15319,344,416,400,463,78
382.1036,15320,344,421,400,463,78
382.1294,15321,343,418,399,464,78
382.1535,15322,342,417,399,465,78
382.1804,15323,342,417,399,465,78
382.2070,15324,341,416,399,464,79
382.2319,15325,340,415,399,465,79
382.2568,15326,340,414,400,466,79
382.2812,15327,339,414,399,466,79
382.3073,15328,339,414,399,466,79
382.3329,15329,338,415,400,467,79
382.3588,15330,338,415,400,467,79
382.3849,15331,338,412,400,466,79
382.4099,15332,336,412,400,467,79
382.4346,15333,336,411,401,467,79
382.4603,15334,335,410,401,467,79
382.4859,15335,335,410,401,467,79
382.5128,15336,334,410,401,468,79
382.5388,15337,333,411,402,467,79
382.5642,15338,332,409,403,467,79
382.5893,15339,332,415,402,463,74
382.6150,15340,332,415,402,463,74
382.6414,15341,329,428,390,462,69
382.6662,15342,326,438,386,461,68
382.6927,15343,326,438,386,461,68
382.7193,15344,325,438,389,460,65
382.7458,15345,322,432,390,460,64
382.7703,15346,320,427,392,461,66
382.7965,15347,318,430,392,460,67
382.8221,15348,318,430,392,460,67
382.8498,15349,317,432,391,461,67
382.8749,15350,315,431,392,461,69
382.9004,15351,314,434,390,461,67
382.9239,15352,312,434,390,461,68
382.9490,15353,312,434,390,461,68
382.9756,15354,311,433,390,461,69
383.0015,15355,310,435,390,461,68
383.0277,15356,310,435,390,461,68
383.0554,15357,309,438,391,462,67
383.0807,15358,308,437,390,461,61
383.1058,15359,307,436,392,462,65
383.1329,15360,305,436,393,462,70
383.1573,15361,305,436,393,462,70
383.1829,15362,304,435,393,461,69
383.2097,15363,303,436,393,462,67
383.2346,15364,304,439,394,461,69
383.2605,15365,302,436,393,462,68
383.2876,15366,302,436,393,462,68
383.3103,15367,302,440,395,462,70
383.3374,15368,302,439,394,461,69
383.3626,15369,302,439,394,461,69
383.3885,15370,301,440,394,462,68
383.4133,15371,300,440,393,462,69
383.4404,15372,300,440,393,462,69
383.4652,15373,300,439,395,461,68
383.4924,15374,300,439,395,461,68
383.5185,15375,299,441,394,461,64
383.5442,15376,298,444,392,462,61
383.5697,15377,298,443,393,461,54
383.5950,15378,297,444,393,462,52
383.6203,15379,297,444,393,462,52
383.6486,15380,297,445,393,461,48
383.6713,15381,296,445,394,461,46
383.6978,15382,296,445,394,461,46
383.7234,15383,296,446,393,461,39
383.7490,15384,296,447,392,461,36
383.7739,15385,295,446,391,461,43
383.8001,15386,295,446,391,461,43
383.8240,15387,294,447,391,461,33
383.8519,15388,294,447,391,461,33
385.5238,15453,279,447,364,461,37
385.5506,15454,279,447,364,461,48
385.5767,15455,279,447,364,461,48
385.6016,15456,279,447,362,461,54
385.6268,15457,278,446,362,461,56
385.6532,15458,277,446,363,461,57
385.6782,15459,277,446,361,462,59
385.7042,15460,277,446,361,462,59
385.7305,15461,277,446,360,461,59
385.7559,15462,277,446,370,462,60
385.7826,15463,277,446,370,462,60
385.8079,15464,276,446,358,462,61
385.8318,15465,277,446,370,462,62
385.8585,15466,276,446,370,462,62
385.8836,15467,276,446,370,462,62
385.9096,15468,276,446,370,462,62
385.9357,15469,276,445,370,461,64
385.9609,15470,276,445,368,461,64
385.9869,15471,276,445,368,461,65
386.0111,15472,275,444,358,462,64
386.0387,15473,275,444,358,462,64
386.0631,15474,276,445,368,461,65
386.0887,15475,276,445,367,462,65
386.1140,15476,276,445,367,462,65
386.1411,15477,276,444,366,462,66
386.1681,15478,275,444,358,462,66
386.1927,15479,275,444,366,462,66
386.2171,15480,275,444,363,462,66
386.2434,15481,275,444,363,462,66
386.2689,15482,275,444,356,462,66
386.2954,15483,275,444,349,462,66
386.3199,15484,274,444,352,462,66
386.3456,15485,275,444,361,462,66
386.3716,15486,275,444,361,462,66
386.3997,15487,274,444,348,462,66
386.4221,15488,275,444,353,462,66
386.4502,15489,275,444,353,462,66
386.4755,15490,275,444,362,462,67
386.5005,15491,275,444,359,462,66
386.5257,15492,274,444,354,462,67
386.5512,15493,274,444,354,462,67
386.5768,15494,275,444,355,462,66
386.6029,15495,275,444,357,462,66
386.6285,15496,274,444,354,462,66
386.6517,15497,275,444,346,462,66
386.6768,15498,275,444,346,462,66
386.7041,15499,274,444,348,462,67
386.7317,15500,274,444,347,462,66
386.7569,15501,274,444,346,462,66
386.7822,15502,274,444,346,462,66
386.8089,15503,274,444,355,462,67
386.8333,15504,274,444,359,462,68
386.8589,15505,274,444,350,462,68
386.8856,15506,274,444,350,462,68
386.9122,15507,274,444,356,462,67
386.9362,15508,274,444,350,462,69
386.9621,15509,274,444,350,462,68
386.9862,15510,274,444,359,462,68
387.0131,15511,274,444,359,462,68
387.0404,15512,275,443,354,462,67
387.0675,15513,275,442,360,462,70
387.0913,15514,275,443,359,463,70
387.1179,15515,275,443,359,463,70
387.1445,15516,275,442,358,463,71
387.1690,15517,275,442,358,463,72
387.1939,15518,275,442,361,464,73
387.2203,15519,275,442,361,464,73
387.2468,15520,275,441,359,463,72
387.2715,15521,275,442,360,464,74
387.2978,15522,275,441,359,463,74
387.3237,15523,275,441,358,463,73
387.3479,15524,275,441,358,463,73
387.3756,15525,274,441,359,463,73
387.4012,15526,275,441,357,463,73
387.4269,15527,274,440,357,464,73
387.4526,15528,274,440,357,464,73
387.4786,15529,274,441,356,463,74
387.5032,15530,274,440,356,464,75
387.5297,15531,274,440,355,464,74
387.5565,15532,274,440,355,464,74
387.5815,15533,274,440,355,464,75
387.6079,15534,274,440,354,464,75
387.6331,15535,274,440,354,464,76
387.6585,15536,274,440,356,464,76
387.6827,15537,274,440,356,464,76
387.7103,15538,274,440,356,464,76
387.7358,15539,274,440,354,464,76
387.7627,15540,274,440,355,464,77
387.7880,15541,274,440,352,464,77
387.8131,15542,274,440,352,464,77
387.8390,15543,274,440,354,464,76
387.8656,15544,274,440,354,464,76
387.8912,15545,274,440,355,464,77
387.9157,15546,274,440,354,464,76
387.9418,15547,274,439,356,465,76
387.9676,15548,274,440,356,464,76
387.9921,15549,274,440,356,464,76
388.0186,15550,274,440,356,464,76
388.0455,15551,274,439,356,465,76
388.0709,15552,274,439,357,465,77
388.0949,15553,274,439,358,465,76
388.1211,15554,274,439,357,465,77
388.1468,15555,274,439,357,465,77
388.1743,15556,274,439,357,465,76
388.2005,15557,274,439,356,464,76
388.2284,15558,274,439,356,464,76
388.2546,15559,274,439,356,464,76
388.2800,15560,274,439,356,465,77
388.3058,15561,274,439,355,464,76
388.3319,15562,274,438,356,464,77
388.3575,15563,274,438,356,464,77
388.3840,15564,275,439,355,465,77
388.4078,15565,274,439,354,465,77
388.4340,15566,274,438,355,464,77
388.4599,15567,275,438,355,464,77
388.4851,15568,275,438,355,464,77
388.5117,15569,274,438,353,464,78
388.5371,15570,274,438,353,464,78
388.5654,15571,274,438,353,464,76
388.5915,15572,274,438,356,464,77
388.6163,15573,274,437,359,465,77
388.6421,15574,274,437,359,465,77
388.6667,15575,275,437,355,465,78
388.6919,15576,275,437,355,465,78
388.7203,15577,274,436,355,466,78
388.7448,15578,274,436,355,465,78
388.7709,15579,274,435,353,465,77
388.7953,15580,274,435,354,465,78
388.8227,15581,274,435,354,465,78
388.8458,15582,274,435,353,465,78
388.8723,15583,274,435,353,465,78
388.8977,15584,274,435,350,465,79
388.9249,15585,274,435,350,465,78
388.9521,15586,274,435,351,465,78
388.9773,15587,274,435,354,465,78
389.0014,15588,274,435,353,465,78
389.0266,15589,274,435,353,465,78
389.0525,15590,274,435,353,465,78
389.0788,15591,274,435,352,466,78
389.1046,15592,274,435,352,466,78
389.1300,15593,274,434,354,466,79
389.1564,15594,274,434,354,466,79
389.1828,15595,274,434,352,466,79
389.2075,15596,274,434,352,466,79
389.2332,15597,274,434,354,466,78
389.2605,15598,274,434,354,466,78
389.2870,15599,274,434,352,466,78
389.3107,15600,274,434,354,466,78
389.3367,15601,274,434,355,466,78
389.3635,15602,274,434,355,466,78
389.3892,15603,274,434,354,466,79
389.4151,15604,274,434,354,466,78
389.4411,15605,274,434,354,466,78
389.4666,15606,274,434,353,466,79
389.4923,15607,274,434,353,466,79
389.5162,15608,275,434,353,466,78
389.5432,15609,275,434,353,466,78
389.5684,15610,274,434,355,466,78
389.5950,15611,274,434,355,466,78
389.6183,15612,274,434,354,466,79
389.6444,15613,275,433,345,465,78
389.6710,15614,275,433,345,465,78
389.6953,15615,275,432,344,464,76
389.7221,15616,276,431,349,467,76
389.7474,15617,276,431,347,468,77
389.7732,15618,276,430,345,468,76
389.7979,15619,276,430,345,468,76
389.8251,15620,276,430,346,468,77
389.8518,15621,276,430,346,468,77
389.8772,15622,276,430,346,468,77
389.9028,15623,276,428,334,468,75
389.9303,15624,276,427,340,469,76
389.9537,15625,275,427,332,469,75
389.9801,15626,276,427,342,469,76
390.0056,15627,276,427,342,469,76
390.0320,15628,276,426,338,470,77
390.0570,15629,276,426,338,470,77
390.0834,15630,275,426,338,470,76
390.1078,15631,275,426,338,470,77
390.1327,15632,275,426,338,470,77
390.1594,15633,275,426,339,470,77
390.1843,15634,275,426,337,470,77
390.2107,15635,275,426,337,470,77
390.2359,15636,275,426,339,470,77
390.2621,15637,275,426,340,470,77
390.2879,15638,275,426,345,470,77
390.3132,15639,275,426,342,470,77
390.3411,15640,275,426,342,470,77
390.3673,15641,275,426,349,470,77
390.3916,15642,275,426,349,470,77
390.4181,15643,275,425,350,470,78
390.4436,15644,276,424,350,470,78
390.4681,15645,276,424,350,470,78
390.4940,15646,276,423,347,469,77
390.5202,15647,277,422,349,468,76
390.5468,15648,277,422,349,468,76
390.5745,15649,278,422,349,469,77
390.6019,15650,278,422,348,470,78
390.6254,15651,278,421,349,471,78
390.6506,15652,279,420,348,470,77
390.6764,15653,279,420,348,470,77
390.7020,15654,279,420,348,470,77
390.7286,15655,279,419,350,471,76
390.7536,15656,279,419,349,471,76
390.7796,15657,279,419,349,471,77
390.8067,15658,279,419,349,471,77
390.8307,15659,279,418,349,472,78
390.8555,15660,280,418,347,472,78
390.8816,15661,280,418,347,472,78
390.9089,15662,281,417,346,471,77
390.9326,15663,283,416,345,470,76
390.9601,15664,283,415,333,469,74
390.9853,15665,283,414,322,470,73
391.0129,15666,283,414,322,470,73
391.0376,15667,283,414,309,470,74
391.0652,15668,283,413,314,471,72
391.0892,15669,284,412,316,471,71
391.1154,15670,284,411,326,471,70
391.1392,15671,284,411,326,471,70
391.1660,15672,284,411,335,471,69
391.1939,15673,285,411,333,471,68
391.2183,15674,284,410,336,472,68
391.2422,15675,284,410,336,472,68
391.2706,15676,284,410,335,472,68
391.2962,15677,284,409,335,472,67
391.3205,15678,284,408,335,472,67
391.3474,15679,284,408,335,472,67
391.3729,15680,284,408,335,472,66
391.3993,15681,284,408,334,472,65
391.4229,15682,284,408,333,472,64
391.4487,15683,284,408,333,472,64
391.4752,15684,284,407,334,473,65
391.5009,15685,284,407,332,473,65
391.5261,15686,284,407,332,473,65
391.5516,15687,284,406,332,474,64
391.5790,15688,284,406,332,474,64
391.6056,15689,284,406,332,474,66
391.6303,15690,284,406,333,475,66
391.6568,15691,284,406,333,475,66
391.6824,15692,286,406,334,476,69
391.7086,15693,286,406,333,476,65
391.7331,15694,287,405,330,475,52
391.7587,15695,288,405,335,477,48
391.7836,15696,288,405,335,477,48
391.8102,15697,287,404,331,474,53
391.8383,15698,287,404,330,474,56
391.8626,15699,288,404,329,472,55
391.8862,15700,288,403,329,473,56
391.9123,15701,288,403,329,473,56
391.9382,15702,288,403,328,473,59
391.9625,15703,288,402,326,472,59
391.9895,15704,288,402,326,472,59
392.0151,15705,288,402,326,472,58
392.0409,15706,287,401,327,473,60
392.0649,15707,288,404,327,474,62
392.0916,15708,288,400,325,473,60
392.1171,15709,288,400,325,473,60
392.1447,15710,288,400,323,474,61
392.1689,15711,287,400,324,474,61
392.1943,15712,287,400,322,474,59
392.2187,15713,288,399,322,474,61
392.2471,15714,288,399,322,474,61
392.2717,15715,288,399,321,475,61
392.2977,15716,287,399,320,475,60
392.3227,15717,287,399,320,475,60
392.3502,15718,288,399,320,475,60
392.3754,15719,288,398,319,475,58
392.4005,15720,288,398,316,476,59
392.4262,15721,288,398,316,476,59
392.4516,15722,287,398,315,477,64
392.4768,15723,286,398,314,478,68
392.5026,15724,285,398,314,480,69
392.5274,15725,285,398,313,478,66
392.5523,15726,285,396,309,468,67
392.5786,15727,285,396,309,468,67
392.6037,15728,285,396,310,466,67
392.6316,15729,285,396,310,468,68
392.6575,15730,285,396,310,468,68
392.6832,15731,284,396,310,466,69
392.7103,15732,284,395,310,467,70
392.7352,15733,284,394,311,468,70
392.7615,15734,284,394,311,466,71
392.7863,15735,284,394,311,466,71
392.8133,15736,284,394,311,466,70
392.8375,15737,284,394,311,466,70
392.8642,15738,284,393,311,466,71
392.8892,15739,284,392,311,466,71
392.9144,15740,284,392,311,466,71
392.9394,15741,284,392,312,468,71
392.9669,15742,284,392,312,468,71
392.9937,15743,284,392,310,458,71
393.0182,15744,284,391,311,458,72
393.0446,15745,284,391,311,458,72
393.0708,15746,284,391,311,459,72
393.0951,15747,284,391,311,459,72
393.1226,15748,284,390,311,457,73
393.1499,15749,284,390,312,458,72
393.1759,15750,284,390,312,459,73
393.1999,15751,284,390,312,458,73
393.2259,15752,284,389,312,459,73
393.2518,15753,284,389,312,459,73
393.2775,15754,284,389,312,459,72
393.3037,15755,284,389,312,459,72
393.3304,15756,284,388,312,458,73
393.3563,15757,284,388,312,458,73
393.3817,15758,285,389,312,458,72
393.4070,15759,285,388,313,456,72
393.4329,15760,285,388,313,456,72
393.4582,15761,285,388,313,456,72
393.4862,15762,285,388,313,458,73
393.5108,15763,285,388,312,458,73
393.5366,15764,285,387,312,459,73
393.5621,15765,285,387,312,458,73
393.5871,15766,285,387,312,458,73
393.6132,15767,286,386,312,458,72
393.6383,15768,286,386,312,458,72
393.6650,15769,286,386,312,458,72
393.6937,15770,286,386,312,456,73
393.7201,15771,286,386,312,460,73
393.7447,15772,286,386,312,456,73
393.7702,15773,285,386,312,459,74
393.7970,15774,285,386,312,459,74
393.8225,15775,286,385,312,455,73
393.8478,15776,286,385,312,455,73
393.8742,15777,286,385,312,457,72
393.8996,15778,287,385,312,456,72
393.9249,15779,287,385,312,456,72
393.9514,15780,287,386,312,458,71
393.9810,15781,288,386,313,454,71
394.0070,15782,288,386,313,454,71
394.0334,15783,288,385,313,451,72
394.0618,15784,287,385,314,453,71
394.0848,15785,286,384,314,456,72
394.1109,15786,287,384,314,456,71
394.1363,15787,287,384,314,456,71
394.1632,15788,287,384,314,456,71
394.1878,15789,287,383,314,455,71
394.2147,15790,288,383,314,456,70
394.2406,15791,288,383,314,456,70
394.2662,15792,290,382,314,457,67
394.2924,15793,290,382,314,457,67
394.3169,15794,291,383,313,459,66
394.3438,15795,291,383,313,459,66
394.3696,15796,291,382,313,458,65
394.3954,15797,291,381,312,457,66
394.4218,15798,290,381,313,462,66
394.4468,15799,291,381,313,457,64
394.4711,15800,292,381,313,459,62
394.4985,15801,292,381,313,459,62
394.5239,15802,290,381,313,463,64
394.5494,15803,289,380,312,466,67
394.5738,15804,289,380,312,468,66
394.5997,15805,288,380,312,470,66
394.6255,15806,288,380,312,470,66
394.6507,15807,288,380,312,470,66
394.6789,15808,288,380,312,470,66
394.7027,15809,289,379,311,465,64
394.7301,15810,288,379,311,465,63
394.7576,15811,291,379,312,460,61
394.7818,15812,292,379,312,459,60
394.8067,15813,292,379,312,459,60
394.8329,15814,291,379,312,457,61
394.8577,15815,290,378,312,456,62
394.8836,15816,292,379,312,459,59
394.9099,15817,292,378,312,458,59
394.9345,15818,292,378,312,458,59
394.9611,15819,291,378,311,458,59
394.9867,15820,291,378,311,458,58
395.0135,15821,291,378,311,458,58
395.0384,15822,289,378,311,456,60
395.0661,15823,290,378,311,456,59
395.0913,15824,292,378,310,458,58
395.1162,15825,292,377,310,457,57
395.1424,15826,292,377,310,457,57
395.1685,15827,291,377,311,459,57
395.1938,15828,293,377,310,457,57
395.2203,15829,292,376,310,460,56
395.2450,15830,289,376,310,462,56
395.2705,15831,289,376,310,462,56
395.2961,15832,293,376,310,459,55
395.3226,15833,292,376,310,460,56
395.3484,15834,292,376,310,460,56
395.3743,15835,291,376,311,462,57
395.4008,15836,291,377,312,461,59
395.4256,15837,292,378,314,458,56
395.4506,15838,294,377,317,444,63
395.4758,15839,294,377,317,444,63
395.5017,15840,292,376,318,440,68
395.5284,15841,291,376,320,442,70
395.5533,15842,290,376,321,442,72
395.5792,15843,289,375,322,443,71
395.6045,15844,289,375,322,443,71
395.6300,15845,288,375,323,437,72
395.6563,15846,288,375,324,441,70
395.6826,15847,288,375,324,441,70
395.7088,15848,288,375,325,443,71
395.7349,15849,288,373,326,435,72
395.7604,15850,288,374,327,442,73
395.7858,15851,287,373,328,441,73
395.8114,15852,287,373,328,441,73
395.8384,15853,287,373,329,443,74
395.8631,15854,287,372,329,444,75
395.8875,15855,286,372,330,448,75
395.9130,15856,287,372,330,446,78
395.9394,15857,287,372,330,446,78
395.9628,15858,286,372,331,446,76
395.9898,15859,286,372,332,446,77
396.0158,15860,286,372,332,446,77
396.0427,15861,285,374,334,442,78
396.0671,15862,287,376,334,442,77
396.0918,15863,288,377,335,439,73
396.1206,15864,288,377,335,439,73
396.1458,15865,288,378,336,432,73
396.1708,15866,287,378,338,431,73
396.1958,15867,287,378,338,426,72
396.2210,15868,287,378,339,432,71
396.2478,15869,286,379,340,436,72
396.2729,15870,286,379,340,436,72
396.2984,15871,286,380,340,438,72
396.3249,15872,286,379,340,437,71
396.3511,15873,286,379,340,437,71
396.3764,15874,286,379,342,435,72
396.4011,15875,286,380,342,436,71
396.4270,15876,285,380,342,435,71
396.4533,15877,285,380,342,435,71
396.4796,15878,285,380,343,436,71
396.5061,15879,284,380,343,434,72
396.5317,15880,284,379,344,434,74
396.5567,15881,284,379,344,434,73
396.5807,15882,284,379,344,434,73
396.6075,15883,283,379,345,433,76
396.6344,15884,284,379,345,432,75
396.6587,15885,283,379,346,431,74
396.6842,15886,282,380,346,432,75
396.7114,15887,282,380,346,432,75
396.7384,15888,281,380,346,432,75
396.7641,15889,281,380,346,430,75
396.7879,15890,281,380,346,430,75
396.8137,15891,282,381,346,429,73
396.8403,15892,282,382,346,430,72
396.8663,15893,283,382,347,428,71
396.8918,15894,284,382,347,428,69
396.9166,15895,284,382,347,428,69
396.9427,15896,283,382,348,426,70
396.9694,15897,283,382,349,426,69
396.9936,15898,283,383,349,425,68
397.0195,15899,283,383,350,425,68
397.0458,15900,283,383,350,425,68
397.0707,15901,282,383,350,425,68
397.0958,15902,280,383,349,427,69
397.1221,15903,280,383,349,427,69
397.1487,15904,278,384,350,428,69
397.1756,15905,278,384,349,428,68
397.1999,15906,281,384,351,424,65
397.2254,15907,280,384,351,426,65
397.2518,15908,280,384,351,426,65
397.2779,15909,280,385,352,425,65
397.3029,15910,282,385,352,421,65
397.3298,15911,282,385,353,421,66
397.3536,15912,282,385,354,421,66
397.3805,15913,282,385,354,421,66
397.4045,15914,282,385,353,420,67
397.4325,15915,282,385,353,420,67
397.4560,15916,281,385,354,421,68
397.4843,15917,281,386,354,420,67
397.5091,15918,281,385,354,419,68
397.5327,15919,281,385,354,419,67
397.5589,15920,281,386,354,418,66
397.5852,15921,281,386,354,418,66
397.6116,15922,280,386,355,420,67
397.6371,15923,280,385,355,419,68
397.6626,15924,280,386,355,419,69
397.6875,15925,280,386,355,419,69
397.7131,15926,280,385,355,419,69
397.7380,15927,281,386,355,418,68
397.7636,15928,281,386,355,418,68
397.7918,15929,280,386,355,418,69
397.8180,15930,280,386,355,418,69
397.8440,15931,280,386,355,418,69
397.8680,15932,280,387,356,417,66
397.8944,15933,280,387,356,417,66
397.9200,15934,280,386,356,416,63
397.9459,15935,275,388,356,420,59
397.9718,15936,274,388,355,420,60
397.9966,15937,277,388,356,418,59
398.0228,15938,277,388,356,418,59
398.0487,15939,278,388,356,418,61
398.0740,15940,278,388,357,418,58
398.1001,15941,278,388,357,418,58
398.1269,15942,278,388,356,418,63
398.1519,15943,278,388,355,418,60
398.1775,15944,277,388,357,418,58
398.2031,15945,278,388,358,418,58
398.2285,15946,278,388,358,418,58
398.2547,15947,278,388,358,418,58
398.2814,15948,279,388,358,416,59
398.3057,15949,279,388,358,416,55
398.3316,15950,279,388,359,416,57
398.3580,15951,279,388,359,416,57
398.3831,15952,280,388,358,416,61
398.4086,15953,279,388,358,416,61
398.4351,15954,279,388,358,416,61
398.4629,15955,279,388,359,416,61
398.4872,15956,279,388,359,412,61
398.5128,15957,279,388,359,412,60
398.5385,15958,280,388,358,412,56
398.5654,15959,280,388,358,412,56
398.5895,15960,282,388,358,410,54
398.5895,15960,276,389,306,419,38
398.6156,15961,282,388,358,410,58
398.6423,15962,282,388,358,410,58
398.6663,15963,280,388,359,410,65
398.6944,15964,280,388,359,410,65
398.7182,15965,280,388,359,410,63
398.7453,15966,281,387,359,409,62
398.7698,15967,281,387,359,409,62
398.7980,15968,282,388,360,409,60
398.8231,15969,281,388,360,408,61
398.8489,15970,281,388,360,409,60
398.8733,15971,280,388,360,410,63
398.8993,15972,280,388,360,410,63
398.9249,15973,281,388,360,408,61
398.9514,15974,280,388,360,408,62
398.9748,15975,282,388,360,407,64
399.0004,15976,284,387,362,405,65
399.0293,15977,284,387,362,405,65
399.0528,15978,284,387,362,405,65
399.0803,15979,280,388,361,407,66
399.1052,15980,280,388,361,407,66
399.1331,15981,281,388,361,406,65
399.1583,15982,280,388,362,406,64
399.1830,15983,280,388,362,406,65
399.2079,15984,280,388,362,406,65
399.2346,15985,280,388,362,406,65
399.2603,15986,281,388,363,406,64
399.2868,15987,280,388,362,406,64
399.3117,15988,280,388,364,406,65
399.3368,15989,280,388,363,406,64
399.3635,15990,280,388,363,406,64
399.3902,15991,287,388,363,404,65
399.4155,15992,287,388,363,404,67
399.4409,15993,287,388,363,404,67
399.4680,15994,287,388,363,404,67
399.4923,15995,282,386,363,404,69
399.5201,15996,290,386,363,405,69
399.5444,15997,295,385,364,405,68
399.5704,15998,295,385,364,405,68
399.5977,15999,296,385,363,405,70
399.6240,16000,284,385,364,406,70
399.6487,16001,289,384,363,406,70
399.6736,16002,298,385,364,407,71
399.6998,16003,298,385,364,407,71
399.7253,16004,290,385,363,407,72
399.7503,16005,285,385,363,407,72
399.7769,16006,285,385,363,407,72
399.8033,16007,300,384,364,407,72
399.8283,16008,297,384,364,407,72
399.8550,16009,300,384,364,407,72
399.8792,16010,300,384,364,407,72
399.9072,16011,300,384,364,407,72
399.9325,16012,299,384,365,408,73
399.9571,16013,302,384,365,408,72
399.9834,16014,302,384,365,408,72
400.0072,16015,301,384,365,408,72
400.0342,16016,301,384,365,408,72
400.0589,16017,302,384,364,408,72
400.0841,16018,301,384,365,408,73
400.1113,16019,299,384,365,408,73
400.1368,16020,299,384,365,408,73
400.1608,16021,301,383,365,409,73
400.1865,16022,304,383,366,409,73
400.2134,16023,304,383,366,409,73
400.2382,16024,301,383,367,409,73
400.2651,16025,300,383,366,409,73
400.2897,16026,302,383,366,409,73
400.3152,16027,299,384,366,410,73
400.3408,16028,299,384,366,410,73
400.3694,16029,302,384,366,410,74
400.3928,16030,295,384,367,410,73
400.4183,16031,301,384,367,410,74
400.4439,16032,300,383,367,410,73
400.4709,16033,300,383,367,410,73
400.4966,16034,298,384,367,410,74
400.5221,16035,299,384,368,410,73
400.5478,16036,299,384,368,410,73
400.5746,16037,295,384,368,410,74
400.5994,16038,294,384,367,410,74
400.6246,16039,298,384,368,410,74
400.6494,16040,298,385,367,411,74
400.6765,16041,298,385,367,411,74
400.7022,16042,294,384,367,412,74
400.7289,16043,299,384,368,412,74
400.7542,16044,299,383,368,412,73
400.7797,16045,297,383,368,412,73
400.8042,16046,297,383,368,412,73
400.8299,16047,297,382,368,412,74
400.8555,16048,299,382,368,412,74
400.8814,16049,299,382,368,412,74
400.9072,16050,298,383,368,413,74
400.9337,16051,296,383,368,413,74
400.9580,16052,299,383,368,413,74
400.9829,16053,299,383,368,413,74
401.0082,16054,300,382,368,414,74
401.0350,16055,302,382,368,414,74
401.0598,16056,302,382,368,414,74
401.0835,16057,299,382,368,414,74
401.1131,16058,299,382,368,414,74
401.1387,16059,301,382,368,414,75
401.1644,16060,299,383,368,415,75
401.1908,16061,299,383,368,415,75
401.2164,16062,300,384,368,414,75
401.2427,16063,300,382,368,414,74
401.2685,16064,300,382,368,414,74
401.2932,16065,299,382,369,414,74
401.3181,16066,299,382,369,414,74
401.3463,16067,298,382,369,414,74
401.3720,16068,300,381,369,415,74
401.3967,16069,300,382,369,415,73
401.4231,16070,301,383,369,415,74
401.4490,16071,300,383,369,415,75
401.4751,16072,300,383,369,415,75
401.5006,16073,306,382,369,416,75
401.5259,16074,306,382,369,416,75
401.5516,16075,298,382,369,416,75
401.5774,16076,298,382,369,416,74
401.6030,16077,296,382,370,416,74
401.6287,16078,296,382,369,416,74
401.6541,16079,296,382,369,416,74
401.6822,16080,298,382,370,416,75
401.7067,16081,300,382,370,416,74
401.7334,16082,300,382,370,417,74
401.7574,16083,301,383,370,417,74
401.7826,16084,301,383,370,417,74
401.8126,16085,296,383,369,417,75
401.8405,16086,313,382,370,418,75
401.8640,16087,313,382,370,418,75
401.8917,16088,314,381,370,419,75
401.9173,16089,311,381,370,419,75
401.9434,16090,299,381,370,419,74
401.9669,16091,312,382,370,420,74
401.9923,16092,297,382,370,420,74
402.0186,16093,297,382,370,420,74
402.0446,16094,297,381,370,419,74
402.0708,16095,308,381,371,420,74
402.0959,16096,311,382,371,420,74
402.1208,16097,313,382,370,420,74
402.1483,16098,313,382,370,420,74
402.1737,16099,315,382,370,422,75
402.1981,16100,315,382,370,422,75
402.2232,16101,314,382,370,422,75
402.2505,16102,312,382,370,422,75
402.2764,16103,307,381,371,422,75
402.3004,16104,308,380,371,422,75
402.3265,16105,308,380,371,422,75
402.3537,16106,308,380,371,422,75
402.3791,16107,311,380,371,422,75
402.4051,16108,309,380,371,422,74
402.4302,16109,314,378,371,422,75
402.4569,16110,314,378,371,422,75
402.4834,16111,313,380,371,422,75
402.5091,16112,308,380,371,422,74
402.5343,16113,308,380,371,422,74
402.5632,16114,308,380,372,422,73
402.5854,16115,315,382,371,423,74
402.6119,16116,314,382,371,424,75
402.6357,16117,314,382,371,424,75
402.6631,16118,314,382,371,424,75
402.6890,16119,316,380,371,424,76
402.7146,16120,316,380,371,424,75
402.7411,16121,313,380,371,424,75
402.7669,16122,313,379,371,424,75
402.7924,16123,318,378,372,424,75
402.8189,16124,318,378,372,424,75
402.8449,16125,310,380,372,424,75
402.8701,16126,310,380,372,424,75
402.8964,16127,312,380,372,424,74
402.9226,16128,310,381,372,425,75
402.9469,16129,308,381,372,425,75
402.9729,16130,310,380,373,424,74
402.9982,16131,310,380,373,424,74
403.0229,16132,312,381,373,425,74
403.0496,16133,312,381,373,425,74
403.0763,16134,315,380,373,425,75
403.1015,16135,312,381,373,425,74
403.1298,16136,312,381,373,425,75
403.1539,16137,312,381,373,425,75
403.1803,16138,314,380,373,426,74
403.2050,16139,314,380,373,426,74
403.2328,16140,312,382,373,426,74
403.2572,16141,309,380,372,426,74
403.2841,16142,309,380,372,426,75
403.3081,16143,309,380,373,428,75
403.3348,16144,309,380,373,428,75
403.3599,16145,309,379,373,428,76
403.3865,16146,312,380,373,428,77
403.4115,16147,313,379,373,429,77
403.4355,16148,313,379,373,429,77
403.4613,16149,313,379,373,429,77
403.4875,16150,314,380,373,430,77
403.5143,16151,320,380,373,430,77
403.5395,16152,320,380,373,430,77
403.5658,16153,315,380,373,430,77
403.5897,16154,318,379,374,430,77
403.6156,16155,317,380,373,430,77
403.6407,16156,320,381,374,431,77
403.6658,16157,320,381,374,431,77
403.6917,16158,314,380,374,430,77
403.7174,16159,319,380,374,430,77
403.7424,16160,319,380,374,430,76
403.7681,16161,318,380,374,431,77
403.7949,16162,318,380,374,431,77
403.8205,16163,326,381,374,431,76
403.8469,16164,326,381,374,431,76
403.8732,16165,320,380,374,431,76
403.8983,16166,320,380,374,431,76
403.9238,16167,316,379,374,431,76
403.9497,16168,318,379,374,431,76
403.9750,16169,318,379,374,431,76
404.0023,16170,322,381,374,431,76
404.0289,16171,319,379,374,431,76
404.0542,16172,325,379,374,431,76
404.0794,16173,317,379,375,431,76
404.1037,16174,318,378,375,432,76
404.1304,16175,318,378,375,432,76
404.1557,16176,318,377,374,431,75
404.1804,16177,326,380,374,432,76
404.2088,16178,322,379,374,431,76
404.2321,16179,322,379,374,431,76
404.2574,16180,322,379,374,431,76
404.2841,16181,312,378,376,431,76
404.3097,16182,312,378,376,431,76
404.3371,16183,308,377,376,431,76
404.3640,16184,304,378,376,431,77
404.3887,16185,302,377,376,431,76
404.4141,16186,302,377,377,431,75
404.4413,16187,302,377,377,431,75
404.4705,16188,303,377,378,431,75
404.4973,16189,302,377,378,431,75
404.5243,16190,303,377,378,431,76
404.5493,16191,302,378,378,430,74
404.5767,16192,302,378,378,430,74
404.6026,16193,300,376,379,430,76
404.6309,16194,301,376,379,430,74
404.6566,16195,301,376,379,430,75
404.6849,16196,301,376,379,430,75
404.7092,16197,300,376,379,430,75
404.7345,16198,303,378,379,430,74
404.7609,16199,302,377,380,431,73
404.7856,16200,306,380,380,430,72
404.8130,16201,306,380,380,430,72
404.8402,16202,304,378,381,430,71
404.8653,16203,305,378,381,430,70
404.8920,16204,302,377,381,429,68
404.9179,16205,302,377,381,429,68
404.9425,16206,303,375,382,429,71
404.9728,16207,304,377,382,429,70
404.9986,16208,306,377,382,429,70
405.0225,16209,307,378,382,430,70
405.0496,16210,307,378,382,430,70
405.0762,16211,309,379,382,429,70
405.1035,16212,308,378,382,428,70
405.1308,16213,309,377,383,429,70
405.1531,16214,309,376,383,428,71
405.1780,16215,313,384,383,428,69
405.2056,16216,313,384,383,428,69
405.2302,16217,314,386,384,428,68
405.2568,16218,314,386,384,428,68
405.2839,16219,312,386,384,428,70
405.3104,16220,310,381,383,427,68
405.3347,16221,312,384,383,428,71
405.3627,16222,312,387,384,427,69
405.3863,16223,313,387,384,427,70
405.4138,16224,313,387,384,427,70
405.4395,16225,312,386,384,428,70
405.4672,16226,313,388,384,427,70
405.4903,16227,314,389,384,427,69
405.5171,16228,315,393,384,427,69
405.5440,16229,315,393,384,427,69
405.5704,16230,314,390,384,427,70
405.5949,16231,314,393,384,427,69
405.6219,16232,314,393,384,427,69
405.6473,16233,315,395,385,427,67
405.6730,16234,315,392,385,427,68
405.6998,16235,316,395,386,427,68
405.7255,16236,314,393,386,427,69
405.7512,16237,314,393,386,427,69
405.7786,16238,315,393,386,427,68
405.8053,16239,315,393,386,427,69
405.8308,16240,314,391,386,427,69
405.8555,16241,315,393,386,427,67
405.8834,16242,315,393,386,427,67
405.9099,16243,316,395,386,427,67
405.9346,16244,316,395,386,427,66
405.9618,16245,317,396,386,426,66
405.9883,16246,317,396,386,426,66
406.0114,16247,315,394,386,426,70
406.0414,16248,315,394,386,426,69
406.0691,16249,314,393,386,427,68
406.0934,16250,313,390,386,426,69
406.1192,16251,313,390,386,426,69
406.1460,16252,314,389,386,426,69
406.1716,16253,312,388,386,426,68
406.1992,16254,315,393,387,425,66
406.2257,16255,312,387,386,425,64
406.2496,16256,314,388,386,426,63
406.2745,16257,314,388,386,426,63
406.3017,16258,313,389,386,425,64
406.3292,16259,313,389,386,425,64
406.3533,16260,314,386,386,425,63
406.3798,16261,315,389,386,425,60
406.4082,16262,315,389,386,425,61
406.4330,16263,317,392,386,425,60
406.4606,16264,317,392,386,425,60
406.4862,16265,316,393,387,425,66
406.5131,16266,316,393,386,425,64
406.5389,16267,316,394,387,425,66
406.5675,16268,316,395,387,425,63
406.5928,16269,317,395,387,425,66
406.6172,16270,317,395,387,425,66
406.6435,16271,316,392,386,425,64
406.6678,16272,319,397,387,425,64
406.6943,16273,319,397,387,425,64
406.7221,16274,317,394,387,425,65
406.7466,16275,316,392,386,425,64
406.7741,16276,316,393,387,425,64
406.8013,16277,315,392,387,424,67
406.8260,16278,315,392,387,424,67
406.8516,16279,315,392,387,425,65
406.8778,16280,316,393,387,425,64
406.9039,16281,316,392,387,424,66
406.9322,16282,316,392,387,424,64
406.9569,16283,316,392,387,424,64
406.9848,16284,314,387,387,423,62
407.0100,16285,316,389,387,423,49
407.0343,16286,316,389,387,423,49
407.0613,16287,316,389,387,423,49
407.0888,16288,322,398,387,423,48
407.1140,16289,324,400,387,423,50
407.1422,16290,321,395,387,423,49
407.1665,16291,319,394,387,423,56
407.1920,16292,319,394,387,423,56
407.2204,16293,320,393,387,423,53
407.2468,16294,322,397,387,423,53
407.2711,16295,324,399,388,423,52
407.2978,16296,322,399,388,423,52
407.3237,16297,322,399,388,423,52
407.3501,16298,323,401,387,423,53
407.3736,16299,323,403,387,423,52
407.4017,16300,321,397,387,423,55
407.4277,16301,321,397,387,423,55
407.4553,16302,321,397,387,423,55
407.4794,16303,320,397,387,423,55
407.5048,16304,320,400,388,422,51
407.5302,16305,321,398,387,422,54
407.5578,16306,321,398,387,422,54
407.5840,16307,321,400,388,422,52
407.6094,16308,323,404,388,422,54
407.6355,16309,322,402,388,422,55
407.6609,16310,322,402,388,422,55
407.6866,16311,322,401,388,423,57
407.7119,16312,320,396,388,422,59
407.7358,16313,318,396,389,422,61
407.7625,16314,318,396,389,422,61
407.7887,16315,323,403,389,423,57
407.8150,16316,320,395,389,422,60
407.8412,16317,320,395,389,422,60
407.8677,16318,320,398,389,422,59
407.8950,16319,320,398,389,422,59
407.9212,16320,321,400,389,422,58
407.9465,16321,319,398,389,422,59
407.9705,16322,319,398,389,422,57
407.9974,16323,319,398,389,422,57
408.0247,16324,320,399,389,422,58
408.0498,16325,321,398,389,422,54
408.0744,16326,322,404,390,422,51
408.1008,16327,322,404,390,422,51
408.1255,16328,322,403,390,421,46
408.1516,16329,320,403,390,421,47
408.1774,16330,323,405,390,421,45
408.2026,16331,324,408,391,420,43
408.2314,16332,324,408,391,420,43
408.2557,16333,324,408,391,420,43
408.2813,16334,324,406,391,420,45
408.3049,16335,320,401,391,420,45
408.3335,16336,320,401,391,420,45
408.3581,16337,316,392,392,420,45
408.3831,16338,316,392,392,420,46
408.4084,16339,320,401,391,420,45
408.4338,16340,320,401,391,420,45
408.4608,16341,326,408,392,420,45
408.4855,16342,324,407,392,420,43
408.5098,16343,326,408,392,420,47
408.5345,16344,326,408,392,420,48
408.5619,16345,326,408,392,420,48
408.5875,16346,321,402,392,420,47
408.6137,16347,324,408,392,420,47
408.6394,16348,324,408,392,420,47
408.6642,16349,324,408,392,420,47
408.6932,16350,325,409,392,420,49
408.7155,16351,326,409,392,421,53
408.7419,16352,326,409,392,421,53
408.7684,16353,325,408,392,420,54
408.7979,16354,325,408,393,421,54
408.8199,16355,321,405,393,421,58
408.8463,16356,320,404,394,422,62
408.8713,16357,320,404,394,422,62
408.8989,16358,320,405,394,422,64
408.9236,16359,321,404,395,422,65
408.9483,16360,318,400,396,422,66
408.9740,16361,319,403,396,423,65
408.9995,16362,325,405,396,423,65
409.0256,16363,325,405,396,423,65
409.0502,16364,319,400,396,424,66
409.0771,16365,319,400,396,424,66
409.1038,16366,316,397,396,423,68
409.1290,16367,315,396,397,424,70
409.1540,16368,316,398,397,424,70
409.1808,16369,316,398,397,424,69
409.2061,16370,316,398,397,424,69
409.2326,16371,315,396,397,424,70
409.2583,16372,315,396,397,424,71
409.2849,16373,316,396,398,424,70
409.3124,16374,315,395,397,425,71
409.3354,16375,315,395,397,425,71
409.3620,16376,313,394,397,424,73
409.3860,16377,314,395,398,425,71
409.4159,16378,314,395,398,425,71
409.4399,16379,314,395,398,425,73
409.4656,16380,313,394,398,426,73
409.4916,16381,315,396,398,426,72
409.5166,16382,314,395,397,425,73
409.5437,16383,314,395,398,425,73
409.5694,16384,314,395,398,425,73
409.5961,16385,314,394,397,426,73
409.6237,16386,314,395,398,426,73
409.6474,16387,313,394,398,426,73
409.6744,16388,313,394,398,426,72
409.6995,16389,313,394,398,426,72
409.7257,16390,314,394,398,426,73
409.7508,16391,314,394,398,426,73
409.7776,16392,313,394,397,426,73
409.8030,16393,313,394,398,426,74
409.8288,16394,314,394,398,426,73
409.8532,16395,312,394,398,426,73
409.8788,16396,312,394,398,426,73
409.9054,16397,314,394,398,426,74
409.9333,16398,314,394,397,426,75
409.9572,16399,313,394,398,426,74
409.9829,16400,313,394,397,426,74
410.0094,16401,313,394,397,426,74
410.0352,16402,313,394,398,426,74
410.0614,16403,314,394,398,426,74
410.0883,16404,314,394,398,426,74
410.1152,16405,313,394,398,426,73
410.1396,16406,312,393,398,427,71
410.1654,16407,313,394,398,426,72
410.1911,16408,313,395,398,427,72
410.2169,16409,312,395,398,427,71
410.2423,16410,312,395,398,427,71
410.2699,16411,313,395,398,427,70
410.2965,16412,314,395,398,427,71
410.3220,16413,314,395,398,427,72
410.3479,16414,315,395,399,427,73
410.3765,16415,315,395,399,427,73
410.4006,16416,315,395,398,428,71
410.4262,16417,314,394,399,428,72
410.4527,16418,314,394,399,428,72
410.4808,16419,315,395,398,428,72
410.5075,16420,314,395,398,429,73
410.5336,16421,314,394,398,428,72
410.5581,16422,320,399,399,429,71
410.5839,16423,320,399,399,429,71
410.6104,16424,315,395,398,429,73
410.6351,16425,315,396,398,428,72
410.6608,16426,318,397,399,429,71
410.6861,16427,318,397,399,429,71
410.7129,16428,318,397,399,429,71
410.7374,16429,314,395,398,429,72
410.7625,16430,318,397,399,429,72
410.7887,16431,318,397,399,429,72
410.8156,16432,318,398,399,430,73
410.8414,16433,318,398,399,430,73
410.8661,16434,320,398,399,430,73
410.8922,16435,317,397,398,430,73
410.9190,16436,317,397,398,430,73
410.9450,16437,320,398,399,430,73
410.9723,16438,317,398,399,430,74
410.9972,16439,317,398,399,430,74
411.0222,16440,319,397,399,431,74
411.0484,16441,319,398,399,431,74
411.0747,16442,319,398,399,431,74
411.1004,16443,321,399,399,431,75
411.1282,16444,321,399,399,431,75
411.1529,16445,321,398,400,432,75
411.1792,16446,323,399,400,431,75
411.2028,16447,322,399,400,431,75
411.2290,16448,326,400,400,432,75
411.2543,16449,326,400,400,432,75
411.2802,16450,322,399,400,431,75
411.3069,16451,324,398,400,432,74
411.3323,16452,324,399,400,432,75
411.3578,16453,324,399,400,432,75
411.3832,16454,324,399,400,432,75
411.4117,16455,327,398,400,432,74
411.4367,16456,324,399,400,432,75
411.4621,16457,324,399,400,432,75
411.4876,16458,324,399,400,433,75
411.5159,16459,322,398,399,432,74
411.5400,16460,320,397,399,434,74
411.5662,16461,322,398,399,434,74
411.5902,16462,322,398,399,434,74
411.6173,16463,321,398,400,434,73
411.6431,16464,325,398,400,434,73
411.6687,16465,322,398,399,434,73
411.6940,16466,323,398,399,435,73
411.7205,16467,323,398,399,435,73
411.7455,16468,322,398,400,435,73
411.7729,16469,324,398,400,436,73
411.7970,16470,324,398,400,436,73
411.8237,16471,325,399,400,435,73
411.8485,16472,325,399,400,435,73
411.8739,16473,324,398,400,436,73
411.9011,16474,326,398,400,436,73
411.9264,16475,326,398,400,436,73
411.9517,16476,330,398,400,436,73
411.9800,16477,343,400,401,436,74
412.0046,16478,331,399,400,436,73
412.0311,16479,326,398,400,436,73
412.0578,16480,326,398,400,436,73
412.0827,16481,341,400,400,436,73
412.1079,16482,341,399,400,437,72
412.1380,16483,341,399,400,437,72
412.1617,16484,324,398,399,436,72
412.1861,16485,338,400,400,438,72
412.2123,16486,341,400,400,438,73
412.2389,16487,341,400,400,438,73
412.2630,16488,343,399,400,438,74
412.2910,16489,343,399,400,438,74
412.3153,16490,337,400,400,438,73
412.3411,16491,341,400,400,438,73
412.3667,16492,341,400,400,438,74
412.3922,16493,340,399,401,439,74
412.4188,16494,340,399,401,439,74
412.4456,16495,339,399,400,438,73
412.4705,16496,339,399,400,438,73
412.4978,16497,340,399,401,439,73
412.5219,16498,341,400,401,438,74
412.5480,16499,340,399,401,439,73
412.5724,16500,338,398,401,438,73
412.5992,16501,338,398,401,438,73
412.6252,16502,337,398,401,438,73
412.6508,16503,337,398,401,438,73
412.6755,16504,338,398,401,438,72
412.7010,16505,340,399,401,439,74
412.7273,16506,340,399,401,439,74
412.7532,16507,342,398,401,438,74
412.7771,16508,338,397,401,438,73
412.8042,16509,338,397,401,438,73
412.8318,16510,327,396,400,438,73
412.8554,16511,343,399,400,439,75
412.8810,16512,343,398,400,438,73
412.9074,16513,332,396,400,438,73
412.9329,16514,332,396,400,438,73
412.9585,16515,332,397,399,439,73
412.9852,16516,342,399,399,441,72
413.0106,16517,346,399,400,441,74
413.0343,16518,346,399,400,441,74
413.0600,16519,346,399,400,441,74
413.0865,16520,344,398,399,442,75
413.1127,16521,346,399,399,442,75
413.1387,16522,346,399,399,442,75
413.1661,16523,345,398,399,442,74
413.1920,16524,346,398,399,442,76
413.2166,16525,345,399,399,443,76
413.2421,16526,346,398,400,442,76
413.2672,16527,346,398,400,442,76
413.2951,16528,345,398,399,443,76
413.3198,16529,345,398,399,444,77
413.3450,16530,346,397,399,443,76
413.3713,16531,346,397,399,443,76
413.3983,16532,346,397,399,443,76
413.4234,16533,347,398,399,444,77
413.4495,16534,347,398,399,444,77
413.4746,16535,347,398,399,444,77
413.5012,16536,346,397,399,443,77
413.5279,16537,346,397,399,444,77
413.5537,16538,346,398,400,444,77
413.5775,16539,346,398,399,444,76
413.6042,16540,346,398,399,444,76
413.6319,16541,346,396,399,444,77
413.6582,16542,346,398,400,444,77
413.6823,16543,348,397,399,445,77
413.7072,16544,346,396,399,444,77
413.7314,16545,346,396,399,444,77
413.7596,16546,347,396,399,444,77
413.7839,16547,348,397,400,445,78
413.8098,16548,348,397,400,445,78
413.8364,16549,346,396,400,444,76
413.8621,16550,346,396,400,444,77
413.8871,16551,347,396,400,444,77
413.9128,16552,347,396,400,444,77
413.9374,16553,346,396,400,444,77
413.9654,16554,346,396,400,444,77
413.9935,16555,346,396,400,444,77
414.0170,16556,345,396,400,444,76
414.0421,16557,344,395,400,445,76
414.0695,16558,344,395,400,445,76
414.0962,16559,344,395,400,444,77
414.1210,16560,345,396,400,444,76
414.1477,16561,345,396,400,444,76
414.1724,16562,342,396,401,444,76
414.1987,16563,341,396,401,442,75
414.2232,16564,340,396,402,441,75
414.2489,16565,342,397,402,441,75
414.2749,16566,342,397,402,441,75
414.2996,16567,340,396,403,440,75
414.3269,16568,338,397,404,440,74
414.3516,16569,338,398,404,440,72
414.3768,16570,340,400,405,440,72
414.4029,16571,340,400,405,440,72
414.4288,16572,338,399,405,439,71
414.4543,16573,337,398,406,440,70
414.4815,16574,341,402,406,439,70
414.5067,16575,341,402,406,439,70
414.5310,16576,339,402,407,438,68
414.5557,16577,340,404,408,438,69
414.5833,16578,340,404,408,438,69
414.6085,16579,342,405,408,439,69
414.6350,16580,341,404,409,438,71
414.6602,16581,344,406,409,438,70
414.6864,16582,343,406,410,438,71
414.7113,16583,343,406,410,438,71
414.7385,16584,342,404,410,438,71
414.7634,16585,344,406,410,438,71
414.7897,16586,347,407,411,437,72
414.8143,16587,348,409,412,437,70
414.8406,16588,348,409,412,437,70
414.8672,16589,347,410,411,438,70
414.8918,16590,344,407,411,437,70
414.9179,16591,344,407,411,437,70
414.9450,16592,347,409,411,437,70
414.9698,16593,343,407,412,437,71
414.9968,16594,347,409,413,437,70
415.0210,16595,346,408,412,436,70
415.0476,16596,346,408,412,436,70
415.0738,16597,344,407,413,437,70
415.1001,16598,345,408,413,436,70
415.1263,16599,342,406,413,436,71
415.1516,16600,345,408,414,436,70
415.1768,16601,345,408,414,436,70
415.2034,16602,343,408,414,436,70
415.2280,16603,340,406,414,436,71
415.2540,16604,340,406,414,436,71
415.2808,16605,341,406,414,436,72
415.3073,16606,343,407,414,436,70
415.3307,16607,339,406,414,436,71
415.3574,16608,339,406,414,436,71
415.3831,16609,340,406,415,436,71
415.4090,16610,343,408,414,436,70
415.4343,16611,343,408,414,436,70
415.4603,16612,343,408,414,436,70
415.4873,16613,342,408,415,436,69
415.5125,16614,343,408,415,436,70
415.5379,16615,341,407,415,435,70
415.5642,16616,344,408,415,435,70
415.5887,16617,344,408,415,435,70
415.6158,16618,344,409,416,435,69
415.6407,16619,342,407,416,435,70
415.6670,16620,344,408,414,436,66
415.6926,16621,344,408,414,436,66
415.7199,16622,359,414,414,440,73
415.7451,16623,357,412,417,442,76
415.7698,16624,357,412,417,442,76
415.7944,16625,357,410,420,444,77
415.8210,16626,366,412,423,444,76
415.8490,16627,366,412,423,444,76
415.8746,16628,366,414,428,446,76
415.8989,16629,369,414,430,447,76
415.9248,16630,369,414,430,447,76
415.9506,16631,374,415,431,447,77
415.9787,16632,364,414,433,448,76
416.0027,16633,364,413,434,449,75
416.0290,16634,364,413,434,449,75
416.0549,16635,365,414,435,450,75
416.0803,16636,360,412,437,450,74
416.1050,16637,360,412,437,450,74
416.1324,16638,364,414,436,452,66
416.1581,16639,388,423,443,454,64
416.1844,16640,404,438,460,452,66
416.2096,16641,411,438,475,450,63
416.2349,16642,411,438,475,450,63
416.2618,16643,411,438,475,450,63
416.2873,16644,419,436,497,448,58
416.3128,16645,431,434,507,448,65
416.3385,16646,440,434,514,448,65
416.3635,16647,458,431,520,447,63
416.3895,16648,458,431,520,447,63
416.4146,16649,478,420,528,452,79
416.4402,16650,484,410,545,442,78
416.4655,16651,484,410,545,442,78
416.4941,16652,486,400,557,438,77
416.5176,16653,507,392,567,436,76
416.5435,16654,509,387,577,437,77
416.5681,16655,514,382,586,436,79
416.5958,16656,514,382,586,436,79
416.6202,16657,522,378,594,430,78
416.6463,16658,522,378,594,430,78
416.6718,16659,536,370,607,418,77
416.6976,16660,541,368,613,414,77
416.7230,16661,541,368,613,414,77
416.7494,16662,544,364,619,412,77
416.7752,16663,544,364,619,412,77
416.8003,16664,547,362,625,408,76
416.8269,16665,550,359,630,405,76
416.8535,16666,554,357,634,401,76
416.8780,16667,556,356,639,398,75
416.9036,16668,558,354,642,396,77
416.9295,16669,558,354,642,396,77
416.9544,16670,561,353,646,393,77
416.9803,16671,564,352,650,392,77
417.0064,16672,567,349,654,389,76
417.0314,16673,567,349,654,389,76
417.0574,16674,567,349,654,389,76
417.0825,16675,572,346,660,386,77
417.1079,16676,572,346,660,386,77
417.1351,16677,578,345,662,383,75
417.1622,16678,584,344,666,380,73
417.1849,16679,583,343,669,380,73
417.2095,16680,590,341,672,376,73
417.2361,16681,590,341,672,376,73
417.2624,16682,593,340,675,376,74
417.2884,16683,593,339,677,375,74
417.3134,16684,596,339,679,373,73
417.3388,16685,632,342,684,364,60
417.3658,16686,632,342,684,364,60
417.3918,16687,640,341,694,361,70
417.4170,16688,643,342,703,362,71
417.4422,16689,643,342,703,362,71
417.4684,16690,647,344,712,364,71
417.4937,16691,646,346,720,366,71
417.5194,16692,646,346,726,368,69
417.5445,16693,650,346,732,370,67
417.5704,16694,650,346,732,370,67
417.5973,16695,664,350,740,371,67
417.6230,16696,664,350,744,372,68
417.6488,16697,674,352,750,372,70
417.6725,16698,679,353,753,373,71
417.6991,16699,679,353,753,373,71
417.7249,16700,678,353,758,374,71
417.7489,16701,678,353,758,374,71
417.7759,16702,682,353,762,375,71
417.8018,16703,694,356,766,376,71
417.8266,16704,718,356,766,384,74
417.8515,16705,722,352,774,390,76
417.8761,16706,722,352,774,390,76
417.9028,16707,728,354,784,394,74
417.9298,16708,722,356,792,398,72
417.9546,16709,722,355,799,403,71
417.9794,16710,730,361,806,405,70
418.0061,16711,730,361,806,405,70
418.0329,16712,744,371,812,407,71
418.0579,16713,742,371,816,409,71
418.0826,16714,744,372,821,410,71
418.1111,16715,744,372,821,410,71
418.1347,16716,742,368,825,412,71
418.1598,16717,751,380,829,415,69
418.1846,16718,780,389,823,423,70
418.1846,16718,748,371,774,397,47
418.2122,16719,780,389,823,423,70
418.2122,16719,748,371,774,397,47
418.2367,16720,792,387,824,423,78
418.2641,16721,781,387,827,419,74
418.2876,16722,770,388,831,422,69
418.3139,16723,760,390,834,424,67
418.3388,16724,760,390,834,424,67
418.3652,16725,752,398,834,426,70
418.3916,16726,744,402,828,427,64
418.4157,16727,737,403,825,428,57
418.4437,16728,737,403,825,428,57
418.4678,16729,732,406,824,430,51
418.4928,16730,725,414,787,438,73
418.5179,16731,725,414,787,438,73
418.5443,16732,710,414,782,436,63
418.5724,16733,696,425,765,439,63
418.5962,16734,684,425,754,443,70
418.6220,16735,672,424,742,445,71
418.6470,16736,672,424,742,445,71
418.6741,16737,662,425,734,447,73
418.7017,16738,654,426,734,448,71
418.7282,16739,646,426,730,450,72
418.7508,16740,639,427,727,451,65
418.7786,16741,639,427,727,451,65
418.8031,16742,632,426,726,452,70
418.8285,16743,626,425,720,453,71
418.8527,16744,626,425,720,453,71
418.8804,16745,619,428,711,454,70
418.9057,16746,614,429,708,455,69
418.9327,16747,608,430,702,456,71
418.9562,16748,605,433,699,456,69
418.9817,16749,605,433,699,456,69
419.0076,16750,600,436,696,456,70
419.0340,16751,596,441,662,463,71
419.0610,16752,586,439,656,463,73
419.0862,16753,575,440,645,462,67
419.1122,16754,575,440,645,462,67
419.1373,16755,564,438,650,462,56
419.2664,16760,531,452,608,464,36
419.2916,16761,526,453,596,465,43
419.3175,16762,526,453,596,465,43
419.3438,16763,520,453,590,465,52
419.3704,16764,514,454,592,466,54
419.3956,16765,509,454,588,466,54
419.4201,16766,505,454,578,466,55
419.4481,16767,505,454,578,466,55
419.4732,16768,500,454,573,466,59
419.4988,16769,496,454,560,467,65
419.5257,16770,496,454,560,467,65
419.5517,16771,491,452,552,472,76
419.5517,16771,548,450,578,468,41
419.5785,16772,482,448,546,472,75
419.6039,16773,470,447,550,473,71
419.6294,16774,461,454,542,476,67
419.6548,16775,461,454,542,476,67
419.6827,16776,453,458,538,478,70
419.7063,16777,445,460,530,479,70
419.7317,16778,438,461,522,479,68
419.7573,16779,432,461,521,481,65
419.7818,16780,432,461,521,481,65
419.8083,16781,426,464,508,482,64
419.8350,16782,421,464,506,483,66
419.8613,16783,421,464,506,483,66
419.8843,16784,415,467,495,484,66
419.9112,16785,410,468,491,484,69
419.9363,16786,407,467,489,485,67
419.9618,16787,402,468,489,486,67
419.9883,16788,402,468,489,486,67
420.0141,16789,397,471,480,487,65
420.0388,16790,394,472,469,486,63
420.0663,16791,394,472,469,486,63
420.0920,16792,390,474,462,486,60
420.1183,16793,386,475,459,487,56
420.1437,16794,382,475,448,487,52
420.1677,16795,380,475,449,487,54
420.1947,16796,380,475,449,487,54
420.2209,16797,376,477,440,487,51
420.2465,16798,376,477,440,487,51
420.2719,16799,371,478,432,487,40
420.5812,16811,348,479,406,487,37
420.6067,16812,346,479,404,487,51
420.6308,16813,346,479,404,487,51
420.6580,16814,346,479,404,487,51
420.6842,16815,341,479,397,487,38
420.7097,16816,341,479,397,487,38
420.7363,16817,340,479,394,487,38
420.7638,16818,338,478,393,487,45
420.7879,16819,335,478,389,488,36
420.8142,16820,333,478,387,487,34
420.8384,16821,333,478,387,487,34
420.8646,16822,332,479,384,487,41
420.8912,16823,330,479,383,487,42
420.9185,16824,329,479,380,487,30
420.9430,16825,327,479,379,487,38
421.0753,16830,323,478,370,488,36
421.1276,16832,319,478,366,488,36
421.1540,16833,317,478,366,488,34
421.1783,16834,316,478,365,488,30
421.2039,16835,316,478,365,488,30
421.2308,16836,315,478,363,488,36
421.2580,16837,314,478,362,488,32
421.2831,16838,314,478,365,488,51
421.3060,16839,310,478,362,492,72
421.3318,16840,310,478,362,492,72
421.3585,16841,303,478,360,492,60
421.4381,16844,287,483,345,497,33
421.4612,16845,283,484,340,498,59
421.4864,16846,278,484,338,499,69
421.5141,16847,278,484,338,499,69
421.5405,16848,274,484,337,500,71
421.5661,16849,271,484,331,502,71
421.5918,16850,268,484,332,502,70
421.6175,16851,263,485,331,503,70
421.6439,16852,260,487,326,505,69
421.6677,16853,260,487,326,505,69
421.6947,16854,257,486,324,506,71
421.7197,16855,257,486,324,506,71
421.7462,16856,254,488,317,506,70
421.7723,16857,252,488,318,506,70
421.7984,16858,249,488,315,508,70
421.8228,16859,246,488,312,508,69
421.8484,16860,243,487,311,509,69
421.8740,16861,243,487,311,509,69
421.9005,16862,240,488,310,510,69
421.9264,16863,238,488,311,510,71
421.9512,16864,236,487,311,511,72
421.9763,16865,233,488,312,512,61
422.0022,16866,233,488,312,512,61
422.0273,16867,231,487,311,512,71
422.0544,16868,231,487,311,512,71
422.0800,16869,231,489,300,515,66
422.1080,16870,236,493,276,521,71
422.1331,16871,284,488,306,502,67
422.1331,16871,238,488,264,520,65
422.1583,16872,237,484,262,518,78
422.1583,16872,247,484,291,506,43
422.1835,16873,237,484,262,518,78
422.1835,16873,247,484,291,506,43
422.2109,16874,235,482,265,518,73
422.2350,16875,232,482,265,518,72
422.2604,16876,230,484,263,518,73
422.2844,16877,229,485,262,519,74
422.3105,16878,229,485,262,519,74
422.3371,16879,229,484,262,518,74
422.3627,16880,229,483,261,519,74
422.3894,16881,229,483,261,519,74
422.4137,16882,228,482,260,519,73
422.4410,16883,227,481,260,519,69
422.4659,16884,227,480,259,519,71
422.4910,16885,227,481,259,519,73
422.5165,16886,227,481,259,519,73
422.5426,16887,227,480,258,519,74
422.5680,16888,227,482,260,518,71
422.5954,16889,227,483,259,519,69
422.6206,16890,226,483,260,519,67
422.6468,16891,226,483,260,519,67
422.6715,16892,226,484,256,516,41
422.8289,16898,236,486,250,522,43
422.8537,16899,236,486,250,522,43
423.0336,16906,260,484,311,564,49
423.0579,16907,260,484,311,564,49
423.0828,16908,264,481,310,567,64
423.2142,16913,268,485,278,515,46
423.2390,16914,268,484,278,518,45
423.2659,16915,267,482,278,520,54
423.2892,16916,268,481,278,520,57
423.3151,16917,268,481,278,520,57
423.3409,16918,267,479,278,519,60
423.3673,16919,267,478,277,520,61
423.3909,16920,267,477,277,519,61
423.4176,16921,267,477,277,519,61
423.4427,16922,267,476,277,520,62
423.4679,16923,266,474,278,520,61
423.4932,16924,266,474,278,520,61
423.5200,16925,266,474,277,520,61
423.5461,16926,266,472,277,520,60
423.5729,16927,266,472,277,520,59
423.5975,16928,266,470,276,520,59
423.6230,16929,266,470,276,519,58
423.6486,16930,266,470,276,519,58
423.6752,16931,265,470,277,520,62
423.7026,16932,263,470,278,518,66
423.7293,16933,262,469,278,517,64
423.7549,16934,262,469,278,517,64
423.7809,16935,262,468,276,518,60
423.8055,16936,261,466,274,518,57
423.8318,16937,261,466,274,518,57
423.8560,16938,261,466,274,518,57
423.8836,16939,260,465,274,519,61
423.9081,16940,259,464,274,518,64
423.9327,16941,259,462,273,518,63
423.9581,16942,259,462,273,518,63
423.9846,16943,259,462,273,518,64
424.0107,16944,259,461,273,518,63
424.0385,16945,259,460,273,518,62
424.0628,16946,258,460,273,518,65
424.0903,16947,258,460,273,518,65
424.1144,16948,258,460,273,518,65
424.1411,16949,258,459,273,518,65
424.1657,16950,258,459,273,518,65
424.1923,16951,258,459,273,518,65
424.2187,16952,258,458,272,518,66
424.2443,16953,258,458,272,518,66
424.2696,16954,257,458,273,518,66
424.2947,16955,257,458,273,518,66
424.3212,16956,257,458,272,518,66
424.3480,16957,257,456,272,518,66
424.3722,16958,257,456,272,519,65
424.3978,16959,257,456,272,519,64
424.4252,16960,257,456,272,519,64
424.4495,16961,257,455,271,519,64
424.4746,16962,257,456,271,518,64
424.4991,16963,257,456,271,518,64
424.5256,16964,256,456,272,518,64
424.5529,16965,257,455,271,519,62
424.5782,16966,257,455,271,518,63
424.6021,16967,257,454,271,518,62
424.6270,16968,257,454,271,518,62
424.6544,16969,257,454,271,518,62
424.6809,16970,256,454,271,518,62
424.7069,16971,256,454,271,518,60
424.7320,16972,256,454,271,518,60
424.7590,16973,256,454,271,518,60
424.7829,16974,256,454,271,518,61
424.8105,16975,257,454,272,516,62
424.8353,16976,257,454,272,516,62
424.8634,16977,254,458,275,511,77
424.8876,16978,252,458,278,512,76
424.9139,16979,249,458,282,512,75
424.9388,16980,248,458,285,510,77
424.9645,16981,248,458,285,510,77
424.9911,16982,247,457,288,509,76
425.0163,16983,246,456,290,512,76
425.0422,16984,246,456,290,512,76
425.0677,16985,246,455,294,513,75
425.0933,16986,246,455,294,513,75
425.1189,16987,247,453,295,513,77
425.1448,16988,246,452,297,512,79
425.1708,16989,246,452,297,512,79
425.1963,16990,246,452,299,510,80
425.2224,16991,246,450,299,512,80
425.2466,16992,245,450,300,511,80
425.2741,16993,245,450,302,508,79
425.2979,16994,245,450,302,508,79
425.3246,16995,244,449,303,509,80
425.3530,16996,243,449,303,511,80
425.3772,16997,242,448,304,510,80
425.4013,16998,242,447,304,511,80
425.4277,16999,242,447,304,511,80
425.4550,17000,242,447,304,511,80
425.4807,17001,240,446,305,510,80
425.5072,17002,240,446,305,510,80
425.5323,17003,239,446,306,510,81
425.5588,17004,242,446,306,508,80
425.5842,17005,241,445,307,507,81
425.6112,17006,242,446,307,506,81
425.6359,17007,242,446,307,506,81
425.6622,17008,242,445,308,505,81
425.6884,17009,240,445,308,505,81
425.7140,17010,243,444,308,504,81
425.7389,17011,241,444,309,504,81
425.7646,17012,241,444,309,504,81
425.7901,17013,242,444,309,504,80
425.8146,17014,244,444,309,502,80
425.8413,17015,244,444,309,502,80
425.8661,17016,243,444,310,502,80
425.8926,17017,243,443,310,501,80
425.9171,17018,244,444,310,500,80
425.9434,17019,244,444,310,500,80
425.9692,17020,242,443,311,501,80
425.9961,17021,243,443,311,501,80
426.0210,17022,244,444,311,500,80
426.0471,17023,242,443,311,503,80
426.0714,17024,243,444,312,500,80
426.0982,17025,243,444,312,500,80
426.1223,17026,243,444,312,500,79
426.1501,17027,243,444,312,500,79
426.1753,17028,244,444,312,498,80
426.2027,17029,244,444,312,498,80
426.2275,17030,244,444,312,498,81
426.2529,17031,244,444,313,498,80
426.2776,17032,244,444,313,498,80
426.3046,17033,244,443,313,499,81
426.3314,17034,245,444,314,498,81
426.3578,17035,244,444,313,498,81
426.3820,17036,243,445,313,500,80
426.4080,17037,243,445,313,500,80
426.4351,17038,248,450,313,496,73
426.4623,17039,261,453,318,487,66
426.4877,17040,261,453,318,487,66
426.5172,17041,261,456,320,487,52
426.5400,17042,262,457,322,487,53
426.5656,17043,263,458,325,484,53
426.5906,17044,263,458,328,478,56
426.6152,17045,261,458,331,483,60
426.6416,17046,261,458,331,483,60
426.6687,17047,261,458,332,484,58
426.6943,17048,267,458,336,472,59
426.7210,17049,268,458,337,472,59
426.7449,17050,268,458,339,472,61
426.7713,17051,268,458,339,472,61
426.7968,17052,269,459,340,471,63
426.8210,17053,269,459,340,471,63
426.8489,17054,269,459,341,471,63
426.8739,17055,267,459,343,471,63
426.8985,17056,266,459,344,471,65
426.9232,17057,265,459,344,471,65
426.9493,17058,265,459,344,471,65
426.9749,17059,266,460,345,470,65
427.0025,17060,267,460,347,470,65
427.0260,17061,268,460,348,470,65
427.0528,17062,268,460,348,470,65
427.0769,17063,268,460,348,470,65
427.1035,17064,270,459,349,471,66
427.1301,17065,280,459,350,473,69
427.1553,17066,283,459,354,473,69
427.1840,17067,283,459,354,473,69
427.2085,17068,278,459,357,473,67
427.2327,17069,277,461,360,473,62
427.2579,17070,282,461,364,473,61
427.2835,17071,282,461,364,473,61
427.3089,17072,282,460,366,472,61
427.3364,17073,286,460,369,472,60
427.3616,17074,286,460,371,472,62
427.3872,17075,285,460,372,473,63
427.4141,17076,285,460,372,473,63
427.4408,17077,286,459,375,473,64
427.4684,17078,287,459,376,473,64
427.4930,17079,289,459,377,473,64
427.5172,17080,289,459,377,473,64
427.5435,17081,290,459,379,473,64
427.5699,17082,291,459,380,473,64
427.5940,17083,298,460,382,474,64
427.6218,17084,298,460,382,474,64
427.6460,17085,299,460,384,474,65
427.6719,17086,300,460,385,474,66
427.6974,17087,301,460,387,474,66
427.7223,17088,302,460,388,474,66
427.7488,17089,302,460,388,474,66
427.7749,17090,304,460,389,474,66
427.8005,17091,304,460,390,474,66
427.8256,17092,306,460,390,474,67
427.8522,17093,306,460,390,474,67
427.8784,17094,308,460,391,474,68
427.9023,17095,307,460,392,475,67
427.9275,17096,308,460,393,475,68
427.9538,17097,308,460,393,475,68
427.9800,17098,309,460,394,476,67
428.0061,17099,310,460,395,476,68
428.0307,17100,310,460,396,476,67
428.0564,17101,312,460,397,476,67
428.0818,17102,312,460,397,476,67
428.1096,17103,312,460,398,476,67
428.1355,17104,312,460,398,476,66
428.1600,17105,313,460,399,476,67
428.1858,17106,313,460,399,476,67
428.2115,17107,314,460,400,476,67
428.2359,17108,313,460,400,476,66
428.2619,17109,313,460,400,476,66
428.2884,17110,314,460,401,476,68
428.3131,17111,315,460,401,476,68
428.3386,17112,315,460,402,476,68
428.3646,17113,315,460,403,476,68
428.3900,17114,315,460,403,476,68
428.4149,17115,315,460,403,476,67
428.4411,17116,318,460,403,476,70
428.4666,17117,319,458,403,477,73
428.4927,17118,320,458,405,478,72
428.5179,17119,320,458,405,478,72
428.5444,17120,326,458,407,476,73
428.5699,17121,327,458,408,476,71
428.5950,17122,327,458,408,476,71
428.6199,17123,328,457,410,475,71
428.6461,17124,328,457,410,475,71
428.6711,17125,327,457,412,475,70
428.6973,17126,328,458,413,474,70
428.7226,17127,328,458,413,474,70
428.7509,17128,327,458,414,474,71
428.7750,17129,330,457,416,475,71
428.7999,17130,332,457,416,475,71
428.8251,17131,333,456,417,474,71
428.8512,17132,333,456,417,474,71
428.8778,17133,332,457,418,475,72
428.9020,17134,332,457,418,475,72
428.9294,17135,334,456,418,474,72
428.9555,17136,335,456,418,474,72
428.9797,17137,336,456,419,474,73
429.0061,17138,338,456,420,474,73
429.0305,17139,338,456,420,474,73
429.0578,17140,338,456,420,474,73
429.0844,17141,338,456,422,474,74
429.1069,17142,339,456,422,474,74
429.1335,17143,340,456,423,474,74
429.1594,17144,340,456,423,474,74
429.1850,17145,342,456,424,474,75
429.2107,17146,341,456,424,474,74
429.2371,17147,341,456,424,474,74
429.2646,17148,342,456,425,474,75
429.2897,17149,343,456,426,474,74
429.3153,17150,344,456,426,474,74
429.3417,17151,344,456,426,474,74
429.3665,17152,344,456,426,474,74
429.3926,17153,344,456,426,474,74
429.4178,17154,345,456,427,474,75
429.4433,17155,345,456,427,474,75
429.4692,17156,345,456,427,474,74
429.4956,17157,345,456,427,474,74
429.5219,17158,344,456,428,474,73
429.5468,17159,346,456,428,474,73
429.5726,17160,346,456,428,474,73
429.5986,17161,346,456,429,474,72
429.6234,17162,346,456,429,474,73
429.6497,17163,347,456,429,474,72
429.6746,17164,347,456,430,474,72
429.7009,17165,347,456,430,474,72
429.7273,17166,350,455,431,473,72
429.7522,17167,350,456,432,473,72
429.7789,17168,350,456,432,473,71
429.8034,17169,354,457,432,473,70
429.8301,17170,354,457,432,473,70
429.8561,17171,354,457,432,473,70
429.8815,17172,360,458,432,473,68
429.9080,17173,360,458,432,473,68
429.9340,17174,360,458,433,474,66
429.9610,17175,360,458,434,474,65
429.9853,17176,360,459,434,473,66
430.0107,17177,360,460,435,474,65
430.0358,17178,360,460,435,474,65
430.0629,17179,357,460,436,476,66
430.0880,17180,361,460,436,474,65
430.1130,17181,361,460,437,474,65
430.1386,17182,366,460,438,472,64
430.1657,17183,366,460,438,472,64
430.1913,17184,367,460,438,472,65
430.2165,17185,366,461,438,473,64
430.2424,17186,366,461,438,473,64
430.2679,17187,366,461,438,473,64
430.2957,17188,370,460,439,472,65
430.3193,17189,369,460,439,472,64
430.3446,17190,369,460,439,472,64
430.3709,17191,368,460,440,472,64
430.3971,17192,370,460,440,472,64
430.4226,17193,370,461,440,472,64
430.4484,17194,370,461,440,472,64
430.4733,17195,371,461,440,471,64
430.4991,17196,371,461,440,471,64
430.5248,17197,371,461,440,471,64
430.5518,17198,370,461,441,471,63
430.5777,17199,374,461,441,471,64
430.6037,17200,374,461,441,471,64
430.6292,17201,376,461,442,471,63
430.6539,17202,375,461,442,471,62
430.6794,17203,375,461,442,471,62
430.7071,17204,375,461,442,471,63
430.7329,17205,372,461,443,471,62
430.7594,17206,374,462,443,472,62
430.7829,17207,376,462,443,472,62
430.8083,17208,376,462,443,472,63
430.8343,17209,376,462,443,472,63
430.8617,17210,379,460,444,472,68
430.8884,17211,380,460,444,474,70
430.9128,17212,376,460,444,474,70
430.9389,17213,376,460,444,474,70
430.9660,17214,376,461,445,473,67
430.9896,17215,376,461,446,474,66
431.0146,17216,376,461,446,474,66
431.0423,17217,381,462,447,474,65
431.0682,17218,381,462,448,474,64
431.0954,17219,380,462,448,474,62
431.1196,17220,381,462,449,474,60
431.1446,17221,378,463,450,475,58
431.1696,17222,378,463,450,475,58
431.1973,17223,384,462,450,474,58
431.2229,17224,385,462,451,474,55
431.2477,17225,384,463,451,475,58
431.2735,17226,384,463,451,475,58
431.2989,17227,388,462,452,474,59
431.3238,17228,388,463,452,475,58
431.3487,17229,388,463,452,475,58
431.3760,17230,389,463,453,475,56
431.4013,17231,392,464,453,476,58
431.4269,17232,393,464,454,476,59
431.4551,17233,389,464,454,476,58
431.4771,17234,389,464,454,476,58
431.5047,17235,398,463,453,477,64
431.5322,17236,401,460,453,480,75
431.5555,17237,402,460,456,480,75
431.5813,17238,402,461,459,480,72
431.6080,17239,402,461,459,480,72
431.6327,17240,403,463,462,481,64
431.6581,17241,405,464,464,482,70
431.6841,17242,405,464,464,482,70
431.7091,17243,407,464,466,482,73
431.7355,17244,408,465,468,483,74
431.7614,17245,411,466,469,484,75
431.7856,17246,411,466,471,484,74
431.8125,17247,411,466,471,484,74
431.8380,17248,412,466,472,484,74
431.8637,17249,413,466,473,484,74
431.8889,17250,410,466,475,484,73
431.9143,17251,413,468,476,484,74
431.9398,17252,413,468,476,484,74
431.9663,17253,409,467,477,485,73
431.9913,17254,408,467,478,485,73
432.0173,17255,408,467,478,485,73
432.0427,17256,408,467,479,485,73
432.0701,17257,406,468,480,486,73
432.0955,17258,408,468,480,486,72
432.1200,17259,407,468,481,486,73
432.1459,17260,407,468,481,486,73
432.1719,17261,410,468,482,486,73
432.1966,17262,407,468,483,486,72
432.2235,17263,410,468,484,486,72
432.2496,17264,405,467,484,487,71
432.2766,17265,405,467,484,487,71
432.3017,17266,411,468,485,486,72
432.3262,17267,411,468,485,486,72
432.3524,17268,412,468,486,486,72
432.3794,17269,412,468,486,486,71
432.4044,17270,412,468,486,486,70
432.4305,17271,413,468,487,487,69
432.4543,17272,413,468,487,487,69
432.4815,17273,413,468,488,487,70
432.5069,17274,420,471,488,487,69
432.5319,17275,419,469,489,487,70
432.5572,17276,418,469,490,487,69
432.5856,17277,420,470,490,488,69
432.6126,17278,420,470,490,488,69
432.6361,17279,416,468,491,488,68
432.6643,17280,416,468,491,488,68
432.6901,17281,419,470,491,488,68
432.7154,17282,416,470,492,488,67
432.7412,17283,415,469,492,488,67
432.7664,17284,420,470,492,488,66
432.7929,17285,416,470,493,488,67
432.8178,17286,416,470,493,488,67
432.8448,17287,422,471,494,487,63
432.8722,17288,440,470,493,487,69
432.8956,17289,442,469,496,487,73
432.9203,17290,443,470,499,487,74
432.9474,17291,443,470,499,487,74
432.9736,17292,444,470,503,487,74
432.9974,17293,444,470,503,487,74
433.0255,17294,445,469,506,487,74
433.0509,17295,449,468,509,486,74
433.0758,17296,452,468,511,486,74
433.1006,17297,454,468,513,486,75
433.1286,17298,454,468,513,486,75
433.1537,17299,456,468,515,486,76
433.1798,17300,456,467,516,485,76
433.2045,17301,456,467,519,485,76
433.2315,17302,456,467,520,485,75
433.2562,17303,460,466,521,484,75
433.2825,17304,460,466,521,484,75
433.3081,17305,462,466,522,484,75
433.3333,17306,462,466,522,484,75
433.3607,17307,463,466,524,484,75
433.3874,17308,464,465,525,485,75
433.4115,17309,468,465,526,484,74
433.4358,17310,468,465,526,484,74
433.4626,17311,468,465,526,484,74
433.4891,17312,476,466,534,480,67
433.5149,17313,487,462,543,481,70
433.5406,17314,485,460,553,482,68
433.5659,17315,486,460,560,480,71
433.5910,17316,486,460,560,480,71
433.6189,17317,492,457,568,477,69
433.6448,17318,496,457,573,475,69
433.6697,17319,496,457,573,475,69
433.6970,17320,502,457,578,473,68
433.7225,17321,507,456,583,472,67
433.7476,17322,512,454,589,472,67
433.7714,17323,517,454,593,470,69
433.7959,17324,517,454,593,470,69
433.8241,17325,516,452,598,470,71
433.8505,17326,516,452,598,470,71
433.8763,17327,522,448,601,470,72
433.9007,17328,558,438,606,471,75
433.9272,17329,558,438,606,471,75
433.9520,17330,555,434,617,474,79
433.9798,17331,554,430,628,474,80
434.0021,17332,556,426,634,472,81
434.0326,17333,556,426,634,472,81
434.0542,17334,561,423,641,470,79
434.0808,17335,567,420,649,468,80
434.1047,17336,571,417,655,465,79
434.1312,17337,571,417,655,465,79
434.1567,17338,606,418,659,444,54
434.1831,17339,618,419,683,435,60
434.2093,17340,627,419,703,435,62
434.2327,17341,627,419,703,435,62
434.2583,17342,627,419,703,435,62
434.2863,17343,642,413,732,437,68
434.3127,17344,652,410,744,440,72
434.3355,17345,663,407,755,439,74
434.3617,17346,663,407,755,439,74
434.3880,17347,671,404,765,436,75
434.4127,17348,684,402,774,432,79
434.4381,17349,684,402,774,432,79
434.4636,17350,692,400,782,430,78
434.4901,17351,701,398,789,426,76
434.5157,17352,704,397,796,425,75
434.5404,17353,711,394,803,422,73
434.5667,17354,711,394,803,422,73
434.5929,17355,717,393,809,421,74
434.6183,17356,722,392,816,418,73
434.6438,17357,722,392,816,418,73
434.6686,17358,732,388,826,416,76
434.6973,17359,732,388,826,416,76
434.7206,17360,738,387,831,413,73
434.7468,17361,774,388,836,408,63
434.7727,17362,774,388,836,408,63
434.7989,17363,784,381,850,403,58
434.8246,17364,806,371,864,405,72
434.8509,17365,814,364,874,406,76
434.8757,17366,809,360,885,408,77
434.9026,17367,809,360,885,408,77
434.9281,17368,815,356,893,410,79
434.9554,17369,845,354,894,392,70
434.9817,17370,856,348,889,396,75
435.0068,17371,871,346,887,414,51
435.0345,17372,871,346,887,414,51
435.0603,17373,871,346,887,414,51
435.0854,17374,866,379,892,443,71
435.1119,17375,866,379,892,443,71
435.1384,17376,864,388,894,454,74
435.1644,17377,860,393,894,463,75
435.1892,17378,856,396,896,470,76
435.2152,17379,853,397,897,477,71
435.2404,17380,842,438,878,476,60
435.2654,17381,842,438,878,476,60
435.2914,17382,832,445,882,479,71
435.3190,17383,822,451,883,479,63
435.3441,17384,808,461,868,479,56
435.3441,17384,851,446,885,477,48
435.3697,17385,808,461,868,479,56
435.3697,17385,851,446,885,477,48
435.3951,17386,798,464,862,478,60
435.3951,17386,861,448,878,475,37
435.4207,17387,789,466,856,478,61
435.4463,17388,789,466,856,478,61
435.4727,17389,782,466,850,476,32
435.9874,17409,710,461,762,481,56
436.0130,17410,705,458,759,486,73
436.0364,17411,705,458,759,486,73
436.0626,17412,694,456,762,490,73
436.0889,17413,694,456,762,490,73
436.1149,17414,685,461,755,496,73
436.1410,17415,678,462,748,500,75
436.1673,17416,672,463,742,503,76
436.1920,17417,666,464,738,506,77
436.2170,17418,660,462,741,508,75
436.2412,17419,660,462,741,508,75
436.2680,17420,654,468,730,512,71
436.2948,17421,651,467,729,515,72
436.3204,17422,647,470,726,517,66
436.3445,17423,644,472,720,520,42
436.3710,17424,644,472,720,520,42
436.3972,17425,643,490,693,526,47
436.4230,17426,643,490,693,526,47
436.4499,17427,642,488,690,530,73
436.4757,17428,643,486,686,534,72
436.5000,17429,642,487,682,537,71
436.5262,17430,644,488,678,538,58
436.5518,17431,644,494,676,541,73
436.5776,17432,644,494,676,541,73
436.6031,17433,647,492,681,548,72
436.6305,17434,648,493,684,555,74
436.6558,17435,647,486,687,560,69
436.6798,17436,647,491,685,565,69
436.7065,17437,647,491,685,565,69
436.7334,17438,647,490,684,568,67
436.7584,17439,647,490,684,568,67
436.7848,17440,646,510,678,570,69
436.8101,17441,645,520,677,572,74
436.8380,17442,649,524,677,576,77
436.8617,17443,651,525,675,581,67
436.8862,17444,651,525,675,581,67
436.9131,17445,650,530,670,586,70
436.9382,17446,650,536,672,588,75
436.9642,17447,650,540,676,592,78
436.9642,17447,656,511,687,535,31
436.9901,17448,649,541,679,595,78
436.9901,17448,653,514,686,536,37
437.0147,17449,649,541,679,595,78
437.0147,17449,653,514,686,536,37
437.0422,17450,648,542,680,597,77
437.0422,17450,650,519,684,537,40
437.0681,17451,649,544,681,600,77
437.0953,17452,649,544,681,600,77
437.1192,17453,649,544,683,602,76
437.1458,17454,649,549,685,605,75
437.1717,17455,650,551,686,607,76
437.1982,17456,650,558,684,608,77
437.2232,17457,650,558,684,608,77
437.2502,17458,655,564,683,608,66
437.2770,17459,656,570,686,604,70
437.3033,17460,651,571,690,603,64
437.3276,17461,650,570,692,602,63
437.3533,17462,649,576,691,604,61
437.3792,17463,649,576,691,604,61
437.4041,17464,649,577,691,606,69
437.4288,17465,649,577,691,606,69
437.4553,17466,648,575,692,607,73
437.4811,17467,646,574,694,608,73
437.5075,17468,650,572,690,606,73
437.5329,17469,653,570,687,609,75
437.5587,17470,653,570,687,609,75
437.5848,17471,655,566,688,612,76
437.6110,17472,654,564,685,612,76
437.6351,17473,653,561,683,613,77
437.6615,17474,652,558,682,613,77
437.6866,17475,652,558,682,613,77
437.7147,17476,652,555,678,613,75
437.7401,17477,652,554,676,612,75
437.7654,17478,651,551,678,611,75
437.7900,17479,651,551,678,611,75
437.8163,17480,650,549,678,609,74
437.8420,17481,650,548,680,608,71
437.8665,17482,650,546,682,608,72
437.8937,17483,650,546,682,608,72
437.9192,17484,649,546,683,608,72
437.9436,17485,649,543,683,607,73
437.9698,17486,648,543,686,607,74
437.9947,17487,649,542,687,609,74
438.0207,17488,649,542,687,609,74
438.0478,17489,648,541,690,610,75
438.0721,17490,648,540,688,608,73
438.0980,17491,648,539,690,609,74
438.1257,17492,648,539,690,609,74
438.1523,17493,647,538,690,608,74
438.1789,17494,647,537,689,609,73
438.2021,17495,647,537,690,609,73
438.2300,17496,647,537,690,609,73
438.2563,17497,647,537,690,609,73
438.2811,17498,647,536,693,612,67
438.3067,17499,646,535,692,611,65
438.3312,17500,647,534,691,610,59
438.3577,17501,647,534,691,610,59
438.3837,17502,647,534,693,611,62
438.4094,17503,646,534,680,602,58
438.4350,17504,647,533,681,603,57
438.4595,17505,647,533,681,603,57
438.4849,17506,646,532,692,610,56
438.5102,17507,646,532,692,610,51
438.5347,17508,646,532,692,610,51
438.5609,17509,646,532,680,602,53
438.5890,17510,646,531,680,601,59
438.6122,17511,647,531,691,608,55
438.6383,17512,647,531,691,608,55
438.6644,17513,646,530,693,608,68
438.6910,17514,646,530,693,608,68
438.7162,17515,646,530,679,600,68
438.7433,17516,646,530,690,606,64
438.7671,17517,646,530,690,605,67
438.7937,17518,646,530,690,605,67
438.8180,17519,646,530,679,598,71
438.8452,17520,646,529,688,603,69
438.8711,17521,646,529,688,603,69
438.8971,17522,646,530,688,604,69
438.9229,17523,646,530,690,604,68
438.9482,17524,646,528,689,604,68
438.9740,17525,646,529,688,603,69
438.9989,17526,647,529,693,605,70
439.0254,17527,647,529,693,605,70
439.0517,17528,647,529,693,605,70
439.0772,17529,650,528,692,604,60
439.1026,17530,650,530,690,604,53
439.1285,17531,650,530,690,604,53
439.1546,17532,651,528,687,600,48
439.1792,17533,652,527,666,588,45
439.2051,17534,652,527,666,588,45
439.2316,17535,652,526,664,586,40
439.2577,17536,652,527,664,587,42
439.2832,17537,652,526,664,586,40
439.2832,17537,657,586,693,602,33
439.3073,17538,653,527,671,593,37
439.3073,17538,655,583,693,601,33
439.3337,17539,653,527,671,593,37
439.3337,17539,655,583,693,601,33
439.3637,17540,652,526,672,592,39
439.3637,17540,654,583,690,599,32
439.3859,17541,653,526,669,592,39
439.4106,17542,653,526,670,592,37
439.4106,17542,654,557,690,598,35
439.4352,17543,653,526,670,592,37
439.4352,17543,654,557,690,598,35
439.4614,17544,653,526,670,592,37
439.4614,17544,654,557,690,598,35
439.4910,17545,653,524,668,592,38
439.5201,17546,653,525,667,591,37
439.5201,17546,656,584,690,600,30
439.5486,17547,654,561,688,600,36
439.5486,17547,653,524,669,592,35
439.5701,17548,654,561,688,600,36
439.5701,17548,653,524,669,592,35
439.5964,17549,653,524,665,586,40
439.6232,17550,651,525,670,585,64
439.6467,17551,650,525,672,581,70
439.6729,17552,650,526,673,580,71
439.6978,17553,650,526,673,580,71
439.7280,17554,650,526,674,578,74
439.7532,17555,649,525,675,577,74
439.7794,17556,649,524,675,576,75
439.8045,17557,648,524,676,576,75
439.8315,17558,648,524,676,576,75
439.8545,17559,648,524,676,576,75
439.8814,17560,648,524,678,574,75
439.9060,17561,648,524,678,574,75
439.9332,17562,648,524,678,574,75
439.9586,17563,648,523,679,573,75
439.9834,17564,648,523,680,573,75
439.9834,17564,648,567,679,595,36
440.0087,17565,648,522,680,574,75
440.0087,17565,648,568,680,595,36
440.0352,17566,648,522,680,574,75
440.0352,17566,648,568,680,595,36
440.0601,17567,648,522,680,572,75
440.0601,17567,648,568,678,596,46
440.0861,17568,648,521,680,573,74
440.0861,17568,648,561,676,596,45
440.1116,17569,648,521,681,571,74
440.1116,17569,648,567,676,597,52
440.1368,17570,649,520,681,570,74
440.1368,17570,649,566,674,598,57
440.1621,17571,649,520,681,570,74
440.1621,17571,649,566,674,598,57
440.1883,17572,648,521,682,571,74
440.1883,17572,648,562,674,598,51
440.2132,17573,648,521,682,571,74
440.2132,17573,648,562,674,598,51
440.2412,17574,649,520,683,570,74
440.2412,17574,649,559,675,599,51
440.2659,17575,649,520,683,568,74
440.2659,17575,649,563,673,600,50
440.2923,17576,650,519,684,568,74
440.2923,17576,649,564,673,600,52
440.3159,17577,650,519,684,567,74
440.3159,17577,650,558,672,600,47
440.3424,17578,650,519,684,567,74
440.3424,17578,650,558,672,600,47
440.3672,17579,650,519,684,567,74
440.3672,17579,650,560,672,601,50
440.3938,17580,651,518,685,566,75
440.3938,17580,650,556,672,600,42
440.4193,17581,651,518,685,568,74
440.4193,17581,650,557,672,601,42
440.4452,17582,651,518,685,570,74
440.4452,17582,649,546,673,602,39
440.4708,17583,651,518,685,570,74
440.4708,17583,649,546,673,602,39
440.4975,17584,651,517,685,566,75
440.4975,17584,650,564,669,602,32
440.5213,17585,652,517,686,567,75
440.5468,17586,652,517,686,567,75
440.5749,17587,651,516,685,568,75
440.5749,17587,650,559,670,603,31
440.6007,17588,651,516,685,568,75
440.6247,17589,652,517,686,567,75
440.6496,17590,652,516,686,568,74
440.6743,17591,652,516,686,568,74
440.7013,17592,652,516,686,568,75
440.7288,17593,652,516,686,568,75
440.7534,17594,652,515,686,567,75
440.7813,17595,652,515,686,569,75
440.8061,17596,652,515,686,569,75
440.8326,17597,652,516,686,568,75
440.8567,17598,653,516,687,568,75
440.8848,17599,653,516,687,568,75
440.9100,17600,653,514,687,568,75
440.9354,17601,653,514,687,568,75
440.9604,17602,653,515,687,567,76
440.9856,17603,653,514,687,568,75
441.0100,17604,653,514,687,568,75
441.0391,17605,652,514,688,569,75
441.0667,17606,653,514,687,568,77
441.0900,17607,653,514,687,568,76
441.1156,17608,653,514,687,568,77
441.1425,17609,653,514,687,568,77
441.1684,17610,654,514,688,568,76
441.1941,17611,654,514,688,568,77
441.2208,17612,654,514,688,568,77
441.2464,17613,654,515,688,567,76
441.2725,17614,654,514,688,566,77
441.2986,17615,654,514,688,566,77
441.3227,17616,654,514,688,568,77
441.3518,17617,654,514,688,568,77
441.3784,17618,654,514,689,568,76
441.4027,17619,654,513,688,567,77
441.4312,17620,655,513,689,567,76
441.4552,17621,654,512,690,568,76
441.4803,17622,654,513,690,567,76
441.5062,17623,654,513,690,567,76
441.5314,17624,654,512,690,570,75
441.5573,17625,654,512,690,570,75
441.5839,17626,654,513,690,568,76
441.6106,17627,654,513,691,569,76
441.6382,17628,654,513,691,567,77
441.6613,17629,654,513,691,567,76
441.6874,17630,654,513,691,567,76
441.7134,17631,653,512,691,569,75
441.7409,17632,654,512,692,570,75
441.7654,17633,654,512,692,569,75
441.7912,17634,654,512,692,568,76
441.8157,17635,654,512,692,568,76
441.8436,17636,653,512,692,572,76
441.8699,17637,654,511,692,569,75
441.8946,17638,654,511,692,569,75
441.9200,17639,653,512,693,572,75
441.9486,17640,653,512,693,572,76
441.9722,17641,653,511,693,571,76
441.9967,17642,653,511,693,574,75
442.0228,17643,653,511,693,574,75
442.0497,17644,653,511,693,573,75
442.0755,17645,652,511,694,573,74
442.1012,17646,652,511,694,573,75
442.1273,17647,652,511,694,573,74
442.1520,17648,652,510,694,574,74
442.1783,17649,652,510,694,574,74
442.2049,17650,653,511,693,571,74
442.2296,17651,653,511,693,571,74
442.2566,17652,652,511,694,573,75
442.2817,17653,652,511,694,574,75
442.3084,17654,653,511,693,569,76
442.3327,17655,653,511,693,569,76
442.3576,17656,653,511,693,569,76
442.3858,17657,653,510,693,570,76
442.4116,17658,654,511,693,569,76
442.4358,17659,655,510,693,569,76
442.4623,17660,656,510,692,570,75
442.4869,17661,656,510,692,570,75
442.5134,17662,656,509,692,569,75
442.5386,17663,656,510,692,570,74
442.5640,17664,656,510,692,570,74
442.5911,17665,657,510,692,570,75
442.6165,17666,655,510,691,572,72
442.6413,17667,655,510,691,572,72
442.6690,17668,658,510,690,568,74
442.6924,17669,658,510,690,568,74
442.7217,17670,659,509,689,569,73
442.7443,17671,661,508,689,570,73
442.7704,17672,660,508,688,570,71
442.7964,17673,660,508,688,572,70
442.8228,17674,660,508,688,572,70
442.8477,17675,662,508,688,570,69
442.8742,17676,664,508,686,567,67
442.8992,17677,663,508,685,568,64
442.9246,17678,663,508,685,568,64
442.9519,17679,664,508,685,568,61
442.9776,17680,668,508,684,565,60
443.0032,17681,670,508,684,564,58
443.0032,17681,646,569,666,595,31
443.0278,17682,670,508,684,564,58
443.0278,17682,646,569,666,595,31
443.0538,17683,670,508,684,564,58
443.0538,17683,646,569,666,595,31
443.0817,17684,671,507,683,564,53
443.1069,17685,672,506,682,564,45
443.1069,17685,645,568,670,591,31
443.1318,17686,672,507,682,563,47
443.1569,17687,672,507,682,563,47
443.1824,17688,672,506,682,562,45
443.2093,17689,672,506,682,562,42
443.2344,17690,672,505,682,563,38
443.2607,17691,672,505,682,563,38
443.2871,17692,672,505,682,563,35
443.2871,17692,647,568,672,586,35
443.3120,17693,647,567,673,586,39
443.3120,17693,672,504,682,562,30
443.3900,17696,647,566,673,586,33
443.3900,17696,672,504,682,562,30
443.4152,17697,648,569,673,587,42
443.4406,17698,648,569,673,587,42
443.5441,17702,670,504,682,562,32
443.5693,17703,651,564,673,588,49
443.5693,17703,670,504,682,561,40
443.5969,17704,651,564,673,588,49
443.5969,17704,670,504,682,561,40
443.6210,17705,651,565,674,589,55
443.6210,17705,669,504,682,561,46
443.6464,17706,668,504,682,560,52
443.6464,17706,651,564,675,588,51
443.6726,17707,668,504,682,560,52
443.6726,17707,651,564,675,588,51
443.6990,17708,668,503,682,561,55
443.6990,17708,651,565,675,587,48
443.7263,17709,668,504,682,560,54
443.7263,17709,651,566,675,588,53
443.7523,17710,668,504,682,560,57
443.7523,17710,651,567,676,587,46
443.7759,17711,667,504,683,560,57
443.7759,17711,651,568,675,586,47
443.8031,17712,667,503,683,560,57
443.8031,17712,652,569,674,587,44
443.8292,17713,667,503,683,560,57
443.8292,17713,652,569,674,587,44
443.8551,17714,667,503,683,560,57
443.8551,17714,652,569,674,587,44
443.8819,17715,667,502,683,560,58
443.8819,17715,654,566,676,585,46
443.9056,17716,666,502,682,560,58
443.9056,17716,652,566,676,585,47
443.9313,17717,666,502,682,560,58
443.9313,17717,652,566,676,585,47
443.9576,17718,666,502,683,561,58
443.9576,17718,654,561,678,585,47
443.9823,17719,666,502,682,560,57
443.9823,17719,654,562,678,584,52
444.0089,17720,666,502,682,560,57
444.0089,17720,654,562,678,584,52
444.0333,17721,665,502,683,560,60
444.0333,17721,654,563,678,585,52
444.0600,17722,666,502,683,561,59
444.0600,17722,655,561,679,585,50
444.0857,17723,666,502,683,560,59
444.0857,17723,655,563,679,585,51
444.1110,17724,666,502,682,560,57
444.1110,17724,655,563,678,585,48
444.1355,17725,666,502,682,560,57
444.1355,17725,655,563,678,585,48
444.1621,17726,666,502,683,560,59
444.1621,17726,655,564,679,586,47
444.1876,17727,665,502,683,560,61
444.1876,17727,656,562,680,586,49
444.2123,17728,666,501,684,559,64
444.2123,17728,656,561,680,586,44
444.2386,17729,666,501,684,559,64
444.2386,17729,656,561,680,586,44
444.2645,17730,666,501,684,559,64
444.2645,17730,656,561,680,586,44
444.2886,17731,666,501,684,559,65
444.2886,17731,657,559,681,585,49
444.3139,17732,665,501,684,559,65
444.3139,17732,657,560,681,586,48
444.3391,17733,665,501,684,559,65
444.3391,17733,657,560,681,586,48
444.3664,17734,665,501,684,559,64
444.3664,17734,657,560,681,586,47
444.3922,17735,665,501,684,559,64
444.3922,17735,658,560,681,586,44
444.4159,17736,665,501,683,559,64
444.4159,17736,657,560,681,586,50
444.4414,17737,665,501,683,559,65
444.4414,17737,658,555,682,585,39
444.4695,17738,665,501,683,559,65
444.4695,17738,658,555,682,585,39
444.4952,17739,665,500,684,558,65
444.4952,17739,658,559,682,585,37
444.5205,17740,664,500,684,559,64
444.5205,17740,658,559,682,585,39
444.5478,17741,665,500,683,558,64
444.5478,17741,659,558,681,584,34
444.5726,17742,665,500,683,560,64
444.5726,17742,659,556,681,586,30
444.5991,17743,665,500,683,560,64
444.5991,17743,659,556,681,586,30
444.6238,17744,665,501,683,559,63
444.6488,17745,665,500,683,559,64
444.6745,17746,665,500,683,559,64
444.7007,17747,665,500,683,559,63
444.7270,17748,665,500,683,559,62
444.7504,17749,665,500,683,558,64
444.7780,17750,665,500,683,559,61
444.8028,17751,665,500,683,559,61
444.8304,17752,665,499,683,559,61
444.8545,17753,665,499,683,559,61
444.8794,17754,665,499,683,559,63
444.9057,17755,665,499,683,559,60
444.9321,17756,665,499,683,559,60
444.9599,17757,665,500,683,558,60
444.9844,17758,665,499,683,557,60
445.0129,17759,665,499,683,557,60
445.0371,17760,665,499,683,558,59
445.0633,17761,665,498,683,558,59
445.0884,17762,665,498,682,558,57
445.1138,17763,665,498,682,558,57
445.1408,17764,665,499,682,559,56
445.1665,17765,664,498,682,558,56
445.1932,17766,664,498,682,558,56
445.2178,17767,664,498,682,558,55
445.2442,17768,664,498,682,558,55
445.2695,17769,664,498,682,558,55
445.2951,17770,664,498,682,558,53
445.3199,17771,664,498,682,558,53
445.3466,17772,664,498,682,558,53
445.3722,17773,664,498,682,558,50
445.3990,17774,664,498,682,558,51
445.4238,17775,664,498,682,558,50
445.4482,17776,664,498,682,558,49
445.4747,17777,664,498,682,558,49
445.4999,17778,664,497,682,557,49
445.5271,17779,662,497,679,557,54
445.5510,17780,659,498,681,550,73
445.5764,17781,657,497,683,550,74
445.6030,17782,657,497,683,550,74
445.6302,17783,657,496,685,550,75
445.6538,17784,657,496,685,550,75
445.6800,17785,656,496,686,552,74
445.6800,17785,666,555,684,585,39
445.7068,17786,654,495,686,551,74
445.7068,17786,666,555,684,583,38
445.7314,17787,654,494,686,548,74
445.7314,17787,664,552,684,582,39
445.7570,17788,652,494,686,546,74
445.7570,17788,664,546,684,580,38
445.7819,17789,652,494,686,546,74
445.7819,17789,664,546,684,580,38
445.8089,17790,652,492,686,546,75
445.8089,17790,664,551,684,581,42
445.8344,17791,651,492,686,544,75
445.8344,17791,664,552,684,580,35
445.8611,17792,650,492,686,544,75
445.8611,17792,663,550,685,579,39
445.8861,17793,650,491,686,543,75
445.9123,17794,650,491,686,543,75
445.9123,17794,662,511,686,573,30
445.9386,17795,650,491,686,543,75
445.9386,17795,662,511,686,573,30
445.9640,17796,650,490,686,542,76
445.9907,17797,650,490,686,542,76
446.0160,17798,649,490,685,542,75
446.0160,17798,664,529,686,573,32
446.0414,17799,649,490,685,541,75
446.0414,17799,664,528,686,572,37
446.0685,17800,649,490,685,540,76
446.0685,17800,664,538,686,572,41
446.0940,17801,648,490,684,540,75
446.0940,17801,665,542,687,572,39
446.1215,17802,648,490,684,540,75
446.1215,17802,665,542,687,572,39
446.1458,17803,648,490,685,540,75
446.1458,17803,665,545,687,573,39
446.1709,17804,648,489,684,539,75
446.1709,17804,667,548,687,573,46
446.1965,17805,647,489,685,539,75
446.1965,17805,666,550,687,574,44
446.2221,17806,648,488,684,538,75
446.2479,17807,647,488,685,538,76
446.2479,17807,668,538,688,572,44
446.2734,17808,647,488,685,538,76
446.2734,17808,668,538,688,572,44
446.2992,17809,646,488,684,538,75
446.2992,17809,668,538,688,572,38
446.3257,17810,646,488,684,538,75
446.3257,17810,668,538,688,572,38
446.3514,17811,647,488,685,538,75
446.3514,17811,668,537,688,573,34
446.3794,17812,646,488,684,538,75
446.3794,17812,670,546,688,574,34
446.4042,17813,646,487,684,537,75
446.4042,17813,672,546,688,573,34
446.4302,17814,646,487,684,537,75
446.4547,17815,646,487,684,537,75
446.4816,17816,646,486,684,536,75
446.5099,17817,646,486,684,536,76
446.5099,17817,674,544,688,574,32
446.5352,17818,648,486,684,535,75
446.5352,17818,674,541,690,573,38
446.5596,17819,648,484,683,536,73
446.5596,17819,675,536,690,572,32
446.5862,17820,648,483,682,538,71
446.6129,17821,648,483,682,538,71
446.6397,17822,648,482,680,536,71
446.6639,17823,649,480,681,540,66
446.6909,17824,649,480,681,540,66
446.7148,17825,649,479,681,541,67
446.7418,17826,649,478,681,541,65
446.7658,17827,648,477,680,541,66
446.7918,17828,648,477,680,541,66
446.8170,17829,648,476,678,538,67
446.8434,17830,648,476,679,540,65
446.8693,17831,648,475,680,541,64
446.8962,17832,648,474,678,538,64
446.9203,17833,648,474,678,540,62
446.9470,17834,648,474,678,540,62
446.9744,17835,648,472,676,536,65
446.9983,17836,647,472,675,536,66
447.0254,17837,647,472,675,536,66
447.0519,17838,647,472,675,536,63
447.0765,17839,648,471,674,535,64
447.1031,17840,647,471,675,535,66
447.1274,17841,647,471,675,535,66
447.1561,17842,648,470,676,534,67
447.1785,17843,647,470,675,534,68
447.2073,17844,647,469,675,533,68
447.2329,17845,647,469,675,533,68
447.2593,17846,648,469,674,533,69
447.2853,17847,648,469,674,533,69
447.3146,17848,648,468,674,532,67
447.3369,17849,647,468,675,534,68
447.3626,17850,647,468,675,534,68
447.3870,17851,646,468,674,532,69
447.4156,17852,647,467,673,531,70
447.4391,17853,647,467,673,531,70
447.4646,17854,647,466,674,532,68
447.4901,17855,647,466,674,532,68
447.5163,17856,647,467,675,533,65
447.5425,17857,646,466,674,530,70
447.5694,17858,647,466,673,531,69
447.5931,17859,647,465,673,531,69
447.6191,17860,647,465,673,531,69
447.6451,17861,647,466,674,530,70
447.6724,17862,647,465,674,531,69
447.6988,17863,647,465,674,531,69
447.7255,17864,647,465,675,532,69
447.7505,17865,647,465,674,533,68
447.7746,17866,647,464,675,532,69
447.7999,17867,646,464,674,531,70
447.8259,17868,646,464,674,531,70
447.8520,17869,646,464,674,531,70
447.8770,17870,646,463,674,531,70
447.9029,17871,647,464,675,534,69
447.9292,17872,646,464,676,538,66
447.9556,17873,646,464,676,538,66
447.9808,17874,646,464,674,532,70
448.0062,17875,647,464,673,530,71
448.0322,17876,647,464,673,530,71
448.0587,17877,647,463,675,533,69
448.0834,17878,647,463,674,531,70
448.1095,17879,647,463,675,533,68
448.1348,17880,647,463,675,533,68
448.1606,17881,646,463,674,535,69
448.1894,17882,647,463,675,535,68
448.2135,17883,647,463,673,529,71
448.2375,17884,647,463,673,529,71
448.2636,17885,647,463,673,529,71
448.2898,17886,647,463,673,529,72
448.3159,17887,646,462,674,531,72
448.3426,17888,647,462,673,533,71
448.3658,17889,647,462,673,532,70
448.3930,17890,647,462,673,532,70
448.4182,17891,647,463,673,533,70
448.4433,17892,647,462,673,532,71
448.4700,17893,647,462,673,532,71
448.4949,17894,648,462,674,534,67
448.5225,17895,647,462,674,534,70
448.5482,17896,647,461,673,533,66
448.5731,17897,647,461,674,536,64
448.6024,17898,647,460,673,532,68
448.6255,17899,647,460,673,532,68
448.6526,17900,647,460,673,532,68
448.6793,17901,647,461,673,529,70
448.7007,17902,647,460,673,530,67
448.7285,17903,647,460,673,530,67
448.7534,17904,647,460,672,529,68
448.7793,17905,647,460,673,532,66
448.8052,17906,647,460,673,532,66
448.8302,17907,647,460,673,536,68
448.8554,17908,647,459,673,533,68
448.8824,17909,647,460,673,536,67
448.9065,17910,647,459,673,533,66
448.9328,17911,647,459,673,533,66
448.9586,17912,647,459,673,533,68
448.9840,17913,648,459,674,535,69
449.0094,17914,648,459,672,533,70
449.0337,17915,648,459,672,533,70
449.0586,17916,648,459,672,533,70
449.0866,17917,648,460,672,528,71
449.1121,17918,647,460,671,526,71
449.1410,17919,647,460,671,526,71
449.1640,17920,647,460,671,526,71
449.1891,17921,646,459,672,524,72
449.2149,17922,646,459,672,521,73
449.2405,17923,646,459,672,521,73
449.2661,17924,646,458,672,522,73
449.2920,17925,645,458,673,524,73
449.3195,17926,645,458,673,522,74
449.3459,17927,645,458,673,520,75
449.3708,17928,645,458,673,520,75
449.3967,17929,644,458,674,520,74
449.4224,17930,645,458,673,519,75
449.4476,17931,645,458,673,519,75
449.4736,17932,644,457,674,521,75
449.4998,17933,644,458,674,518,75
449.5262,17934,644,457,674,519,76
449.5507,17935,644,458,674,520,75
449.5759,17936,644,458,674,520,75
449.6028,17937,644,458,674,518,76
449.6308,17938,644,457,674,521,75
449.6568,17939,644,457,674,519,74
449.6829,17940,644,457,674,519,76
449.7081,17941,644,457,674,519,74
449.7335,17942,644,457,674,519,74
449.7599,17943,644,458,674,518,75
449.7840,17944,642,458,673,516,74
449.8105,17945,642,458,673,516,74
449.8368,17946,640,459,672,513,73
449.8630,17947,639,459,673,511,73
449.8886,17948,639,459,675,512,75
449.9135,17949,638,458,676,512,75
449.9401,17950,638,458,676,512,75
449.9665,17951,638,459,676,517,76
449.9924,17952,637,459,677,518,76
450.0187,17953,637,459,677,515,75
450.0450,17954,636,459,676,513,75
450.0702,17955,636,459,676,513,75
450.0951,17956,636,459,676,512,75
450.1212,17957,636,459,676,511,76
450.1470,17958,636,459,676,511,76
450.1731,17959,635,459,677,512,76
450.1986,17960,635,459,677,513,75
450.2247,17961,635,459,677,512,76
450.2488,17962,634,459,676,509,77
450.2748,17963,634,459,676,509,77
450.3015,17964,633,459,677,511,76
450.3262,17965,633,459,677,510,78
450.3530,17966,634,459,676,509,77
450.3771,17967,633,459,677,507,77
450.4030,17968,633,459,677,507,77
450.4293,17969,633,459,677,509,77
450.4551,17970,633,459,677,509,77
450.4805,17971,633,459,677,509,76
450.5064,17972,633,458,677,508,77
450.5326,17973,633,459,677,507,78
450.5581,17974,633,459,677,507,77
450.5836,17975,633,459,677,507,77
450.6116,17976,633,458,677,506,78
450.6396,17977,632,458,678,506,78
450.6649,17978,633,458,677,508,77
450.6899,17979,632,459,676,506,77
450.7141,17980,632,459,676,506,77
450.7416,17981,632,459,676,506,77
450.7667,17982,632,459,676,505,75
450.7925,17983,632,459,676,505,75
450.8185,17984,631,459,677,504,77
450.8451,17985,630,459,676,505,75
450.8698,17986,630,459,677,507,76
450.8948,17987,630,458,677,504,77
450.9216,17988,630,459,677,505,77
450.9477,17989,630,459,677,505,77
450.9731,17990,630,459,677,503,77
450.9990,17991,630,459,677,505,77
451.0251,17992,629,458,677,502,77
451.0502,17993,629,459,677,503,77
451.0765,17994,629,459,677,503,77
451.1047,17995,629,458,677,504,76
451.1280,17996,630,458,678,502,77
451.1531,17997,630,458,678,502,77
451.1786,17998,629,459,677,503,77
451.2045,17999,628,459,676,505,75
451.2306,18000,628,460,676,502,74
451.2565,18001,628,460,676,497,76
451.2815,18002,628,460,676,497,76
451.3076,18003,627,460,677,500,75
451.3342,18004,627,459,677,502,73
451.3594,18005,626,459,676,497,75
451.3842,18006,625,461,675,499,71
451.4111,18007,625,461,675,499,71
451.4374,18008,625,461,675,495,71
451.4621,18009,625,461,675,495,71
451.4892,18010,624,461,676,493,73
451.5147,18011,624,460,676,492,72
451.5397,18012,623,460,677,493,71
451.5650,18013,622,460,676,491,73
451.5900,18014,622,460,676,491,73
451.6164,18015,622,460,676,492,72
451.6446,18016,622,460,676,492,71
451.6681,18017,622,459,676,493,71
451.6919,18018,622,459,676,493,71
451.7177,18019,622,459,676,493,71
451.7454,18020,622,460,676,494,68
451.7713,18021,622,459,676,495,69
451.7972,18022,621,458,677,494,70
451.8239,18023,621,458,677,494,70
451.8490,18024,622,458,678,492,73
451.8737,18025,621,457,677,494,72
451.8986,18026,620,457,678,501,73
451.9245,18027,620,457,678,501,73
451.9510,18028,620,457,678,501,68
451.9766,18029,619,458,677,500,69
452.0015,18030,618,457,676,499,64
452.0263,18031,618,457,676,497,64
452.0527,18032,618,457,676,497,64
452.0830,18033,617,456,677,498,61
452.1052,18034,617,456,677,500,63
452.1306,18035,617,456,677,500,61
452.1555,18036,617,456,677,500,61
452.1825,18037,616,456,676,494,66
452.2071,18038,616,455,676,499,64
452.2338,18039,616,455,676,499,64
452.2591,18040,616,455,676,499,64
452.2860,18041,616,454,678,502,64
452.3110,18042,616,454,678,503,63
452.3358,18043,615,453,677,501,67
452.3630,18044,616,454,678,504,62
452.3877,18045,616,454,678,504,62
452.4143,18046,616,453,678,498,51
452.4397,18047,615,453,677,497,51
452.4651,18048,615,452,679,502,63
452.4908,18049,615,452,679,502,63
452.5171,18050,615,453,679,505,64
452.5435,18051,615,452,677,498,60
452.5684,18052,615,452,679,502,64
452.5950,18053,615,452,679,502,64
452.6194,18054,615,452,677,496,54
452.6487,18055,615,452,677,496,54
452.6708,18056,615,451,678,497,57
452.6968,18057,615,451,677,495,61
452.7223,18058,615,451,677,495,61
452.7504,18059,615,451,677,496,62
452.7777,18060,615,451,678,497,63
452.8045,18061,615,451,678,497,65
452.8318,18062,615,451,678,497,65
452.8582,18063,614,450,678,498,59
452.8838,18064,615,450,679,498,66
452.9105,18065,615,450,679,498,66
452.9349,18066,615,451,677,495,58
452.9646,18067,614,450,676,494,57
452.9889,18068,615,450,676,494,63
453.0150,18069,614,450,678,496,65
453.0398,18070,614,450,678,496,65
453.0668,18071,614,450,678,496,65
453.0938,18072,614,450,676,494,61
453.1186,18073,615,450,679,496,60
453.1429,18074,614,449,676,493,46
453.1682,18075,614,449,676,493,46
453.1960,18076,614,450,678,494,59
453.2205,18077,614,449,679,498,64
453.2479,18078,614,449,678,497,48
453.2711,18079,614,449,678,497,48
453.2992,18080,614,449,680,497,61
453.3243,18081,614,449,678,493,64
453.3498,18082,614,448,678,494,61
453.3755,18083,614,448,678,494,62
453.4017,18084,614,448,678,494,62
453.4272,18085,615,448,677,494,50
453.4543,18086,615,448,677,494,50
453.4784,18087,614,448,678,494,63
453.5050,18088,614,448,678,494,63
453.5317,18089,615,448,679,496,64
453.5568,18090,615,448,679,498,67
453.5824,18091,616,448,680,498,59
453.6074,18092,616,448,680,498,59
453.6342,18093,615,447,679,495,64
453.6600,18094,615,447,679,495,62
453.6850,18095,615,446,679,494,69
453.7112,18096,615,446,679,495,67
453.7358,18097,615,446,679,495,67
453.7623,18098,614,446,678,494,73
453.7881,18099,614,445,677,492,71
453.8145,18100,614,445,678,494,75
453.8399,18101,614,445,678,494,75
453.8660,18102,614,445,678,494,75
453.8900,18103,614,444,678,494,75
453.9170,18104,614,444,678,495,76
453.9430,18105,614,444,678,495,76
453.9685,18106,614,444,679,495,73
453.9947,18107,613,443,679,497,72
454.0207,18108,614,443,678,496,73
454.0450,18109,614,443,678,495,72
454.0741,18110,614,443,680,498,76
454.0997,18111,614,443,680,498,76
454.1258,18112,614,443,680,499,74
454.1518,18113,614,442,679,496,70
454.1768,18114,614,442,680,498,72
454.2027,18115,614,442,680,498,72
454.2282,18116,614,442,680,498,71
454.2540,18117,615,442,681,498,70
454.2805,18118,615,442,681,498,70
454.3065,18119,614,441,680,497,71
454.3314,18120,614,441,676,493,70
454.3568,18121,614,442,676,492,72
454.3820,18122,614,441,676,493,74
454.4073,18123,614,441,676,493,74
454.4344,18124,614,440,672,492,72
454.4603,18125,614,440,670,490,73
454.4863,18126,614,440,670,492,73
454.5108,18127,614,440,674,494,72
454.5377,18128,614,440,674,494,72
454.5621,18129,614,440,676,496,72
454.5870,18130,614,439,676,495,73
454.6130,18131,614,439,676,495,73
454.6400,18132,614,440,674,494,73
454.6677,18133,614,440,677,496,71
454.6937,18134,613,439,679,499,75
454.7176,18135,614,439,680,499,75
454.7432,18136,614,438,678,498,71
454.7690,18137,614,438,678,498,71
454.7952,18138,614,439,680,497,70
454.8210,18139,614,438,678,498,74
454.8451,18140,614,438,681,499,68
454.8721,18141,614,438,681,499,68
454.8979,18142,614,438,680,498,73
454.9229,18143,614,438,680,498,72
454.9486,18144,614,438,680,498,72
454.9748,18145,614,438,682,500,70
455.0027,18146,614,438,680,498,70
455.0260,18147,614,437,680,497,70
455.0519,18148,614,438,680,498,69
455.0771,18149,614,438,680,498,69
455.1040,18150,613,438,680,498,73
455.1302,18151,614,437,680,497,72
455.1559,18152,613,437,679,495,65
455.1813,18153,613,436,675,493,71
455.2085,18154,613,436,675,493,71
455.2329,18155,614,436,679,497,72
455.2589,18156,614,436,676,494,71
455.2837,18157,614,436,676,494,71
455.3107,18158,614,436,680,496,72
455.3372,18159,614,436,678,494,71
455.3619,18160,614,435,680,499,72
455.3867,18161,613,435,681,500,72
455.4123,18162,613,435,681,500,72
455.4387,18163,614,436,680,500,71
455.4659,18164,613,435,681,500,69
455.4901,18165,614,435,680,497,70
455.5156,18166,614,436,682,502,72
455.5405,18167,614,436,682,502,72
455.5676,18168,614,435,680,500,71
455.5928,18169,614,435,681,502,71
455.6201,18170,614,435,681,502,71
455.6453,18171,613,434,679,498,69
455.6708,18172,613,435,681,501,68
455.6958,18173,614,435,680,499,71
455.7216,18174,614,435,682,503,72
455.7456,18175,614,435,682,503,72
455.7732,18176,614,435,681,502,70
455.7998,18177,614,435,682,502,71
455.8249,18178,613,434,681,502,69
455.8491,18179,614,434,680,502,71
455.8744,18180,614,434,680,502,71
455.9006,18181,614,434,680,502,72
455.9265,18182,614,434,680,502,72
455.9521,18183,614,434,680,502,70
455.9796,18184,614,435,680,501,72
456.0029,18185,613,435,681,502,73
456.0302,18186,614,434,680,502,73
456.0540,18187,614,434,680,502,73
456.0808,18188,613,435,681,503,73
456.1078,18189,614,434,680,502,71
456.1330,18190,613,435,681,503,72
456.1598,18191,614,435,680,502,71
456.1833,18192,614,435,680,502,71
456.2106,18193,613,435,681,503,73
456.2359,18194,613,434,679,500,72
456.2635,18195,613,434,679,500,72
456.2892,18196,614,434,680,502,72
456.3147,18197,613,434,680,502,74
456.3416,18198,614,434,680,502,70
456.3662,18199,613,435,681,503,72
456.3910,18200,613,434,681,502,74
456.4175,18201,613,434,681,502,74
456.4442,18202,613,434,680,502,73
456.4685,18203,614,434,680,502,73
456.4960,18204,614,434,680,502,72
456.5202,18205,614,434,681,502,72
456.5498,18206,614,434,681,502,72
456.5774,18207,614,434,680,502,72
456.5988,18208,614,434,680,502,72
456.6253,18209,614,435,680,501,70
456.6513,18210,614,435,680,501,71
456.6791,18211,614,435,680,501,72
456.7013,18212,613,434,679,498,69
456.7289,18213,613,434,679,498,69
456.7540,18214,614,434,681,502,72
456.7796,18215,614,434,680,500,72
456.8056,18216,614,434,680,500,72
456.8300,18217,614,434,678,499,70
456.8556,18218,614,434,676,495,73
456.8810,18219,614,434,676,495,73
456.9085,18220,614,434,677,498,72
456.9335,18221,614,434,677,498,72
456.9605,18222,614,434,679,500,72
456.9860,18223,615,434,679,498,71
457.0132,18224,614,435,678,499,72
457.0371,18225,614,435,678,499,72
457.0635,18226,615,434,678,498,72
457.0887,18227,615,434,678,498,72
457.1158,18228,615,433,679,499,73
457.1425,18229,614,433,674,493,75
457.1661,18230,615,433,675,495,75
457.1919,18231,615,433,673,493,77
457.2177,18232,615,433,673,493,77
457.2450,18233,615,432,677,496,76
457.2688,18234,615,432,666,490,78
457.2955,18235,615,432,666,490,78
457.3210,18236,615,432,667,488,78
457.3472,18237,615,432,677,496,77
457.3720,18238,615,432,675,496,75
457.3966,18239,615,432,675,496,75
457.4236,18240,615,431,673,493,76
457.4515,18241,615,431,673,493,76
457.4753,18242,615,431,681,497,75
457.5001,18243,616,432,680,498,76
457.5266,18244,616,432,680,498,76
457.5530,18245,616,431,682,499,76
457.5787,18246,615,431,681,499,74
457.6052,18247,616,431,682,499,73
457.6306,18248,616,431,682,499,73
457.6565,18249,616,430,682,500,72
457.6833,18250,616,430,678,498,73
457.7084,18251,616,430,680,498,72
457.7323,18252,616,430,680,498,72
457.7587,18253,616,430,680,498,76
457.7857,18254,616,430,674,496,76
457.8120,18255,616,430,677,498,75
457.8402,18256,616,430,677,498,75
457.8648,18257,616,430,677,498,75
457.8909,18258,616,430,673,496,77
457.9173,18259,616,430,666,494,76
457.9432,18260,616,430,670,495,76
457.9695,18261,616,430,670,495,76
457.9961,18262,616,430,672,494,78
458.0198,18263,616,430,668,494,77
458.0463,18264,617,430,667,494,76
458.0715,18265,616,430,674,494,77
458.0988,18266,616,430,674,494,77
458.1237,18267,617,430,673,496,76
458.1506,18268,616,429,672,497,76
458.1739,18269,616,429,670,492,78
458.2007,18270,616,429,664,491,77
458.2260,18271,616,429,664,491,77
458.2547,18272,616,429,664,491,77
458.2782,18273,616,429,678,497,75
458.3046,18274,616,429,678,497,75
458.3325,18275,617,429,665,493,76
458.3570,18276,617,429,667,494,76
458.3829,18277,617,430,671,496,76
458.4087,18278,618,430,678,498,75
458.4334,18279,618,430,678,498,75
458.4625,18280,617,429,681,499,75
458.4844,18281,619,429,677,499,73
458.5103,18282,618,429,676,495,77
458.5352,18283,619,428,673,495,76
458.5625,18284,619,428,673,495,76
458.5873,18285,619,428,670,496,76
458.6128,18286,619,428,673,496,74
458.6379,18287,619,428,673,496,74
458.6650,18288,619,428,673,496,74
458.6906,18289,619,427,665,493,76
458.7162,18290,619,427,667,493,76
458.7417,18291,619,427,667,493,76
458.7671,18292,620,427,668,493,75
458.7945,18293,620,427,672,493,75
458.8195,18294,620,426,670,494,73
458.8441,18295,620,426,674,494,75
458.8695,18296,619,426,663,488,76
458.8977,18297,619,426,663,488,76
458.9232,18298,619,426,675,494,75
458.9472,18299,620,426,670,493,74
458.9729,18300,620,425,674,493,75
459.0004,18301,620,425,674,493,75
459.0253,18302,619,426,667,492,75
459.0524,18303,620,426,670,492,74
459.0766,18304,620,426,670,492,74
459.1036,18305,620,425,664,491,75
459.1287,18306,620,425,666,492,74
459.1535,18307,620,425,659,491,74
459.1788,18308,619,427,671,493,75
459.2048,18309,619,427,671,493,75
459.2316,18310,612,433,650,481,73
459.2566,18311,605,438,653,470,61
459.2826,18312,600,440,654,456,68
459.3090,18313,595,439,654,455,68
459.3338,18314,595,439,654,455,68
459.3588,18315,592,438,650,456,68
459.3839,18316,589,439,647,457,70
459.4106,18317,589,439,647,457,70
459.4368,18318,586,439,646,459,73
459.4626,18319,583,439,645,459,73
459.4900,18320,583,441,639,463,73
459.5140,18321,580,438,629,468,77
459.5386,18322,580,438,629,468,77
459.5668,18323,571,436,631,466,78
459.5924,18324,560,439,632,471,72
459.6172,18325,552,446,630,475,73
459.6443,18326,545,449,615,477,75
459.6703,18327,545,449,615,477,75
459.6960,18328,538,449,614,479,77
459.7202,18329,534,449,612,481,78
459.7465,18330,534,449,612,481,78
459.7743,18331,528,452,608,483,75
459.8008,18332,523,454,605,484,73
459.8264,18333,518,454,604,484,69
459.8512,18334,514,456,601,486,64
459.8787,18335,514,456,601,486,64
459.9041,18336,510,464,581,486,64
459.9300,18337,506,470,569,486,66
459.9553,18338,503,471,559,486,64
459.9553,18338,572,452,595,476,36
459.9807,18339,496,472,550,486,68
459.9807,18339,558,460,588,472,30
460.0076,18340,496,472,550,486,68
460.0076,18340,558,460,588,472,30
460.0324,18341,489,474,549,486,68
460.0324,18341,555,459,577,483,55
460.0609,18342,480,475,538,485,59
460.0609,18342,547,464,565,486,37
460.0842,18343,480,475,538,485,59
460.0842,18343,547,464,565,486,37
460.1099,18344,472,475,532,485,59
460.1362,18345,464,476,523,484,41
460.1615,18346,458,476,510,484,44
460.1853,18347,452,476,505,484,43
460.2116,18348,452,476,505,484,43
460.2378,18349,447,476,497,484,43
460.2642,18350,442,476,494,484,44
460.2922,18351,438,477,491,485,43
460.3159,18352,434,477,488,485,42
460.3427,18353,434,477,488,485,42
460.3666,18354,430,477,480,485,40
460.3918,18355,426,477,477,485,50
460.4163,18356,426,477,477,485,50
460.4438,18357,422,477,475,485,48
460.4687,18358,419,477,472,485,49
460.4951,18359,415,476,467,486,44
460.5199,18360,415,476,467,486,44
460.5455,18361,412,477,465,485,51
460.5724,18362,410,475,467,489,71
460.5973,18363,406,474,462,491,72
460.6221,18364,399,473,463,491,70
460.6471,18365,399,473,463,491,70
460.6735,18366,393,474,455,491,68
460.6994,18367,388,474,460,491,61
460.7254,18368,388,474,460,491,61
460.7529,18369,387,474,462,490,47
460.7771,18370,378,477,451,491,31
460.8046,18371,374,476,429,494,67
460.8280,18372,365,474,421,495,71
460.8548,18373,365,474,421,495,71
460.8815,18374,349,478,405,488,63
460.9071,18375,336,475,400,488,68
460.9326,18376,325,474,389,488,70
460.9588,18377,315,472,382,488,69
460.9850,18378,308,472,375,486,69
461.0133,18379,308,472,375,486,69
461.0371,18380,299,470,369,486,67
461.0625,18381,299,470,369,486,67
461.0890,18382,292,470,363,486,68
461.1158,18383,286,470,360,486,65
461.1400,18384,280,468,362,486,61
461.1642,18385,274,468,360,486,66
461.1911,18386,274,468,360,486,66
461.2181,18387,269,468,355,486,66
461.2468,18388,265,468,351,484,63
461.2715,18389,259,467,346,484,67
461.2979,18390,256,467,344,484,63
461.3229,18391,252,467,338,481,61
461.3479,18392,252,467,338,481,61
461.3740,18393,247,466,336,480,60
461.3989,18394,244,466,333,480,62
461.4289,18395,244,466,333,480,62
461.4558,18396,240,466,329,478,46
461.4823,18397,238,466,314,478,49
461.5068,18398,234,465,314,477,47
461.5314,18399,229,465,299,476,48
461.5572,18400,229,465,299,476,48
461.5835,18401,226,464,298,476,43
461.6096,18402,224,464,300,476,40
461.6351,18403,221,464,292,476,40
461.6610,18404,218,465,291,475,40
461.6871,18405,218,465,291,475,40
461.7129,18406,215,464,288,475,43
461.7377,18407,213,464,282,475,38
461.7640,18408,213,464,282,475,38
461.7887,18409,211,464,281,474,32
461.8141,18410,208,462,270,474,42
461.8420,18411,208,462,270,474,42
461.8657,18412,217,446,253,484,68
461.8926,18413,217,446,253,484,68
461.9192,18414,217,443,241,487,70
461.9192,18414,221,457,273,487,52
461.9439,18415,216,442,249,488,68
461.9701,18416,214,434,247,486,72
461.9957,18417,213,431,250,488,76
462.0216,18418,213,431,250,488,76
462.0473,18419,213,428,252,488,77
462.0737,18420,213,426,253,490,75
462.0978,18421,213,426,253,490,75
462.1251,18422,214,424,254,490,74
462.1505,18423,215,422,256,482,73
462.1765,18424,216,420,258,482,74
462.2009,18425,217,418,259,482,75
462.2272,18426,217,418,259,482,75
462.2528,18427,217,418,259,482,75
462.2793,18428,218,415,262,483,76
462.3051,18429,219,414,263,482,76
462.3305,18430,218,412,264,483,77
462.3562,18431,218,412,264,483,77
462.3822,18432,219,411,265,483,77
462.4083,18433,219,410,266,482,77
462.4343,18434,219,410,266,482,77
462.4612,18435,219,409,267,483,77
462.4865,18436,218,408,268,482,78
462.5110,18437,217,406,268,482,79
462.5373,18438,216,406,269,480,79
462.5632,18439,216,406,269,480,79
462.5876,18440,216,406,269,480,80
462.6130,18441,217,404,270,480,79
462.6382,18442,217,404,270,480,79
462.6635,18443,217,404,270,480,79
462.6893,18444,216,403,271,479,79
462.7183,18445,215,402,271,478,79
462.7415,18446,215,402,271,477,79
462.7697,18447,215,402,271,477,79
462.7954,18448,214,400,272,476,78
462.8193,18449,215,400,272,476,78
462.8450,18450,215,399,272,474,78
462.8757,18451,215,399,272,474,78
462.8968,18452,217,398,272,472,77
462.9236,18453,217,398,273,471,77
462.9488,18454,218,400,274,466,75
462.9751,18455,228,402,279,456,71
462.9992,18456,228,402,279,456,71
463.0260,18457,232,403,281,445,73
463.0545,18458,232,403,281,445,73
463.0790,18459,232,403,286,441,73
463.1038,18460,232,403,286,441,73
463.1281,18461,232,403,288,439,72
463.1555,18462,232,402,290,436,72
463.1801,18463,232,402,292,438,73
463.2064,18464,232,402,292,438,73
463.2326,18465,232,402,293,442,72
463.2594,18466,233,402,294,438,73
463.2840,18467,233,400,295,438,72
463.3099,18468,233,400,297,438,73
463.3345,18469,232,400,298,439,72
463.3615,18470,232,400,298,439,72
463.3871,18471,232,398,300,440,72
463.4142,18472,233,398,300,436,72
463.4406,18473,233,398,300,436,72
463.4657,18474,233,398,300,436,72
463.4927,18475,232,398,302,436,71
463.5184,18476,233,398,304,436,72
463.5435,18477,232,398,304,434,72
463.5689,18478,232,398,304,434,72
463.5959,18479,236,396,306,432,72
463.6227,18480,231,396,307,434,75
463.6471,18481,232,396,308,433,74
463.6736,18482,232,396,308,432,75
463.6992,18483,232,396,308,432,75
463.7266,18484,232,396,309,432,75
463.7522,18485,231,396,310,432,76
463.7785,18486,231,396,310,432,76
463.8048,18487,231,395,310,429,76
463.8317,18488,231,395,311,430,74
463.8553,18489,231,394,312,428,75
463.8820,18490,231,394,312,426,74
463.9068,18491,231,394,312,426,74
463.9346,18492,231,394,312,426,75
463.9585,18493,231,394,313,426,74
463.9829,18494,232,394,314,424,73
464.0097,18495,232,393,314,423,74
464.0345,18496,232,393,314,423,74
464.0621,18497,232,393,315,423,75
464.0865,18498,233,393,316,421,74
464.1105,18499,233,393,316,421,74
464.1379,18500,233,392,316,420,75
464.1633,18501,233,392,317,420,76
464.1890,18502,234,392,318,419,75
464.2141,18503,234,392,318,419,75
464.2400,18504,233,392,319,418,77
464.2664,18505,235,391,319,417,75
464.2933,18506,234,392,320,416,75
464.3183,18507,240,391,320,415,75
464.3435,18508,240,391,320,415,75
464.3700,18509,240,390,320,414,75
464.3963,18510,240,390,321,414,75
464.4206,18511,237,390,321,414,75
464.4467,18512,241,390,321,413,74
464.4735,18513,241,390,321,413,74
464.4986,18514,241,390,322,412,74
464.5243,18515,242,390,322,412,75
464.5504,18516,242,390,322,412,75
464.5763,18517,242,390,322,412,74
464.6034,18518,243,390,323,412,74
464.6302,18519,242,391,323,411,74
464.6552,18520,243,391,323,411,73
464.6808,18521,245,391,324,411,73
464.7067,18522,245,391,324,411,73
464.7332,18523,247,391,324,411,72
464.7593,18524,244,391,325,411,72
464.7851,18525,244,391,326,410,72
464.8110,18526,244,391,326,410,72
464.8377,18527,245,391,327,410,72
464.8616,18528,245,391,327,409,72
464.8873,18529,245,391,327,409,72
464.9134,18530,246,391,328,409,72
464.9410,18531,246,391,328,409,71
464.9677,18532,247,392,328,408,70
464.9936,18533,246,392,329,408,69
465.0183,18534,248,392,330,408,68
465.0450,18535,248,392,330,408,68
465.0703,18536,249,391,330,407,66
465.0970,18537,251,390,331,406,66
465.1217,18538,251,391,331,407,66
465.1488,18539,251,391,331,407,66
465.1758,18540,251,393,332,407,65
465.1992,18541,253,392,332,406,64
465.2258,18542,251,392,332,406,64
465.2520,18543,251,392,332,406,64
465.2771,18544,253,392,333,406,63
465.3019,18545,254,392,333,406,63
465.3281,18546,258,392,334,404,60
465.3546,18547,256,392,335,406,62
465.3797,18548,256,392,335,406,62
465.4047,18549,256,394,335,406,62
465.4311,18550,257,393,335,405,59
465.4562,18551,260,392,335,404,57
465.4825,18552,260,392,335,404,57
465.5081,18553,260,392,336,404,55
465.5355,18554,259,392,336,404,53
465.5606,18555,261,393,336,404,47
465.5857,18556,261,393,336,404,47
465.6113,18557,259,394,336,406,56
465.6388,18558,263,393,336,405,58
465.6643,18559,261,392,336,404,50
465.6906,18560,267,392,337,404,46
465.7152,18561,267,392,337,404,46
465.7410,18562,262,394,337,404,46
465.7673,18563,269,393,339,404,49
465.7936,18564,269,392,338,404,52
465.8214,18565,269,392,338,404,52
465.8481,18566,260,393,338,403,49
465.8721,18567,259,394,339,404,53
465.8972,18568,259,394,339,404,53
465.9255,18569,269,392,339,404,56
465.9519,18570,258,392,338,402,50
465.9785,18571,263,392,338,404,60
466.0038,18572,263,393,338,405,64
466.1055,18573,264,393,341,406,66
466.1318,18574,272,392,342,406,66
466.1570,18575,273,392,343,406,68
466.1836,18576,273,392,343,406,68
466.2085,18577,272,393,343,407,68
466.2356,18578,266,394,343,408,68
466.2607,18579,266,394,343,408,68
466.2871,18580,272,393,344,407,68
466.3120,18581,268,393,344,407,67
466.3385,18582,274,394,346,408,67
466.3630,18583,273,394,346,408,67
466.3885,18584,273,394,346,408,67
466.4148,18585,277,393,346,408,68
466.4401,18586,274,393,347,409,68
466.4667,18587,272,394,346,410,68
466.4922,18588,273,393,348,409,68
466.5178,18589,273,393,348,409,68
466.5444,18590,274,392,348,408,69
466.5692,18591,271,393,348,409,70
466.5956,18592,271,393,348,409,70
466.6203,18593,274,392,348,410,70
466.6459,18594,274,392,348,410,70
466.6712,18595,272,392,348,410,70
466.6972,18596,275,393,348,411,71
466.7222,18597,275,393,348,411,71
466.7483,18598,271,392,348,410,71
466.7751,18599,272,392,349,410,71
466.8002,18600,272,393,348,411,71
466.8252,18601,271,393,349,411,71
466.8518,18602,271,393,349,411,71
466.8780,18603,270,393,348,411,71
466.9032,18604,270,393,348,411,71
466.9292,18605,271,394,348,412,71
466.9543,18606,271,394,348,412,71
466.9800,18607,272,393,348,411,72
467.0054,18608,271,392,348,412,72
467.0308,18609,271,392,348,412,72
467.0561,18610,271,392,348,412,72
467.0829,18611,271,392,349,412,72
467.1081,18612,272,392,349,412,73
467.1339,18613,271,392,349,412,73
467.1585,18614,272,393,349,413,72
467.1877,18615,272,393,349,413,72
467.2129,18616,270,392,350,412,72
467.2379,18617,270,392,350,412,72
467.2658,18618,269,392,350,412,72
467.2918,18619,269,391,350,412,73
467.3163,18620,271,392,349,412,72
467.3421,18621,271,389,349,411,73
467.3679,18622,273,390,350,412,72
467.3946,18623,273,390,350,412,72
467.4199,18624,268,391,350,413,70
467.4476,18625,268,391,350,413,70
467.4721,18626,270,392,351,412,71
467.4968,18627,268,390,351,412,72
467.5216,18628,268,390,351,412,72
467.5488,18629,268,391,352,413,72
467.5731,18630,268,391,352,413,72
467.5996,18631,270,390,352,412,71
467.6261,18632,268,390,352,412,71
467.6507,18633,267,389,352,413,72
467.6767,18634,269,392,353,414,71
467.7024,18635,269,392,353,414,71
467.7284,18636,270,390,353,412,72
467.7548,18637,270,390,353,412,73
467.7801,18638,272,392,352,414,71
467.8060,18639,268,387,350,417,75
467.8305,18640,268,387,350,417,75
467.8572,18641,268,387,350,417,75
467.8845,18642,278,390,352,420,72
467.9115,18643,278,390,352,420,72
467.9371,18644,285,391,355,421,73
467.9619,18645,286,390,356,422,75
467.9867,18646,287,390,356,422,75
468.0127,18647,288,390,357,424,75
468.0400,18648,288,390,357,424,75
468.0654,18649,288,390,357,424,75
468.0919,18650,291,390,357,424,75
468.1162,18651,292,390,358,426,75
468.1421,18652,289,390,358,426,75
468.1674,18653,292,389,359,425,74
468.1954,18654,292,389,359,425,74
468.2190,18655,288,390,360,426,74
468.2461,18656,288,390,360,426,74
468.2726,18657,288,390,360,426,74
468.2975,18658,288,389,361,427,75
468.3240,18659,290,390,362,426,75
468.3486,18660,293,390,362,428,75
468.3740,18661,293,390,362,428,75
468.4014,18662,291,390,362,428,74
468.4269,18663,288,389,362,427,75
468.4518,18664,290,389,362,429,75
468.4777,18665,293,390,362,430,74
468.5035,18666,293,390,362,430,74
468.5314,18667,289,389,363,429,75
468.5576,18668,289,388,363,428,75
468.5825,18669,289,388,363,428,75
468.6096,18670,290,388,364,430,75
468.6345,18671,284,387,364,429,75
468.6599,18672,289,387,364,429,75
468.6851,18673,284,386,364,430,75
468.7123,18674,287,387,364,431,74
468.7383,18675,287,387,364,431,74
468.7638,18676,284,386,364,431,75
468.7920,18677,287,385,364,431,75
468.8148,18678,286,385,365,431,76
468.8422,18679,286,385,366,431,77
468.8677,18680,286,385,366,431,77
468.8937,18681,286,384,366,431,77
468.9206,18682,286,384,366,431,77
468.9478,18683,287,384,366,432,77
468.9730,18684,287,384,366,432,77
468.9998,18685,287,383,366,432,77
469.0236,18686,288,382,366,432,77
469.0495,18687,286,382,366,434,76
469.0760,18688,286,382,366,434,76
469.1005,18689,287,381,365,434,76
469.1272,18690,287,380,365,434,76
469.1533,18691,287,381,366,435,76
469.1776,18692,291,384,367,437,76
469.2059,18693,291,384,367,437,76
469.2294,18694,294,382,367,436,76
469.2552,18695,294,381,367,435,78
469.2817,18696,294,381,367,435,78
469.3091,18697,293,384,367,438,77
469.3352,18698,293,384,368,438,76
469.3602,18699,293,382,367,436,77
469.3858,18700,293,384,368,438,76
469.4123,18701,293,384,368,438,76
469.4370,18702,294,385,368,439,76
469.4635,18703,296,383,368,437,74
469.4872,18704,297,382,368,437,75
469.5126,18705,296,384,368,439,77
469.5386,18706,296,384,368,439,77
469.5655,18707,297,384,368,440,77
469.5922,18708,297,382,369,438,76
469.6174,18709,297,382,369,438,76
469.6422,18710,298,384,370,440,77
469.6685,18711,298,384,369,440,78
469.6935,18712,297,381,369,439,77
469.7201,18713,297,381,369,439,77
469.7451,18714,299,383,369,439,76
469.7718,18715,298,383,368,441,78
469.7967,18716,298,384,369,442,77
469.8228,18717,298,382,369,440,77
469.8470,18718,298,381,370,440,78
469.8742,18719,298,381,370,440,78
469.9010,18720,299,383,370,443,79
469.9265,18721,300,381,371,441,77
469.9511,18722,300,381,371,441,77
469.9784,18723,300,378,371,440,78
470.0022,18724,300,380,372,440,78
470.0287,18725,300,381,371,443,79
470.0537,18726,300,381,371,443,79
470.0796,18727,300,379,371,441,79
470.1065,18728,299,379,371,441,78
470.1318,18729,300,380,370,442,79
470.1581,18730,300,381,369,443,79
470.1832,18731,300,381,369,443,79
470.2096,18732,300,378,368,442,78
470.2357,18733,301,378,367,444,78
470.2599,18734,304,380,367,446,77
470.2863,18735,304,380,367,446,77
470.3125,18736,313,386,368,446,76
470.3370,18737,313,390,368,446,78
470.3641,18738,312,390,369,448,77
470.3893,18739,312,390,369,448,77
470.4153,18740,314,390,368,449,76
470.4407,18741,311,388,368,448,76
470.4660,18742,310,388,368,449,76
470.4912,18743,309,388,367,450,77
470.5186,18744,309,388,367,450,77
470.5444,18745,310,388,368,450,76
470.5700,18746,312,388,368,450,75
470.5947,18747,312,388,368,452,74
470.6232,18748,312,388,368,452,74
470.6470,18749,312,389,369,453,75
470.6738,18750,313,388,369,452,74
470.6982,18751,312,386,369,452,74
470.7253,18752,312,386,369,452,74
470.7507,18753,311,387,370,453,75
470.7775,18754,314,388,369,454,74
470.8025,18755,313,388,370,454,75
470.8292,18756,310,386,369,454,75
470.8543,18757,310,386,369,454,75
470.8796,18758,310,386,369,455,75
470.9061,18759,310,385,370,455,76
470.9308,18760,311,385,370,455,76
470.9569,18761,311,385,370,455,76
470.9845,18762,312,385,370,455,76
471.0076,18763,312,386,370,456,76
471.0344,18764,312,386,370,456,76
471.0596,18765,312,386,370,456,76
471.0857,18766,312,384,370,456,76
471.1117,18767,312,383,370,457,76
471.1379,18768,313,384,370,457,76
471.1623,18769,313,382,370,456,74
471.1882,18770,313,382,370,456,74
471.2155,18771,313,383,371,457,75
471.2414,18772,313,382,371,458,77
471.2659,18773,319,386,373,456,72
471.2940,18774,319,386,373,456,72
471.3185,18775,317,384,375,454,74
471.3432,18776,328,394,378,454,72
471.3687,18777,330,395,379,454,72
471.3948,18778,330,395,379,454,72
471.4192,18779,329,397,381,455,72
471.4474,18780,329,397,381,455,72
471.4717,18781,330,394,382,456,76
471.4983,18782,330,394,384,456,78
471.5244,18783,330,394,384,456,78
471.5499,18784,330,391,385,455,78
471.5756,18785,330,392,386,456,77
471.6022,18786,329,391,386,457,78
471.6261,18787,329,396,387,457,78
471.6527,18788,329,396,387,457,78
471.6782,18789,329,397,388,457,77
471.7055,18790,328,396,388,458,77
471.7312,18791,328,396,388,458,77
471.7560,18792,328,396,390,458,78
471.7836,18793,328,396,390,458,78
471.8086,18794,329,397,390,458,77
471.8336,18795,329,397,390,458,77
471.8605,18796,329,397,390,458,77
471.8877,18797,327,398,392,458,78
471.9147,18798,328,400,392,458,77
471.9392,18799,327,401,393,459,78
471.9643,18800,327,401,393,459,77
471.9913,18801,327,401,393,459,77
472.0158,18802,326,404,394,458,76
472.0419,18803,326,403,394,459,76
472.0679,18804,326,403,394,459,76
472.0942,18805,327,408,395,460,75
472.1216,18806,326,408,395,458,75
472.1469,18807,326,409,396,459,74
472.1727,18808,326,406,396,459,74
472.1995,18809,326,406,396,459,74
472.2255,18810,325,411,396,459,73
472.2520,18811,325,411,396,459,73
472.2789,18812,326,411,397,459,73
472.3032,18813,325,412,398,460,73
472.3297,18814,325,412,398,460,73
472.3548,18815,324,411,398,459,73
472.3808,18816,325,411,398,459,72
472.4072,18817,325,411,398,459,72
472.4327,18818,324,412,398,460,74
472.4584,18819,325,414,398,460,73
472.4865,18820,325,414,399,460,73
472.5114,18821,325,414,399,458,73
472.5379,18822,324,413,400,459,74
472.5638,18823,324,413,400,459,74
472.5882,18824,325,416,401,459,72
472.6156,18825,326,417,401,459,68
472.6411,18826,326,417,401,459,68
472.6676,18827,326,417,401,459,68
472.6956,18828,328,421,402,459,68
472.7194,18829,326,419,402,459,70
472.7462,18830,326,419,402,459,70
472.7725,18831,327,422,403,458,68
472.7995,18832,327,422,404,458,69
472.8261,18833,329,424,404,458,71
472.8537,18834,328,424,404,458,72
472.8788,18835,329,424,405,458,72
472.9039,18836,329,424,405,458,72
472.9313,18837,330,425,405,459,73
472.9571,18838,331,426,405,458,73
472.9824,18839,332,426,405,458,73
473.0089,18840,332,426,405,458,73
473.0339,18841,330,426,406,458,73
473.0609,18842,333,430,405,458,73
473.0866,18843,334,433,405,459,72
473.1121,18844,334,433,405,459,72
473.1405,18845,332,430,406,460,74
473.1663,18846,331,428,406,458,73
473.1918,18847,334,432,406,459,74
473.2187,18848,335,433,408,459,74
473.2434,18849,334,431,408,459,73
473.2712,18850,334,431,408,459,73
473.2972,18851,332,430,408,458,72
473.3240,18852,331,428,409,458,72
473.3493,18853,332,433,410,459,70
473.3767,18854,332,433,410,459,70
473.4014,18855,332,428,410,458,72
473.4285,18856,335,434,411,458,70
473.4535,18857,333,431,410,459,70
473.4808,18858,333,431,410,459,70
473.5079,18859,336,437,412,459,69
473.5339,18860,339,438,412,458,70
473.5613,18861,342,441,412,459,67
473.5880,18862,341,442,413,458,65
473.6126,18863,341,441,412,459,66
473.6391,18864,341,441,412,459,66
473.6657,18865,342,442,413,459,64
473.6921,18866,342,442,413,459,61
473.7175,18867,342,442,413,459,61
473.7449,18868,342,442,413,459,63
473.7697,18869,340,441,413,458,65
473.7971,18870,346,444,414,458,63
473.8218,18871,344,443,414,459,60
473.8483,18872,344,443,414,459,60
473.8747,18873,341,443,414,459,62
473.9022,18874,340,443,414,459,63
473.9278,18875,340,442,414,460,64
473.9532,18876,349,445,415,459,59
473.9793,18877,349,444,415,458,63
474.0058,18878,349,444,415,458,63
474.0334,18879,349,445,415,459,52
474.1118,18882,350,445,416,459,43
474.1365,18883,353,446,416,458,32
474.5254,18898,361,447,419,459,31
474.5537,18899,361,447,419,459,31
474.5820,18900,357,446,419,458,41
474.6100,18901,359,446,419,458,43
474.6369,18902,360,446,420,458,40
474.6628,18903,361,446,421,458,36
474.6876,18904,361,446,421,458,40
474.7137,18905,361,446,421,458,40
474.7432,18906,361,446,421,458,41
474.7662,18907,362,446,421,458,37
474.7943,18908,362,446,421,458,37
474.8193,18909,362,446,421,458,34
474.8468,18910,363,446,422,458,36
474.8722,18911,361,446,422,458,38
474.8970,18912,360,446,422,458,45
474.9232,18913,360,446,422,458,41
474.9497,18914,360,446,422,458,41
475.0283,18917,360,447,422,459,35
475.0552,18918,357,446,423,460,52
475.0808,18919,357,446,423,460,52
475.1074,18920,360,446,424,460,56
475.1312,18921,362,446,425,460,46
475.1594,18922,362,446,425,460,46
475.1865,18923,365,445,426,459,33
475.2126,18924,367,447,428,459,34
475.2380,18925,367,447,430,459,31
475.2626,18926,365,447,431,459,40
475.2894,18927,365,447,431,459,40
475.3157,18928,366,447,432,459,50
475.3411,18929,366,447,433,459,54
475.3690,18930,358,445,434,459,57
475.4007,18931,356,446,434,460,59
475.4376,18932,356,446,434,460,59
475.4617,18933,358,445,435,459,60
475.4878,18934,358,446,435,460,61
475.5149,18935,354,445,436,459,64
475.5386,18936,358,446,436,460,62
475.5639,18937,358,446,436,460,62
475.5866,18938,355,446,437,460,63
475.6141,18939,355,446,437,460,63
475.6362,18940,355,445,437,459,64
475.6649,18941,355,446,438,460,65
475.6856,18942,355,446,438,460,65
475.7104,18943,356,446,438,460,64
475.7338,18944,357,446,439,460,65
475.7628,18945,357,446,439,460,65
475.7861,18946,358,446,439,460,64
475.8122,18947,360,446,439,460,61
475.8339,18948,360,446,439,460,61
475.8602,18949,360,446,439,460,61
475.8865,18950,360,446,440,460,62
475.9133,18951,360,446,440,460,60
475.9378,18952,361,446,441,460,56
475.9635,18953,360,446,441,460,55
475.9903,18954,360,446,441,460,55
476.0161,18955,361,446,441,460,55
476.0436,18956,363,446,441,460,56
476.0695,18957,364,446,441,460,66
476.0946,18958,364,446,441,460,66
476.1184,18959,363,445,441,461,70
476.1439,18960,367,445,442,461,71
476.1699,18961,367,445,442,461,71
476.1970,18962,369,446,442,462,68
476.2275,18963,367,446,443,462,69
476.2498,18964,367,446,443,462,69
476.2735,18965,367,445,444,461,69
476.3009,18966,367,445,444,461,69
476.3255,18967,368,445,445,461,70
476.3492,18968,369,444,446,462,71
476.3767,18969,367,444,446,462,71
476.3990,18970,368,444,447,463,72
476.4271,18971,368,444,447,463,72
476.4537,18972,370,444,447,463,72
476.4782,18973,370,443,447,463,73
476.5064,18974,370,443,447,463,73
476.5353,18975,372,443,447,463,73
476.5635,18976,372,443,448,463,73
476.5862,18977,372,443,448,463,74
476.6112,18978,371,443,449,463,73
476.6317,18979,371,443,449,463,73
476.6588,18980,371,443,449,463,73
476.6827,18981,374,443,450,463,74
476.7064,18982,374,443,449,463,74
476.7348,18983,373,443,450,463,75
476.7618,18984,373,443,450,463,75
476.7854,18985,373,442,450,462,75
476.8086,18986,373,442,450,462,75
476.8333,18987,373,442,451,463,75
476.8585,18988,374,442,451,463,75
476.8822,18989,373,442,451,462,75
476.9069,18990,373,442,451,462,75
476.9344,18991,376,441,450,462,75
476.9600,18992,378,441,450,463,75
476.9866,18993,378,440,451,464,75
477.0123,18994,375,441,450,464,76
477.0368,18995,375,441,450,464,76
477.0633,18996,375,441,450,464,76
477.0916,18997,372,440,450,463,76
477.1179,18998,374,438,452,462,75
477.1420,18999,374,438,452,462,75
477.1676,19000,372,439,451,463,76
477.1898,19001,373,439,452,463,77
477.2158,19002,374,438,452,464,77
477.2428,19003,374,438,452,464,77
477.2694,19004,373,438,452,464,78
477.2957,19005,373,438,453,464,78
477.3248,19006,375,438,453,464,79
477.3486,19007,376,438,454,464,79
477.3751,19008,376,437,454,465,79
477.4004,19009,376,437,454,465,79
477.4306,19010,376,437,454,465,79
477.4557,19011,376,437,454,465,79
477.4826,19012,376,437,454,465,79
477.5072,19013,377,437,455,465,79
477.5331,19014,377,436,455,466,79
477.5585,19015,378,437,455,466,78
477.5822,19016,378,437,455,466,78
477.6055,19017,384,438,456,466,75
477.6330,19018,391,440,457,468,72
477.6575,19019,386,440,458,468,71
477.6825,19020,387,440,459,470,72
477.7074,19021,387,440,459,470,72
477.7334,19022,387,441,461,469,72
477.7606,19023,386,441,463,469,70
477.7862,19024,385,441,464,469,72
477.8108,19025,385,441,464,469,72
477.8340,19026,386,441,466,469,73
477.8593,19027,386,441,466,470,72
477.8834,19028,388,440,467,468,74
477.9106,19029,388,440,467,468,74
477.9354,19030,388,441,468,467,75
477.9640,19031,389,440,469,466,74
477.9882,19032,390,441,470,465,76
478.0143,19033,390,440,471,464,75
478.0375,19034,390,440,471,464,75
478.0651,19035,391,440,471,464,75
478.0899,19036,389,441,472,467,75
478.1164,19037,392,441,473,465,73
478.1438,19038,392,441,473,465,73
478.1682,19039,391,440,473,464,74
478.1922,19040,393,441,474,465,74
478.2190,19041,393,441,474,465,74
478.2453,19042,394,441,474,467,72
478.2660,19043,394,441,474,464,72
478.2933,19044,396,440,474,464,70
478.3161,19045,396,440,474,464,70
478.3417,19046,401,440,476,462,70
478.3695,19047,396,441,476,465,70
478.4007,19048,397,440,476,464,70
478.4215,19049,400,441,477,464,68
478.4491,19050,400,441,477,464,68
478.4721,19051,398,442,477,466,68
478.4986,19052,397,441,477,466,68
478.5226,19053,397,441,477,466,68
478.5494,19054,404,440,478,462,67
478.5747,19055,397,441,478,465,70
478.5994,19056,398,441,478,466,67
478.6265,19057,397,440,478,466,70
478.6476,19058,397,440,478,466,70
478.6811,19059,402,441,480,463,67
478.7042,19060,402,440,480,464,68
478.7267,19061,403,440,480,463,68
478.7534,19062,402,440,480,462,68
478.7790,19063,398,440,480,466,70
478.8075,19064,398,440,480,466,70
478.8316,19065,401,440,481,464,70
478.8577,19066,401,440,481,464,70
478.8848,19067,401,440,481,464,69
478.9119,19068,398,440,480,466,69
478.9360,19069,396,440,479,466,71
478.9637,19070,396,441,478,465,72
478.9886,19071,400,441,479,463,65
479.0142,19072,400,441,479,463,65
479.0411,19073,398,441,480,463,68
479.0673,19074,397,442,481,464,69
479.0933,19075,396,442,481,464,70
479.1198,19076,397,442,482,464,69
479.1469,19077,397,442,482,464,69
479.1727,19078,398,442,483,464,69
479.1980,19079,398,442,484,464,69
479.2238,19080,398,442,484,464,69
479.2508,19081,403,443,485,463,63
479.2764,19082,402,442,486,464,62
479.2986,19083,406,442,486,462,62
479.3251,19084,406,442,486,462,61
479.3547,19085,406,442,486,462,61
479.3801,19086,415,443,488,457,61
479.4042,19087,415,443,488,457,61
479.4319,19088,418,443,488,457,61
479.4574,19089,417,444,488,456,62
479.4816,19090,416,442,488,456,61
479.5071,19091,416,442,488,456,61
479.5336,19092,416,442,488,456,61
479.5609,19093,416,442,488,456,61
479.5865,19094,417,444,489,456,62
479.6134,19095,418,443,489,456,61
479.6382,19096,416,442,490,456,62
479.6647,19097,418,443,490,456,62
479.6923,19098,416,443,490,457,61
479.7176,19099,416,443,490,457,61
479.7433,19100,416,442,490,456,62
479.7710,19101,417,442,491,456,62
479.7965,19102,419,443,490,456,61
479.8210,19103,418,443,491,456,62
479.8486,19104,418,443,491,456,62
479.8724,19105,419,443,491,455,63
479.8984,19106,418,443,492,455,63
479.9248,19107,418,443,492,455,63
479.9520,19108,417,443,492,457,63
479.9773,19109,418,443,492,455,63
480.0047,19110,420,443,492,455,63
480.0294,19111,419,443,492,456,63
480.0557,19112,419,443,492,456,63
480.0808,19113,420,443,492,455,62
480.1108,19114,423,443,492,455,63
480.1369,19115,422,443,492,455,63
480.1591,19116,421,442,492,454,64
480.1816,19117,421,442,492,454,64
480.2065,19118,422,442,492,454,65
480.2366,19119,421,443,492,455,65
480.2614,19120,421,443,492,455,65
480.2865,19121,421,443,493,456,65
480.3119,19122,420,443,494,455,65
480.3395,19123,420,443,494,455,64
480.3646,19124,422,444,495,456,64
480.3901,19125,422,444,495,456,64
480.4160,19126,425,443,495,455,63
480.4427,19127,425,443,495,455,63
480.4680,19128,427,443,495,455,64
480.4958,19129,426,443,496,455,64
480.5224,19130,426,443,496,455,64
480.5472,19131,426,443,496,455,64
480.5734,19132,427,443,496,455,64
480.5978,19133,427,443,496,455,64
480.6238,19134,428,443,496,454,63
480.6507,19135,428,443,496,454,63
480.6758,19136,428,444,496,454,66
480.7027,19137,426,442,496,456,70
480.7270,19138,426,442,496,456,70
480.7545,19139,429,440,496,458,71
480.7820,19140,438,440,496,458,71
480.8091,19141,442,439,497,459,72
480.8324,19142,444,438,498,460,73
480.8593,19143,442,439,499,461,75
480.8833,19144,442,439,499,461,75
480.9097,19145,444,438,499,462,76
480.9350,19146,444,438,499,462,76
480.9606,19147,442,438,499,462,77
480.9874,19148,442,438,500,462,77
481.0130,19149,443,438,501,464,78
481.0383,19150,443,438,501,464,78
481.0656,19151,443,438,501,464,78
481.0904,19152,443,438,502,464,79
481.1179,19153,442,438,503,464,79
481.1439,19154,443,439,503,465,79
481.1684,19155,444,439,504,465,79
481.1950,19156,444,438,504,466,79
481.2222,19157,444,438,504,466,79
481.2482,19158,445,438,504,466,79
481.2758,19159,447,440,505,466,78
481.2998,19160,447,440,505,466,78
481.3266,19161,446,440,505,466,79
481.3524,19162,446,439,506,466,79
481.3793,19163,447,440,506,466,79
481.4047,19164,446,441,506,467,78
481.4293,19165,446,441,506,467,78
481.4542,19166,446,441,506,467,78
481.4824,19167,445,441,507,467,78
481.5071,19168,447,442,507,468,77
481.5335,19169,448,441,507,467,77
481.5588,19170,448,441,507,467,77
481.5864,19171,448,440,508,468,77
481.6120,19172,448,440,508,468,77
481.6392,19173,448,441,509,467,77
481.6642,19174,447,441,509,467,77
481.6911,19175,447,441,509,467,76
481.7165,19176,445,440,510,468,77
481.7423,19177,447,441,510,467,76
481.7680,19178,447,441,510,467,76
481.7946,19179,446,441,510,468,76
481.8203,19180,447,441,510,467,76
481.8464,19181,447,441,510,467,76
481.8717,19182,446,441,510,468,76
481.8981,19183,446,441,510,468,76
481.9244,19184,446,440,511,468,76
481.9495,19185,445,440,511,468,76
481.9753,19186,445,440,511,468,76
482.0025,19187,447,440,511,468,75
482.0285,19188,446,441,511,469,75
482.0543,19189,443,440,511,468,76
482.0789,19190,446,440,511,468,75
482.1044,19191,446,443,511,469,73
482.1309,19192,446,443,511,469,73
482.1595,19193,455,442,511,470,73
482.1831,19194,454,442,511,472,72
482.2091,19195,454,442,512,472,74
482.2312,19196,454,442,512,472,74
482.2580,19197,454,442,512,472,74
482.2840,19198,452,440,512,472,75
482.3111,19199,452,440,512,472,75
482.3380,19200,450,442,513,474,74
482.3642,19201,455,441,514,474,75
482.3880,19202,455,440,514,474,75
482.4141,19203,456,441,514,475,75
482.4419,19204,456,441,514,475,75
482.4654,19205,458,442,515,476,76
482.4890,19206,458,441,515,475,77
482.5156,19207,456,440,515,476,77
482.5416,19208,456,441,516,477,76
482.5672,19209,456,441,516,477,76
482.5939,19210,456,440,516,476,76
482.6180,19211,456,440,516,476,77
482.6457,19212,456,440,516,476,77
482.6714,19213,458,441,516,477,77
482.6964,19214,456,441,517,477,77
482.7199,19215,456,441,517,477,77
482.7448,19216,458,442,517,476,77
482.7689,19217,458,442,517,476,77
482.7956,19218,456,442,517,478,77
482.8219,19219,456,441,517,477,77
482.8459,19220,458,441,517,477,77
482.8740,19221,459,440,518,476,77
482.9023,19222,459,440,518,476,77
482.9251,19223,458,440,519,474,76
482.9528,19224,458,440,519,474,76
482.9791,19225,452,438,520,474,75
483.0042,19226,450,436,522,474,75
483.0294,19227,450,436,523,474,74
483.0559,19228,452,439,525,475,73
483.0814,19229,452,440,526,474,72
483.1089,19230,452,440,526,474,72
483.1345,19231,450,440,527,474,70
483.1603,19232,447,439,528,475,69
483.1847,19233,450,440,529,474,69
483.2103,19234,453,443,530,474,68
483.2360,19235,453,443,530,474,68
483.2633,19236,454,444,531,474,69
483.2880,19237,454,444,531,474,69
483.3145,19238,458,448,532,474,70
483.3405,19239,456,447,532,473,66
483.3648,19240,460,450,533,474,68
483.3909,19241,459,449,533,473,69
483.4179,19242,461,451,534,473,69
483.4445,19243,461,451,534,473,69
483.4692,19244,464,453,534,473,69
483.4947,19245,464,453,534,473,69
483.5201,19246,464,453,534,473,69
483.5459,19247,464,454,534,474,70
483.5742,19248,464,454,534,474,70
483.5977,19249,466,454,535,474,69
483.6251,19250,466,454,535,474,69
483.6505,19251,466,453,536,473,67
483.6769,19252,477,450,536,472,67
483.7027,19253,474,450,537,472,73
483.7290,19254,477,452,538,472,73
483.7544,19255,475,452,540,472,70
483.7802,19256,475,452,540,472,70
483.8067,19257,478,454,541,472,69
483.8329,19258,481,455,543,473,69
483.8598,19259,485,454,545,472,70
483.8869,19260,485,452,546,472,72
483.9108,19261,485,452,546,472,72
483.9375,19262,485,453,546,473,73
483.9636,19263,484,452,547,474,74
483.9912,19264,484,452,547,474,74
484.0153,19265,484,452,548,474,75
484.0415,19266,487,451,549,473,75
484.0684,19267,486,452,550,474,75
484.0940,19268,488,450,550,474,76
484.1194,19269,488,450,550,474,76
484.1463,19270,486,450,551,474,76
484.1721,19271,490,450,552,474,76
484.1966,19272,489,449,552,473,76
484.2223,19273,491,450,553,474,77
484.2484,19274,490,449,554,473,77
484.2753,19275,490,449,554,473,77
484.3004,19276,488,449,553,473,77
484.3265,19277,488,449,553,473,77
484.3534,19278,489,449,555,472,77
484.3794,19279,490,448,554,472,77
484.4032,19280,490,448,555,472,77
484.4294,19281,486,448,555,472,76
484.4552,19282,489,448,556,472,76
484.4848,19283,489,448,556,472,76
484.5092,19284,485,448,557,472,76
484.5372,19285,486,447,558,472,75
484.5616,19286,489,448,557,472,75
484.5887,19287,492,448,558,472,75
484.6142,19288,492,448,558,472,75
484.6393,19289,494,446,559,472,75
484.6672,19290,494,446,560,472,75
484.6937,19291,494,446,560,472,75
484.7188,19292,494,446,560,472,75
484.7436,19293,494,446,560,472,75
484.7699,19294,494,446,560,472,76
484.7952,19295,500,444,560,470,76
484.8214,19296,500,444,560,470,76
484.8467,19297,490,443,560,471,76
484.8735,19298,491,442,560,474,76
484.8975,19299,493,443,561,475,77
484.9232,19300,491,441,563,475,76
484.9504,19301,491,441,563,475,76
484.9769,19302,489,441,563,473,77
485.0014,19303,487,440,564,472,77
485.0284,19304,487,440,564,472,77
485.0518,19305,487,439,564,473,76
485.0802,19306,488,438,564,474,77
485.1036,19307,487,438,565,474,77
485.1296,19308,487,438,565,474,77
485.1559,19309,488,437,566,475,78
485.1819,19310,489,437,566,475,77
485.2087,19311,490,437,566,475,78
485.2336,19312,493,436,567,474,78
485.2604,19313,491,435,567,475,78
485.2852,19314,491,435,567,475,78
485.3109,19315,488,436,568,476,79
485.3364,19316,488,436,568,476,79
485.3648,19317,489,435,568,475,79
485.3913,19318,490,434,569,476,79
485.4145,19319,490,435,568,477,79
485.4411,19320,490,435,568,477,79
485.4659,19321,492,434,570,476,79
485.4926,19322,492,434,570,476,79
485.5187,19323,492,434,570,476,79
485.5453,19324,492,434,570,478,79
485.5696,19325,496,433,570,477,80
485.5951,19326,496,432,570,476,79
485.6206,19327,496,432,570,476,79
485.6491,19328,492,433,571,478,79
485.6726,19329,495,433,571,477,79
485.6985,19330,495,433,571,477,79
485.7239,19331,494,432,571,478,80
485.7500,19332,495,432,571,478,79
485.7742,19333,494,433,572,479,79
485.7991,19334,496,433,572,477,79
485.8268,19335,496,433,572,477,79
485.8525,19336,496,433,572,477,79
485.8783,19337,504,434,574,480,79
485.9036,19338,501,434,575,482,79
485.9289,19339,500,432,576,482,80
485.9563,19340,500,432,576,482,80
485.9842,19341,499,433,577,484,80
486.0063,19342,498,433,578,485,80
486.0327,19343,498,433,578,485,80
486.0579,19344,498,432,579,484,80
486.0832,19345,498,432,580,484,80
486.1098,19346,499,432,581,484,80
486.1350,19347,501,431,582,481,80
486.1614,19348,501,431,582,481,80
486.1878,19349,502,431,582,481,80
486.2129,19350,504,431,584,481,80
486.2395,19351,504,431,584,481,80
486.2635,19352,505,429,585,481,79
486.2898,19353,505,429,585,481,79
486.3159,19354,506,430,586,480,79
486.3417,19355,507,430,587,480,80
486.3680,19356,507,430,587,480,80
486.3957,19357,507,430,587,480,79
486.4195,19358,507,429,588,480,79
486.4453,19359,508,430,588,480,80
486.4709,19360,508,430,589,480,79
486.4977,19361,508,430,589,480,79
486.5255,19362,508,428,588,480,78
486.5491,19363,509,429,589,481,80
486.5763,19364,510,428,590,480,79
486.5999,19365,510,428,590,480,79
486.6282,19366,510,428,590,480,79
486.6529,19367,510,428,590,480,79
486.6783,19368,511,428,591,480,79
486.7058,19369,511,428,591,480,79
486.7307,19370,511,428,591,480,79
486.7558,19371,511,428,592,479,79
486.7804,19372,510,428,592,480,79
486.8061,19373,510,428,592,480,79
486.8343,19374,512,430,592,478,77
486.8613,19375,512,429,592,477,78
486.8868,19376,512,428,594,476,78
486.9118,19377,515,428,594,476,79
486.9363,19378,515,427,595,477,80
486.9631,19379,515,427,595,477,80
486.9895,19380,514,427,596,477,79
487.0148,19381,516,428,598,476,79
487.0418,19382,516,428,598,476,79
487.0687,19383,516,428,598,476,79
487.0945,19384,516,426,599,474,79
487.1181,19385,516,426,600,474,79
487.1443,19386,516,427,600,475,79
487.1711,19387,516,427,600,475,79
487.1958,19388,517,427,601,473,79
487.2229,19389,519,426,601,474,80
487.2470,19390,520,426,602,472,79
487.2742,19391,520,426,602,472,79
487.3002,19392,518,426,602,472,80
487.3265,19393,518,426,602,472,79
487.3526,19394,519,426,603,470,80
487.3775,19395,518,427,604,471,80
487.4032,19396,518,427,604,471,80
487.4309,19397,520,426,604,470,80
487.4555,19398,520,426,604,470,79
487.4800,19399,520,426,604,470,79
487.5070,19400,521,426,605,470,79
487.5331,19401,522,426,606,470,79
487.5579,19402,521,425,605,469,80
487.5828,19403,522,426,606,468,79
487.6088,19404,522,426,607,469,79
487.6367,19405,522,426,607,469,79
487.6608,19406,522,425,606,469,79
487.6868,19407,523,424,606,468,79
487.7106,19408,522,426,606,468,79
487.7386,19409,522,426,606,468,79
487.7638,19410,522,425,606,469,79
487.7891,19411,523,424,607,468,79
487.8142,19412,523,424,607,468,79
487.8405,19413,524,424,608,467,78
487.8668,19414,525,424,609,468,78
487.8927,19415,525,424,609,467,78
487.9170,19416,525,422,609,466,77
487.9437,19417,525,422,609,466,77
487.9692,19418,527,420,609,464,77
487.9967,19419,530,420,610,462,77
488.0224,19420,533,419,611,459,77
488.0472,19421,538,419,612,455,78
488.0730,19422,538,419,612,455,78
488.1018,19423,544,418,612,456,77
488.1266,19424,534,418,612,456,77
488.1529,19425,529,416,613,458,78
488.1787,19426,529,416,613,458,78
488.2035,19427,531,417,613,457,78
488.2301,19428,530,416,614,458,79
488.2610,19429,531,415,615,457,79
488.2852,19430,532,413,615,457,78
488.3095,19431,532,413,615,457,78
488.3355,19432,534,412,616,456,78
488.3644,19433,537,412,615,456,78
488.3875,19434,536,412,616,456,79
488.4133,19435,536,412,616,456,79
488.4386,19436,538,411,617,455,79
488.4653,19437,539,410,617,456,79
488.4900,19438,546,411,618,455,79
488.5163,19439,546,411,618,455,79
488.5427,19440,544,410,618,456,80
488.5691,19441,546,410,618,455,79
488.5936,19442,548,410,618,456,80
488.6185,19443,546,409,619,455,79
488.6428,19444,546,409,619,455,79
488.6691,19445,545,409,619,456,80
488.6967,19446,546,410,620,456,80
488.7205,19447,548,409,620,455,79
488.7487,19448,548,409,620,455,79
488.7734,19449,547,408,620,456,80
488.7980,19450,546,408,620,456,80
488.8239,19451,547,408,621,456,80
488.8502,19452,547,408,621,456,80
488.8756,19453,546,408,622,456,80
488.9083,19454,545,408,621,456,80
488.9288,19455,547,407,621,457,80
488.9543,19456,548,407,622,457,80
488.9814,19457,548,407,622,457,80
489.0088,19458,546,407,622,457,81
489.0344,19459,548,408,622,456,79
489.0602,19460,553,408,623,456,80
489.0867,19461,553,408,623,456,80
489.1118,19462,552,406,624,456,79
489.1376,19463,550,403,624,457,79
489.1624,19464,547,404,625,458,77
489.1879,19465,547,404,625,458,77
489.2158,19466,547,402,625,458,77
489.2425,19467,549,401,626,457,79
489.2670,19468,550,400,626,456,79
489.2922,19469,550,400,626,457,79
489.3187,19470,550,400,626,457,79
489.3446,19471,550,399,626,455,79
489.3718,19472,550,397,628,455,79
489.3966,19473,550,398,627,456,79
489.4220,19474,554,397,628,455,79
489.4477,19475,554,397,628,455,79
489.4746,19476,554,395,628,454,79
489.4987,19477,554,394,628,454,79
489.5250,19478,554,394,628,454,79
489.5506,19479,556,394,628,454,79
489.5769,19480,557,394,629,454,79
489.6028,19481,557,394,629,454,80
489.6276,19482,558,394,630,454,80
489.6520,19483,558,394,630,454,80
489.6812,19484,558,394,630,454,80
489.7068,19485,558,392,630,454,80
489.7296,19486,558,392,630,454,80
489.7537,19487,559,392,631,454,81
489.7811,19488,559,392,631,454,81
489.8061,19489,558,393,630,455,81
489.8315,19490,558,393,630,455,81
489.8583,19491,559,392,631,454,81
489.8845,19492,560,392,632,454,81
489.9100,19493,560,392,632,455,82
489.9355,19494,560,391,632,455,82
489.9612,19495,560,391,632,455,81
489.9883,19496,560,391,632,455,81
490.0153,19497,561,392,633,456,83
490.0418,19498,561,391,633,455,82
490.0668,19499,562,391,633,455,82
490.0925,19500,562,391,634,455,82
490.1184,19501,562,391,634,455,82
490.1455,19502,563,391,633,455,82
490.1694,19503,563,390,633,456,83
490.1945,19504,563,390,633,456,83
490.2197,19505,564,390,634,456,82
490.2466,19506,564,390,634,456,82
490.2714,19507,564,390,634,456,83
490.2971,19508,564,390,634,455,81
490.3234,19509,564,390,634,455,81
490.3480,19510,565,391,635,455,80
490.3750,19511,568,391,636,453,80
490.3997,19512,572,389,638,451,80
490.4252,19513,573,388,637,450,80
490.4510,19514,573,388,637,450,80
490.4769,19515,571,386,638,452,80
490.5020,19516,571,386,638,452,80
490.5300,19517,570,386,638,452,79
490.5546,19518,572,384,638,452,79
490.5802,19519,573,384,639,452,77
490.6057,19520,575,383,639,451,77
490.6306,19521,575,383,639,451,77
490.6575,19522,575,383,639,451,77
490.6824,19523,575,381,639,450,77
490.7092,19524,575,380,639,450,75
490.7341,19525,576,379,640,449,76
490.7586,19526,576,379,640,449,76
490.7863,19527,576,379,640,449,76
490.8125,19528,577,378,640,448,78
490.8374,19529,577,378,640,448,78
490.8628,19530,578,378,640,448,77
490.8889,19531,578,378,641,448,79
490.9138,19532,578,376,641,448,79
490.9389,19533,581,377,641,447,79
490.9653,19534,581,377,641,447,79
490.9921,19535,580,376,642,448,79
491.0168,19536,581,376,641,448,79
491.0429,19537,581,376,641,448,79
491.0687,19538,583,376,643,446,78
491.0939,19539,583,376,643,446,78
491.1198,19540,595,376,645,440,74
491.1458,19541,587,374,645,444,77
491.1715,19542,587,374,645,444,77
491.1975,19543,589,374,645,444,78
491.2232,19544,590,372,646,444,76
491.2487,19545,587,371,646,445,77
491.2750,19546,586,371,646,447,76
491.3022,19547,586,371,646,447,76
491.3264,19548,586,371,648,447,71
491.3542,19549,588,370,648,447,70
491.3784,19550,590,369,648,445,74
491.4047,19551,589,369,649,445,71
491.4301,19552,589,369,649,445,71
491.4593,19553,589,369,649,445,71
491.4833,19554,596,367,650,441,65
491.5108,19555,596,367,650,441,65
491.5355,19556,597,366,651,440,63
491.5620,19557,598,366,650,440,67
491.5864,19558,599,366,651,440,69
491.6129,19559,598,365,652,439,70
491.6381,19560,598,365,652,439,70
491.6645,19561,598,364,652,440,69
491.6938,19562,599,365,653,439,73
491.7171,19563,603,366,654,434,72
491.7428,19564,612,368,658,430,70
491.7693,19565,612,368,658,430,70
491.7964,19566,618,368,660,417,72
491.8235,19567,616,368,662,414,72
491.8485,19568,616,368,662,414,72
491.8752,19569,616,368,662,414,72
491.9106,19570,615,366,667,408,75
491.9299,19571,615,366,669,408,75
491.9532,19572,615,365,671,405,77
491.9789,19573,616,364,672,404,77
492.0052,19574,616,364,672,404,77
492.0306,19575,616,364,674,404,76
492.0579,19576,617,362,675,404,76
492.0830,19577,616,362,676,404,76
492.1088,19578,618,361,677,401,76
492.1355,19579,618,361,677,401,76
492.1598,19580,616,361,678,409,76
492.1871,19581,616,361,680,405,76
492.2125,19582,616,361,680,405,76
492.2423,19583,616,360,680,406,76
492.2683,19584,617,360,681,406,76
492.2914,19585,620,359,682,401,76
492.3156,19586,620,359,682,401,76
492.3407,19587,618,359,684,405,75
492.3658,19588,618,358,685,404,75
492.3912,19589,614,359,685,413,77
492.4173,19590,615,359,686,410,75
492.4416,19591,615,359,686,410,75
492.4680,19592,614,359,686,411,77
492.4938,19593,614,358,687,410,75
492.5185,19594,614,358,687,410,75
492.5461,19595,616,359,688,407,75
492.5712,19596,621,362,689,402,71
492.5960,19597,622,362,690,402,73
492.6231,19598,624,361,692,403,73
492.6483,19599,624,361,692,403,73
492.6807,19600,627,360,695,402,73
492.7087,19601,623,359,697,405,72
492.7299,19602,624,360,698,404,68
492.7502,19603,624,360,700,404,66
492.7762,19604,624,360,700,404,66
492.8024,19605,622,360,702,404,68
492.8282,19606,620,360,702,404,71
492.8521,19607,622,360,704,402,67
492.8801,19608,622,360,704,402,67
492.9048,19609,624,359,706,401,67
492.9315,19610,621,359,707,401,70
492.9570,19611,623,358,708,400,71
492.9812,19612,623,358,708,400,71
493.0095,19613,624,359,710,399,70
493.0353,19614,624,358,710,398,71
493.0603,19615,624,358,712,398,73
493.0861,19616,624,358,712,396,70
493.1109,19617,624,358,712,396,70
493.1382,19618,624,358,714,396,71
493.1636,19619,626,357,714,393,72
493.1901,19620,626,357,716,393,72
493.2167,19621,626,357,716,393,72
493.2436,19622,626,358,716,394,72
493.2699,19623,627,358,717,392,73
493.2941,19624,628,360,716,390,68
493.3190,19625,628,360,716,390,68
493.3459,19626,650,360,718,384,63
493.3714,19627,655,360,721,384,63
493.3983,19628,656,360,724,379,62
493.4259,19629,656,362,728,378,61
493.4503,19630,656,362,728,378,61
493.4775,19631,660,362,730,378,62
493.5026,19632,666,362,734,378,61
493.5326,19633,671,362,736,376,61
493.5576,19634,671,362,736,376,61
493.5821,19635,670,363,738,377,60
493.5821,19635,645,365,691,389,35
493.6066,19636,674,363,740,377,61
493.6288,19637,671,363,741,379,60
493.6579,19638,671,363,741,379,60
493.6810,19639,657,363,743,378,61
493.7090,19640,658,363,744,377,60
493.7328,19641,655,362,746,378,60
493.7610,19642,671,362,747,378,62
493.7861,19643,671,362,747,378,62
493.8121,19644,673,363,749,377,62
493.8378,19645,672,363,750,378,61
493.8627,19646,670,363,752,378,60
493.8880,19647,670,363,752,378,60
493.9152,19648,678,363,752,378,61
493.9427,19649,672,364,754,378,61
493.9665,19650,673,363,755,379,60
493.9891,19651,673,363,755,379,60
494.0162,19652,677,364,755,378,61
494.0430,19653,677,364,757,378,59
494.0677,19654,674,363,756,379,61
494.0967,19655,678,363,758,379,60
494.1197,19656,678,363,758,379,60
494.1461,19657,685,363,759,379,60
494.1715,19658,669,363,759,379,59
494.1976,19659,688,364,760,380,57
494.2219,19660,688,364,760,380,57
494.2469,19661,696,363,760,383,66
494.2724,19662,703,360,761,386,72
494.2982,19663,706,360,764,388,72
494.3248,19664,706,360,764,388,72
494.3499,19665,710,358,767,390,73
494.3779,19666,712,358,770,392,75
494.4003,19667,714,359,772,393,76
494.4278,19668,716,361,774,395,75
494.4529,19669,716,361,774,395,75
494.4791,19670,717,362,776,396,75
494.5040,19671,720,362,778,398,76
494.5296,19672,721,364,781,398,76
494.5559,19673,720,363,782,399,74
494.5804,19674,720,363,782,399,74
494.6062,19675,722,364,783,399,73
494.6332,19676,722,364,783,399,73
494.6588,19677,722,364,783,399,73
494.6872,19678,726,367,786,401,74
494.7109,19679,729,366,787,402,74
494.7376,19680,729,367,789,403,74
494.7611,19681,727,367,789,403,73
494.7880,19682,727,367,789,403,73
494.8151,19683,726,366,790,404,72
494.8406,19684,728,367,792,404,72
494.8677,19685,729,367,792,405,71
494.8944,19686,732,369,794,405,71
494.9197,19687,732,369,794,405,71
494.9459,19688,729,367,795,406,72
494.9717,19689,737,371,797,407,71
494.9977,19690,737,371,797,407,71
495.0231,19691,731,369,797,407,70
495.0487,19692,731,369,797,407,70
495.0737,19693,730,369,798,406,69
495.0999,19694,745,374,801,402,70
495.1252,19695,745,374,801,402,70
495.1525,19696,750,377,804,401,65
495.9523,19727,767,386,850,402,32
495.9776,19728,777,384,851,402,34
496.0058,19729,777,384,851,402,34
496.0307,19730,759,384,851,403,38
496.0573,19731,772,386,850,402,41
496.0796,19732,800,383,850,403,65
496.1050,19733,804,379,850,407,71
496.1327,19734,804,379,850,407,71
496.1572,19735,808,376,854,412,76
496.1837,19736,808,375,856,415,78
496.2085,19737,810,374,858,416,79
496.2343,19738,810,374,858,416,79
496.2606,19739,810,374,858,416,79
496.2849,19740,816,375,862,421,77
496.3120,19741,816,375,862,421,77
496.3361,19742,817,375,863,423,77
496.3623,19743,818,374,864,424,78
496.3899,19744,820,376,866,426,77
496.4145,19745,816,378,868,426,76
496.4403,19746,817,378,869,428,77
496.4665,19747,817,378,869,428,77
496.4931,19748,821,379,871,429,77
496.5194,19749,822,380,872,430,77
496.5436,19750,824,382,870,432,77
496.5699,19751,827,390,863,436,74
496.5941,19752,827,390,863,436,74
496.6215,19753,837,393,865,435,76
496.6481,19754,837,393,865,435,76
496.6752,19755,837,393,865,435,76
496.7011,19756,825,396,869,438,78
496.7273,19757,819,396,871,441,79
496.7521,19758,814,400,871,442,77
496.7787,19759,808,393,866,439,66
496.8033,19760,808,393,866,439,66
496.8315,19761,800,419,861,439,59
496.8562,19762,790,427,856,438,60
496.8562,19762,814,410,866,438,37
496.8806,19763,781,428,847,438,62
496.9068,19764,772,428,846,438,65
496.9328,19765,772,428,846,438,65
496.9569,19766,766,426,834,438,64
496.9834,19767,766,426,834,438,64
497.0105,19768,760,426,836,438,64
497.0349,19769,754,424,837,438,64
497.0619,19770,748,426,818,438,63
497.0866,19771,744,427,812,439,64
497.1109,19772,744,427,812,439,64
497.1377,19773,738,428,806,440,61
497.1627,19774,734,428,797,440,61
497.1880,19775,730,428,794,440,64
497.2129,19776,726,428,790,440,61
497.2405,19777,726,428,790,440,61
497.2660,19778,722,428,788,440,59
497.2911,19779,720,428,782,440,59
497.3179,19780,720,428,782,440,59
497.3446,19781,716,428,782,440,60
497.3709,19782,713,428,777,440,63
497.3952,19783,709,428,775,440,60
497.4216,19784,707,429,781,441,57
497.4474,19785,704,428,770,440,59
497.4745,19786,704,428,770,440,59
497.4987,19787,702,428,784,442,58
497.5253,19788,698,428,774,441,60
497.5495,19789,696,428,774,442,61
497.5773,19790,694,428,770,440,60
497.6024,19791,694,428,770,440,60
497.6284,19792,692,428,772,442,59
497.6528,19793,692,428,772,442,59
497.6793,19794,690,429,766,441,57
497.7049,19795,688,428,764,442,56
497.7313,19796,685,428,755,440,56
497.7579,19797,683,428,753,440,55
497.7827,19798,683,428,753,440,55
497.8086,19799,681,428,753,440,55
497.8343,19800,680,428,748,440,57
497.8601,19801,678,428,748,440,60
497.8850,19802,676,428,750,442,56
497.9110,19803,676,428,750,442,56
497.9384,19804,674,428,748,441,56
497.9633,19805,673,427,745,440,56
497.9633,19805,707,430,769,448,30
497.9885,19806,673,427,745,440,56
497.9885,19806,707,430,769,448,30
498.0139,19807,672,427,740,439,57
498.0139,19807,728,432,769,448,32
498.0406,19808,670,427,744,439,58
498.0662,19809,667,426,739,438,59
498.0928,19810,666,426,740,438,60
498.1177,19811,666,426,740,438,60
498.1454,19812,665,427,737,439,60
498.1703,19813,664,426,737,438,62
498.1959,19814,662,426,736,438,62
498.2207,19815,661,426,731,438,60
498.2461,19816,661,426,731,438,60
498.2721,19817,660,426,726,438,59
498.2975,19818,659,426,727,436,59
498.3239,19819,659,426,727,438,60
498.3505,19820,659,426,727,438,60
498.3766,19821,656,426,720,437,60
498.4025,19822,655,425,718,437,61
498.4285,19823,654,425,719,437,59
498.4554,19824,654,425,719,437,59
498.4826,19825,652,424,715,436,61
498.5077,19826,652,425,716,437,61
498.5360,19827,651,425,717,437,61
498.5607,19828,650,424,714,436,60
498.5849,19829,650,424,714,436,60
498.6128,19830,649,425,713,437,63
498.6379,19831,647,425,711,437,64
498.6647,19832,647,424,712,436,60
498.6916,19833,647,424,712,436,60
498.7175,19834,646,424,718,437,62
498.7431,19835,645,424,711,436,62
498.7683,19836,644,424,712,436,61
498.7945,19837,643,424,711,436,61
498.8182,19838,643,424,711,436,61
498.8459,19839,642,424,720,438,58
498.8694,19840,642,424,708,436,60
498.8961,19841,641,424,713,436,59
498.9214,19842,640,424,714,436,59
498.9482,19843,640,424,714,436,59
498.9739,19844,640,424,716,436,59
498.9998,19845,638,423,706,437,60
499.0254,19846,638,423,706,437,60
499.0524,19847,638,423,712,436,59
499.0759,19848,637,424,709,436,59
499.1019,19849,637,424,711,436,59
499.1283,19850,637,424,711,436,59
499.1557,19851,636,423,714,437,60
499.1804,19852,635,422,705,436,58
499.2079,19853,635,423,707,436,58
499.2330,19854,635,423,707,436,58
499.2330,19854,654,426,732,444,30
499.2576,19855,634,422,710,436,58
499.2829,19856,634,422,710,436,58
499.3102,19857,633,423,713,437,59
499.3346,19858,632,423,710,435,58
499.3592,19859,632,423,710,435,58
499.3863,19860,631,422,715,436,60
499.4122,19861,631,422,713,436,60
499.4371,19862,631,422,713,436,60
499.4632,19863,631,422,713,436,60
499.4894,19864,630,422,713,436,61
499.5151,19865,630,422,712,436,61
499.5418,19866,629,422,701,434,58
499.5418,19866,659,425,725,441,31
499.5667,19867,629,423,714,437,61
499.5929,19868,629,423,714,437,61
499.6186,19869,628,422,714,436,61
499.6444,19870,628,422,716,436,61
499.6706,19871,628,422,712,436,60
499.6960,19872,628,422,712,436,60
499.7216,19873,628,422,714,436,63
499.7484,19874,627,422,714,436,61
499.7745,19875,627,423,709,436,60
499.7986,19876,627,423,709,436,60
499.8267,19877,626,423,710,436,58
499.8518,19878,626,423,710,436,58
499.8788,19879,625,422,713,436,60
499.9024,19880,625,422,712,436,59
499.9282,19881,625,423,709,436,58
499.9545,19882,625,423,709,436,58
499.9805,19883,624,422,706,436,55
500.0074,19884,624,422,705,436,56
500.0324,19885,623,422,687,434,52
500.0597,19886,623,422,687,434,52
500.0851,19887,624,422,708,435,57
500.1098,19888,624,423,702,435,54
500.1371,19889,624,423,702,435,54
500.1626,19890,623,423,699,435,53
500.1883,19891,622,422,688,434,52
500.2146,19892,622,422,708,436,58
500.2390,19893,622,422,708,436,58
500.2641,19894,622,422,706,436,56
500.2911,19895,622,422,706,436,56
500.3172,19896,622,422,703,435,53
500.3445,19897,621,422,689,434,50
500.3698,19898,622,423,704,435,55
500.3966,19899,622,423,704,435,55
500.4227,19900,621,422,707,436,57
500.4460,19901,621,422,699,434,51
500.4726,19902,620,420,686,434,51
500.4993,19903,620,420,686,434,51
500.5242,19904,620,422,684,434,48
500.5508,19905,620,422,686,434,51
500.5759,19906,620,422,684,434,47
500.6019,19907,620,423,699,435,53
500.6282,19908,620,423,699,435,53
500.6549,19909,620,423,699,435,53
500.6803,19910,619,421,685,433,47
500.7052,19911,618,422,684,434,50
500.7311,19912,618,422,684,434,50
500.7593,19913,619,422,685,434,49
500.7825,19914,620,422,698,434,50
500.8105,19915,618,422,682,434,48
500.8342,19916,618,422,682,434,48
500.8613,19917,619,422,691,434,52
500.8868,19918,619,422,685,434,48
500.9111,19919,619,421,704,435,56
500.9361,19920,618,422,686,434,51
500.9629,19921,618,422,686,434,51
500.9883,19922,618,422,683,434,46
501.0145,19923,618,421,696,434,47
501.0395,19924,618,421,696,434,47
501.0667,19925,618,421,696,434,47
501.0928,19926,618,422,682,434,51
501.1164,19927,618,422,684,434,45
501.1432,19928,618,422,684,434,45
501.1685,19929,618,422,689,434,51
501.1952,19930,617,422,687,434,54
501.2199,19931,617,421,682,433,48
501.2451,19932,617,422,689,434,51
501.2697,19933,617,422,689,434,51
501.2972,19934,617,422,681,434,49
501.3233,19935,616,421,680,433,47
501.3486,19936,617,422,683,434,52
501.3738,19937,617,421,683,433,48
501.3993,19938,617,421,683,433,48
501.4251,19939,617,420,681,434,46
501.4504,19940,618,421,682,433,51
501.4769,19941,618,421,682,433,51
501.5031,19942,618,422,684,434,53
501.5279,19943,617,420,681,434,48
501.5533,19944,617,421,680,433,49
501.5533,19944,670,422,715,440,31
501.5782,19945,617,422,681,434,53
501.6043,19946,617,422,681,434,53
501.6295,19947,616,421,680,433,47
501.6564,19948,616,420,680,434,49
501.6821,19949,617,420,681,434,55
501.6821,19949,664,422,715,440,30
501.7073,19950,616,421,680,433,47
501.7333,19951,616,421,680,433,47
501.7592,19952,616,421,680,433,52
501.7847,19953,616,420,682,434,53
501.8115,19954,616,420,682,434,53
501.8371,19955,617,420,681,434,56
501.8633,19956,617,420,681,434,52
501.8890,19957,617,420,681,434,52
501.8890,19957,660,422,715,440,31
501.9144,19958,617,420,681,434,52
501.9144,19958,660,422,715,440,31
501.9401,19959,616,422,682,434,57
501.9401,19959,665,423,715,441,30
501.9659,19960,616,420,680,434,51
501.9945,19961,616,420,679,434,51
502.0185,19962,617,420,679,434,56
502.0439,19963,616,420,680,434,57
502.0685,19964,616,420,680,434,57
502.0952,19965,617,420,681,434,53
502.1193,19966,617,420,679,434,53
502.1476,19967,617,420,679,434,53
502.1727,19968,617,421,681,435,59
502.1727,19968,665,422,715,441,30
502.1996,19969,616,420,680,434,56
502.2252,19970,616,420,680,434,56
502.2503,19971,616,421,680,434,57
502.2756,19972,616,421,680,434,57
502.3021,19973,616,421,680,434,57
502.3300,19974,617,420,681,434,57
502.3543,19975,616,420,682,434,56
502.3784,19976,616,420,682,434,58
502.4050,19977,616,420,682,434,58
502.4292,19978,616,420,680,434,57
502.4553,19979,616,420,680,434,58
502.4852,19980,616,420,680,434,58
502.5085,19981,616,420,680,434,59
502.5339,19982,616,420,680,434,56
502.5588,19983,616,420,680,434,57
502.5854,19984,617,420,681,434,57
502.6104,19985,617,420,681,434,57
502.6367,19986,616,421,680,434,58
502.6629,19987,616,421,680,434,58
502.6880,19988,616,420,679,434,59
502.7131,19989,616,420,680,434,61
502.7386,19990,616,420,680,434,61
502.7636,19991,616,420,680,434,62
502.7948,19992,616,420,680,434,62
502.8182,19993,616,420,680,434,58
502.8432,19994,616,420,680,434,60
502.8680,19995,616,421,680,435,60
502.8936,19996,615,420,679,434,63
502.9203,19997,615,420,679,434,63
502.9455,19998,615,419,681,435,63
502.9714,19999,615,419,680,435,63
502.9969,20000,614,420,680,435,65
503.0220,20001,615,420,679,435,65
503.0489,20002,615,419,679,435,65
503.0756,20003,615,419,679,435,65
503.1009,20004,614,420,681,435,65
503.1260,20005,614,420,681,435,65
503.1529,20006,614,421,680,435,67
503.1788,20007,614,419,680,435,65
503.2065,20008,614,419,680,435,66
503.2314,20009,614,421,680,435,65
503.2578,20010,614,419,680,435,64
503.2831,20011,614,419,680,435,64
503.3088,20012,614,419,680,435,66
503.3347,20013,614,420,680,435,66
503.3608,20014,615,419,680,435,65
503.3865,20015,614,418,680,434,63
503.4130,20016,614,418,680,434,63
503.4365,20017,615,420,681,435,66
503.4623,20018,615,421,681,435,66
503.4905,20019,615,421,681,435,66
503.5159,20020,615,418,679,434,63
503.5408,20021,615,418,679,434,56
503.5655,20022,615,419,681,435,65
503.5914,20023,615,419,681,435,65
503.6179,20024,615,418,681,434,59
503.6439,20025,616,418,684,434,43
503.6691,20026,615,419,679,435,63
503.6943,20027,614,420,680,436,67
503.7202,20028,615,419,680,435,63
503.7464,20029,615,419,680,435,63
503.7731,20030,615,418,679,434,62
503.7969,20031,616,420,680,434,65
503.8254,20032,616,420,680,434,65
503.8490,20033,615,418,681,434,60
503.8756,20034,615,417,683,434,42
503.8993,20035,615,418,679,434,58
503.9266,20036,615,418,679,434,58
503.9510,20037,616,420,682,436,67
503.9776,20038,616,418,680,434,60
504.0021,20039,614,418,680,434,60
504.0282,20040,614,420,680,434,66
504.0527,20041,614,420,680,434,66
504.0787,20042,614,420,678,434,65
504.1040,20043,614,419,679,435,66
504.1321,20044,615,419,681,435,66
504.1560,20045,615,419,681,435,66
504.1826,20046,614,420,680,435,66
504.2076,20047,614,419,678,435,65
504.2317,20048,614,419,678,435,65
504.2581,20049,614,419,678,435,65
504.2867,20050,614,419,678,435,66
504.3108,20051,614,421,678,435,66
504.3362,20052,613,420,677,436,67
504.3633,20053,611,417,673,435,63
504.3883,20054,611,417,673,435,63
504.4140,20055,599,420,669,434,60
504.4406,20056,588,417,654,441,76
504.4646,20057,580,414,640,444,79
504.4924,20058,580,414,640,444,79
504.5198,20059,572,415,640,448,78
504.5451,20060,567,413,649,451,77
504.5674,20061,567,413,649,451,77
504.5944,20062,561,410,646,454,75
504.6221,20063,557,408,641,454,73
504.6463,20064,557,408,641,454,73
504.6734,20065,519,437,586,453,71
504.6974,20066,502,437,582,455,68
504.7239,20067,502,437,582,455,68
504.7512,20068,486,444,552,456,63
504.7800,20069,473,446,538,458,64
504.8008,20070,464,446,531,460,58
504.8291,20071,464,446,531,460,58
504.8559,20072,454,447,520,461,59
504.8804,20073,446,446,520,462,61
504.9043,20074,438,447,513,464,52
504.9309,20075,438,447,513,464,52
504.9573,20076,431,449,501,467,70
504.9826,20077,425,449,490,467,71
505.0091,20078,418,450,489,468,70
505.0335,20079,418,450,489,468,70
505.0602,20080,418,450,489,468,70
505.0867,20081,407,452,484,470,70
505.1137,20082,402,449,490,471,71
505.1402,20083,397,450,489,472,73
505.1652,20084,393,450,486,472,75
505.1921,20085,393,450,486,472,75
505.2183,20086,389,450,481,473,75
505.2404,20087,385,451,477,473,75
505.2682,20088,385,451,477,473,75
505.2945,20089,382,454,472,475,73
505.3195,20090,378,456,467,476,72
505.3443,20091,374,456,464,476,71
505.3701,20092,371,460,458,476,68
505.3949,20093,371,460,458,476,68
505.4218,20094,368,462,452,478,66
505.4509,20095,368,462,452,478,66
505.4745,20096,361,462,444,477,62
505.5015,20097,358,464,437,478,64
505.5267,20098,358,464,437,478,64
505.5505,20099,356,465,435,479,64
505.5780,20100,353,465,435,479,66
505.6034,20101,353,465,435,479,66
505.6290,20102,350,465,432,479,67
505.6550,20103,348,466,429,479,68
505.6798,20104,345,467,423,479,70
505.7043,20105,343,467,419,479,69
505.7299,20106,343,467,419,479,69
505.7558,20107,341,467,418,480,68
505.7828,20108,339,465,403,481,62
505.8069,20109,335,464,394,482,69
505.8335,20110,335,464,394,482,69
505.8599,20111,335,464,394,482,69
505.8848,20112,322,466,393,480,67
505.8848,20112,368,460,405,480,35
505.9102,20113,322,466,393,480,67
505.9102,20113,368,460,405,480,35
505.9351,20114,317,467,389,479,66
505.9351,20114,381,461,406,479,32
505.9622,20115,311,467,386,479,64
505.9870,20116,307,468,380,478,50
506.0123,20117,303,468,370,478,39
506.0377,20118,303,468,370,478,39
506.0640,20119,298,468,359,478,38
506.0896,20120,294,467,354,477,36
506.1150,20121,290,468,355,478,44
506.1408,20122,287,468,349,478,43
506.1664,20123,287,468,349,478,43
506.1926,20124,284,468,348,478,31
506.5797,20139,256,468,325,478,30
506.6066,20140,254,468,330,478,39
506.6313,20141,253,468,331,478,41
506.6570,20142,250,467,332,478,45
506.6815,20143,249,467,331,478,50
506.7092,20144,249,467,331,478,50
506.7337,20145,247,467,332,478,45
506.7611,20146,246,467,330,478,34
507.9783,20193,213,461,266,481,60
508.0008,20194,219,453,258,485,74
508.0266,20195,221,449,249,489,74
508.0266,20195,241,462,286,488,33
508.0515,20196,221,449,249,489,74
508.0515,20196,241,462,286,488,33
508.0785,20197,222,446,243,492,73
508.1048,20198,221,445,247,495,68
508.1302,20199,221,443,252,495,69
508.1554,20200,220,441,254,493,70
508.1818,20201,220,441,254,493,70
508.2073,20202,219,439,255,491,71
508.2354,20203,218,434,250,486,72
508.2614,20204,218,434,250,486,72
508.2873,20205,218,432,250,486,75
508.3149,20206,217,431,251,485,74
508.3409,20207,218,430,253,490,75
508.3642,20208,219,428,253,488,75
508.3891,20209,219,428,253,488,75
508.4183,20210,222,433,256,482,76
508.4432,20211,220,440,263,478,69
508.4678,20212,216,440,271,468,67
508.4924,20213,213,438,276,472,72
508.5182,20214,213,438,276,472,72
508.5447,20215,212,437,282,475,70
508.5715,20216,212,437,287,473,68
508.5954,20217,212,437,287,473,68
508.6209,20218,213,436,292,468,71
508.6471,20219,215,436,296,466,73
508.6742,20220,217,434,300,462,74
508.6983,20221,224,434,304,458,71
508.7247,20222,224,434,304,458,71
508.7513,20223,224,433,307,455,68
508.7774,20224,225,432,310,454,70
508.8018,20225,228,432,312,452,65
508.8289,20226,236,430,316,447,61
508.8534,20227,236,430,316,447,61
508.8789,20228,239,430,318,446,65
508.9047,20229,240,429,321,447,69
508.9296,20230,247,429,323,445,70
508.9547,20231,247,429,323,445,70
508.9807,20232,247,428,326,444,71
509.0052,20233,252,428,327,444,72
509.0321,20234,252,428,327,444,72
509.0578,20235,252,428,327,444,72
509.0843,20236,249,428,331,444,72
509.1087,20237,252,427,333,443,72
509.1352,20238,257,426,334,442,72
509.1603,20239,256,426,336,442,71
509.1883,20240,256,426,336,442,71
509.2143,20241,257,426,337,442,72
509.2414,20242,257,426,339,442,72
509.2637,20243,260,426,340,442,72
509.2911,20244,260,426,340,442,72
509.3152,20245,259,426,341,441,70
509.3405,20246,263,426,342,441,69
509.3657,20247,269,426,344,440,68
509.3931,20248,269,426,344,440,68
509.4179,20249,269,426,345,440,67
509.4437,20250,269,426,345,440,67
509.4691,20251,272,427,349,439,65
509.4953,20252,272,427,349,439,65
509.5200,20253,270,427,350,439,64
509.5463,20254,272,427,351,439,63
509.5719,20255,277,428,352,438,57
509.5971,20256,287,428,354,438,54
509.6238,20257,287,428,354,438,54
509.6487,20258,286,428,354,438,59
509.6737,20259,284,428,356,438,60
509.7005,20260,284,428,356,438,60
509.7284,20261,294,428,357,438,55
509.7520,20262,292,428,358,438,61
509.7783,20263,290,428,358,438,57
509.8047,20264,292,428,359,438,58
509.8295,20265,292,428,359,438,58
509.8592,20266,292,428,359,438,58
509.8837,20267,292,428,360,438,58
509.9071,20268,292,428,362,438,58
509.9335,20269,292,428,363,438,57
509.9600,20270,292,428,363,438,57
509.9858,20271,295,428,364,438,57
510.0107,20272,293,428,365,438,55
510.0360,20273,293,428,365,438,55
510.0611,20274,293,428,366,438,55
510.0869,20275,294,428,366,438,52
510.1138,20276,294,428,368,438,54
510.1379,20277,296,428,368,438,57
510.1641,20278,296,428,368,438,57
510.1924,20279,296,428,368,438,56
510.2155,20280,297,428,369,438,57
510.2416,20281,297,428,369,438,57
510.2695,20282,296,428,370,438,54
510.2949,20283,296,428,370,438,54
510.3191,20284,299,428,371,438,56
510.3456,20285,295,428,371,438,56
510.3716,20286,295,428,371,438,56
510.3977,20287,306,429,372,439,58
510.4244,20288,299,428,372,439,57
510.4480,20289,297,427,373,439,58
510.4743,20290,299,428,373,439,57
510.5006,20291,299,428,373,439,57
510.5267,20292,297,427,374,439,58
510.5511,20293,297,427,374,439,58
510.5773,20294,306,428,375,440,58
510.6036,20295,307,429,375,439,57
510.6282,20296,307,429,375,439,57
510.6550,20297,307,429,375,439,57
510.6789,20298,307,429,375,439,57
510.7051,20299,306,429,376,439,57
510.7318,20300,306,429,376,439,58
510.7583,20301,307,429,377,440,58
510.7829,20302,308,429,377,440,59
510.8065,20303,306,428,378,440,59
510.8334,20304,306,428,378,440,59
510.8598,20305,310,429,378,440,59
510.8852,20306,307,429,379,440,60
510.9101,20307,309,428,379,440,61
510.9341,20308,307,428,379,440,59
510.9617,20309,307,428,379,440,59
510.9881,20310,310,428,380,440,61
511.0126,20311,310,428,380,440,61
511.0406,20312,308,428,380,440,60
511.0654,20313,306,428,380,440,61
511.0908,20314,312,429,380,441,62
511.1173,20315,306,428,381,442,66
511.1431,20316,306,428,381,442,66
511.1684,20317,312,428,381,442,62
511.1959,20318,309,428,381,443,65
511.2205,20319,318,429,382,443,64
511.2447,20320,310,428,382,444,65
511.2705,20321,307,428,382,444,61
511.2973,20322,307,428,382,444,61
511.3212,20323,301,426,383,444,63
511.3472,20324,301,426,383,444,63
511.3728,20325,304,428,384,444,70
511.3992,20326,302,427,384,445,70
511.4244,20327,304,427,384,445,70
511.4488,20328,304,427,385,445,72
511.4755,20329,304,427,385,445,72
511.5012,20330,305,427,385,445,72
511.5280,20331,305,426,385,446,73
511.5510,20332,303,426,386,446,74
511.5777,20333,304,426,386,446,74
511.6042,20334,304,426,386,446,74
511.6289,20335,302,425,386,446,74
511.6545,20336,303,425,387,447,76
511.6802,20337,303,425,387,447,76
511.7064,20338,304,426,387,446,76
511.7329,20339,303,425,388,447,75
511.7574,20340,309,426,387,448,74
511.7831,20341,317,427,388,450,70
511.8092,20342,317,427,388,450,70
511.8362,20343,323,427,389,451,72
511.8619,20344,318,426,390,452,77
511.8876,20345,318,427,392,452,76
511.9127,20346,318,427,392,452,76
511.9391,20347,326,429,394,453,73
511.9648,20348,327,429,395,453,73
511.9909,20349,317,428,397,454,74
512.0161,20350,317,428,397,454,74
512.0436,20351,315,428,398,454,74
512.0664,20352,320,427,398,455,74
512.0934,20353,319,427,399,456,75
512.1190,20354,319,427,399,456,75
512.1448,20355,322,427,400,456,75
512.1716,20356,323,427,401,457,76
512.1961,20357,322,427,402,457,77
512.2217,20358,324,426,402,458,78
512.2464,20359,324,426,402,458,78
512.2741,20360,325,427,403,458,77
512.3009,20361,324,426,404,458,77
512.3276,20362,324,426,404,458,77
512.3521,20363,324,426,405,458,77
512.3782,20364,324,426,405,458,77
512.4037,20365,326,425,406,459,78
512.4299,20366,326,425,406,459,79
512.4559,20367,326,425,406,459,79
512.4815,20368,326,424,407,460,78
512.5083,20369,328,424,408,460,79
512.5345,20370,327,422,408,460,79
512.5592,20371,328,423,409,461,78
512.5872,20372,329,422,409,460,78
512.6114,20373,329,422,409,460,78
512.6381,20374,330,421,410,461,78
512.6627,20375,331,422,410,462,77
512.6884,20376,331,421,411,462,78
512.7144,20377,331,421,411,462,78
512.7408,20378,332,422,411,462,77
512.7650,20379,333,421,411,463,78
512.7909,20380,333,421,411,463,78
512.8168,20381,334,420,412,462,77
512.8431,20382,335,420,412,463,77
512.8668,20383,335,419,413,463,77
512.8941,20384,335,419,412,463,78
512.9176,20385,335,419,412,463,78
512.9447,20386,336,419,413,464,77
512.9702,20387,336,419,414,464,78
512.9940,20388,337,419,414,463,77
513.0199,20389,341,423,415,461,73
513.0459,20390,341,423,415,461,73
513.0729,20391,352,428,416,459,73
513.0978,20392,353,430,418,459,71
513.1240,20393,353,430,418,459,71
513.1503,20394,355,436,419,460,71
513.1767,20395,354,436,421,460,71
513.2008,20396,352,432,422,460,69
513.2257,20397,351,432,424,460,67
513.2509,20398,351,432,424,460,67
513.2779,20399,351,431,425,459,67
513.3028,20400,352,432,426,460,67
513.3280,20401,353,432,427,460,64
513.3531,20402,354,437,428,459,61
513.3791,20403,354,437,428,459,61
513.4048,20404,354,439,429,459,56
513.4300,20405,354,439,429,459,56
513.4561,20406,356,439,430,459,54
513.4826,20407,358,442,431,458,55
513.5109,20408,359,443,432,459,52
513.5342,20409,363,445,433,459,51
513.5596,20410,364,445,433,459,52
513.5875,20411,364,445,433,459,52
513.6123,20412,364,445,434,459,46
513.6392,20413,365,445,434,459,46
513.6642,20414,362,443,434,459,47
513.6904,20415,364,444,435,458,45
513.7164,20416,364,444,435,458,45
513.7468,20417,362,444,435,458,45
513.7718,20418,364,444,436,458,43
513.7961,20419,364,444,436,458,43
513.8236,20420,361,442,437,458,45
513.8490,20421,361,442,437,458,45
513.8745,20422,364,443,437,459,36
513.9014,20423,367,444,438,458,32
513.9244,20424,367,444,438,458,32
513.9514,20425,367,444,438,459,32
513.9775,20426,363,443,438,459,36
514.0024,20427,366,444,439,459,33
514.0278,20428,368,444,439,459,31
514.0534,20429,368,444,439,459,31
514.0781,20430,372,445,440,459,39
514.1045,20431,368,445,440,461,50
514.1339,20432,368,445,440,461,50
514.1587,20433,372,445,442,461,58
514.1858,20434,370,447,443,461,42
514.2117,20435,369,446,445,462,39
514.2376,20436,369,446,445,462,39
514.2631,20437,369,446,445,462,39
514.2908,20438,365,447,448,461,41
514.3152,20439,368,446,450,462,41
514.3415,20440,369,446,451,462,45
514.3665,20441,371,447,452,463,48
514.3925,20442,371,447,454,463,46
514.4175,20443,371,447,454,463,46
514.4435,20444,372,447,455,463,45
514.4676,20445,372,447,455,463,45
514.4950,20446,376,447,457,463,49
514.5209,20447,385,447,459,463,51
514.5460,20448,385,447,460,463,59
514.5712,20449,386,446,461,464,61
514.5963,20450,386,446,461,464,61
514.6236,20451,388,446,462,464,62
514.6490,20452,388,446,462,464,62
514.6760,20453,385,446,463,464,66
514.7010,20454,386,446,464,464,67
514.7271,20455,386,446,464,464,67
514.7533,20456,385,446,464,464,66
514.7780,20457,386,446,466,464,67
514.8058,20458,386,446,466,464,67
514.8301,20459,387,446,466,464,68
514.8569,20460,387,446,467,464,70
514.8831,20461,387,445,467,463,71
514.9092,20462,385,445,468,463,71
514.9329,20463,385,445,468,463,71
514.9595,20464,386,445,468,463,72
514.9861,20465,386,445,469,463,72
515.0117,20466,386,445,470,463,72
515.0378,20467,386,445,470,463,72
515.0627,20468,386,444,471,464,73
515.0895,20469,386,444,471,464,73
515.1136,20470,386,444,471,464,74
515.1412,20471,386,444,471,464,74
515.1683,20472,386,444,472,464,74
515.1920,20473,386,444,472,464,75
515.2185,20474,387,444,472,464,75
515.2432,20475,388,444,472,464,75
515.2687,20476,388,444,472,464,75
515.2945,20477,389,443,472,464,74
515.3209,20478,387,442,472,464,75
515.3461,20479,388,442,472,466,76
515.3730,20480,389,442,472,466,76
515.3976,20481,389,442,472,466,76
515.4239,20482,393,440,472,466,76
515.4470,20483,393,440,472,466,76
515.4759,20484,393,440,472,466,76
515.5008,20485,394,440,474,467,75
515.5245,20486,394,439,474,467,76
515.5500,20487,393,439,475,467,76
515.5757,20488,394,439,474,467,76
515.6040,20489,394,439,474,467,76
515.6279,20490,396,439,475,467,77
515.6545,20491,396,438,475,468,76
515.6784,20492,396,438,475,468,76
515.7037,20493,397,438,475,468,76
515.7312,20494,397,438,475,468,76
515.7564,20495,398,438,476,468,76
515.7805,20496,398,438,476,468,76
515.8073,20497,398,437,476,469,76
515.8350,20498,398,437,477,469,76
515.8589,20499,397,437,477,469,75
515.8834,20500,399,437,477,469,75
515.9098,20501,399,437,477,469,75
515.9349,20502,400,437,478,469,75
515.9605,20503,396,438,478,470,76
515.9865,20504,396,438,478,470,76
516.0125,20505,396,438,478,470,76
516.0385,20506,396,438,478,470,76
516.0639,20507,398,437,478,471,76
516.0916,20508,398,437,478,471,76
516.1159,20509,397,437,478,471,78
516.1434,20510,397,437,478,471,78
516.1682,20511,398,437,478,471,78
516.1952,20512,399,436,479,472,77
516.2203,20513,400,436,479,472,78
516.2450,20514,400,436,479,472,78
516.2720,20515,400,435,479,473,78
516.2976,20516,401,434,478,472,78
516.3213,20517,401,431,475,473,78
516.3465,20518,400,429,472,471,75
516.3729,20519,400,429,472,471,75
516.3991,20520,408,427,471,471,75
516.4254,20521,416,426,470,472,77
516.4505,20522,416,424,469,474,75
516.4769,20523,416,424,469,474,75
516.5015,20524,419,424,468,474,73
516.5273,20525,422,423,468,474,72
516.5523,20526,423,422,467,474,72
516.5782,20527,423,422,467,474,72
516.6039,20528,428,421,467,475,71
516.6303,20529,425,421,466,475,69
516.6564,20530,425,419,466,475,68
516.6811,20531,423,418,466,476,69
516.7064,20532,423,418,466,476,69
516.7325,20533,429,417,466,477,69
516.7598,20534,429,416,466,478,69
516.7835,20535,429,416,466,478,70
516.8108,20536,429,416,466,478,70
516.8361,20537,432,415,466,478,71
516.8611,20538,430,414,466,478,71
516.8873,20539,430,414,466,478,70
516.9132,20540,430,414,466,478,70
516.9402,20541,431,414,465,480,70
516.9660,20542,432,413,466,479,69
516.9931,20543,432,412,466,480,70
517.0165,20544,432,412,466,480,71
517.0438,20545,432,412,466,480,71
517.0687,20546,434,412,465,480,70
517.0954,20547,434,411,466,480,68
517.1214,20548,434,410,466,480,70
517.1474,20549,434,410,466,480,70
517.1729,20550,433,410,466,482,69
517.1993,20551,432,409,464,481,67
517.2246,20552,432,409,464,481,67
517.2493,20553,438,409,464,475,70
517.2752,20554,442,412,467,465,73
517.3029,20555,438,414,470,462,78
517.3270,20556,434,416,473,460,79
517.3532,20557,434,416,473,460,79
517.3792,20558,432,416,475,460,78
517.4059,20559,430,416,476,458,76
517.4298,20560,427,415,477,458,74
517.4546,20561,425,415,477,459,74
517.4807,20562,425,415,477,459,74
517.5066,20563,423,414,476,456,73
517.5306,20564,420,414,477,456,74
517.5577,20565,420,414,477,456,74
517.5844,20566,419,414,475,454,74
517.6090,20567,417,413,476,453,74
517.6344,20568,416,412,476,452,74
517.6598,20569,414,412,476,450,74
517.6857,20570,414,412,476,450,74
517.7118,20571,412,412,476,454,75
517.7371,20572,412,412,479,456,74
517.7626,20573,410,412,479,454,76
517.7885,20574,409,412,479,454,77
517.8139,20575,409,412,479,454,77
517.8401,20576,408,412,479,454,77
517.8676,20577,408,412,479,454,77
517.8911,20578,407,411,480,453,76
517.9175,20579,406,411,482,454,78
517.9432,20580,405,411,481,453,77
517.9692,20581,404,411,482,453,77
517.9946,20582,403,410,483,452,77
518.0203,20583,403,410,483,452,77
518.0462,20584,403,410,483,452,77
518.0735,20585,402,410,483,452,77
518.0987,20586,401,410,484,452,77
518.1233,20587,400,410,485,452,76
518.1487,20588,400,410,485,452,76
518.1765,20589,400,410,485,451,77
518.2000,20590,400,410,486,450,76
518.2266,20591,400,410,486,450,76
518.2518,20592,399,410,486,450,77
518.2786,20593,398,413,486,450,75
518.3027,20594,395,413,468,443,69
518.3272,20595,392,411,461,435,68
518.3538,20596,392,411,461,435,68
518.3806,20597,390,410,473,446,72
518.4063,20598,386,408,471,444,75
518.4304,20599,385,408,470,442,75
518.4568,20600,384,408,471,442,75
518.4828,20601,384,408,471,442,75
518.5073,20602,382,408,471,442,75
518.5342,20603,382,408,471,442,75
518.5609,20604,382,407,470,439,76
518.5868,20605,382,407,470,440,77
518.6105,20606,381,407,469,439,77
518.6365,20607,381,407,469,439,77
518.6607,20608,381,407,469,439,77
518.6884,20609,380,407,468,437,76
518.7152,20610,379,406,466,436,76
518.7413,20611,378,406,465,435,75
518.7657,20612,378,406,464,434,75
518.7925,20613,377,406,465,434,74
518.8179,20614,377,406,465,434,74
518.8438,20615,378,406,464,434,75
518.8673,20616,378,406,464,434,75
518.8957,20617,373,405,463,433,74
518.9195,20618,373,405,461,431,73
518.9467,20619,370,404,460,432,73
518.9735,20620,371,404,458,432,75
518.9989,20621,371,404,458,432,75
519.0250,20622,368,404,456,430,72
519.0516,20623,368,404,456,430,72
519.0764,20624,369,406,448,430,55
519.1015,20625,360,406,414,420,61
519.1270,20626,355,406,418,420,62
519.1534,20627,355,406,418,420,62
519.1795,20628,348,406,412,418,59
519.2066,20629,348,406,412,418,59
519.2313,20630,342,408,411,418,49
519.2575,20631,336,408,398,418,50
519.2827,20632,331,408,396,418,53
519.3078,20633,326,408,392,418,57
519.3328,20634,326,408,392,418,57
519.3597,20635,322,408,377,418,56
519.3855,20636,319,407,375,419,56
519.4103,20637,315,407,376,419,59
519.4357,20638,315,407,376,419,59
519.4610,20639,315,407,376,419,59
519.4864,20640,308,408,372,420,62
519.5141,20641,305,408,369,420,63
519.5386,20642,302,408,366,420,63
519.5649,20643,302,408,366,420,63
519.5895,20644,300,408,364,420,64
519.6146,20645,297,408,364,420,65
519.6395,20646,295,408,362,420,66
519.6652,20647,295,408,362,420,66
519.6928,20648,292,407,364,421,65
519.7190,20649,290,408,362,421,65
519.7446,20650,288,407,364,421,64
519.7682,20651,286,408,360,421,64
519.7937,20652,286,408,360,421,64
519.8212,20653,285,408,358,421,64
519.8477,20654,285,408,358,421,64
519.8735,20655,281,409,349,421,64
519.8994,20656,281,409,349,421,64
519.9260,20657,279,408,349,420,62
519.9514,20658,277,409,346,421,62
519.9766,20659,276,408,352,420,62
520.0018,20660,276,408,352,420,62
520.0283,20661,274,409,342,421,59
520.0550,20662,273,409,338,421,57
520.0803,20663,271,410,335,420,55
520.1041,20664,270,410,334,420,55
520.1301,20665,270,410,334,420,55
520.1571,20666,269,410,333,420,57
520.1823,20667,268,409,340,421,54
520.2074,20668,266,410,332,420,58
520.2319,20669,266,410,332,420,58
520.2579,20670,266,410,332,420,58
520.2840,20671,263,409,328,420,56
520.3085,20672,263,409,328,420,56
520.3369,20673,262,409,331,420,54
520.3629,20674,261,410,325,420,57
520.3870,20675,260,410,326,420,48
520.4123,20676,259,410,322,420,52
520.4379,20677,259,410,322,420,52
520.4641,20678,258,410,322,420,55
520.4898,20679,257,410,320,420,54
520.5148,20680,256,410,318,420,54
520.5399,20681,255,410,318,420,46
520.5676,20682,255,410,318,420,46
520.5938,20683,254,410,318,420,49
520.6189,20684,254,410,318,420,35
520.6436,20685,254,410,318,420,35
520.6711,20686,253,410,316,420,51
520.6965,20687,252,410,313,420,46
520.7226,20688,251,410,314,420,50
520.7470,20689,250,409,313,419,42
520.7738,20690,250,409,313,419,42
520.7995,20691,249,409,313,419,44
520.8275,20692,248,409,312,419,49
520.8521,20693,248,409,312,419,42
520.8776,20694,247,409,312,419,44
520.9039,20695,247,409,312,419,44
520.9286,20696,246,409,310,419,33
520.9536,20697,245,409,311,419,41
520.9809,20698,245,409,311,419,41
521.0081,20699,244,408,310,418,46
521.0330,20700,244,408,312,418,36
521.0590,20701,243,408,310,418,49
521.0842,20702,244,408,307,418,33
521.1111,20703,244,408,307,418,33
521.1375,20704,242,408,306,418,31
521.1621,20705,242,408,304,418,36
521.1879,20706,241,408,303,418,30
521.2159,20707,240,407,303,418,32
521.2414,20708,240,407,303,418,32
521.5760,20721,238,404,289,420,64
521.6009,20722,244,399,290,429,75
521.6009,20722,295,404,322,422,44
521.6255,20723,248,394,283,434,73
521.6535,20724,248,394,283,434,73
521.6789,20725,249,390,278,440,74
521.7052,20726,249,388,280,443,70
521.7305,20727,249,387,282,447,71
521.7552,20728,249,388,272,450,71
521.7812,20729,249,388,272,450,71
521.8067,20730,249,388,272,452,71
521.8320,20731,248,388,272,455,72
521.8592,20732,248,388,272,455,72
521.8867,20733,248,388,272,457,75
521.8867,20733,249,382,281,408,31
521.9123,20734,248,389,272,459,75
521.9123,20734,250,380,278,410,41
521.9366,20735,249,391,272,461,76
521.9366,20735,250,378,276,408,43
521.9618,20736,250,390,272,462,75
521.9618,20736,251,377,274,409,45
521.9888,20737,250,390,272,462,75
521.9888,20737,251,377,274,409,45
522.0148,20738,250,388,273,464,75
522.0148,20738,251,376,272,416,45
522.0406,20739,251,388,274,466,75
522.0406,20739,252,375,270,417,31
522.0654,20740,251,388,274,468,75
522.0912,20741,251,405,273,469,70
522.1160,20742,251,405,273,469,70
522.1422,20743,249,412,271,472,69
522.1679,20744,249,412,271,472,69
522.1933,20745,253,417,271,477,63
522.1933,20745,245,390,266,416,33
522.2192,20746,254,417,270,483,60
522.2192,20746,245,400,270,437,50
522.2445,20747,254,417,270,483,60
522.2445,20747,245,400,270,437,50
522.2705,20748,258,434,270,494,58
522.2970,20749,258,434,270,494,58
522.3225,20750,258,436,271,498,59
522.3512,20751,258,437,271,501,56
522.3766,20752,258,441,271,505,41
522.4268,20754,258,446,271,513,31
522.4526,20755,258,446,271,513,31
522.4779,20756,258,452,271,516,36
522.5037,20757,258,454,271,518,45
522.5309,20758,258,454,271,518,45
522.5545,20759,258,454,271,518,52
522.5804,20760,258,452,270,517,44
522.6070,20761,258,450,271,518,41
522.6318,20762,258,450,271,518,41
522.6584,20763,258,450,271,518,41
522.6845,20764,258,452,270,518,47
522.7105,20765,258,450,271,518,53
522.7359,20766,258,454,270,518,43
522.7618,20767,257,472,273,518,64
522.7870,20768,257,472,273,518,64
522.8118,20769,255,478,275,516,71
522.8407,20770,254,482,277,517,75
522.8407,20770,250,454,274,490,36
522.8637,20771,254,482,277,517,75
522.8637,20771,250,454,274,490,36
522.8916,20772,253,480,279,518,76
522.9160,20773,253,480,280,518,75
522.9410,20774,254,482,279,517,73
522.9659,20775,255,481,277,517,69
522.9659,20775,177,525,186,555,37
522.9928,20776,255,481,277,517,69
522.9928,20776,177,525,186,555,37
523.0183,20777,258,477,277,516,62
523.0183,20777,178,527,187,559,43
523.0441,20778,258,477,277,516,62
523.0441,20778,178,527,187,559,43
523.0697,20779,259,476,275,516,46
523.0697,20779,178,527,187,561,45
523.0945,20780,178,529,188,563,46
523.0945,20780,261,476,277,516,46
523.0945,20780,229,534,240,560,33
523.1212,20781,178,529,188,563,46
523.1212,20781,261,476,277,516,46
523.1212,20781,229,534,240,560,33
523.1473,20782,178,529,188,565,47
523.1473,20782,260,479,276,517,40
523.1473,20782,228,534,241,562,31
523.1732,20783,178,529,188,565,47
523.1732,20783,260,479,276,517,40
523.1732,20783,228,534,241,562,31
523.1995,20784,178,532,188,566,52
523.1995,20784,227,535,240,563,43
523.1995,20784,261,480,279,516,31
523.2249,20785,178,533,188,569,53
523.2249,20785,226,536,240,564,47
523.2504,20786,179,534,188,570,49
523.2504,20786,225,539,240,565,47
523.2762,20787,224,541,240,567,60
523.2762,20787,179,535,188,572,39
523.3031,20788,224,541,240,567,60
523.3031,20788,179,535,188,572,39
523.3278,20789,223,540,240,568,63
523.3278,20789,179,535,189,573,46
523.3541,20790,222,542,240,570,69
523.3541,20790,179,536,188,574,44
523.3787,20791,221,542,240,572,67
523.3787,20791,179,535,188,574,33
523.4045,20792,217,546,239,568,53
523.4045,20792,179,536,189,572,43
523.4313,20793,217,546,239,568,53
523.4313,20793,179,536,189,572,43
523.4554,20794,217,546,239,568,53
523.4554,20794,179,536,189,572,43
523.4798,20795,209,550,239,562,33
523.5059,20796,209,550,239,562,33
523.5317,20797,207,548,240,562,37
523.5578,20798,205,544,240,562,48
523.5817,20799,208,540,239,564,70
523.6089,20800,213,534,239,566,76
523.6089,20800,179,532,187,568,46
523.6337,20801,213,534,239,566,76
523.6337,20801,179,532,187,568,46
523.6604,20802,215,530,239,568,77
523.6852,20803,215,526,239,570,77
523.7110,20804,214,523,240,571,78
523.7364,20805,214,523,240,571,78
523.7616,20806,214,521,240,573,79
523.7866,20807,214,519,240,577,77
523.8129,20808,214,517,238,576,76
523.8391,20809,214,517,238,576,76
523.8676,20810,214,517,238,576,76
523.8925,20811,212,514,235,572,71
523.9179,20812,211,512,233,570,73
523.9426,20813,211,512,233,570,73
523.9712,20814,210,510,233,570,73
523.9969,20815,209,508,232,568,73
524.0234,20816,207,507,232,567,75
524.0466,20817,207,506,232,566,75
524.0715,20818,207,506,232,566,75
524.0981,20819,206,504,231,566,75
524.1229,20820,205,502,231,564,76
524.1491,20821,204,501,233,565,76
524.1756,20822,204,501,233,565,76
524.2025,20823,203,500,231,564,75
524.2267,20824,203,499,232,561,76
524.2545,20825,207,497,235,559,72
524.2785,20826,208,496,234,554,60
524.3052,20827,208,496,234,554,60
524.3315,20828,208,494,224,552,62
524.3571,20829,208,492,223,552,60
524.3809,20830,208,490,223,550,60
524.4067,20831,208,487,224,551,61
524.4328,20832,208,487,224,551,61
524.4592,20833,208,485,224,549,61
524.4845,20834,208,484,224,550,61
524.5115,20835,208,484,224,550,61
524.5371,20836,208,483,225,549,62
524.5624,20837,209,482,226,548,61
524.5885,20838,209,479,226,547,61
524.6146,20839,209,479,226,547,61
524.6429,20840,209,477,225,545,60
524.6663,20841,209,476,225,546,59
524.6914,20842,209,475,225,545,58
524.7166,20843,210,474,225,546,58
524.7426,20844,210,474,225,546,58
524.7688,20845,209,472,226,546,59
524.7948,20846,210,471,225,545,58
524.8196,20847,210,470,225,543,58
524.8447,20848,210,470,225,542,56
524.8719,20849,210,470,225,542,56
524.8994,20850,210,468,225,542,56
524.9248,20851,210,468,225,544,57
524.9513,20852,210,468,225,544,57
524.9758,20853,211,468,225,540,57
525.0057,20854,211,466,226,541,56
525.0279,20855,211,466,225,539,55
525.0551,20856,211,464,226,538,53
525.0803,20857,211,464,226,538,53
525.1082,20858,211,464,226,540,55
525.1347,20859,211,464,226,538,54
525.1593,20860,211,463,226,536,52
525.1842,20861,212,462,226,536,53
525.2106,20862,212,462,226,536,53
525.2348,20863,211,462,226,537,52
525.2611,20864,212,461,226,535,51
525.2864,20865,212,461,226,535,51
525.3145,20866,211,460,226,536,51
525.3389,20867,211,460,226,536,51
525.3649,20868,211,460,227,536,49
525.3915,20869,211,460,227,540,51
525.4152,20870,211,460,227,540,51
525.4436,20871,211,459,227,539,51
525.4687,20872,210,458,227,540,50
525.4950,20873,210,457,227,539,48
525.5181,20874,211,457,227,539,48
525.5460,20875,211,457,227,539,48
525.5707,20876,210,457,227,541,51
525.5959,20877,210,456,227,540,50
525.6219,20878,210,456,227,540,50
525.6469,20879,211,456,227,538,48
525.6736,20880,210,455,227,541,52
525.6993,20881,210,455,227,539,49
525.7247,20882,211,454,227,538,50
525.7501,20883,211,454,227,538,50
525.7774,20884,212,453,227,533,47
525.8015,20885,212,452,227,536,49
525.8280,20886,210,454,227,538,50
525.8525,20887,212,452,227,533,47
525.8786,20888,212,452,227,533,47
525.9045,20889,212,452,227,534,47
525.9281,20890,212,452,227,532,46
525.9558,20891,212,452,227,532,46
525.9826,20892,212,451,228,533,46
526.0091,20893,212,451,228,532,45
526.0335,20894,212,450,227,532,46
526.0590,20895,213,450,228,530,45
526.0850,20896,213,450,228,530,45
526.1114,20897,212,450,228,532,46
526.1373,20898,212,450,228,528,45
526.1618,20899,211,452,236,510,66
526.1872,20900,209,451,241,503,69
526.2144,20901,209,451,241,503,69
526.2402,20902,207,450,245,506,70
526.2653,20903,207,449,246,503,70
526.2928,20904,207,449,246,503,70
526.3168,20905,207,447,249,505,71
526.3430,20906,207,446,251,502,69
526.3684,20907,207,444,254,500,69
526.3933,20908,208,442,256,500,70
526.4195,20909,208,442,256,500,70
526.4456,20910,208,441,258,495,70
526.4730,20911,207,440,258,494,73
526.4978,20912,207,439,260,493,74
526.5232,20913,207,437,261,495,76
526.5481,20914,207,437,261,495,76
526.5757,20915,206,436,262,500,77
526.6008,20916,206,436,264,498,79
526.6265,20917,206,436,264,498,79
526.6542,20918,206,436,264,498,79
526.6784,20919,206,434,266,496,80
526.7049,20920,205,434,267,497,80
526.7312,20921,206,433,268,495,80
526.7572,20922,206,433,268,495,80
526.7834,20923,205,433,269,495,80
526.8078,20924,206,432,270,494,79
526.8343,20925,206,431,271,493,79
526.8602,20926,206,430,271,492,79
526.8863,20927,206,430,271,492,79
526.9116,20928,205,430,272,492,79
526.9367,20929,206,430,273,490,79
526.9635,20930,206,430,273,490,79
526.9890,20931,206,429,274,490,79
527.0163,20932,206,428,274,488,78
527.0400,20933,206,428,274,488,78
527.0674,20934,206,427,276,487,78
527.0898,20935,206,427,276,487,78
527.1178,20936,206,427,277,486,79
527.1425,20937,206,427,277,485,79
527.1675,20938,206,426,278,484,80
527.1921,20939,206,426,278,484,80
527.2187,20940,206,426,278,484,80
527.2448,20941,207,425,279,483,80
527.2713,20942,207,425,279,483,80
527.2984,20943,207,425,280,483,80
527.3261,20944,207,426,281,482,80
527.3501,20945,207,425,282,481,80
527.3771,20946,207,425,282,482,80
527.4015,20947,207,425,283,481,80
527.4264,20948,207,425,283,481,80
527.4537,20949,207,425,283,481,80
527.4793,20950,207,424,284,480,81
527.5060,20951,208,424,284,479,81
527.5303,20952,208,423,285,479,81
527.5574,20953,208,423,285,479,81
527.5819,20954,210,423,285,478,81
527.6086,20955,210,423,286,477,81
527.6327,20956,210,423,286,477,81
527.6593,20957,210,422,286,476,81
527.6841,20958,211,422,286,475,80
527.7107,20959,211,421,287,473,80
527.7377,20960,212,420,287,472,80
527.7611,20961,212,420,287,472,80
527.7888,20962,211,420,288,472,79
527.8138,20963,212,420,288,472,79
527.8386,20964,212,420,288,472,79
527.8638,20965,213,422,289,470,79
527.8907,20966,213,422,289,470,79
527.9153,20967,213,423,290,471,78
527.9433,20968,213,423,290,471,78
527.9689,20969,214,423,291,471,78
527.9949,20970,219,423,292,471,78
528.0208,20971,222,424,293,470,78
528.0454,20972,223,424,294,471,78
528.0703,20973,223,424,295,470,78
528.0974,20974,223,424,295,470,78
528.1236,20975,223,424,296,470,78
528.1481,20976,222,424,297,470,77
528.1750,20977,220,424,297,472,78
528.2002,20978,221,424,298,472,78
528.2258,20979,221,424,298,472,78
528.2513,20980,221,424,298,472,78
528.2770,20981,221,424,298,472,78
528.3050,20982,223,424,300,470,77
528.3294,20983,223,424,300,470,77
528.3537,20984,224,424,301,470,76
528.3790,20985,224,424,301,470,76
528.4076,20986,224,424,301,470,76
528.4328,20987,224,425,302,469,77
528.4592,20988,225,424,302,468,77
528.4852,20989,226,424,302,466,76
528.5104,20990,226,424,302,466,77
528.5404,20991,226,425,303,465,77
528.5661,20992,227,425,304,465,77
528.5923,20993,227,425,304,465,77
528.6167,20994,227,424,304,464,76
528.6422,20995,227,424,304,464,76
528.6696,20996,227,424,304,464,76
528.6964,20997,228,424,305,462,75
528.7217,20998,227,425,306,463,77
528.7479,20999,227,424,306,464,78
528.7747,21000,227,424,306,464,78
528.8028,21001,228,424,306,462,77
528.8283,21002,227,424,306,462,77
528.8534,21003,227,424,307,462,77
528.8784,21004,227,424,308,461,77
528.9033,21005,227,424,308,461,77
528.9305,21006,228,424,307,460,77
528.9572,21007,228,424,308,460,76
528.9812,21008,228,424,308,460,76
529.0088,21009,229,424,308,458,76
529.0339,21010,228,424,309,458,76
529.0589,21011,228,424,309,458,75
529.0850,21012,229,425,309,459,76
529.1107,21013,228,424,310,458,75
529.1375,21014,228,424,310,458,75
529.1632,21015,229,424,310,458,76
529.1877,21016,230,424,310,456,76
529.2129,21017,230,424,310,456,77
529.2381,21018,230,424,310,456,77
529.2666,21019,229,424,311,456,76
529.2896,21020,230,424,311,456,77
529.3160,21021,230,424,311,456,77
529.3418,21022,229,424,311,456,75
529.3675,21023,229,424,312,456,76
529.3933,21024,230,424,312,456,76
529.4191,21025,230,424,312,454,76
529.4448,21026,230,424,312,454,76
529.4728,21027,230,424,312,454,76
529.4980,21028,232,424,312,454,75
529.5235,21029,230,426,311,454,73
529.5482,21030,231,427,310,453,69
529.5721,21031,231,427,310,453,69
529.5996,21032,234,428,311,452,65
529.6246,21033,240,428,311,451,58
529.6516,21034,240,428,311,451,58
529.6772,21035,245,428,312,448,54
529.7040,21036,232,430,275,454,53
529.7040,21036,251,429,314,443,49
529.7276,21037,249,429,314,445,57
529.7548,21038,252,429,315,444,54
529.7548,21038,231,430,278,456,48
529.7793,21039,252,429,315,444,54
529.7793,21039,231,430,278,456,48
529.8071,21040,252,429,316,445,54
529.8071,21040,232,430,276,456,49
529.8318,21041,249,429,317,445,55
529.8571,21042,250,429,318,445,55
529.8571,21042,232,430,284,456,44
529.8827,21043,258,430,319,442,49
529.8827,21043,232,430,271,456,45
529.9095,21044,258,430,319,442,49
529.9095,21044,232,430,271,456,45
529.9355,21045,255,430,319,442,53
529.9355,21045,232,431,275,457,39
529.9597,21046,261,430,320,442,49
529.9597,21046,233,431,265,455,44
529.9863,21047,261,430,320,442,49
529.9863,21047,233,431,265,455,44
530.0117,21048,260,430,320,442,49
530.0117,21048,233,431,267,455,43
530.0382,21049,258,430,321,442,52
530.0382,21049,234,431,264,454,50
530.0612,21050,260,430,321,442,50
530.0612,21050,233,431,261,455,49
530.0874,21051,260,430,321,442,50
530.0874,21051,233,431,261,455,49
530.1150,21052,260,430,321,442,53
530.1150,21052,234,432,260,454,50
530.1430,21053,258,430,322,442,54
530.1430,21053,234,431,263,453,46
530.1667,21054,259,430,323,442,53
530.1667,21054,235,432,262,452,49
530.1909,21055,261,430,323,442,53
530.1909,21055,234,431,260,453,44
530.2175,21056,258,430,323,442,55
530.2175,21056,234,432,265,452,38
530.2437,21057,258,430,323,442,55
530.2437,21057,234,432,265,452,38
530.2707,21058,258,430,323,442,54
530.2707,21058,234,431,268,452,38
530.2961,21059,261,430,323,442,57
530.2961,21059,233,431,263,451,42
530.3209,21060,259,430,324,442,56
530.3209,21060,233,431,265,451,33
530.3473,21061,259,430,324,442,56
530.3473,21061,233,431,265,451,33
530.3720,21062,257,430,324,442,58
530.3974,21063,259,430,324,442,58
530.3974,21063,233,431,268,451,31
530.4226,21064,259,430,324,442,58
530.4226,21064,233,431,268,451,31
530.4493,21065,258,430,325,442,59
530.4758,21066,258,430,325,442,60
530.5016,21067,258,430,325,442,59
530.5261,21068,258,430,324,442,59
530.5506,21069,256,430,324,442,58
530.5780,21070,256,430,324,442,58
530.6044,21071,256,430,324,442,55
530.6282,21072,262,430,323,443,61
530.6528,21073,262,429,324,445,70
530.6790,21074,262,429,324,445,70
530.7048,21075,264,428,324,448,74
530.7300,21076,262,427,326,449,75
530.7552,21077,262,427,326,449,75
530.7826,21078,265,426,327,450,76
530.8070,21079,266,426,329,450,76
530.8336,21080,270,426,330,451,76
530.8577,21081,271,426,331,452,76
530.8844,21082,271,426,331,452,76
530.9103,21083,271,426,332,452,75
530.9355,21084,272,427,334,453,74
530.9627,21085,273,427,334,453,74
530.9853,21086,274,427,336,454,75
531.0124,21087,274,427,336,454,75
531.0377,21088,275,428,336,454,76
531.0642,21089,276,428,337,454,76
531.0903,21090,276,428,337,454,76
531.1149,21091,274,428,338,455,76
531.1429,21092,272,428,339,456,76
531.1664,21093,271,428,339,456,77
531.1915,21094,274,429,340,457,77
531.2186,21095,274,429,340,457,77
531.2447,21096,272,429,341,457,77
531.2706,21097,271,429,340,457,77
531.2954,21098,272,429,341,457,77
531.3209,21099,272,429,341,457,77
531.3466,21100,272,429,341,457,77
531.3736,21101,272,429,342,457,77
531.3970,21102,272,429,342,457,77
531.4243,21103,271,429,342,457,77
531.4506,21104,271,429,342,457,77
531.4764,21105,274,430,343,458,77
531.5020,21106,271,430,343,458,77
531.5275,21107,271,429,343,458,77
531.5545,21108,271,429,343,458,77
531.5803,21109,272,429,343,459,77
531.6053,21110,276,431,342,463,77
531.6312,21111,277,430,343,464,78
531.6563,21112,277,430,343,464,78
531.6823,21113,280,429,345,465,79
531.7095,21114,280,429,347,466,79
531.7342,21115,280,429,347,466,79
531.7596,21116,280,429,349,467,78
531.7871,21117,284,430,350,468,76
531.8121,21118,280,430,352,468,75
531.8374,21119,280,430,352,468,75
531.8628,21120,277,429,354,470,76
531.8910,21121,277,429,354,470,76
531.9178,21122,278,429,354,471,77
531.9438,21123,278,429,356,471,77
531.9673,21124,279,429,357,472,76
531.9939,21125,281,429,357,472,77
532.0199,21126,281,429,357,472,77
532.0455,21127,281,429,358,473,78
532.0720,21128,281,429,358,473,78
532.0980,21129,283,429,359,474,78
532.1260,21130,284,429,360,474,79
532.1490,21131,283,428,361,474,79
532.1760,21132,284,428,361,474,79
532.2009,21133,284,428,361,474,79
532.2271,21134,285,429,362,475,79
532.2525,21135,285,429,362,475,79
532.2793,21136,286,428,363,476,79
532.3032,21137,286,428,364,476,79
532.3275,21138,287,427,364,477,79
532.3545,21139,287,427,364,477,79
532.3797,21140,287,427,365,477,79
532.4059,21141,287,427,365,477,79
532.4325,21142,288,426,366,478,79
532.4580,21143,289,426,366,478,79
532.4874,21144,290,426,366,478,79
532.5110,21145,291,427,367,479,79
532.5364,21146,291,426,366,479,79
532.5627,21147,291,426,366,479,79
532.5884,21148,291,426,367,480,79
532.6133,21149,292,426,367,480,79
532.6392,21150,292,426,367,480,79
532.6652,21151,292,426,368,480,78
532.6913,21152,292,426,368,480,78
532.7161,21153,293,426,368,480,79
532.7428,21154,293,426,368,480,79
532.7688,21155,294,427,368,481,79
532.7943,21156,295,427,368,481,79
532.8197,21157,296,428,369,478,78
532.8441,21158,298,429,370,475,74
532.8699,21159,298,429,370,475,74
532.8963,21160,310,436,371,474,63
532.9222,21161,320,445,373,472,67
532.9469,21162,318,448,375,472,67
532.9722,21163,318,454,376,472,68
532.9975,21164,318,454,376,472,68
533.0227,21165,318,452,377,472,71
533.0496,21166,318,452,377,472,71
533.0760,21167,318,452,377,472,71
533.1025,21168,317,449,379,473,73
533.1274,21169,316,448,380,474,72
533.1521,21170,316,450,382,474,71
533.1774,21171,315,451,383,474,71
533.2035,21172,315,451,383,474,71
533.2296,21173,316,452,384,474,71
533.2576,21174,317,452,384,474,72
533.2805,21175,315,452,386,474,72
533.3033,21176,315,452,386,474,73
533.3287,21177,315,452,386,474,73
533.3549,21178,320,452,387,474,74
533.3799,21179,319,452,389,474,76
533.4065,21180,319,452,389,474,76
533.4327,21181,321,452,389,474,76
533.4590,21182,318,452,390,474,77
533.4834,21183,318,452,390,474,77
533.5093,21184,318,452,390,474,77
533.5364,21185,316,451,391,474,77
533.5613,21186,318,451,391,474,77
533.5867,21187,314,451,392,474,78
533.6122,21188,314,450,392,474,78
533.6378,21189,314,450,392,474,78
533.6656,21190,314,450,392,474,78
533.6907,21191,314,450,393,474,78
533.7155,21192,312,450,393,474,78
533.7411,21193,312,450,394,474,78
533.7667,21194,312,450,394,474,78
533.7924,21195,311,450,394,474,78
533.8177,21196,311,450,395,474,78
533.8436,21197,311,450,395,474,78
533.8709,21198,314,449,395,475,78
533.8945,21199,312,449,395,475,78
533.9191,21200,314,449,396,475,79
533.9477,21201,316,448,396,476,78
533.9716,21202,316,448,396,476,78
533.9987,21203,316,448,396,476,78
534.0253,21204,318,448,396,476,78
534.0501,21205,318,448,396,476,78
534.0752,21206,316,449,397,477,78
534.1007,21207,316,449,397,477,78
534.1263,21208,319,448,397,477,78
534.1535,21209,319,448,397,476,78
534.1782,21210,319,448,397,476,78
534.2052,21211,320,448,397,477,78
534.2308,21212,320,447,397,477,78
534.2554,21213,316,448,397,478,78
534.2809,21214,320,448,398,478,78
534.3067,21215,320,448,398,478,78
534.3325,21216,318,448,397,479,79
534.3596,21217,319,448,397,480,79
534.3836,21218,318,448,398,480,79
534.4099,21219,318,448,398,480,78
534.4355,21220,318,448,398,480,78
534.4603,21221,318,448,398,480,78
534.4882,21222,318,448,398,480,78
534.5148,21223,319,446,397,480,78
534.5404,21224,322,442,394,478,75
534.5650,21225,332,438,391,474,71
534.5919,21226,337,435,388,475,73
534.6170,21227,343,433,387,477,73
534.6416,21228,343,433,387,477,73
534.6690,21229,356,430,385,478,73
534.6953,21230,357,430,385,480,71
534.7194,21231,358,427,384,481,66
534.7447,21232,360,425,384,481,65
534.7705,21233,360,425,384,481,65
534.7962,21234,360,424,383,480,62
534.8224,21235,360,424,383,480,62
534.8481,21236,359,422,383,480,60
534.8762,21237,359,421,383,481,58
534.9013,21238,360,420,382,482,57
534.9257,21239,364,418,382,482,52
534.9533,21240,363,417,383,483,50
534.9805,21241,363,417,383,483,50
535.0069,21242,365,416,382,482,48
535.0342,21243,367,414,382,480,46
535.0589,21244,367,414,382,482,48
535.0837,21245,367,413,382,481,41
535.1101,21246,367,413,382,481,41
535.1357,21247,368,412,382,478,39
535.1613,21248,370,412,382,474,49
535.1871,21249,370,412,382,474,49
535.2127,21250,365,413,382,475,64
535.2400,21251,364,413,385,465,75
535.2648,21252,358,412,387,465,75
535.2912,21253,355,412,390,464,75
535.3161,21254,355,412,390,464,75
535.3434,21255,352,411,391,463,76
535.3686,21256,350,410,392,464,76
535.3932,21257,348,410,392,464,76
535.4185,21258,346,408,392,463,77
535.4443,21259,346,408,392,463,77
535.4699,21260,344,408,392,466,76
535.4955,21261,342,406,392,460,77
535.5216,21262,342,406,392,460,77
535.5494,21263,341,406,392,464,77
535.5751,21264,339,404,393,466,78
535.5987,21265,338,404,394,464,78
535.6245,21266,336,403,394,458,77
535.6532,21267,336,403,394,458,77
535.6777,21268,335,402,395,464,78
535.7030,21269,334,402,395,460,77
535.7274,21270,333,402,396,458,77
535.7528,21271,332,401,396,460,77
535.7811,21272,332,401,396,460,77
535.8066,21273,332,400,398,458,77
535.8314,21274,331,400,398,458,77
535.8570,21275,331,400,398,458,77
535.8832,21276,330,400,398,458,78
535.9081,21277,329,400,398,456,78
535.9335,21278,328,399,399,457,79
535.9606,21279,328,398,399,456,79
535.9871,21280,328,398,399,456,79
536.0125,21281,328,398,400,456,79
536.0387,21282,327,398,399,456,79
536.0635,21283,325,401,389,447,72
536.0904,21284,322,405,378,444,55
536.1162,21285,322,405,378,444,55
536.1420,21286,319,406,373,434,61
536.1670,21287,319,406,373,434,61
536.1930,21288,316,406,374,432,63
536.2178,21289,313,406,376,428,60
536.2434,21290,313,406,376,428,60
536.2702,21291,308,406,378,428,53
536.2951,21292,306,405,378,424,56
536.3218,21293,306,405,378,424,56
536.3472,21294,304,405,376,421,56
536.3737,21295,303,404,372,420,55
536.3978,21296,302,404,372,420,56
536.4232,21297,300,404,372,420,55
536.4500,21298,300,404,372,420,55
536.4769,21299,299,404,377,420,60
536.5023,21300,299,404,377,420,60
536.5282,21301,298,404,372,420,61
536.5535,21302,296,404,371,420,61
536.5788,21303,295,404,372,420,61
536.6052,21304,293,404,376,420,61
536.6292,21305,293,404,376,420,61
536.6551,21306,293,404,376,420,61
536.6827,21307,291,404,378,420,64
536.7063,21308,290,404,376,420,62
536.7342,21309,290,404,378,420,66
536.7595,21310,290,404,378,420,66
536.7864,21311,289,403,376,419,64
536.8117,21312,288,403,368,418,63
536.8375,21313,288,403,368,418,63
536.8631,21314,287,403,367,417,64
536.8914,21315,286,404,366,418,64
536.9144,21316,285,403,366,417,64
536.9408,21317,284,403,364,417,64
536.9680,21318,284,403,364,417,64
536.9935,21319,284,403,360,417,66
537.0179,21320,283,403,360,416,64
537.0443,21321,283,403,360,416,64
537.0697,21322,281,403,359,416,64
537.0956,21323,281,403,359,416,64
537.1228,21324,281,403,357,416,65
537.1468,21325,280,402,356,416,64
537.1729,21326,280,402,356,416,64
537.1993,21327,279,402,354,416,64
537.2254,21328,279,402,357,416,62
537.2496,21329,278,402,350,416,61
537.2765,21330,278,402,357,416,62
537.3031,21331,278,402,357,416,62
537.3281,21332,278,403,349,415,61
537.3554,21333,277,402,355,416,59
537.3792,21334,277,402,351,415,61
537.4044,21335,276,402,350,415,60
537.4301,21336,276,402,350,415,60
537.4557,21337,276,402,350,415,60
537.4830,21338,276,402,348,414,57
537.5070,21339,275,402,351,415,58
537.5322,21340,275,402,351,415,58
537.5582,21341,274,402,347,414,57
537.5845,21342,274,402,348,414,58
537.6106,21343,273,402,351,414,54
537.6358,21344,273,402,351,414,54
537.6625,21345,273,401,356,415,53
537.6896,21346,273,401,358,415,56
537.7131,21347,272,401,356,415,53
537.7389,21348,272,401,359,415,56
537.7640,21349,272,401,359,415,56
537.7915,21350,272,402,348,414,55
537.8163,21351,271,401,358,415,57
537.8426,21352,271,401,358,415,57
537.8681,21353,271,401,358,415,57
537.8943,21354,270,401,351,414,54
537.9194,21355,270,401,353,414,55
537.9452,21356,270,401,353,414,55
537.9727,21357,271,402,351,414,56
537.9985,21358,271,402,336,416,62
538.0231,21359,269,400,330,418,60
538.0489,21360,268,398,325,420,72
538.0740,21361,265,398,327,420,75
538.1004,21362,265,398,327,420,75
538.1258,21363,264,396,327,422,75
538.1528,21364,261,396,326,422,76
538.1765,21365,259,396,326,424,77
538.2030,21366,259,396,326,424,77
538.2302,21367,258,396,324,424,77
538.2562,21368,257,396,322,426,77
538.2808,21369,257,396,322,426,77
538.3072,21370,256,396,322,426,77
538.3324,21371,254,396,322,426,77
538.3645,21372,253,396,321,428,77
538.3861,21373,252,397,321,428,77
538.4097,21374,251,397,320,429,77
538.4341,21375,251,397,320,429,77
538.4607,21376,251,396,323,430,77
538.4867,21377,250,398,324,430,77
538.5129,21378,249,397,329,431,77
538.5392,21379,249,397,329,431,77
538.5643,21380,249,397,329,431,77
538.5893,21381,248,396,331,432,78
538.6139,21382,248,396,331,432,78
538.6410,21383,247,396,330,432,77
538.6658,21384,247,395,328,432,77
538.6905,21385,246,395,326,433,76
538.7152,21386,245,394,328,434,76
538.7412,21387,245,394,328,434,76
538.7681,21388,245,394,332,434,76
538.7938,21389,244,394,329,434,76
538.8199,21390,244,392,332,434,76
538.8444,21391,243,392,331,435,77
538.8696,21392,243,392,331,435,77
538.8932,21393,244,391,331,435,77
538.9182,21394,243,390,330,436,78
538.9453,21395,243,390,330,436,78
538.9703,21396,242,390,331,436,78
538.9953,21397,242,389,330,437,78
539.0218,21398,242,388,330,436,78
539.0463,21399,242,388,330,436,78
539.0737,21400,241,389,329,437,78
539.1000,21401,241,388,329,437,78
539.1236,21402,240,388,328,438,78
539.1496,21403,240,388,327,438,78
539.1745,21404,240,388,327,438,78
539.1984,21405,239,388,327,438,78
539.2230,21406,240,388,326,438,78
539.2498,21407,240,388,326,438,78
539.2750,21408,239,388,326,438,78
539.2993,21409,239,386,326,438,78
539.3259,21410,239,386,326,438,78
539.3518,21411,238,386,324,438,79
539.3806,21412,238,386,324,438,79
539.4052,21413,238,387,324,439,78
539.4314,21414,238,387,323,439,78
539.4570,21415,238,387,323,439,78
539.4817,21416,239,388,322,440,76
539.5078,21417,239,388,322,440,76
539.5333,21418,242,398,306,446,63
539.5584,21419,242,402,289,450,74
539.5839,21420,242,402,289,450,74
539.6123,21421,238,400,293,454,79
539.6357,21422,236,399,293,457,78
539.6617,21423,234,399,296,461,78
539.6890,21424,234,398,296,464,80
539.7138,21425,234,398,296,464,80
539.7410,21426,232,397,296,467,80
539.7677,21427,231,397,295,469,79
539.7923,21428,230,396,294,470,78
539.8178,21429,230,395,291,472,78
539.8443,21430,230,395,291,472,78
539.8702,21431,229,395,288,473,78
539.8958,21432,228,398,283,476,77
539.9238,21433,228,398,283,476,77
539.9478,21434,227,400,281,478,78
539.9759,21435,227,400,282,480,77
540.0009,21436,226,400,279,480,77
540.0271,21437,226,400,277,482,76
540.0526,21438,226,400,277,482,76
540.0800,21439,224,401,276,483,76
540.1044,21440,223,402,274,484,77
540.1297,21441,219,435,256,476,65
540.1543,21442,218,446,256,474,71
540.1815,21443,218,446,256,474,71
540.2077,21444,221,443,256,479,73
540.2347,21445,224,437,257,482,69
540.2581,21446,224,437,257,482,69
540.2861,21447,225,431,258,482,60
540.3119,21448,225,427,259,483,60
540.3386,21449,226,425,264,483,57
540.3633,21450,227,422,256,482,50
540.3633,21450,237,460,269,484,40
540.3916,21451,227,422,256,482,50
540.3916,21451,237,460,269,484,40
540.4157,21452,227,418,238,480,41
540.4157,21452,236,460,270,484,34
540.4420,21453,228,416,240,480,44
540.4674,21454,228,412,240,478,46
540.4930,21455,228,409,239,473,46
540.5173,21456,228,409,239,473,46
540.5443,21457,229,407,243,479,41
540.5699,21458,229,406,242,476,41
540.5955,21459,229,406,242,476,41
540.6222,21460,229,404,241,466,46
540.6484,21461,225,404,247,462,69
540.6735,21462,222,402,252,458,72
540.7003,21463,220,402,255,454,73
540.7248,21464,220,402,255,454,73
540.7508,21465,220,400,258,451,73
540.7769,21466,219,399,260,453,73
540.8033,21467,219,398,262,452,73
540.8271,21468,219,396,264,452,73
540.8545,21469,219,396,264,452,73
540.8801,21470,220,394,266,450,73
540.9085,21471,219,392,268,448,74
540.9320,21472,220,391,270,448,74
540.9588,21473,220,391,270,448,74
540.9851,21474,221,390,271,446,74
541.0095,21475,221,388,272,448,75
541.0366,21476,221,388,272,448,75
541.0622,21477,221,388,272,448,75
541.0879,21478,221,385,274,449,77
541.1146,21479,221,383,274,449,78
541.1408,21480,220,382,275,448,79
541.1655,21481,220,382,276,450,79
541.1907,21482,220,382,276,450,79
541.2172,21483,220,381,277,449,79
541.2432,21484,219,379,278,447,79
541.2676,21485,219,380,278,446,79
541.2939,21486,219,380,278,446,79
541.3205,21487,220,379,279,445,80
541.3452,21488,220,378,280,442,79
541.3699,21489,218,378,281,442,79
541.3957,21490,218,378,281,442,79
541.4218,21491,220,378,282,442,79
541.4483,21492,220,378,282,442,79
541.4733,21493,216,376,283,440,79
541.5004,21494,218,376,284,439,78
541.5266,21495,218,376,284,439,78
541.5529,21496,218,375,284,437,78
541.5800,21497,219,374,285,438,78
541.6059,21498,217,374,286,436,78
541.6330,21499,217,374,286,436,78
541.6578,21500,219,374,286,436,77
541.6834,21501,220,374,287,434,77
541.7079,21502,220,373,287,434,77
541.7335,21503,220,373,287,434,77
541.7594,21504,221,374,287,432,78
541.7869,21505,221,373,288,432,77
541.8110,21506,222,372,288,430,78
541.8371,21507,222,372,288,430,78
541.8641,21508,222,372,288,430,78
541.8965,21509,220,373,288,429,78
541.9215,21510,221,371,288,429,77
541.9473,21511,221,371,289,426,76
541.9701,21512,221,371,289,426,76
542.0006,21513,221,370,289,424,76
542.0255,21514,221,371,290,425,77
542.0513,21515,221,371,290,423,77
542.0784,21516,226,373,292,421,74
542.1079,21517,226,373,292,421,74
542.1312,21518,235,376,294,420,71
542.1580,21519,234,377,296,421,69
542.1804,21520,234,376,299,422,68
542.2072,21521,238,376,301,420,66
542.2316,21522,238,376,301,420,66
542.2593,21523,238,376,301,420,66
542.2867,21524,238,376,304,418,68
542.3107,21525,238,376,304,418,68
542.3397,21526,238,375,307,417,67
542.3632,21527,238,375,308,417,70
542.3903,21528,238,374,309,416,71
542.4155,21529,238,374,310,414,72
542.4427,21530,238,374,310,414,72
542.4672,21531,237,374,311,414,73
542.4926,21532,238,374,313,412,74
542.5178,21533,240,373,314,405,74
542.5437,21534,238,372,315,408,75
542.5722,21535,238,372,315,408,75
542.5965,21536,238,372,316,407,75
542.6220,21537,237,372,317,406,75
542.6466,21538,237,372,317,406,75
542.6722,21539,237,372,317,406,75
542.6988,21540,236,373,319,405,75
542.7229,21541,236,372,320,404,76
542.7467,21542,236,372,320,404,76
542.7749,21543,236,372,320,402,76
542.8013,21544,235,372,321,400,77
542.8267,21545,236,372,322,400,76
542.8518,21546,236,372,321,398,77
542.8777,21547,236,372,321,398,77
542.9029,21548,237,371,322,397,75
542.9247,21549,239,371,322,395,75
542.9528,21550,236,372,323,396,76
542.9801,21551,243,371,323,393,74
543.0053,21552,243,371,323,393,74
543.0473,21553,245,371,324,393,75
543.0705,21554,245,371,324,393,75
543.0952,21555,245,371,325,392,74
543.1176,21556,246,371,326,391,74
543.1399,21557,246,371,326,391,74
543.1670,21558,246,371,326,391,73
543.1939,21559,247,371,326,391,74
543.2208,21560,248,370,327,390,73
543.2496,21561,248,370,327,390,73
543.2722,21562,246,371,327,389,72
543.2953,21563,247,370,327,390,72
543.3237,21564,248,372,327,390,71
543.3631,21565,248,372,327,390,71
543.3854,21566,253,371,327,389,71
543.4132,21567,247,372,328,390,71
543.4435,21568,256,373,328,392,70
543.4679,21569,262,374,328,392,66
543.4974,21570,262,374,328,392,66
543.5331,21571,263,373,330,390,67
543.5603,21572,263,372,332,390,69
543.6129,21573,257,372,333,390,70
543.6427,21574,258,372,334,388,68
543.6773,21575,256,372,335,388,67
543.7005,21576,258,372,336,388,66
543.7205,21577,258,372,336,388,66
543.7428,21578,256,372,336,388,66
543.7663,21579,257,371,337,387,65
543.7853,21580,257,370,339,386,66
543.8051,21581,257,370,339,386,66
543.8280,21582,262,371,339,387,64
543.8471,21583,262,371,339,387,66
543.8718,21584,260,370,340,386,66
543.8879,21585,260,371,340,387,67
543.9197,21586,260,371,340,387,67
543.9452,21587,261,371,341,387,65
543.9679,21588,260,371,342,386,66
543.9959,21589,260,370,342,386,64
544.0160,21590,260,370,342,386,64
544.0412,21591,262,371,343,387,65
544.0636,21592,262,369,343,385,62
544.0955,21593,262,369,343,385,62
544.1182,21594,262,371,344,387,64
544.1432,21595,264,371,344,387,64
544.1690,21596,267,368,345,383,64
544.1901,21597,267,368,345,383,64
544.2172,21598,266,370,345,386,64
544.2414,21599,267,371,345,386,61
544.2534,21600,272,370,347,385,63
544.2872,21601,266,368,346,383,64
544.3172,21602,266,368,346,383,64
544.3413,21603,268,369,348,385,63
544.3634,21604,269,369,348,385,63
544.3833,21605,269,369,348,385,63
544.4111,21606,269,368,350,382,63
544.4339,21607,269,368,350,383,63
544.4590,21608,269,370,350,384,63
544.4874,21609,269,370,350,384,63
544.5065,21610,270,369,350,384,64
544.5380,21611,271,368,350,382,60
544.5537,21612,271,369,350,383,62
544.5855,21613,271,369,350,383,62
544.6085,21614,275,370,351,384,59
544.6391,21615,286,368,350,382,59
544.6520,21616,277,368,351,382,56
544.6805,21617,282,370,352,384,57
544.7118,21618,282,370,352,384,57
544.7406,21619,281,371,352,384,56
544.7641,21620,281,371,352,384,56
544.7902,21621,287,370,352,382,56
544.8168,21622,286,370,353,382,58
544.8542,21623,278,371,353,384,56
544.8770,21624,278,371,353,384,56
544.8982,21625,272,370,354,384,59
544.9219,21626,279,370,353,382,56
544.9462,21627,277,370,354,384,59
544.9732,21628,277,372,354,384,55
544.9964,21629,279,370,355,382,56
545.0217,21630,279,370,355,382,56
545.0473,21631,280,370,355,382,56
545.0708,21632,280,370,355,382,56
545.0964,21633,282,371,355,384,56
545.1245,21634,283,371,355,383,57
545.1473,21635,280,370,356,382,54
545.1729,21636,280,370,356,382,54
545.1979,21637,280,371,356,383,55
545.2246,21638,279,370,357,384,54
545.2463,21639,282,370,357,382,57
545.2700,21640,283,370,357,382,55
545.2953,21641,279,370,357,384,56
545.3216,21642,279,370,357,384,56
545.3455,21643,282,371,358,383,57
545.3700,21644,283,369,357,382,51
545.3950,21645,283,369,357,382,51
545.4200,21646,282,370,358,384,57
545.4429,21647,284,371,357,384,56
545.4688,21648,284,371,357,384,56
545.4952,21649,285,370,357,382,59
545.5198,21650,289,370,357,382,60
545.5444,21651,285,371,358,385,59
545.5685,21652,285,371,358,385,59
545.5941,21653,286,370,359,384,61
545.6190,21654,287,370,359,384,62
545.6429,21655,286,370,360,385,62
545.6568,21656,286,372,360,386,60
545.6932,21657,286,372,360,386,60
545.7190,21658,286,371,362,385,62
545.7600,21659,286,371,362,385,62
545.8053,21660,284,370,362,385,62
545.8256,21661,284,370,362,385,62
545.8428,21662,283,370,362,386,61
545.8590,21663,287,371,363,387,63
545.8766,21664,285,370,364,386,62
545.9034,21665,285,370,364,386,62
545.9257,21666,285,371,364,388,65
545.9502,21667,286,370,365,387,65
545.9797,21668,284,370,366,386,60
545.9995,21669,286,370,365,388,65
546.0256,21670,285,370,366,388,66
546.0535,21671,285,370,366,388,66
546.0763,21672,288,370,366,386,62
546.1067,21673,289,369,366,387,64
546.1233,21674,289,369,366,387,64
546.1561,21675,288,370,366,388,67
546.1857,21676,289,370,366,388,67
546.2017,21677,288,369,366,387,65
546.2300,21678,288,369,366,387,65
546.2587,21679,288,369,366,387,65
546.2734,21680,288,371,365,389,69
546.3054,21681,288,371,365,389,69
546.3317,21682,290,369,365,389,69
546.3585,21683,291,368,366,390,70
546.3901,21684,292,369,367,391,71
546.4090,21685,292,369,367,391,71
546.4307,21686,292,368,368,390,71
546.4568,21687,292,368,368,390,71
546.4811,21688,292,370,369,390,71
546.5068,21689,292,370,369,390,71
546.5296,21690,292,370,370,391,72
546.5537,21691,293,370,371,390,72
546.5757,21692,292,369,371,391,72
546.6051,21693,292,369,371,391,72
546.6286,21694,293,369,372,391,73
546.6554,21695,293,369,372,391,73
546.6797,21696,294,369,372,391,73
546.7151,21697,294,369,372,391,73
546.7386,21698,294,369,372,391,72
546.7579,21699,294,369,373,391,73
546.7785,21700,294,369,373,391,73
546.8043,21701,294,369,373,391,73
546.8296,21702,295,367,374,391,72
546.8530,21703,294,368,374,392,73
546.8776,21704,295,368,374,392,73
546.9037,21705,295,368,374,392,73
546.9276,21706,296,367,374,391,72
546.9518,21707,296,367,374,391,72
546.9759,21708,297,368,374,392,72
547.0015,21709,297,368,374,392,72
547.0255,21710,297,368,375,392,72
547.0489,21711,297,368,375,392,72
547.0734,21712,297,368,375,392,72
547.0983,21713,296,366,374,392,72
547.1223,21714,296,366,374,392,72
547.1538,21715,298,367,374,392,72
547.1729,21716,297,366,374,391,72
547.2008,21717,296,366,374,392,72
547.2266,21718,299,367,374,392,72
547.2506,21719,299,367,374,392,72
547.2797,21720,299,366,374,392,71
547.3058,21721,298,366,374,392,71
547.3214,21722,300,366,374,392,72
547.3601,21723,298,366,374,392,72
547.3815,21724,298,366,374,392,72
547.4065,21725,300,366,374,392,72
547.4246,21726,301,366,374,392,71
547.4538,21727,301,366,374,392,71
547.4753,21728,301,366,374,392,71
547.4913,21729,301,366,374,392,72
547.5275,21730,301,366,374,392,72
547.5532,21731,301,366,374,392,71
547.5713,21732,303,365,375,392,72
547.5966,21733,302,366,375,392,72
547.6265,21734,304,365,375,393,73
547.6501,21735,304,365,375,393,73
547.6801,21736,304,365,375,392,72
547.7021,21737,304,366,375,392,73
547.7258,21738,302,364,375,392,72
547.7479,21739,305,364,375,392,73
547.7915,21740,305,364,375,392,73
547.8145,21741,304,364,375,393,73
547.8375,21742,306,366,375,394,73
547.8598,21743,307,365,376,394,73
547.8831,21744,304,365,375,393,74
547.9085,21745,304,365,375,393,74
547.9363,21746,302,365,376,393,74
547.9611,21747,302,365,376,393,74
547.9878,21748,301,365,376,395,73
548.0179,21749,306,364,377,394,72
548.0414,21750,306,364,377,394,73
548.0764,21751,307,365,377,395,74
548.1023,21752,306,364,378,394,74
548.1254,21753,306,364,378,394,74
548.1444,21754,307,364,378,394,74
548.1661,21755,308,365,378,395,74
548.1936,21756,308,365,378,395,74
548.2148,21757,306,364,379,394,73
548.2430,21758,306,365,378,395,74
548.2625,21759,307,364,378,394,74
548.2900,21760,307,364,378,394,73
548.3143,21761,307,364,378,394,73
548.3412,21762,308,363,377,394,74
548.3661,21763,306,364,376,394,74
548.3969,21764,306,364,375,395,74
548.4238,21765,306,364,375,395,74
548.4466,21766,309,364,375,396,74
548.4684,21767,308,364,376,396,74
548.4947,21768,308,364,376,396,74
548.5180,21769,311,365,377,397,75
548.5472,21770,310,364,377,396,74
548.5698,21771,310,364,377,396,74
548.5923,21772,310,364,378,398,75
548.6174,21773,309,366,378,398,76
548.6433,21774,310,364,378,398,76
548.6715,21775,310,365,378,399,76
548.7030,21776,310,365,378,399,76
548.7265,21777,309,365,378,399,77
548.7557,21778,310,365,378,399,76
548.7805,21779,310,364,378,398,76
548.8080,21780,310,365,378,399,77
548.8289,21781,310,365,378,399,77
548.8553,21782,310,365,379,399,77
548.8779,21783,310,365,379,399,77
548.8983,21784,310,365,379,399,77
548.9235,21785,311,364,379,400,77
548.9463,21786,310,364,380,400,77
548.9691,21787,311,364,380,400,77
548.9959,21788,311,364,380,400,76
549.0218,21789,311,364,380,400,77
549.0537,21790,311,364,380,400,77
549.0747,21791,311,364,380,400,77
549.0988,21792,311,364,381,400,77
549.1211,21793,312,364,381,401,77
549.1493,21794,312,364,381,401,77
549.1795,21795,312,364,381,401,77
549.2082,21796,311,364,380,400,77
549.2321,21797,311,364,380,402,78
549.2542,21798,310,364,379,402,78
549.2771,21799,310,363,378,401,77
549.2997,21800,310,363,378,401,77
549.3222,21801,310,364,379,403,77
549.3514,21802,311,366,379,404,77
549.3760,21803,312,364,379,404,77
549.3981,21804,312,364,379,404,76
549.4225,21805,312,364,379,404,76
549.4457,21806,312,364,379,406,76
549.4744,21807,313,365,380,405,76
549.4961,21808,313,365,380,405,76
549.5217,21809,311,364,379,405,76
549.5464,21810,313,364,380,406,75
549.5642,21811,315,365,380,407,75
549.5954,21812,315,364,380,406,75
549.6226,21813,315,364,380,406,75
549.6459,21814,315,364,380,406,74
549.6688,21815,315,364,380,406,74
549.6943,21816,315,364,381,407,74
549.7222,21817,315,365,380,407,75
549.7454,21818,314,363,380,407,75
549.7689,21819,315,364,381,408,75
549.7954,21820,316,364,381,408,75
549.8168,21821,316,364,381,408,75
549.8401,21822,316,364,381,408,75
549.8658,21823,316,364,381,408,75
549.8938,21824,317,363,381,407,75
549.9228,21825,316,364,381,408,76
549.9436,21826,316,364,382,408,76
549.9640,21827,317,363,382,408,77
549.9918,21828,317,363,382,408,77
550.0149,21829,316,363,382,408,76
550.0404,21830,318,364,382,408,76
550.0658,21831,317,362,382,408,75
550.0982,21832,319,360,382,406,75
550.1149,21833,319,360,382,406,75
550.1416,21834,320,360,382,407,75
550.1577,21835,318,363,382,407,74
550.1946,21836,318,363,382,407,74
550.2117,21837,319,360,382,406,75
550.2461,21838,319,360,382,406,75
550.2577,21839,318,360,382,406,73
550.2912,21840,318,361,384,407,74
550.3078,21841,317,358,383,406,75
550.3461,21842,317,357,384,405,74
550.3725,21843,318,358,384,406,75
550.3911,21844,318,359,384,405,72
550.4139,21845,318,359,384,405,72
550.4412,21846,320,360,384,404,73
550.4734,21847,318,360,384,404,73
550.4912,21848,320,359,384,404,73
550.5147,21849,320,359,384,404,73
550.5462,21850,320,358,384,402,71
550.5597,21851,320,358,384,402,71
550.5913,21852,321,359,384,403,71
550.6376,21853,322,360,386,404,71
550.6586,21854,322,360,386,404,71
550.6831,21855,322,360,386,404,71
550.7022,21856,322,360,385,402,73
550.7265,21857,323,361,385,403,73
550.7413,21858,323,361,385,403,70
550.7578,21859,323,361,385,403,70
550.7955,21860,322,360,386,402,73
550.8266,21861,322,360,386,402,73
550.8462,21862,322,361,385,403,69
550.8577,21863,322,361,385,403,69
550.8912,21864,322,362,387,404,68
550.9238,21865,322,363,389,405,69
550.9430,21866,330,370,393,404,70
550.9576,21867,330,370,393,404,70
550.9911,21868,324,368,391,402,68
551.0076,21869,323,366,394,402,64
551.0411,21870,323,366,394,402,64
551.0627,21871,323,366,394,402,64
551.0916,21872,330,372,394,401,48
551.1078,21873,334,374,395,400,44
551.1467,21874,332,374,397,400,41
551.1707,21875,332,374,397,400,41
551.1955,21876,328,367,387,399,33
551.2843,21880,330,369,382,399,36
551.3682,21883,332,372,399,400,30
551.3800,21884,332,372,399,400,30
551.4120,21885,332,372,400,400,35
551.4468,21886,332,372,400,400,35
551.4596,21887,332,372,400,400,35
551.4927,21888,332,371,401,399,31
551.5477,21890,333,372,404,400,39
551.5714,21891,333,372,404,400,39
551.5966,21892,333,373,399,399,42
551.6180,21893,333,373,399,399,42
551.6469,21894,333,373,404,399,33
551.6705,21895,333,373,404,399,33
551.6959,21896,334,373,403,399,33
551.7203,21897,334,374,406,400,36
551.7203,21897,348,390,412,402,31
551.7448,21898,348,389,413,402,47
551.7624,21899,348,389,413,402,47
551.7962,21900,342,387,413,402,48
551.8067,21901,332,378,409,400,45
551.8474,21902,332,378,409,400,45
551.8702,21903,332,378,409,400,45
551.8907,21904,352,392,416,402,38
551.8907,21904,329,375,366,397,35
551.9189,21905,333,378,409,400,39
551.9480,21906,333,378,409,400,39
551.9672,21907,332,377,398,399,38
551.9672,21907,350,390,418,402,30
551.9981,21908,334,378,400,400,33
551.9981,21908,350,391,418,401,30
552.0143,21909,334,377,394,399,34
552.0517,21910,335,377,409,399,39
552.0517,21910,348,390,419,402,31
552.0641,21911,335,377,409,399,39
552.0641,21911,348,390,419,402,31
552.0939,21912,334,378,402,400,34
552.0939,21912,349,390,419,402,34
552.1256,21913,335,379,402,399,38
552.1256,21913,349,391,420,401,30
552.1481,21914,336,379,408,399,39
552.1766,21915,336,379,403,399,42
552.2029,21916,336,379,403,399,42
552.2278,21917,337,378,396,399,39
552.2481,21918,337,378,396,399,39
552.2767,21919,337,378,396,399,39
552.3031,21920,338,382,411,400,34
552.3294,21921,338,380,407,398,39
552.3532,21922,338,380,407,398,39
552.3792,21923,339,381,405,399,31
552.4051,21924,347,390,422,402,37
552.4279,21925,339,381,405,399,32
552.4522,21926,339,381,411,399,34
552.4790,21927,350,390,423,402,30
552.5022,21928,350,390,423,402,30
552.5295,21929,348,390,422,402,35
552.5527,21930,339,381,401,398,30
552.5756,21931,339,381,401,398,30
552.6004,21932,339,380,402,398,35
552.6280,21933,348,390,424,402,34
552.6537,21934,350,391,424,401,30
552.6758,21935,350,391,424,401,30
552.7027,21936,340,381,406,399,35
552.7279,21937,339,381,415,399,38
552.7582,21938,339,381,415,399,38
552.7785,21939,339,381,415,399,32
552.8038,21940,339,381,415,399,32
552.8315,21941,339,381,413,399,34
552.8553,21942,339,381,414,399,35
552.8777,21943,348,389,425,401,32
552.9069,21944,348,389,425,401,32
552.9285,21945,348,389,425,401,32
553.0023,21948,348,390,426,402,38
553.0289,21949,350,390,426,402,39
553.0518,21950,348,389,427,401,35
553.0766,21951,348,389,427,401,35
553.1018,21952,346,386,426,402,45
553.1282,21953,346,386,426,402,56
553.1521,21954,346,386,426,402,56
553.1798,21955,349,386,426,402,59
553.2031,21956,353,384,426,402,54
553.2377,21957,354,385,427,403,61
553.2582,21958,355,384,427,402,62
553.2820,21959,355,384,427,402,62
553.3052,21960,354,382,427,402,61
553.3312,21961,354,382,427,402,61
553.3548,21962,353,381,428,402,62
553.3816,21963,352,382,429,403,68
553.4075,21964,354,382,429,404,69
553.4295,21965,354,382,429,404,69
553.4559,21966,356,382,429,404,68
553.4822,21967,355,381,430,403,68
553.5041,21968,356,381,431,404,69
553.5290,21969,357,381,431,404,70
553.5527,21970,357,381,431,404,70
553.5787,21971,357,380,431,404,69
553.6034,21972,358,380,431,404,69
553.6251,21973,362,380,432,404,70
553.6519,21974,362,380,432,404,70
553.6787,21975,362,379,432,404,70
553.7010,21976,360,380,432,404,70
553.7279,21977,360,380,432,404,70
553.7509,21978,361,380,433,404,70
553.7784,21979,360,379,433,404,71
553.8005,21980,365,379,434,405,71
553.8249,21981,369,379,435,405,71
553.8484,21982,369,379,435,405,71
553.8762,21983,364,378,436,402,72
553.9038,21984,363,376,437,402,73
553.9274,21985,360,375,438,402,75
553.9553,21986,360,375,438,402,75
553.9769,21987,372,374,439,403,76
554.0029,21988,370,372,441,404,77
554.0304,21989,370,372,441,404,77
554.0515,21990,364,370,442,404,78
554.0767,21991,372,370,443,404,79
554.1022,21992,366,370,444,404,78
554.1244,21993,366,370,444,404,78
554.1527,21994,369,369,445,405,78
554.1768,21995,376,368,446,404,79
554.2062,21996,375,367,446,405,78
554.2282,21997,375,367,447,405,79
554.2538,21998,375,367,447,405,79
554.2783,21999,375,366,448,405,79
554.3048,22000,375,366,448,405,79
554.3306,22001,376,366,448,405,79
554.3563,22002,376,365,449,405,78
554.3817,22003,376,364,450,406,78
554.4046,22004,376,364,450,406,78
554.4266,22005,378,364,450,406,79
554.4526,22006,378,364,450,405,79
554.4776,22007,376,363,451,405,80
554.5028,22008,378,362,452,404,80
554.5268,22009,378,363,452,405,80
554.5527,22010,378,363,452,405,80
554.5771,22011,378,362,452,404,80
554.6027,22012,381,362,453,405,80
554.6256,22013,381,362,453,405,80
554.6524,22014,381,361,453,405,80
554.6784,22015,382,360,453,406,80
554.7011,22016,385,357,448,406,80
554.7256,22017,385,357,448,406,80
554.7507,22018,390,354,446,403,79
554.7758,22019,398,352,448,404,78
554.8026,22020,398,350,450,404,79
554.8242,22021,398,350,450,404,79
554.8490,22022,402,346,452,405,79
554.8735,22023,402,344,451,406,79
554.8982,22024,405,340,452,405,76
554.9248,22025,405,340,452,405,76
554.9521,22026,408,338,452,404,74
554.9749,22027,408,338,452,404,74
555.0004,22028,419,334,452,400,73
555.0408,22029,420,332,453,400,73
555.0648,22030,420,332,453,400,73
555.0923,22031,425,328,454,398,69
555.1159,22032,430,325,454,393,70
555.1386,22033,430,325,454,393,70
555.1612,22034,426,324,455,398,69
555.1867,22035,431,323,455,391,70
555.2119,22036,432,321,455,391,70
555.2371,22037,432,321,455,391,70
555.2633,22038,435,320,456,384,68
555.2863,22039,435,318,456,386,68
555.3138,22040,435,317,456,385,66
555.3423,22041,435,317,456,385,66
555.3635,22042,437,316,456,382,63
555.3895,22043,437,314,457,382,63
555.4142,22044,436,314,457,383,61
555.4383,22045,436,314,457,383,61
555.4642,22046,436,314,457,383,61
555.4879,22047,438,311,457,379,52
555.5150,22048,438,311,457,379,50
555.5381,22049,438,311,457,379,50
555.5624,22050,438,310,457,380,50
555.5864,22051,440,308,458,380,51
555.6116,22052,440,308,458,382,53
555.6368,22053,440,308,458,374,53
555.6639,22054,440,308,458,374,53
555.6899,22055,441,307,458,373,54
555.7177,22056,441,305,458,373,56
555.7386,22057,441,305,458,373,56
555.7608,22058,442,305,458,373,57
555.7877,22059,442,304,459,372,59
555.8095,22060,442,304,459,372,58
555.8353,22061,442,304,459,372,58
555.8606,22062,442,304,459,372,58
555.8856,22063,443,302,459,368,62
555.9119,22064,443,302,459,366,61
555.9370,22065,443,302,459,366,61
555.9605,22066,443,300,460,366,62
555.9872,22067,443,300,460,367,61
556.0149,22068,443,300,460,367,61
556.0424,22069,444,299,460,365,62
556.0643,22070,444,298,460,368,62
556.0926,22071,444,298,460,364,62
556.1158,22072,444,298,460,366,61
556.1444,22073,442,299,460,361,60
556.1698,22074,442,299,460,361,60
556.1947,22075,441,298,461,352,70
556.2199,22076,437,296,464,346,74
556.2482,22077,437,296,464,346,74
556.2761,22078,432,291,466,341,77
556.2992,22079,432,291,466,341,77
556.3262,22080,430,289,467,339,78
556.3502,22081,430,289,467,339,78
556.3753,22082,428,287,467,339,79
556.4040,22083,426,286,466,342,78
556.4324,22084,424,284,466,339,78
556.4557,22085,422,282,466,336,78
556.4805,22086,422,282,466,336,78
556.5088,22087,422,280,466,336,76
556.5357,22088,420,279,466,332,76
556.5613,22089,420,279,466,332,76
556.5839,22090,419,277,468,335,65
556.6090,22091,418,275,466,332,65
556.6391,22092,417,274,466,332,54
556.6651,22093,416,273,466,331,58
556.6886,22094,415,272,464,326,68
556.7136,22095,415,272,464,326,68
556.7416,22096,414,270,462,324,63
556.7693,22097,414,269,463,325,58
556.8004,22098,415,268,461,322,48
556.8224,22099,421,264,454,312,67
556.8458,22100,421,264,454,312,67
556.8709,22101,422,262,450,311,52
556.8958,22102,423,259,444,311,59
556.9196,22103,423,259,444,311,59
556.9475,22104,424,256,440,310,65
556.9746,22105,423,254,440,309,66
556.9959,22106,423,251,441,307,66
557.0214,22107,423,251,441,307,66
557.0454,22108,423,248,443,306,67
557.0737,22109,423,246,445,306,64
557.0982,22110,423,245,446,305,65
557.1201,22111,423,245,446,305,65
557.1477,22112,423,242,444,302,69
557.1707,22113,423,240,444,298,71
557.1943,22114,423,239,445,297,72
557.2068,22115,423,239,445,297,72
557.2384,22116,424,238,446,296,72
557.2677,22117,424,236,446,296,73
557.2901,22118,424,234,446,293,73
557.3220,22119,424,234,446,293,73
557.3453,22120,424,232,446,292,74
557.3721,22121,424,231,447,292,73
557.3941,22122,424,230,447,290,73
557.4197,22123,424,230,447,290,73
557.4455,22124,425,228,447,290,73
557.4697,22125,426,228,447,290,73
557.4961,22126,426,228,448,286,74
557.5197,22127,426,228,448,286,74
557.5432,22128,428,226,450,284,74
557.5698,22129,426,225,452,282,75
557.5941,22130,426,223,452,279,76
557.6076,22131,426,223,452,279,76
557.6424,22132,426,220,452,280,76
557.6642,22133,428,217,453,275,76
557.6951,22134,428,217,453,275,76
557.7080,22135,430,216,453,273,75
557.7412,22136,431,214,454,273,74
557.7579,22137,432,212,454,270,76
557.7969,22138,432,211,455,270,72
557.8223,22139,432,211,455,270,72
557.8479,22140,433,210,455,273,70
557.8731,22141,434,208,456,269,69
557.8961,22142,434,208,456,269,69
557.9183,22143,434,206,456,267,70
557.9473,22144,435,205,456,265,69
557.9704,22145,435,205,456,265,69
557.9982,22146,435,204,457,264,69
558.0220,22147,436,203,455,262,68
558.0462,22148,435,202,454,260,62
558.0583,22149,436,201,454,254,39
558.1417,22152,439,194,454,247,31
558.1686,22153,438,194,456,248,42
558.1915,22154,438,194,456,248,42
558.2124,22155,438,194,460,249,58
558.2411,22156,438,193,459,248,55
558.2590,22157,438,193,459,248,55
558.2954,22158,436,191,458,245,54
558.3079,22159,437,191,461,246,57
558.3472,22160,436,191,459,244,55
558.3602,22161,436,191,459,244,55
558.3920,22162,434,190,459,242,48
558.4078,22163,434,190,459,242,48
558.4411,22164,435,191,460,243,58
558.4671,22165,436,190,461,245,59
558.4911,22166,438,191,462,244,50
558.5078,22167,438,191,462,244,50
558.5411,22168,438,192,462,242,54
558.5579,22169,438,192,462,242,54
558.5916,22170,438,190,460,235,60
558.6079,22171,436,189,462,232,61
558.6422,22172,436,189,462,232,61
558.6638,22173,436,189,462,232,61
558.6911,22174,432,188,469,229,65
558.7077,22175,433,189,472,224,59
558.7460,22176,434,189,475,220,51
558.7578,22177,434,189,475,220,51
558.7972,22178,441,186,480,215,47
558.8194,22179,441,186,480,215,47
558.8411,22180,441,187,482,218,52
558.8725,22181,441,187,485,221,55
558.8911,22182,442,188,485,221,50
558.9078,22183,442,188,485,221,50
558.9413,22184,447,187,486,219,41
558.9581,22185,447,187,486,219,41
559.0916,22190,461,189,487,227,63
559.1186,22191,458,188,486,219,40
559.3535,22200,447,197,485,210,46
559.3776,22201,447,197,485,210,46
559.4049,22202,447,198,485,212,55
559.4294,22203,445,201,485,214,64
559.4479,22204,445,201,485,214,64
559.4827,22205,443,202,486,216,63
559.5011,22206,442,203,486,217,67
559.5277,22207,442,203,486,217,67
559.5580,22208,442,203,483,218,64
559.5876,22209,441,202,481,220,65
559.6084,22210,441,202,481,220,65
559.6275,22211,440,203,484,220,68
559.6583,22212,440,204,484,221,66
559.6875,22213,438,205,484,220,64
559.7101,22214,436,205,484,221,61
559.7272,22215,436,205,484,221,61
559.7586,22216,435,207,484,222,62
559.7861,22217,434,208,485,222,65
559.8129,22218,432,208,484,223,65
559.8355,22219,432,208,484,223,65
559.8575,22220,432,208,484,223,65
559.8872,22221,430,206,484,223,62
559.9084,22222,428,210,485,224,60
559.9274,22223,428,210,485,224,60
559.9577,22224,428,210,485,224,60
559.9776,22225,427,211,480,226,62
560.0088,22226,426,210,480,229,71
560.0325,22227,425,210,479,230,72
560.0580,22228,424,210,479,231,72
560.0873,22229,423,209,478,232,73
560.1088,22230,423,209,478,232,73
560.1274,22231,422,210,476,234,73
560.1603,22232,421,210,477,234,73
560.1872,22233,420,210,475,234,72
560.2083,22234,418,213,472,234,72
560.2401,22235,418,213,472,234,72
560.2674,22236,418,213,472,234,72
560.2914,22237,418,213,472,234,72
560.3174,22238,416,214,471,236,71
560.3430,22239,419,216,466,242,68
560.3674,22240,422,213,460,248,72
560.3922,22241,423,212,457,252,74
560.4174,22242,424,211,452,255,76
560.4461,22243,424,210,450,256,78
560.4775,22244,424,210,450,256,78
560.4972,22245,424,208,452,259,79
560.5244,22246,423,209,451,261,77
560.5471,22247,423,210,451,262,77
560.5745,22248,423,210,451,262,77
560.5975,22249,423,211,452,264,77
560.6282,22250,422,212,452,266,76
560.6511,22251,422,212,452,266,76
560.6775,22252,422,212,452,266,76
560.6972,22253,420,213,451,269,76
560.7328,22254,420,213,451,271,76
560.7534,22255,420,213,451,271,76
560.7775,22256,419,215,450,273,75
560.8036,22257,419,215,450,273,75
560.8282,22258,418,216,450,274,75
560.8599,22259,418,216,452,274,75
560.8774,22260,417,217,452,276,76
560.9134,22261,417,218,452,276,75
560.9394,22262,417,218,452,276,75
560.9633,22263,417,220,451,278,71
560.9877,22264,422,224,451,278,70
561.0127,22265,422,224,451,278,70
561.0497,22266,425,228,451,280,60
561.0741,22267,424,228,442,282,55
561.0956,22268,426,231,442,285,62
561.1257,22269,426,232,444,288,69
561.1458,22270,426,232,444,288,69
561.1726,22271,425,234,445,290,71
561.1986,22272,426,234,446,292,71
561.2257,22273,426,237,446,295,72
561.2536,22274,427,240,446,298,72
561.2763,22275,427,243,447,300,72
561.3038,22276,427,243,447,300,72
561.3283,22277,428,244,447,302,72
561.3554,22278,429,247,450,303,75
561.3816,22279,429,247,450,303,75
561.4058,22280,428,250,454,304,77
561.4334,22281,425,256,454,308,77
561.4573,22282,427,258,453,314,78
561.4846,22283,429,260,454,318,78
561.5082,22284,429,260,454,318,78
561.5350,22285,431,260,455,322,77
561.5627,22286,433,265,455,327,73
561.5877,22287,434,267,456,331,68
561.6122,22288,434,269,456,335,65
561.6385,22289,434,269,456,335,65
561.6630,22290,436,274,457,338,59
561.6884,22291,436,276,458,340,52
561.7143,22292,436,276,458,340,52
561.7407,22293,441,281,458,343,57
561.7673,22294,442,283,459,345,61
561.7933,22295,442,284,460,348,64
561.8205,22296,443,286,460,350,66
561.8462,22297,443,286,460,350,66
561.8735,22298,443,286,461,352,67
561.8985,22299,444,288,461,354,67
561.9263,22300,444,286,461,355,66
561.9525,22301,444,287,461,357,65
561.9782,22302,444,287,461,357,65
562.0033,22303,445,292,461,359,65
562.0286,22304,445,293,462,361,66
562.0541,22305,445,293,462,361,66
562.0824,22306,445,292,462,362,66
562.1072,22307,446,293,462,364,67
562.1345,22308,446,294,462,366,67
562.1593,22309,446,298,462,368,68
562.1856,22310,447,294,462,368,67
562.2126,22311,447,294,462,368,67
562.2401,22312,447,298,462,370,66
562.2651,22313,447,296,462,372,65
562.2916,22314,446,312,461,372,63
562.3172,22315,443,320,462,374,72
562.3436,22316,443,320,462,374,72
562.3702,22317,442,323,463,378,77
562.3935,22318,442,320,464,382,77
562.4213,22319,442,320,464,382,77
562.4482,22320,441,322,464,386,76
562.4725,22321,440,323,462,391,74
562.4983,22322,438,328,462,394,73
562.5229,22323,438,325,461,396,70
562.5494,22324,438,325,461,396,70
562.5754,22325,436,334,461,400,72
562.6019,22326,435,333,462,403,74
562.6263,22327,434,337,462,405,74
562.6531,22328,433,339,463,406,73
562.6794,22329,433,339,463,406,73
562.7064,22330,432,341,463,409,74
562.7305,22331,431,342,463,411,75
562.7560,22332,431,342,463,411,75
562.7820,22333,430,345,463,412,75
562.8093,22334,429,342,464,414,75
562.8340,22335,428,342,464,416,77
562.8598,22336,428,341,464,417,77
562.8853,22337,428,341,464,417,77
562.9114,22338,427,342,465,418,77
562.9384,22339,426,344,465,420,76
562.9639,22340,426,346,466,422,77
562.9893,22341,426,344,465,422,77
563.0160,22342,426,344,465,422,77
563.0417,22343,424,346,466,423,78
563.0678,22344,424,348,465,426,77
563.0933,22345,424,348,465,426,77
563.1202,22346,423,348,466,426,77
563.1457,22347,422,348,466,426,76
563.1714,22348,421,350,465,428,77
563.1953,22349,417,356,464,426,75
563.2219,22350,417,356,464,426,75
563.2486,22351,412,362,459,422,75
563.2735,22352,407,371,456,421,80
563.2990,22353,403,376,459,424,76
563.3243,22354,400,385,459,427,74
563.3513,22355,400,385,459,427,74
563.3772,22356,396,374,462,426,76
563.4028,22357,392,374,464,428,78
563.4298,22358,392,374,464,428,78
563.4553,22359,392,374,464,428,78
563.4811,22360,387,380,465,430,77
563.5063,22361,384,380,465,430,77
563.5309,22362,382,384,464,430,76
563.5579,22363,382,384,464,430,76
563.5841,22364,379,390,461,431,76
563.6096,22365,377,395,461,431,76
563.6352,22366,375,396,462,431,76
563.6603,22367,372,397,459,433,76
563.6876,22368,372,397,459,433,76
563.7120,22369,371,400,459,434,77
563.7384,22370,369,400,458,432,77
563.7632,22371,369,400,458,432,77
563.7901,22372,366,402,456,434,76
563.8156,22373,366,402,456,434,76
563.8411,22374,366,402,456,434,76
563.8670,22375,363,404,455,434,76
563.8939,22376,363,404,455,434,76
563.9196,22377,362,405,454,435,74
563.9449,22378,360,406,454,435,73
563.9722,22379,359,406,453,434,73
563.9972,22380,358,409,452,435,72
564.0239,22381,358,409,452,435,72
564.0501,22382,355,414,448,437,71
564.0745,22383,354,414,448,436,69
564.0999,22384,354,414,448,436,69
564.1255,22385,352,414,446,436,69
564.1523,22386,352,416,444,437,72
564.1772,22387,351,418,444,437,70
564.2031,22388,350,417,442,436,70
564.2282,22389,350,417,442,436,70
564.2646,22390,350,417,442,436,70
