video_write_index,frame,cam_seq,t_capture_perf
0,515,402,5563.178674
1,516,403,5563.211982
2,517,404,5563.244774
3,518,405,5563.276773
4,519,405,5563.276773
5,520,406,5563.308816
6,521,407,5563.339078
7,522,408,5563.371420
8,523,408,5563.371420
9,524,408,5563.371420
10,525,409,5563.451741
11,526,411,5563.489013
12,527,412,5563.515390
13,528,413,5563.546041
14,529,413,5563.546041
15,530,414,5563.578555
16,531,415,5563.610801
17,532,416,5563.644101
18,533,417,5563.673141
19,534,418,5563.706567
20,535,418,5563.706567
21,536,419,5563.740591
22,537,420,5563.787648
23,538,421,5563.818433
24,539,421,5563.818433
25,540,422,5563.849627
26,541,423,5563.883238
27,542,424,5563.915646
28,543,425,5563.946948
29,544,426,5563.980231
30,545,426,5563.980231
31,546,427,5564.010398
32,547,428,5564.043444
33,548,429,5564.075978
34,549,430,5564.106276
35,550,430,5564.106276
36,551,431,5564.156411
37,552,432,5564.187664
38,553,433,5564.220003
39,554,433,5564.220003
40,555,434,5564.250264
41,556,435,5564.281793
42,557,436,5564.316952
43,558,437,5564.346876
44,559,438,5564.378566
45,560,438,5564.378566
46,561,439,5564.412194
47,562,440,5564.444079
48,563,440,5564.444079
49,564,441,5564.492274
50,565,442,5564.523898
51,566,443,5564.554024
52,567,444,5564.587471
53,568,445,5564.617624
54,569,446,5564.652089
55,570,446,5564.652089
56,571,447,5564.683220
57,572,448,5564.714907
58,573,449,5564.748474
59,574,450,5564.777844
60,575,450,5564.777844
61,576,451,5564.827620
62,577,452,5564.857985
63,578,452,5564.857985
64,579,453,5564.890912
65,580,454,5564.921568
66,581,455,5564.955842
67,582,456,5564.988390
68,583,457,5565.018584
69,584,458,5565.051158
70,585,458,5565.051158
71,586,459,5565.083241
72,587,460,5565.116086
73,588,460,5565.116086
74,589,461,5565.163898
75,590,462,5565.195570
76,591,463,5565.227232
77,592,464,5565.260048
78,593,465,5565.292481
79,594,466,5565.322624
80,595,466,5565.322624
81,596,467,5565.355186
82,597,468,5565.388772
83,598,469,5565.421253
84,599,470,5565.451489
85,600,470,5565.451489
86,601,471,5565.499794
87,602,472,5565.530285
88,603,472,5565.530285
89,604,473,5565.563936
90,605,474,5565.593703
91,606,475,5565.626963
92,607,476,5565.660994
93,608,477,5565.689840
94,609,478,5565.721909
95,610,478,5565.721909
96,611,479,5565.755607
97,612,480,5565.785690
98,613,481,5565.817958
99,614,481,5565.817958
100,615,482,5565.869792
101,616,483,5565.897849
102,617,484,5565.930245
103,618,485,5565.962384
104,619,485,5565.962384
105,620,486,5565.995520
106,621,487,5566.029944
107,622,488,5566.059853
108,623,489,5566.091556
109,624,490,5566.122154
110,625,490,5566.122154
111,626,491,5566.155287
112,627,492,5566.202273
113,628,492,5566.202273
114,629,493,5566.234267
115,630,494,5566.268308
116,631,495,5566.301454
117,632,496,5566.331423
118,633,497,5566.363024
119,634,497,5566.363024
120,635,498,5566.395614
121,636,499,5566.426230
122,637,500,5566.460657
123,638,501,5566.493470
124,639,501,5566.493470
125,640,502,5566.539534
126,641,504,5566.572727
127,642,504,5566.572727
128,643,505,5566.635637
129,644,505,5566.635637
130,645,506,5566.665715
131,646,507,5566.698737
132,647,508,5566.731670
133,648,509,5566.763206
134,649,510,5566.793833
135,650,510,5566.793833
136,651,511,5566.826493
137,652,512,5566.875245
138,653,512,5566.875245
139,654,514,5566.909354
140,655,515,5566.939717
141,656,516,5566.974175
142,657,516,5566.974175
143,658,517,5567.035261
144,659,518,5567.066136
145,660,518,5567.066136
146,661,519,5567.098143
147,662,520,5567.131681
148,663,521,5567.164253
149,664,521,5567.164253
150,665,522,5567.213209
151,666,524,5567.246824
152,667,525,5567.276113
153,668,526,5567.307646
154,669,526,5567.307646
155,670,527,5567.338097
156,671,528,5567.370681
157,672,528,5567.370681
158,673,529,5567.436400
159,674,530,5567.467138
160,675,530,5567.467138
161,676,531,5567.499169
162,677,532,5567.532948
163,678,532,5567.532948
164,679,534,5567.585744
165,680,535,5567.610111
166,681,536,5567.642302
167,682,537,5567.676476
168,683,538,5567.707774
169,684,539,5567.739564
170,685,539,5567.739564
171,686,540,5567.770075
172,687,540,5567.770075
173,688,541,5567.836058
174,689,542,5567.868887
175,690,542,5567.868887
176,691,543,5567.915454
177,692,545,5567.950045
178,693,546,5567.979306
179,694,546,5567.979306
180,695,547,5568.010251
181,696,548,5568.041650
182,697,549,5568.077322
183,698,550,5568.108032
184,699,551,5568.140691
185,700,551,5568.140691
186,701,552,5568.172331
187,702,552,5568.172331
188,703,552,5568.172331
189,704,553,5568.253131
190,705,555,5568.287327
191,706,556,5568.315145
192,707,557,5568.347930
193,708,558,5568.379609
194,709,559,5568.409722
195,710,559,5568.409722
196,711,560,5568.443976
197,712,561,5568.473609
198,713,562,5568.508503
199,714,563,5568.539427
200,715,563,5568.539427
201,716,564,5568.589506
202,717,565,5568.620048
203,718,566,5568.650083
204,719,566,5568.650083
205,720,567,5568.683924
206,721,568,5568.714506
207,722,569,5568.748473
208,723,570,5568.782964
209,724,571,5568.810825
210,725,572,5568.842634
211,726,572,5568.842634
212,727,573,5568.876400
213,728,574,5568.923983
214,729,574,5568.923983
215,730,575,5568.955338
216,731,576,5568.985402
217,732,577,5569.019026
218,733,578,5569.051109
219,734,579,5569.082671
220,735,579,5569.082671
221,736,580,5569.116047
222,737,581,5569.146411
223,738,582,5569.178952
224,739,583,5569.210047
225,740,584,5569.244058
226,741,584,5569.244058
227,742,585,5569.294037
228,743,586,5569.323774
229,744,587,5569.356190
230,745,587,5569.356190
231,746,588,5569.387140
232,747,589,5569.417743
233,748,590,5569.452696
234,749,591,5569.483249
235,750,592,5569.515354
236,751,592,5569.515354
237,752,593,5569.547378
238,753,594,5569.579763
239,754,595,5569.627406
240,755,595,5569.627406
241,756,596,5569.660229
242,757,597,5569.691296
243,758,598,5569.722860
244,759,599,5569.755483
245,760,600,5569.787523
246,761,600,5569.787523
247,762,601,5569.820656
248,763,602,5569.851652
249,764,603,5569.885641
250,765,604,5569.916143
251,766,604,5569.916143
252,767,605,5569.962731
253,768,606,5569.996222
254,769,607,5570.028678
255,770,608,5570.057567
256,771,608,5570.057567
257,772,609,5570.091717
258,773,610,5570.124023
259,774,611,5570.158216
260,775,612,5570.188020
261,776,613,5570.219920
262,777,613,5570.219920
263,778,614,5570.251689
264,779,615,5570.299794
265,780,616,5570.330273
266,781,616,5570.330273
267,782,617,5570.363349
268,783,618,5570.395561
269,784,619,5570.427765
270,785,620,5570.460550
271,786,621,5570.491104
272,787,621,5570.491104
273,788,622,5570.523890
274,789,623,5570.555828
275,790,624,5570.588069
276,791,624,5570.588069
277,792,625,5570.635669
278,793,626,5570.667119
279,794,627,5570.699146
280,795,628,5570.730754
281,796,628,5570.730754
282,797,629,5570.762933
283,798,630,5570.796101
284,799,631,5570.827853
285,800,632,5570.860992
286,801,633,5570.889346
287,802,633,5570.889346
288,803,634,5570.922835
289,804,635,5570.970948
290,805,636,5571.002158
291,806,636,5571.002158
292,807,637,5571.034603
293,808,638,5571.067724
294,809,639,5571.102250
295,810,640,5571.132747
296,811,641,5571.162198
297,812,641,5571.162198
298,813,642,5571.195500
299,814,643,5571.227479
300,815,644,5571.262102
301,816,645,5571.293458
302,817,645,5571.293458
303,818,646,5571.339216
304,819,648,5571.372821
305,820,648,5571.372821
306,821,648,5571.372821
307,822,649,5571.436055
308,823,650,5571.469003
309,824,651,5571.499949
310,825,652,5571.533604
311,826,653,5571.564382
312,827,654,5571.595214
313,828,654,5571.595214
314,829,655,5571.628778
315,830,656,5571.675562
316,831,656,5571.675562
317,832,658,5571.709474
318,833,659,5571.738761
319,834,660,5571.773282
320,835,660,5571.773282
321,836,661,5571.835080
322,837,661,5571.835080
323,838,662,5571.865310
324,839,663,5571.900100
325,840,664,5571.930075
326,841,665,5571.961129
327,842,665,5571.961129
328,843,666,5572.010739
329,844,668,5572.044335
330,845,668,5572.044335
331,846,669,5572.074545
332,847,670,5572.107029
333,848,671,5572.137421
334,849,672,5572.171163
335,850,672,5572.171163
336,851,672,5572.171163
337,852,673,5572.235541
338,853,674,5572.265421
339,854,675,5572.298775
340,855,675,5572.298775
341,856,676,5572.348326
342,857,678,5572.381350
343,858,679,5572.409512
344,859,679,5572.409512
345,860,680,5572.442728
346,861,681,5572.474724
347,862,682,5572.508955
348,863,683,5572.539618
349,864,683,5572.539618
350,865,684,5572.570338
351,866,684,5572.570338
352,867,685,5572.635997
353,868,685,5572.635997
354,869,686,5572.683437
355,870,688,5572.717163
356,871,689,5572.746300
357,872,689,5572.746300
358,873,690,5572.778246
359,874,691,5572.810550
360,875,692,5572.842908
361,876,693,5572.875629
362,877,694,5572.907595
363,878,694,5572.907595
364,879,695,5572.936566
365,880,696,5572.970819
366,881,696,5572.970819
367,882,696,5572.970819
368,883,697,5573.051161
369,884,699,5573.084270
370,885,699,5573.084270
371,886,700,5573.116144
372,887,701,5573.147607
373,888,702,5573.178940
374,889,703,5573.210065
375,890,704,5573.243544
376,891,704,5573.243544
377,892,705,5573.273685
378,893,706,5573.305295
379,894,707,5573.338214
380,895,707,5573.338214
381,896,708,5573.386043
382,897,709,5573.419117
383,898,710,5573.450732
384,899,710,5573.450732
385,900,711,5573.483060
386,901,712,5573.516325
387,902,713,5573.545251
388,903,714,5573.579826
389,904,714,5573.579826
390,905,715,5573.611200
391,906,716,5573.642512
392,907,717,5573.674914
393,908,717,5573.674914
394,909,718,5573.721546
395,910,719,5573.754360
396,911,720,5573.786887
397,912,721,5573.818877
398,913,721,5573.818877
399,914,722,5573.852031
400,915,723,5573.882132
401,916,726,5573.978623
402,917,729,5574.090487
403,918,730,5574.123567
404,919,730,5574.123567
405,920,731,5574.155151
406,921,732,5574.188020
407,922,733,5574.219550
408,923,734,5574.251552
409,924,734,5574.251552
410,925,735,5574.282881
411,926,736,5574.314307
412,927,737,5574.349087
413,928,737,5574.349087
414,929,738,5574.396548
415,930,739,5574.427323
416,931,740,5574.458707
417,932,741,5574.489728
418,933,741,5574.489728
419,934,742,5574.521739
420,935,743,5574.557385
421,936,744,5574.587792
422,937,745,5574.619577
423,938,745,5574.619577
424,939,746,5574.652827
425,940,747,5574.681172
426,941,748,5574.716192
427,942,748,5574.716192
428,943,749,5574.763972
429,944,750,5574.794399
430,945,751,5574.826167
431,946,752,5574.858570
432,947,752,5574.858570
433,948,753,5574.890301
434,949,754,5574.925073
435,950,755,5574.957357
436,951,756,5574.988437
437,952,757,5575.017259
438,953,757,5575.017259
439,954,758,5575.050424
440,955,758,5575.050424
441,956,759,5575.098879
442,957,760,5575.129257
443,958,761,5575.163469
444,959,762,5575.194688
445,960,763,5575.225514
446,961,763,5575.225514
447,962,764,5575.259098
448,963,765,5575.291557
449,964,766,5575.325119
450,965,767,5575.357127
451,966,767,5575.357127
452,967,768,5575.387576
453,968,769,5575.437349
454,969,769,5575.437349
455,970,770,5575.466947
456,971,771,5575.498706
457,972,772,5575.532122
458,973,773,5575.564633
459,974,774,5575.594509
460,975,774,5575.594509
461,976,775,5575.628584
462,977,776,5575.658280
463,978,777,5575.693506
464,979,778,5575.724164
465,980,778,5575.724164
466,981,779,5575.772773
467,982,780,5575.803524
468,983,781,5575.834208
469,984,781,5575.834208
470,985,782,5575.867514
471,986,783,5575.898893
472,987,784,5575.933121
473,988,785,5575.962963
474,989,786,5575.995209
475,990,786,5575.995209
476,991,787,5576.025866
477,992,788,5576.059782
478,993,788,5576.059782
479,994,789,5576.107261
480,995,791,5576.142985
481,996,792,5576.171275
482,997,792,5576.171275
483,998,792,5576.171275
484,999,793,5576.234263
485,1000,794,5576.268028
486,1001,795,5576.299152
487,1002,796,5576.332357
488,1003,796,5576.332357
489,1004,797,5576.362694
490,1005,798,5576.393105
491,1006,799,5576.428025
492,1007,799,5576.428025
493,1008,801,5576.477419
494,1009,802,5576.509493
495,1010,803,5576.538834
496,1011,804,5576.570172
497,1012,804,5576.570172
498,1013,804,5576.570172
499,1014,805,5576.632540
500,1015,806,5576.665876
501,1016,807,5576.699339
502,1017,807,5576.699339
503,1018,808,5576.731437
504,1019,809,5576.761336
505,1020,809,5576.761336
506,1021,810,5576.809256
507,1022,812,5576.845949
508,1023,813,5576.874949
509,1024,814,5576.905594
510,1025,814,5576.905594
511,1026,815,5576.937955
512,1027,816,5576.968780
513,1028,816,5576.968780
514,1029,817,5577.034479
515,1030,817,5577.034479
516,1031,818,5577.065048
517,1032,819,5577.100124
518,1033,819,5577.100124
519,1034,820,5577.144958
520,1035,822,5577.183275
521,1036,823,5577.211722
522,1037,824,5577.240937
523,1038,824,5577.240937
524,1039,825,5577.274661
525,1040,826,5577.307696
526,1041,827,5577.337371
527,1042,828,5577.369475
528,1043,828,5577.369475
529,1044,828,5577.369475
530,1045,829,5577.434647
531,1046,829,5577.434647
532,1047,830,5577.482560
533,1048,832,5577.518084
534,1049,833,5577.546465
535,1050,834,5577.577588
536,1051,834,5577.577588
537,1052,835,5577.609216
538,1053,836,5577.642265
539,1054,837,5577.674638
540,1055,838,5577.705685
541,1056,838,5577.705685
542,1057,839,5577.737141
543,1058,840,5577.770548
544,1059,840,5577.770548
545,1060,840,5577.770548
546,1061,842,5577.856563
547,1062,843,5577.881988
548,1063,844,5577.914299
549,1064,844,5577.914299
550,1065,845,5577.945585
551,1066,846,5577.977735
552,1067,847,5578.011873
553,1068,848,5578.043620
554,1069,848,5578.043620
555,1070,849,5578.073428
556,1071,850,5578.107689
557,1072,851,5578.137622
558,1073,851,5578.137622
559,1074,852,5578.185822
560,1075,853,5578.218682
561,1076,854,5578.249620
562,1077,854,5578.249620
563,1078,855,5578.281859
564,1079,856,5578.314098
565,1080,857,5578.346318
566,1081,858,5578.377983
567,1082,859,5578.408737
568,1083,859,5578.408737
569,1084,860,5578.441898
570,1085,861,5578.474008
571,1086,861,5578.474008
572,1087,862,5578.524138
573,1088,863,5578.554497
574,1089,864,5578.586492
575,1090,864,5578.586492
576,1091,865,5578.616662
577,1092,866,5578.650100
578,1093,867,5578.682579
579,1094,868,5578.714175
580,1095,868,5578.714175
581,1096,869,5578.746053
582,1097,870,5578.779010
583,1098,871,5578.809258
584,1099,871,5578.809258
585,1100,872,5578.857022
586,1101,873,5578.889757
587,1102,874,5578.921181
588,1103,874,5578.921181
589,1104,875,5578.953309
590,1105,876,5578.986748
591,1106,877,5579.018749
592,1107,878,5579.049908
593,1108,879,5579.081082
594,1109,879,5579.081082
595,1110,880,5579.115481
596,1111,881,5579.146128
597,1112,881,5579.146128
598,1113,882,5579.195453
599,1114,883,5579.225521
600,1115,884,5579.258203
601,1116,885,5579.289046
602,1117,885,5579.289046
603,1118,886,5579.321625
604,1119,887,5579.354130
605,1120,888,5579.385216
606,1121,889,5579.417714
607,1122,889,5579.417714
608,1123,890,5579.449094
609,1124,891,5579.483163
610,1125,891,5579.483163
611,1126,892,5579.529508
612,1127,893,5579.562460
613,1128,894,5579.592140
614,1129,895,5579.624750
615,1130,895,5579.624750
616,1131,896,5579.656912
617,1132,897,5579.689664
618,1133,898,5579.721083
619,1134,899,5579.752718
620,1135,899,5579.752718
621,1136,900,5579.785679
622,1137,901,5579.818757
623,1138,901,5579.818757
624,1139,902,5579.864857
625,1140,903,5579.898328
626,1141,904,5579.931066
627,1142,904,5579.931066
628,1143,905,5579.961788
629,1144,906,5579.995517
630,1145,907,5580.025734
631,1146,908,5580.060064
632,1147,909,5580.091554
633,1148,909,5580.091554
634,1149,910,5580.121614
635,1150,911,5580.152018
636,1151,912,5580.185959
637,1152,912,5580.185959
638,1153,913,5580.233843
639,1154,914,5580.264685
640,1155,914,5580.264685
641,1156,915,5580.298218
642,1157,916,5580.329797
643,1158,917,5580.362724
644,1159,918,5580.395341
645,1160,919,5580.425066
646,1161,919,5580.425066
647,1162,920,5580.458670
648,1163,921,5580.491615
649,1164,922,5580.524031
650,1165,923,5580.570271
651,1166,924,5580.602190
652,1167,925,5580.635182
653,1168,926,5580.666584
654,1169,926,5580.666584
655,1170,927,5580.702300
656,1171,928,5580.730666
657,1172,929,5580.763825
658,1173,930,5580.794176
659,1174,931,5580.825852
660,1175,931,5580.825852
661,1176,932,5580.857674
662,1177,933,5580.906442
663,1178,933,5580.906442
664,1179,935,5580.940967
665,1180,936,5580.970196
666,1181,936,5580.970196
667,1182,937,5581.033796
668,1183,937,5581.033796
669,1184,938,5581.064920
670,1185,939,5581.097062
671,1186,940,5581.131445
672,1187,941,5581.161261
673,1188,941,5581.161261
674,1189,942,5581.194038
675,1190,943,5581.242169
676,1191,943,5581.242169
677,1192,945,5581.276053
678,1193,946,5581.306548
679,1194,947,5581.338970
680,1195,948,5581.370203
681,1196,948,5581.370203
682,1197,948,5581.370203
683,1198,949,5581.432236
684,1199,950,5581.465635
685,1200,951,5581.499565
686,1201,951,5581.499565
687,1202,952,5581.530382
688,1203,953,5581.577435
689,1204,953,5581.577435
690,1205,955,5581.612356
691,1206,956,5581.643434
692,1207,957,5581.675627
693,1208,957,5581.675627
694,1209,958,5581.707459
695,1210,959,5581.737547
696,1211,960,5581.770600
697,1212,960,5581.770600
698,1213,961,5581.834368
699,1214,961,5581.834368
700,1215,962,5581.864988
701,1216,963,5581.898518
702,1217,964,5581.943842
703,1218,965,5581.976706
704,1219,966,5581.979427
705,1220,967,5582.008700
706,1221,968,5582.041698
707,1222,969,5582.074025
708,1223,970,5582.106302
709,1224,970,5582.106302
710,1225,971,5582.138477
711,1226,972,5582.171277
712,1227,972,5582.171277
713,1228,973,5582.232868
714,1229,973,5582.232868
715,1230,974,5582.280241
716,1231,975,5582.314155
717,1232,976,5582.316141
718,1233,977,5582.345882
719,1234,978,5582.377657
720,1235,979,5582.410909
721,1236,980,5582.442723
722,1237,980,5582.442723
723,1238,981,5582.472987
724,1239,982,5582.506549
725,1240,983,5582.538579
726,1241,984,5582.569256
727,1242,984,5582.569256
728,1243,984,5582.569256
729,1244,985,5582.648857
730,1245,986,5582.651502
731,1246,987,5582.682824
732,1247,988,5582.715941
733,1248,989,5582.744022
734,1249,990,5582.777282
735,1250,990,5582.777282
736,1251,991,5582.808945
737,1252,992,5582.842031
738,1253,993,5582.873300
739,1254,994,5582.905505
740,1255,994,5582.905505
741,1256,995,5582.955053
742,1257,995,5582.955053
743,1258,996,5582.984846
744,1259,997,5583.015833
745,1260,998,5583.050463
746,1261,999,5583.081654
747,1262,1000,5583.113086
748,1263,1000,5583.113086
749,1264,1001,5583.145602
750,1265,1002,5583.178061
751,1266,1003,5583.208300
752,1267,1004,5583.241608
753,1268,1004,5583.241608
754,1269,1005,5583.291300
755,1270,1005,5583.291300
756,1271,1006,5583.321237
757,1272,1007,5583.353324
758,1273,1008,5583.385964
759,1274,1009,5583.417938
760,1275,1009,5583.417938
761,1276,1010,5583.450461
762,1277,1011,5583.481494
763,1278,1012,5583.513620
764,1279,1013,5583.546112
765,1280,1014,5583.577766
766,1281,1014,5583.577766
767,1282,1015,5583.609166
768,1283,1015,5583.609166
769,1284,1016,5583.658559
770,1285,1017,5583.690691
771,1286,1018,5583.721900
772,1287,1019,5583.755748
773,1288,1019,5583.755748
774,1289,1020,5583.786846
775,1290,1021,5583.817707
776,1291,1022,5583.850675
777,1292,1023,5583.881750
778,1293,1024,5583.913892
779,1294,1024,5583.913892
780,1295,1025,5583.945372
781,1296,1025,5583.945372
782,1297,1026,5583.993012
783,1298,1027,5584.026410
784,1299,1028,5584.059407
785,1300,1029,5584.091916
786,1301,1029,5584.091916
787,1302,1030,5584.122563
788,1303,1031,5584.153076
789,1304,1032,5584.186435
790,1305,1033,5584.216629
791,1306,1034,5584.249719
792,1307,1034,5584.249719
793,1308,1035,5584.283023
794,1309,1036,5584.329015
795,1310,1036,5584.329015
796,1311,1037,5584.362618
797,1312,1038,5584.393673
798,1313,1039,5584.425492
799,1314,1039,5584.425492
800,1315,1040,5584.459270
801,1316,1041,5584.488831
802,1317,1042,5584.522142
803,1318,1043,5584.554608
804,1319,1044,5584.587318
805,1320,1044,5584.587318
806,1321,1045,5584.618145
807,1322,1046,5584.665150
808,1323,1046,5584.665150
809,1324,1047,5584.697514
810,1325,1048,5584.732623
811,1326,1049,5584.762506
812,1327,1050,5584.795718
813,1328,1050,5584.795718
814,1329,1051,5584.827949
815,1330,1052,5584.857853
816,1331,1053,5584.891085
817,1332,1054,5584.922354
818,1333,1054,5584.922354
819,1334,1055,5584.953388
820,1335,1056,5585.000252
821,1336,1056,5585.000252
822,1337,1057,5585.034666
823,1338,1058,5585.066527
824,1339,1059,5585.098844
825,1340,1060,5585.130235
826,1341,1060,5585.130235
827,1342,1061,5585.161565
828,1343,1062,5585.193604
829,1344,1063,5585.226802
830,1345,1064,5585.259022
831,1346,1065,5585.289256
832,1347,1065,5585.289256
833,1348,1066,5585.320789
834,1349,1066,5585.320789
835,1350,1068,5585.374592
836,1351,1068,5585.374592
837,1352,1069,5585.433488
838,1353,1070,5585.465619
839,1354,1071,5585.497310
840,1355,1071,5585.497310
841,1356,1072,5585.529577
842,1357,1073,5585.562345
843,1358,1074,5585.594361
844,1359,1075,5585.625754
845,1360,1075,5585.625754
846,1361,1076,5585.658335
847,1362,1076,5585.658335
848,1363,1077,5585.705020
849,1364,1079,5585.741895
850,1365,1080,5585.771114
851,1366,1080,5585.771114
852,1367,1081,5585.834412
853,1368,1081,5585.834412
854,1369,1082,5585.864458
855,1370,1083,5585.898271
856,1371,1084,5585.930132
857,1372,1085,5585.963657
858,1373,1085,5585.963657
859,1374,1086,5585.994921
860,1375,1087,5586.041515
861,1376,1087,5586.041515
862,1377,1089,5586.076628
863,1378,1090,5586.107541
864,1379,1091,5586.137518
865,1380,1091,5586.137518
866,1381,1092,5586.171578
867,1382,1092,5586.171578
868,1383,1093,5586.233953
869,1384,1094,5586.266112
870,1385,1095,5586.297388
871,1386,1095,5586.297388
872,1387,1096,5586.330735
873,1388,1096,5586.330735
874,1389,1097,5586.378219
875,1390,1099,5586.412761
876,1391,1100,5586.441519
877,1392,1101,5586.473132
878,1393,1102,5586.505221
879,1394,1102,5586.505221
880,1395,1103,5586.538901
881,1396,1104,5586.571085
882,1397,1104,5586.571085
883,1398,1105,5586.633988
884,1399,1105,5586.633988
885,1400,1106,5586.665247
886,1401,1107,5586.712764
887,1402,1107,5586.712764
888,1403,1109,5586.748779
889,1404,1110,5586.777750
890,1405,1111,5586.810012
891,1406,1112,5586.840705
892,1407,1112,5586.840705
893,1408,1113,5586.875262
894,1409,1114,5586.906627
895,1410,1115,5586.939457
896,1411,1116,5586.971383
897,1412,1116,5586.971383
898,1413,1116,5586.971383
899,1414,1117,5587.049720
900,1415,1117,5587.049720
901,1416,1119,5587.085282
902,1417,1120,5587.114412
903,1418,1121,5587.144651
904,1419,1122,5587.179026
905,1420,1122,5587.179026
906,1421,1123,5587.210018
907,1422,1124,5587.242129
908,1423,1125,5587.274323
909,1424,1126,5587.305922
910,1425,1126,5587.305922
911,1426,1127,5587.337390
912,1427,1128,5587.369411
913,1428,1128,5587.369411
914,1429,1128,5587.369411
915,1430,1130,5587.455394
916,1431,1131,5587.481715
917,1432,1132,5587.515674
918,1433,1132,5587.515674
919,1434,1133,5587.547114
920,1435,1134,5587.577000
921,1436,1135,5587.611005
922,1437,1136,5587.641125
923,1438,1137,5587.673308
924,1439,1137,5587.673308
925,1440,1138,5587.705028
926,1441,1138,5587.705028
927,1442,1139,5587.754388
928,1443,1140,5587.785449
929,1444,1141,5587.818392
930,1445,1142,5587.849403
931,1446,1142,5587.849403
932,1447,1143,5587.883249
933,1448,1144,5587.915732
934,1449,1145,5587.946493
935,1450,1146,5587.979416
936,1451,1146,5587.979416
937,1452,1147,5588.009111
938,1453,1148,5588.044227
939,1454,1148,5588.044227
940,1455,1149,5588.090194
941,1456,1150,5588.121206
942,1457,1151,5588.156422
943,1458,1152,5588.186800
944,1459,1152,5588.186800
945,1460,1153,5588.219309
946,1461,1154,5588.249754
947,1462,1155,5588.282226
948,1463,1156,5588.315394
949,1464,1157,5588.346175
950,1465,1157,5588.346175
951,1466,1158,5588.377944
952,1467,1158,5588.377944
953,1468,1159,5588.425582
954,1469,1160,5588.457310
955,1470,1161,5588.491572
956,1471,1162,5588.523488
957,1472,1162,5588.523488
958,1473,1163,5588.554916
959,1474,1164,5588.586214
960,1475,1165,5588.618890
961,1476,1166,5588.649997
962,1477,1167,5588.681731
963,1478,1167,5588.681731
964,1479,1168,5588.712626
965,1480,1169,5588.760316
966,1481,1170,5588.793661
967,1482,1170,5588.793661
968,1483,1171,5588.826996
969,1484,1172,5588.858034
970,1485,1173,5588.888066
971,1486,1174,5588.922552
972,1487,1174,5588.922552
973,1488,1175,5588.953473
974,1489,1176,5588.985700
975,1490,1177,5589.019066
976,1491,1178,5589.050673
977,1492,1178,5589.050673
978,1493,1179,5589.081892
979,1494,1180,5589.129787
980,1495,1180,5589.129787
981,1496,1181,5589.160919
982,1497,1182,5589.194856
983,1498,1183,5589.225669
984,1499,1184,5589.257217
985,1500,1184,5589.257217
986,1501,1185,5589.290565
987,1502,1186,5589.322203
988,1503,1187,5589.353881
989,1504,1188,5589.385940
990,1505,1188,5589.385940
991,1506,1189,5589.416820
992,1507,1190,5589.465054
993,1508,1190,5589.465054
994,1509,1191,5589.499819
995,1510,1192,5589.531143
996,1511,1193,5589.561776
997,1512,1194,5589.593704
998,1513,1194,5589.593704
999,1514,1195,5589.625888
1000,1515,1196,5589.658461
1001,1516,1197,5589.688123
1002,1517,1198,5589.721784
1003,1518,1198,5589.721784
1004,1519,1199,5589.752822
1005,1520,1199,5589.752822
1006,1521,1200,5589.802357
1007,1522,1201,5589.834760
1008,1523,1202,5589.866672
1009,1524,1203,5589.898727
1010,1525,1204,5589.929500
1011,1526,1204,5589.929500
1012,1527,1205,5589.961264
1013,1528,1206,5589.994851
1014,1529,1207,5590.026403
1015,1530,1208,5590.057980
1016,1531,1208,5590.057980
1017,1532,1209,5590.091453
1018,1533,1210,5590.136742
1019,1534,1210,5590.136742
1020,1535,1212,5590.173902
1021,1536,1212,5590.173902
1022,1537,1213,5590.235480
1023,1538,1214,5590.265900
1024,1539,1214,5590.265900
1025,1540,1215,5590.298889
1026,1541,1216,5590.331482
1027,1542,1217,5590.362962
1028,1543,1218,5590.393865
1029,1544,1218,5590.393865
1030,1545,1219,5590.424388
1031,1546,1219,5590.424388
1032,1547,1220,5590.472639
1033,1548,1222,5590.511506
1034,1549,1223,5590.537520
1035,1550,1224,5590.571724
1036,1551,1224,5590.571724
1037,1552,1224,5590.571724
1038,1553,1225,5590.632937
1039,1554,1226,5590.667834
1040,1555,1227,5590.697875
1041,1556,1227,5590.697875
1042,1557,1228,5590.730113
1043,1558,1229,5590.762434
1044,1559,1230,5590.794550
1045,1560,1230,5590.794550
1046,1561,1231,5590.843313
1047,1562,1233,5590.877487
1048,1563,1234,5590.905316
1049,1564,1234,5590.905316
1050,1565,1235,5590.937470
1051,1566,1236,5590.970054
1052,1567,1236,5590.970054
1053,1568,1237,5591.033679
1054,1569,1237,5591.033679
1055,1570,1238,5591.065651
1056,1571,1239,5591.098111
1057,1572,1240,5591.129945
1058,1573,1240,5591.129945
1059,1574,1241,5591.178485
1060,1575,1243,5591.213133
1061,1576,1244,5591.241850
1062,1577,1244,5591.241850
1063,1578,1245,5591.274967
1064,1579,1246,5591.307237
1065,1580,1247,5591.338521
1066,1581,1248,5591.369337
1067,1582,1248,5591.369337
1068,1583,1248,5591.369337
1069,1584,1249,5591.433460
1070,1585,1250,5591.466680
1071,1586,1250,5591.466680
1072,1587,1251,5591.515113
1073,1588,1253,5591.549563
1074,1589,1254,5591.579706
1075,1590,1254,5591.579706
1076,1591,1255,5591.611417
1077,1592,1256,5591.642765
1078,1593,1257,5591.674800
1079,1594,1258,5591.706986
1080,1595,1258,5591.706986
1081,1596,1259,5591.737755
1082,1597,1260,5591.769851
1083,1598,1260,5591.769851
1084,1599,1260,5591.769851
1085,1600,1261,5591.850973
1086,1601,1263,5591.884022
1087,1602,1264,5591.916218
1088,1603,1264,5591.916218
1089,1604,1265,5591.947933
1090,1605,1266,5591.980063
1091,1606,1267,5592.012290
1092,1607,1268,5592.043305
1093,1608,1268,5592.043305
1094,1609,1269,5592.074442
1095,1610,1270,5592.105993
1096,1611,1271,5592.136945
1097,1612,1271,5592.136945
1098,1613,1272,5592.186051
1099,1614,1273,5592.218440
1100,1615,1274,5592.251536
1101,1616,1274,5592.251536
1102,1617,1275,5592.282354
1103,1618,1276,5592.315710
1104,1619,1277,5592.346481
1105,1620,1278,5592.379655
1106,1621,1279,5592.410002
1107,1622,1279,5592.410002
1108,1623,1280,5592.441555
1109,1624,1281,5592.472658
1110,1625,1282,5592.506021
1111,1626,1282,5592.506021
1112,1627,1283,5592.553441
1113,1628,1284,5592.586376
1114,1629,1284,5592.586376
1115,1630,1285,5592.619165
1116,1631,1286,5592.650154
1117,1632,1287,5592.684025
1118,1633,1288,5592.714680
1119,1634,1289,5592.745230
1120,1635,1289,5592.745230
1121,1636,1290,5592.779872
1122,1637,1291,5592.811542
1123,1638,1292,5592.841958
1124,1639,1292,5592.841958
1125,1640,1293,5592.890392
1126,1641,1294,5592.923651
1127,1642,1295,5592.956692
1128,1643,1295,5592.956692
1129,1644,1296,5592.987589
1130,1645,1297,5593.019543
1131,1646,1298,5593.051613
1132,1647,1299,5593.081580
1133,1648,1299,5593.081580
1134,1649,1300,5593.114334
1135,1650,1301,5593.146994
1136,1651,1302,5593.180003
1137,1652,1302,5593.180003
1138,1653,1303,5593.227615
1139,1654,1304,5593.258947
1140,1655,1305,5593.290799
1141,1656,1306,5593.321681
1142,1657,1306,5593.321681
1143,1658,1307,5593.353281
1144,1659,1308,5593.384601
1145,1660,1309,5593.418812
1146,1661,1310,5593.451047
1147,1662,1310,5593.451047
1148,1663,1311,5593.481615
1149,1664,1312,5593.514433
1150,1665,1312,5593.514433
1151,1666,1313,5593.564321
1152,1667,1314,5593.594601
1153,1668,1315,5593.627607
1154,1669,1316,5593.658450
1155,1670,1316,5593.658450
1156,1671,1317,5593.688663
1157,1672,1318,5593.722998
1158,1673,1319,5593.753293
1159,1674,1320,5593.785739
1160,1675,1320,5593.785739
1161,1676,1321,5593.818326
1162,1677,1322,5593.850407
1163,1678,1322,5593.850407
1164,1679,1323,5593.897482
1165,1680,1324,5593.930499
1166,1681,1325,5593.961904
1167,1682,1326,5593.994218
1168,1683,1326,5593.994218
1169,1684,1327,5594.027217
1170,1685,1328,5594.058780
1171,1686,1329,5594.092474
1172,1687,1330,5594.123230
1173,1688,1331,5594.153542
1174,1689,1332,5594.185531
1175,1690,1332,5594.185531
1176,1691,1333,5594.218311
1177,1692,1334,5594.265254
1178,1693,1334,5594.265254
1179,1694,1335,5594.296851
1180,1695,1336,5594.332733
1181,1696,1337,5594.362025
1182,1697,1337,5594.362025
1183,1698,1338,5594.395256
1184,1699,1339,5594.423763
1185,1700,1340,5594.457127
1186,1701,1341,5594.489011
1187,1702,1342,5594.520376
1188,1703,1342,5594.520376
1189,1704,1343,5594.553393
1190,1705,1343,5594.553393
1191,1706,1344,5594.601006
1192,1707,1345,5594.634357
1193,1708,1346,5594.666233
1194,1709,1347,5594.697048
1195,1710,1348,5594.728817
1196,1711,1348,5594.728817
1197,1712,1349,5594.761749
1198,1713,1350,5594.793401
1199,1714,1351,5594.826533
1200,1715,1351,5594.826533
1201,1716,1352,5594.858873
1202,1717,1353,5594.889963
1203,1718,1353,5594.889963
1204,1719,1354,5594.936619
1205,1720,1356,5594.973548
1206,1721,1356,5594.973548
1207,1722,1357,5595.033859
1208,1723,1357,5595.033859
1209,1724,1358,5595.065323
1210,1725,1359,5595.098290
1211,1726,1360,5595.130121
1212,1727,1361,5595.163183
1213,1728,1362,5595.193288
1214,1729,1362,5595.193288
1215,1730,1363,5595.227782
1216,1731,1363,5595.227782
1217,1732,1364,5595.272432
1218,1733,1366,5595.309446
1219,1734,1367,5595.336146
1220,1735,1368,5595.371136
1221,1736,1368,5595.371136
1222,1737,1368,5595.371136
1223,1738,1369,5595.433643
1224,1739,1370,5595.466824
1225,1740,1371,5595.499090
1226,1741,1372,5595.529848
1227,1742,1372,5595.529848
1228,1743,1373,5595.562614
1229,1744,1374,5595.610560
1230,1745,1374,5595.610560
1231,1746,1376,5595.644724
1232,1747,1377,5595.674085
1233,1748,1378,5595.707830
1234,1749,1379,5595.738546
1235,1750,1379,5595.738546
1236,1751,1380,5595.768791
1237,1752,1380,5595.768791
1238,1753,1381,5595.837269
1239,1754,1382,5595.866772
1240,1755,1382,5595.866772
1241,1756,1383,5595.898217
1242,1757,1384,5595.944803
1243,1758,1384,5595.944803
1244,1759,1386,5595.982044
1245,1760,1387,5596.009717
1246,1761,1388,5596.043641
1247,1762,1388,5596.043641
1248,1763,1389,5596.074112
1249,1764,1390,5596.106041
1250,1765,1391,5596.135872
1251,1766,1392,5596.168852
1252,1767,1392,5596.168852
1253,1768,1392,5596.168852
1254,1769,1393,5596.233289
1255,1770,1394,5596.266228
1256,1771,1394,5596.266228
1257,1772,1395,5596.312921
1258,1773,1397,5596.347356
1259,1774,1398,5596.377831
1260,1775,1398,5596.377831
1261,1776,1399,5596.408351
1262,1777,1400,5596.442964
1263,1778,1401,5596.474160
1264,1779,1402,5596.504711
1265,1780,1402,5596.504711
1266,1781,1403,5596.538023
1267,1782,1404,5596.568512
1268,1783,1404,5596.568512
1269,1784,1404,5596.568512
1270,1785,1405,5596.652249
1271,1786,1407,5596.684061
1272,1787,1408,5596.713651
1273,1788,1408,5596.713651
1274,1789,1409,5596.746279
1275,1790,1410,5596.778883
1276,1791,1411,5596.809757
1277,1792,1412,5596.842090
1278,1793,1412,5596.842090
1279,1794,1413,5596.873784
1280,1795,1414,5596.906161
1281,1796,1415,5596.939602
1282,1797,1415,5596.939602
1283,1798,1416,5596.985379
1284,1799,1417,5597.018022
1285,1800,1418,5597.049655
1286,1801,1418,5597.049655
1287,1802,1419,5597.081570
1288,1803,1420,5597.113246
1289,1804,1421,5597.145959
1290,1805,1422,5597.177936
1291,1806,1422,5597.177936
1292,1807,1423,5597.209902
1293,1808,1424,5597.241199
1294,1809,1425,5597.273020
1295,1810,1425,5597.273020
1296,1811,1426,5597.323413
1297,1812,1427,5597.353412
1298,1813,1428,5597.386946
1299,1814,1428,5597.386946
1300,1815,1429,5597.419276
1301,1816,1430,5597.449441
1302,1817,1431,5597.479800
1303,1818,1432,5597.514176
1304,1819,1433,5597.544924
1305,1820,1433,5597.544924
1306,1821,1434,5597.577189
1307,1822,1435,5597.610095
1308,1823,1435,5597.610095
1309,1824,1436,5597.657519
1310,1825,1437,5597.690480
1311,1826,1438,5597.722883
1312,1827,1439,5597.753583
1313,1828,1439,5597.753583
1314,1829,1440,5597.785249
1315,1830,1441,5597.818044
1316,1831,1442,5597.851026
1317,1832,1443,5597.881481
1318,1833,1443,5597.881481
1319,1834,1444,5597.915673
1320,1835,1445,5597.944681
1321,1836,1446,5597.978936
1322,1837,1446,5597.978936
1323,1838,1447,5598.025911
1324,1839,1448,5598.059402
1325,1840,1448,5598.059402
1326,1841,1449,5598.089824
1327,1842,1450,5598.121762
1328,1843,1451,5598.154143
1329,1844,1452,5598.187294
1330,1845,1453,5598.217810
1331,1846,1453,5598.217810
1332,1847,1454,5598.251275
1333,1848,1455,5598.282787
1334,1849,1456,5598.313617
1335,1850,1456,5598.313617
1336,1851,1457,5598.360940
1337,1852,1458,5598.394978
1338,1853,1458,5598.394978
1339,1854,1459,5598.425211
1340,1855,1460,5598.457600
1341,1856,1461,5598.489386
1342,1857,1462,5598.523155
1343,1858,1462,5598.523155
1344,1859,1463,5598.553346
1345,1860,1464,5598.584767
1346,1861,1465,5598.617201
1347,1862,1466,5598.651013
1348,1863,1466,5598.651013
1349,1864,1467,5598.697577
1350,1865,1468,5598.729371
1351,1866,1468,5598.729371
1352,1867,1469,5598.760937
1353,1868,1470,5598.794232
1354,1869,1471,5598.826290
1355,1870,1472,5598.859657
1356,1871,1472,5598.859657
1357,1872,1473,5598.889686
1358,1873,1474,5598.921485
1359,1874,1475,5598.954216
1360,1875,1476,5598.986481
1361,1876,1476,5598.986481
1362,1877,1477,5599.034813
1363,1878,1478,5599.065229
1364,1879,1478,5599.065229
1365,1880,1479,5599.097186
1366,1881,1480,5599.129259
1367,1882,1481,5599.162118
1368,1883,1482,5599.194203
1369,1884,1482,5599.194203
1370,1885,1483,5599.225316
1371,1886,1484,5599.257567
1372,1887,1485,5599.291150
1373,1888,1486,5599.321624
1374,1889,1486,5599.321624
1375,1890,1487,5599.367641
1376,1891,1488,5599.401255
1377,1892,1488,5599.401255
1378,1893,1489,5599.434810
1379,1894,1490,5599.465745
1380,1895,1491,5599.498447
1381,1896,1492,5599.529495
1382,1897,1492,5599.529495
1383,1898,1493,5599.562057
1384,1899,1494,5599.592976
1385,1900,1495,5599.625994
1386,1901,1496,5599.659348
1387,1902,1496,5599.659348
1388,1903,1497,5599.689551
1389,1904,1498,5599.738767
1390,1905,1498,5599.738767
1391,1906,1500,5599.772084
1392,1907,1500,5599.772084
1393,1908,1501,5599.834666
1394,1909,1502,5599.866034
1395,1910,1502,5599.866034
1396,1911,1503,5599.897098
1397,1912,1504,5599.931154
1398,1913,1505,5599.961743
1399,1914,1506,5599.993666
1400,1915,1506,5599.993666
1401,1916,1507,5600.026736
1402,1917,1508,5600.072745
1403,1918,1508,5600.072745
1404,1919,1510,5600.106840
1405,1920,1511,5600.137293
1406,1921,1512,5600.170501
1407,1922,1512,5600.170501
1408,1923,1512,5600.170501
1409,1924,1513,5600.232745
1410,1925,1514,5600.267891
1411,1926,1515,5600.297798
1412,1927,1516,5600.330010
1413,1928,1517,5600.360180
1414,1929,1517,5600.360180
1415,1930,1518,5600.410330
1416,1931,1518,5600.410330
1417,1932,1520,5600.443256
1418,1933,1521,5600.474503
1419,1934,1522,5600.505304
1420,1935,1523,5600.538545
1421,1936,1523,5600.538545
1422,1937,1524,5600.569051
1423,1938,1524,5600.569051
1424,1939,1525,5600.632343
1425,1940,1526,5600.664185
1426,1941,1526,5600.664185
1427,1942,1527,5600.697187
1428,1943,1528,5600.746305
1429,1944,1528,5600.746305
1430,1945,1530,5600.780316
1431,1946,1531,5600.809760
1432,1947,1532,5600.840545
1433,1948,1533,5600.872922
1434,1949,1533,5600.872922
1435,1950,1534,5600.904959
1436,1951,1535,5600.936342
1437,1952,1536,5600.970363
1438,1953,1536,5600.970363
1439,1954,1536,5600.970363
1440,1955,1537,5601.035167
1441,1956,1537,5601.035167
1442,1957,1538,5601.083565
1443,1958,1540,5601.116137
1444,1959,1541,5601.149349
1445,1960,1542,5601.177625
1446,1961,1543,5601.209106
1447,1962,1543,5601.209106
1448,1963,1544,5601.240166
1449,1964,1545,5601.273706
1450,1965,1546,5601.305880
1451,1966,1547,5601.337952
1452,1967,1547,5601.337952
1453,1968,1548,5601.370037
1454,1969,1548,5601.370037
1455,1970,1548,5601.370037
1456,1971,1550,5601.453649
1457,1972,1551,5601.480419
1458,1973,1552,5601.513607
1459,1974,1552,5601.513607
1460,1975,1553,5601.547511
1461,1976,1554,5601.576174
1462,1977,1555,5601.609262
1463,1978,1555,5601.609262
1464,1979,1556,5601.656969
1465,1980,1557,5601.690158
1466,1981,1558,5601.721637
1467,1982,1559,5601.751553
1468,1983,1559,5601.751553
1469,1984,1560,5601.785630
1470,1985,1561,5601.817892
1471,1986,1562,5601.850455
1472,1987,1562,5601.850455
1473,1988,1563,5601.881778
1474,1989,1564,5601.912349
1475,1990,1564,5601.912349
1476,1991,1565,5601.961803
1477,1992,1566,5601.993410
1478,1993,1567,5602.026548
1479,1994,1568,5602.056809
1480,1995,1568,5602.056809
1481,1996,1569,5602.090063
1482,1997,1570,5602.122105
1483,1998,1571,5602.153015
1484,1999,1572,5602.185437
1485,2000,1572,5602.185437
1486,2001,1573,5602.217718
1487,2002,1574,5602.248838
1488,2003,1574,5602.248838
1489,2004,1575,5602.298201
1490,2005,1576,5602.331960
1491,2006,1577,5602.361664
1492,2007,1578,5602.393965
1493,2008,1578,5602.393965
1494,2009,1579,5602.425099
1495,2010,1580,5602.458980
1496,2011,1581,5602.490728
1497,2012,1582,5602.523061
1498,2013,1582,5602.523061
1499,2014,1583,5602.554683
1500,2015,1584,5602.586992
1501,2016,1584,5602.586992
1502,2017,1585,5602.633104
1503,2018,1586,5602.665340
1504,2019,1587,5602.698567
1505,2020,1588,5602.728859
1506,2021,1588,5602.728859
1507,2022,1589,5602.763805
1508,2023,1590,5602.793411
1509,2024,1591,5602.825797
1510,2025,1592,5602.857503
1511,2026,1592,5602.857503
1512,2027,1593,5602.888370
1513,2028,1594,5602.922241
1514,2029,1594,5602.922241
1515,2030,1595,5602.969997
1516,2031,1596,5603.002592
1517,2032,1597,5603.034307
1518,2033,1598,5603.065450
1519,2034,1598,5603.065450
1520,2035,1599,5603.097863
1521,2036,1600,5603.129303
1522,2037,1601,5603.160676
1523,2038,1602,5603.193080
1524,2039,1602,5603.193080
1525,2040,1603,5603.226370
1526,2041,1604,5603.257967
1527,2042,1605,5603.289210
1528,2043,1605,5603.289210
1529,2044,1606,5603.338110
1530,2045,1608,5603.371397
1531,2046,1608,5603.371397
1532,2047,1608,5603.371397
1533,2048,1609,5603.433726
1534,2049,1610,5603.466164
1535,2050,1611,5603.498230
1536,2051,1611,5603.498230
1537,2052,1612,5603.528702
1538,2053,1613,5603.562502
1539,2054,1614,5603.595503
1540,2055,1615,5603.626463
1541,2056,1615,5603.626463
1542,2057,1616,5603.674026
1543,2058,1617,5603.705148
1544,2059,1618,5603.708209
1545,2060,1619,5603.738158
1546,2061,1620,5603.769216
1547,2062,1620,5603.769216
1548,2063,1621,5603.834033
1549,2064,1621,5603.834033
1550,2065,1622,5603.864873
1551,2066,1623,5603.897428
1552,2067,1624,5603.931466
1553,2068,1625,5603.961595
1554,2069,1625,5603.961595
1555,2070,1626,5604.010294
1556,2071,1627,5604.041022
1557,2072,1628,5604.043030
1558,2073,1629,5604.074639
1559,2074,1630,5604.105001
1560,2075,1631,5604.138508
1561,2076,1631,5604.138508
1562,2077,1632,5604.170492
1563,2078,1632,5604.170492
1564,2079,1633,5604.234262
1565,2080,1634,5604.266652
1566,2081,1635,5604.297284
1567,2082,1635,5604.297284
1568,2083,1636,5604.345977
1569,2084,1636,5604.345977
1570,2085,1638,5604.381013
1571,2086,1639,5604.409261
1572,2087,1640,5604.442414
1573,2088,1641,5604.473098
1574,2089,1642,5604.504032
1575,2090,1642,5604.504032
1576,2091,1643,5604.538219
1577,2092,1644,5604.567974
1578,2093,1644,5604.567974
1579,2094,1644,5604.567974
1580,2095,1645,5604.633085
1581,2096,1646,5604.681481
1582,2097,1646,5604.681481
1583,2098,1648,5604.716150
1584,2099,1649,5604.743763
1585,2100,1650,5604.779289
1586,2101,1651,5604.810826
1587,2102,1651,5604.810826
1588,2103,1652,5604.840857
1589,2104,1653,5604.872426
1590,2105,1654,5604.906037
1591,2106,1655,5604.937279
1592,2107,1655,5604.937279
1593,2108,1656,5604.971104
1594,2109,1656,5604.971104
1595,2110,1656,5604.971104
1596,2111,1658,5605.050323
1597,2112,1659,5605.082919
1598,2113,1660,5605.113514
1599,2114,1661,5605.147537
1600,2115,1661,5605.147537
1601,2116,1662,5605.176949
1602,2117,1663,5605.208023
1603,2118,1664,5605.242549
1604,2119,1665,5605.272980
1605,2120,1665,5605.272980
1606,2121,1666,5605.306275
1607,2122,1667,5605.335774
1608,2123,1667,5605.335774
1609,2124,1668,5605.387301
1610,2125,1669,5605.417045
1611,2126,1670,5605.450267
1612,2127,1670,5605.450267
1613,2128,1671,5605.481179
1614,2129,1672,5605.514468
1615,2130,1673,5605.544822
1616,2131,1674,5605.579198
1617,2132,1675,5605.608396
1618,2133,1675,5605.608396
1619,2134,1676,5605.641355
1620,2135,1677,5605.675444
1621,2136,1677,5605.675444
1622,2137,1678,5605.721995
1623,2138,1679,5605.754490
1624,2139,1680,5605.784718
1625,2140,1680,5605.784718
1626,2141,1681,5605.818057
1627,2142,1682,5605.851309
1628,2143,1683,5605.882358
1629,2144,1684,5605.913431
1630,2145,1684,5605.913431
1631,2146,1685,5605.948552
1632,2147,1686,5605.982174
1633,2148,1687,5606.012865
1634,2149,1687,5606.012865
1635,2150,1688,5606.060937
1636,2151,1689,5606.093615
1637,2152,1690,5606.124714
1638,2153,1690,5606.124714
1639,2154,1691,5606.155427
1640,2155,1692,5606.186804
1641,2156,1693,5606.218273
1642,2157,1694,5606.254093
1643,2158,1695,5606.281301
1644,2159,1696,5606.313261
1645,2160,1696,5606.313261
1646,2161,1697,5606.344829
1647,2162,1697,5606.344829
1648,2163,1698,5606.395050
1649,2164,1699,5606.424958
1650,2165,1700,5606.457540
1651,2166,1701,5606.489424
1652,2167,1701,5606.489424
1653,2168,1702,5606.521300
1654,2169,1703,5606.555474
1655,2170,1704,5606.584636
1656,2171,1705,5606.617434
1657,2172,1706,5606.648133
1658,2173,1706,5606.648133
1659,2174,1707,5606.681239
1660,2175,1707,5606.681239
1661,2176,1708,5606.729772
1662,2177,1709,5606.762939
1663,2178,1710,5606.794539
1664,2179,1711,5606.826008
1665,2180,1711,5606.826008
1666,2181,1712,5606.857072
1667,2182,1713,5606.891542
1668,2183,1714,5606.922051
1669,2184,1715,5606.953612
1670,2185,1715,5606.953612
1671,2186,1716,5606.987751
1672,2187,1717,5607.017817
1673,2188,1718,5607.047968
1674,2189,1718,5607.047968
1675,2190,1719,5607.096406
1676,2191,1720,5607.129502
1677,2192,1721,5607.163967
1678,2193,1721,5607.163967
1679,2194,1722,5607.192967
1680,2195,1723,5607.226923
1681,2196,1724,5607.258716
1682,2197,1725,5607.291275
1683,2198,1725,5607.291275
1684,2199,1726,5607.320689
1685,2200,1727,5607.354633
1686,2201,1728,5607.385783
1687,2202,1728,5607.385783
1688,2203,1729,5607.435125
1689,2204,1730,5607.467260
1690,2205,1731,5607.498775
1691,2206,1731,5607.498775
1692,2207,1732,5607.531084
1693,2208,1733,5607.560951
1694,2209,1734,5607.593700
1695,2210,1735,5607.625238
1696,2211,1735,5607.625238
1697,2212,1736,5607.656516
1698,2213,1737,5607.690919
1699,2214,1738,5607.720918
1700,2215,1738,5607.720918
1701,2216,1739,5607.770379
1702,2217,1740,5607.800591
1703,2218,1741,5607.833612
1704,2219,1741,5607.833612
1705,2220,1742,5607.866326
1706,2221,1743,5607.899150
1707,2222,1744,5607.931557
1708,2223,1744,5607.931557
1709,2224,1745,5607.963086
1710,2225,1746,5607.995833
1711,2226,1747,5608.025319
1712,2227,1748,5608.058571
1713,2228,1748,5608.058571
1714,2229,1749,5608.107124
1715,2230,1751,5608.140719
1716,2231,1751,5608.140719
1717,2232,1752,5608.168588
1718,2233,1752,5608.168588
1719,2234,1753,5608.234330
1720,2235,1753,5608.234330
1721,2236,1754,5608.282259
1722,2237,1756,5608.317113
1723,2238,1757,5608.345700
1724,2239,1757,5608.345700
1725,2240,1758,5608.377516
1726,2241,1759,5608.411127
1727,2242,1760,5608.439888
1728,2243,1761,5608.473082
1729,2244,1761,5608.473082
1730,2245,1762,5608.505705
1731,2246,1763,5608.537795
1732,2247,1764,5608.571205
1733,2248,1764,5608.571205
1734,2249,1764,5608.571205
1735,2250,1766,5608.651780
1736,2251,1766,5608.651780
1737,2252,1767,5608.684729
1738,2253,1768,5608.714345
1739,2254,1769,5608.746351
1740,2255,1770,5608.778940
1741,2256,1771,5608.811466
1742,2257,1771,5608.811466
1743,2258,1772,5608.842787
1744,2259,1773,5608.872381
1745,2260,1774,5608.906793
1746,2261,1775,5608.937930
1747,2262,1775,5608.937930
1748,2263,1776,5608.991371
1749,2264,1777,5609.016625
1750,2265,1777,5609.016625
1751,2266,1778,5609.047768
1752,2267,1779,5609.080931
1753,2268,1780,5609.114007
1754,2269,1781,5609.147251
1755,2270,1781,5609.147251
1756,2271,1782,5609.177284
1757,2272,1783,5609.208952
1758,2273,1784,5609.242571
1759,2274,1785,5609.272701
1760,2275,1785,5609.272701
1761,2276,1786,5609.324063
1762,2277,1786,5609.324063
1763,2278,1787,5609.353941
1764,2279,1788,5609.387490
1765,2280,1789,5609.418119
1766,2281,1790,5609.449780
1767,2282,1790,5609.449780
1768,2283,1791,5609.481169
1769,2284,1792,5609.515598
1770,2285,1793,5609.546389
1771,2286,1794,5609.577471
1772,2287,1794,5609.577471
1773,2288,1795,5609.608737
1774,2289,1796,5609.656619
1775,2290,1796,5609.656619
1776,2291,1797,5609.688966
1777,2292,1798,5609.723466
1778,2293,1799,5609.754419
1779,2294,1800,5609.785844
1780,2295,1800,5609.785844
1781,2296,1801,5609.818287
1782,2297,1802,5609.849880
1783,2298,1803,5609.881316
1784,2299,1804,5609.913635
1785,2300,1804,5609.913635
1786,2301,1805,5609.947426
1787,2302,1805,5609.947426
1788,2303,1806,5609.993632
1789,2304,1807,5610.025348
1790,2305,1808,5610.058330
1791,2306,1809,5610.090683
1792,2307,1809,5610.090683
1793,2308,1810,5610.123154
1794,2309,1811,5610.153734
1795,2310,1812,5610.186510
1796,2311,1813,5610.217544
1797,2312,1814,5610.250587
1798,2313,1814,5610.250587
1799,2314,1815,5610.282809
1800,2315,1815,5610.282809
1801,2316,1816,5610.328651
1802,2317,1817,5610.360604
1803,2318,1818,5610.394420
1804,2319,1819,5610.426208
1805,2320,1819,5610.426208
1806,2321,1820,5610.456326
1807,2322,1821,5610.489551
1808,2323,1822,5610.522643
1809,2324,1823,5610.552552
1810,2325,1824,5610.584538
1811,2326,1824,5610.584538
1812,2327,1825,5610.616912
1813,2328,1826,5610.650041
1814,2329,1826,5610.650041
1815,2330,1827,5610.697556
1816,2331,1828,5610.728804
1817,2332,1829,5610.762475
1818,2333,1829,5610.762475
1819,2334,1830,5610.794246
1820,2335,1831,5610.826034
1821,2336,1832,5610.856816
1822,2337,1833,5610.890779
1823,2338,1834,5610.920490
1824,2339,1834,5610.920490
1825,2340,1835,5610.952975
1826,2341,1836,5610.985325
1827,2342,1836,5610.985325
1828,2343,1837,5611.034164
1829,2344,1838,5611.066087
1830,2345,1839,5611.097430
1831,2346,1839,5611.097430
1832,2347,1840,5611.128400
1833,2348,1841,5611.162986
1834,2349,1842,5611.194145
1835,2350,1843,5611.226493
1836,2351,1843,5611.226493
1837,2352,1844,5611.258175
1838,2353,1845,5611.288205
1839,2354,1846,5611.321488
1840,2355,1846,5611.321488
1841,2356,1847,5611.370190
1842,2357,1848,5611.402660
1843,2358,1849,5611.433559
1844,2359,1849,5611.433559
1845,2360,1850,5611.465662
1846,2361,1851,5611.498107
1847,2362,1852,5611.529526
1848,2363,1853,5611.561584
1849,2364,1853,5611.561584
1850,2365,1854,5611.593877
1851,2366,1855,5611.626311
1852,2367,1856,5611.657901
1853,2368,1856,5611.657901
1854,2369,1857,5611.706252
1855,2370,1859,5611.740331
1856,2371,1860,5611.769205
1857,2372,1860,5611.769205
1858,2373,1860,5611.769205
1859,2374,1861,5611.834029
1860,2375,1862,5611.867107
1861,2376,1863,5611.896899
1862,2377,1863,5611.896899
1863,2378,1864,5611.929054
1864,2379,1865,5611.962100
1865,2380,1866,5611.994990
1866,2381,1866,5611.994990
1867,2382,1867,5612.041376
1868,2383,1869,5612.078251
1869,2384,1869,5612.078251
1870,2385,1870,5612.106105
1871,2386,1871,5612.136580
1872,2387,1872,5612.170325
1873,2388,1872,5612.170325
1874,2389,1872,5612.170325
1875,2390,1873,5612.234328
1876,2391,1874,5612.265565
1877,2392,1875,5612.296187
1878,2393,1876,5612.330658
1879,2394,1877,5612.361465
1880,2395,1877,5612.361465
1881,2396,1878,5612.410809
1882,2397,1878,5612.410809
1883,2398,1880,5612.442889
1884,2399,1881,5612.475082
1885,2400,1882,5612.506879
1886,2401,1883,5612.538263
1887,2402,1883,5612.538263
1888,2403,1884,5612.571248
1889,2404,1884,5612.571248
1890,2405,1885,5612.634224
1891,2406,1886,5612.666294
1892,2407,1886,5612.666294
1893,2408,1887,5612.698675
1894,2409,1888,5612.747670
1895,2410,1888,5612.747670
1896,2411,1890,5612.780039
1897,2412,1891,5612.808971
1898,2413,1892,5612.843249
1899,2414,1893,5612.874175
1900,2415,1893,5612.874175
1901,2416,1894,5612.906382
1902,2417,1895,5612.936865
1903,2418,1896,5612.969110
1904,2419,1896,5612.969110
1905,2420,1897,5613.032764
1906,2421,1897,5613.032764
1907,2422,1898,5613.080980
1908,2423,1898,5613.080980
1909,2424,1900,5613.116191
1910,2425,1901,5613.146639
1911,2426,1902,5613.177058
1912,2427,1903,5613.208817
1913,2428,1903,5613.208817
1914,2429,1904,5613.243153
1915,2430,1905,5613.273574
1916,2431,1906,5613.304867
1917,2432,1907,5613.338096
1918,2433,1907,5613.338096
1919,2434,1908,5613.369475
1920,2435,1908,5613.369475
1921,2436,1908,5613.369475
1922,2437,1910,5613.453814
1923,2438,1911,5613.480520
1924,2439,1912,5613.513879
1925,2440,1913,5613.545311
1926,2441,1913,5613.545311
1927,2442,1914,5613.576746
1928,2443,1915,5613.609674
1929,2444,1916,5613.641821
1930,2445,1917,5613.673367
1931,2446,1917,5613.673367
1932,2447,1918,5613.704938
1933,2448,1919,5613.753980
1934,2449,1919,5613.753980
1935,2450,1920,5613.787058
1936,2451,1921,5613.817283
1937,2452,1922,5613.851476
1938,2453,1923,5613.881774
1939,2454,1923,5613.881774
1940,2455,1924,5613.914198
1941,2456,1925,5613.946510
1942,2457,1926,5613.976553
1943,2458,1927,5614.010426
1944,2459,1927,5614.010426
1945,2460,1928,5614.042462
1946,2461,1929,5614.074389
1947,2462,1929,5614.074389
1948,2463,1930,5614.122159
1949,2464,1931,5614.154242
1950,2465,1932,5614.186735
1951,2466,1933,5614.218141
1952,2467,1933,5614.218141
1953,2468,1934,5614.250270
1954,2469,1935,5614.283809
1955,2470,1936,5614.312262
1956,2471,1937,5614.345331
1957,2472,1937,5614.345331
1958,2473,1938,5614.377030
1959,2474,1939,5614.408739
1960,2475,1939,5614.408739
1961,2476,1940,5614.457680
1962,2477,1941,5614.491343
1963,2478,1942,5614.520043
1964,2479,1943,5614.552996
1965,2480,1943,5614.552996
1966,2481,1944,5614.583954
1967,2482,1945,5614.619205
1968,2483,1946,5614.650704
1969,2484,1947,5614.681501
1970,2485,1947,5614.681501
1971,2486,1948,5614.713841
1972,2487,1949,5614.746224
1973,2488,1949,5614.746224
1974,2489,1950,5614.793697
1975,2490,1951,5614.825201
1976,2491,1952,5614.857411
1977,2492,1952,5614.857411
1978,2493,1953,5614.890137
1979,2494,1954,5614.922014
1980,2495,1955,5614.952939
1981,2496,1956,5614.987083
1982,2497,1957,5615.017929
1983,2498,1957,5615.017929
1984,2499,1958,5615.049627
1985,2500,1959,5615.082055
1986,2501,1959,5615.082055
1987,2502,1960,5615.130439
1988,2503,1961,5615.160366
1989,2504,1962,5615.195094
1990,2505,1962,5615.195094
1991,2506,1963,5615.225213
1992,2507,1964,5615.259507
1993,2508,1965,5615.288438
1994,2509,1966,5615.321517
1995,2510,1966,5615.321517
1996,2511,1967,5615.354408
1997,2512,1968,5615.385195
1998,2513,1969,5615.416249
1999,2514,1969,5615.416249
2000,2515,1970,5615.465921
2001,2516,1971,5615.497418
2002,2517,1972,5615.531326
2003,2518,1972,5615.531326
2004,2519,1973,5615.561957
2005,2520,1974,5615.591888
2006,2521,1975,5615.626218
2007,2522,1976,5615.658875
2008,2523,1976,5615.658875
2009,2524,1977,5615.690559
2010,2525,1978,5615.722938
2011,2526,1979,5615.755062
2012,2527,1980,5615.785065
2013,2528,1980,5615.785065
2014,2529,1981,5615.835092
2015,2530,1982,5615.865247
2016,2531,1982,5615.865247
2017,2532,1983,5615.897370
2018,2533,1984,5615.930414
2019,2534,1985,5615.962262
2020,2535,1986,5615.995996
2021,2536,1986,5615.995996
2022,2537,1987,5616.024439
2023,2538,1988,5616.056767
2024,2539,1989,5616.090514
2025,2540,1990,5616.122331
2026,2541,1990,5616.122331
2027,2542,1991,5616.170834
2028,2543,1992,5616.202364
2029,2544,1992,5616.202364
2030,2545,1993,5616.234088
2031,2546,1994,5616.265840
2032,2547,1995,5616.298658
2033,2548,1996,5616.330659
2034,2549,1996,5616.330659
2035,2550,1997,5616.362109
2036,2551,1998,5616.394401
2037,2552,1999,5616.428144
2038,2553,2000,5616.457509
2039,2554,2000,5616.457509
2040,2555,2001,5616.507684
2041,2556,2002,5616.537705
2042,2557,2003,5616.541017
2043,2558,2004,5616.568205
2044,2559,2004,5616.568205
2045,2560,2005,5616.633120
2046,2561,2006,5616.665612
2047,2562,2006,5616.665612
2048,2563,2007,5616.699113
2049,2564,2008,5616.730066
2050,2565,2009,5616.762034
2051,2566,2010,5616.792773
2052,2567,2010,5616.792773
2053,2568,2011,5616.842473
2054,2569,2011,5616.842473
2055,2570,2013,5616.878285
2056,2571,2014,5616.906561
2057,2572,2015,5616.937851
2058,2573,2016,5616.971272
2059,2574,2016,5616.971272
2060,2575,2016,5616.971272
2061,2576,2017,5617.032879
2062,2577,2018,5617.065865
2063,2578,2019,5617.097957
2064,2579,2020,5617.129891
2065,2580,2020,5617.129891
2066,2581,2021,5617.178883
2067,2582,2023,5617.210495
2068,2583,2023,5617.210495
2069,2584,2024,5617.242103
2070,2585,2025,5617.275108
2071,2586,2026,5617.304434
2072,2587,2027,5617.338423
2073,2588,2027,5617.338423
2074,2589,2028,5617.369638
2075,2590,2028,5617.369638
2076,2591,2029,5617.434676
2077,2592,2030,5617.465924
2078,2593,2030,5617.465924
2079,2594,2031,5617.497742
2080,2595,2031,5617.497742
2081,2596,2033,5617.548130
2082,2597,2034,5617.578279
2083,2598,2035,5617.610900
2084,2599,2036,5617.643623
2085,2600,2036,5617.643623
2086,2601,2037,5617.673796
2087,2602,2038,5617.706894
2088,2603,2039,5617.737401
2089,2604,2040,5617.769760
2090,2605,2040,5617.769760
2091,2606,2040,5617.769760
2092,2607,2041,5617.832250
2093,2608,2041,5617.832250
2094,2609,2042,5617.880153
2095,2610,2044,5617.916383
2096,2611,2045,5617.946155
2097,2612,2046,5617.978157
2098,2613,2047,5618.008176
2099,2614,2047,5618.008176
2100,2615,2048,5618.041263
2101,2616,2049,5618.073613
2102,2617,2050,5618.106600
2103,2618,2051,5618.136509
2104,2619,2051,5618.136509
2105,2620,2052,5618.169521
2106,2621,2052,5618.169521
2107,2622,2052,5618.169521
2108,2623,2054,5618.254820
2109,2624,2055,5618.280362
2110,2625,2056,5618.313222
2111,2626,2056,5618.313222
2112,2627,2057,5618.345399
2113,2628,2058,5618.379415
2114,2629,2059,5618.408037
2115,2630,2060,5618.441139
2116,2631,2060,5618.441139
2117,2632,2061,5618.474081
2118,2633,2062,5618.505065
2119,2634,2062,5618.505065
2120,2635,2063,5618.552337
2121,2636,2064,5618.584339
2122,2637,2065,5618.617773
2123,2638,2066,5618.648897
2124,2639,2066,5618.648897
2125,2640,2067,5618.680447
2126,2641,2068,5618.714585
2127,2642,2069,5618.745509
2128,2643,2070,5618.776215
2129,2644,2070,5618.776215
2130,2645,2071,5618.809221
2131,2646,2072,5618.841444
2132,2647,2072,5618.841444
2133,2648,2073,5618.889135
2134,2649,2074,5618.921223
2135,2650,2075,5618.955069
2136,2651,2076,5618.986507
2137,2652,2076,5618.986507
2138,2653,2077,5619.019025
2139,2654,2078,5619.049812
2140,2655,2079,5619.080852
2141,2656,2080,5619.113564
2142,2657,2080,5619.113564
2143,2658,2081,5619.145703
2144,2659,2082,5619.177720
2145,2660,2082,5619.177720
2146,2661,2083,5619.225233
2147,2662,2084,5619.258771
2148,2663,2085,5619.291592
2149,2664,2086,5619.321261
2150,2665,2086,5619.321261
2151,2666,2087,5619.353526
2152,2667,2088,5619.384470
2153,2668,2089,5619.418649
2154,2669,2090,5619.450370
2155,2670,2090,5619.450370
2156,2671,2091,5619.483075
2157,2672,2092,5619.512781
2158,2673,2093,5619.543883
2159,2674,2093,5619.543883
2160,2675,2094,5619.592948
2161,2676,2095,5619.626055
2162,2677,2095,5619.626055
2163,2678,2096,5619.656520
2164,2679,2097,5619.688688
2165,2680,2098,5619.721185
2166,2681,2099,5619.754471
2167,2682,2099,5619.754471
2168,2683,2100,5619.785269
2169,2684,2101,5619.816999
2170,2685,2102,5619.848862
2171,2686,2103,5619.882182
2172,2687,2103,5619.882182
2173,2688,2104,5619.929299
2174,2689,2105,5619.961676
2175,2690,2105,5619.961676
2176,2691,2106,5619.994095
2177,2692,2107,5620.024647
2178,2693,2108,5620.058252
2179,2694,2109,5620.090875
2180,2695,2110,5620.121906
2181,2696,2110,5620.121906
2182,2697,2111,5620.152513
2183,2698,2112,5620.185977
2184,2699,2113,5620.218530
2185,2700,2113,5620.218530
2186,2701,2114,5620.266881
2187,2702,2115,5620.298882
2188,2703,2115,5620.298882
2189,2704,2116,5620.329983
2190,2705,2117,5620.360923
2191,2706,2118,5620.394066
2192,2707,2119,5620.424953
2193,2708,2120,5620.457076
2194,2709,2120,5620.457076
2195,2710,2121,5620.488823
2196,2711,2122,5620.523548
2197,2712,2123,5620.555095
2198,2713,2123,5620.555095
2199,2714,2124,5620.600354
2200,2715,2125,5620.635120
2201,2716,2125,5620.635120
2202,2717,2126,5620.665647
2203,2718,2127,5620.697551
2204,2719,2128,5620.729513
2205,2720,2129,5620.762723
2206,2721,2129,5620.762723
2207,2722,2130,5620.794172
2208,2723,2131,5620.825085
2209,2724,2132,5620.856925
2210,2725,2133,5620.889036
2211,2726,2133,5620.889036
2212,2727,2134,5620.936846
2213,2728,2136,5620.971353
2214,2729,2136,5620.971353
2215,2730,2136,5620.971353
2216,2731,2137,5621.033784
2217,2732,2138,5621.066408
2218,2733,2139,5621.098936
2219,2734,2139,5621.098936
2220,2735,2140,5621.129708
2221,2736,2141,5621.161012
2222,2737,2142,5621.193224
2223,2738,2143,5621.226948
2224,2739,2143,5621.226948
2225,2740,2144,5621.256793
2226,2741,2145,5621.305241
2227,2742,2145,5621.305241
2228,2743,2147,5621.340303
2229,2744,2148,5621.369578
2230,2745,2148,5621.369578
2231,2746,2149,5621.432997
2232,2747,2149,5621.432997
2233,2748,2150,5621.466922
2234,2749,2151,5621.498671
2235,2750,2152,5621.530937
2236,2751,2153,5621.561184
2237,2752,2154,5621.592355
2238,2753,2154,5621.592355
2239,2754,2155,5621.642394
2240,2755,2155,5621.642394
2241,2756,2157,5621.676938
2242,2757,2158,5621.706519
2243,2758,2159,5621.736991
2244,2759,2160,5621.769082
2245,2760,2160,5621.769082
2246,2761,2160,5621.769082
2247,2762,2161,5621.832521
2248,2763,2162,5621.864943
2249,2764,2163,5621.898310
2250,2765,2163,5621.898310
2251,2766,2164,5621.928803
2252,2767,2164,5621.928803
2253,2768,2165,5621.977515
2254,2769,2167,5622.012789
2255,2770,2168,5622.042913
2256,2771,2169,5622.075093
2257,2772,2170,5622.105344
2258,2773,2170,5622.105344
2259,2774,2171,5622.136925
2260,2775,2172,5622.171042
2261,2776,2172,5622.171042
2262,2777,2172,5622.171042
2263,2778,2173,5622.234956
2264,2779,2174,5622.264771
2265,2780,2174,5622.264771
2266,2781,2175,5622.315087
2267,2782,2177,5622.352145
2268,2783,2178,5622.378755
2269,2784,2179,5622.410241
2270,2785,2179,5622.410241
2271,2786,2180,5622.440794
2272,2787,2181,5622.472591
2273,2788,2182,5622.506240
2274,2789,2183,5622.537736
2275,2790,2184,5622.568866
2276,2791,2184,5622.568866
2277,2792,2184,5622.568866
2278,2793,2184,5622.568866
2279,2794,2185,5622.648707
2280,2795,2187,5622.685627
2281,2796,2188,5622.714333
2282,2797,2189,5622.746398
2283,2798,2189,5622.746398
2284,2799,2190,5622.778558
2285,2800,2191,5622.809293
2286,2801,2192,5622.842575
2287,2802,2193,5622.874977
2288,2803,2193,5622.874977
2289,2804,2194,5622.907004
2290,2805,2195,5622.939070
2291,2806,2196,5622.971438
2292,2807,2196,5622.971438
2293,2808,2196,5622.971438
2294,2809,2198,5623.051892
2295,2810,2199,5623.081904
2296,2811,2199,5623.081904
2297,2812,2200,5623.113925
2298,2813,2201,5623.145654
2299,2814,2202,5623.178596
2300,2815,2203,5623.210691
2301,2816,2203,5623.210691
2302,2817,2204,5623.241468
2303,2818,2205,5623.275294
2304,2819,2206,5623.307607
2305,2820,2206,5623.307607
2306,2821,2207,5623.353265
2307,2822,2208,5623.385089
2308,2823,2209,5623.418959
2309,2824,2209,5623.418959
2310,2825,2210,5623.448627
2311,2826,2211,5623.481801
2312,2827,2212,5623.515008
2313,2828,2213,5623.545087
2314,2829,2213,5623.545087
2315,2830,2214,5623.576598
2316,2831,2215,5623.610620
2317,2832,2216,5623.640687
2318,2833,2216,5623.640687
2319,2834,2217,5623.689854
2320,2835,2218,5623.721662
2321,2836,2218,5623.721662
2322,2837,2219,5623.753527
2323,2838,2220,5623.784357
2324,2839,2221,5623.818725
2325,2840,2222,5623.849824
2326,2841,2222,5623.849824
2327,2842,2223,5623.881116
2328,2843,2224,5623.915708
2329,2844,2225,5623.944739
2330,2845,2226,5623.978252
2331,2846,2226,5623.978252
2332,2847,2227,5624.027063
2333,2848,2228,5624.059326
2334,2849,2228,5624.059326
2335,2850,2229,5624.089698
2336,2851,2230,5624.121572
2337,2852,2231,5624.155403
2338,2853,2232,5624.185847
2339,2854,2232,5624.185847
2340,2855,2233,5624.218545
2341,2856,2234,5624.249551
2342,2857,2235,5624.281508
2343,2858,2236,5624.312796
2344,2859,2236,5624.312796
2345,2860,2237,5624.362769
2346,2861,2237,5624.362769
2347,2862,2238,5624.394816
2348,2863,2239,5624.426190
2349,2864,2240,5624.460455
2350,2865,2241,5624.493179
2351,2866,2242,5624.522353
2352,2867,2242,5624.522353
2353,2868,2243,5624.554219
2354,2869,2244,5624.586057
2355,2870,2245,5624.617815
2356,2871,2246,5624.649730
2357,2872,2246,5624.649730
2358,2873,2247,5624.681777
2359,2874,2248,5624.728114
2360,2875,2248,5624.728114
2361,2876,2249,5624.761777
2362,2877,2250,5624.793630
2363,2878,2251,5624.824175
2364,2879,2252,5624.857021
2365,2880,2252,5624.857021
2366,2881,2253,5624.889394
2367,2882,2254,5624.920542
2368,2883,2255,5624.953829
2369,2884,2256,5624.984074
2370,2885,2256,5624.984074
2371,2886,2257,5625.017701
2372,2887,2257,5625.017701
2373,2888,2258,5625.066192
2374,2889,2259,5625.099134
2375,2890,2260,5625.128350
2376,2891,2261,5625.161738
2377,2892,2261,5625.161738
2378,2893,2262,5625.195230
2379,2894,2263,5625.227197
2380,2895,2264,5625.257919
2381,2896,2265,5625.289951
2382,2897,2265,5625.289951
2383,2898,2266,5625.321805
2384,2899,2267,5625.356154
2385,2900,2267,5625.356154
2386,2901,2268,5625.400871
2387,2902,2269,5625.434782
2388,2903,2270,5625.465294
2389,2904,2271,5625.498006
2390,2905,2272,5625.528937
2391,2906,2272,5625.528937
2392,2907,2273,5625.564037
2393,2908,2274,5625.594551
2394,2909,2275,5625.625977
2395,2910,2276,5625.656883
2396,2911,2276,5625.656883
2397,2912,2277,5625.689526
2398,2913,2277,5625.689526
2399,2914,2278,5625.736675
2400,2915,2280,5625.773895
2401,2916,2280,5625.773895
2402,2917,2281,5625.834276
2403,2918,2281,5625.834276
2404,2919,2282,5625.864992
2405,2920,2283,5625.896762
2406,2921,2284,5625.930710
2407,2922,2285,5625.962385
2408,2923,2285,5625.962385
2409,2924,2286,5625.992930
2410,2925,2287,5626.026310
2411,2926,2287,5626.026310
2412,2927,2288,5626.073644
2413,2928,2290,5626.109404
2414,2929,2291,5626.137999
2415,2930,2292,5626.168731
2416,2931,2292,5626.168731
2417,2932,2292,5626.168731
2418,2933,2293,5626.233090
2419,2934,2294,5626.267129
2420,2935,2295,5626.299593
2421,2936,2295,5626.299593
2422,2937,2296,5626.329322
2423,2938,2297,5626.362222
2424,2939,2298,5626.395177
2425,2940,2298,5626.395177
2426,2941,2300,5626.444955
2427,2942,2301,5626.474275
2428,2943,2301,5626.474275
2429,2944,2302,5626.506954
2430,2945,2303,5626.537491
2431,2946,2304,5626.572137
2432,2947,2304,5626.572137
2433,2948,2305,5626.633419
2434,2949,2305,5626.633419
2435,2950,2306,5626.666327
2436,2951,2307,5626.696520
2437,2952,2308,5626.728543
2438,2953,2308,5626.728543
2439,2954,2309,5626.776606
2440,2955,2311,5626.811752
2441,2956,2312,5626.841129
2442,2957,2312,5626.841129
2443,2958,2313,5626.872606
2444,2959,2314,5626.904990
2445,2960,2315,5626.937890
2446,2961,2316,5626.969208
2447,2962,2316,5626.969208
2448,2963,2316,5626.969208
2449,2964,2317,5627.034325
2450,2965,2318,5627.067123
2451,2966,2318,5627.067123
2452,2967,2319,5627.113495
2453,2968,2321,5627.148774
2454,2969,2322,5627.177665
2455,2970,2322,5627.177665
2456,2971,2323,5627.209335
2457,2972,2324,5627.241480
2458,2973,2325,5627.273782
2459,2974,2326,5627.305455
2460,2975,2326,5627.305455
2461,2976,2327,5627.337542
2462,2977,2328,5627.370259
2463,2978,2328,5627.370259
2464,2979,2328,5627.370259
2465,2980,2329,5627.449238
2466,2981,2331,5627.483572
2467,2982,2331,5627.483572
2468,2983,2332,5627.514435
2469,2984,2333,5627.546376
2470,2985,2334,5627.577453
2471,2986,2335,5627.610918
2472,2987,2336,5627.640174
2473,2988,2336,5627.640174
2474,2989,2337,5627.673300
2475,2990,2338,5627.704456
2476,2991,2339,5627.737823
2477,2992,2339,5627.737823
2478,2993,2340,5627.784746
2479,2994,2341,5627.817324
2480,2995,2341,5627.817324
2481,2996,2342,5627.850889
2482,2997,2343,5627.881306
2483,2998,2344,5627.916122
2484,2999,2345,5627.946187
2485,3000,2345,5627.946187
2486,3001,2346,5627.977637
2487,3002,2347,5628.012319
2488,3003,2348,5628.042169
2489,3004,2349,5628.072852
2490,3005,2349,5628.072852
2491,3006,2350,5628.120972
2492,3007,2351,5628.153271
2493,3008,2351,5628.153271
2494,3009,2352,5628.184729
2495,3010,2353,5628.219501
2496,3011,2354,5628.249467
2497,3012,2355,5628.281652
2498,3013,2355,5628.281652
2499,3014,2356,5628.313062
2500,3015,2357,5628.345935
2501,3016,2358,5628.376608
2502,3017,2359,5628.409950
2503,3018,2359,5628.409950
2504,3019,2360,5628.440830
2505,3020,2360,5628.440830
2506,3021,2361,5628.489281
2507,3022,2362,5628.523670
2508,3023,2363,5628.553755
2509,3024,2364,5628.586655
2510,3025,2365,5628.616941
2511,3026,2365,5628.616941
2512,3027,2366,5628.651185
2513,3028,2367,5628.682768
2514,3029,2368,5628.712316
2515,3030,2369,5628.745159
2516,3031,2369,5628.745159
2517,3032,2370,5628.779459
2518,3033,2370,5628.779459
2519,3034,2371,5628.825645
2520,3035,2372,5628.859940
2521,3036,2373,5628.888737
2522,3037,2374,5628.922092
2523,3038,2374,5628.922092
2524,3039,2375,5628.954300
2525,3040,2376,5628.984816
2526,3041,2377,5629.016782
2527,3042,2378,5629.049054
2528,3043,2378,5629.049054
2529,3044,2379,5629.084105
2530,3045,2380,5629.114413
2531,3046,2380,5629.114413
2532,3047,2381,5629.161874
2533,3048,2382,5629.192049
2534,3049,2383,5629.225994
2535,3050,2384,5629.258320
2536,3051,2385,5629.288838
2537,3052,2385,5629.288838
2538,3053,2386,5629.322046
2539,3054,2387,5629.356718
2540,3055,2388,5629.384496
2541,3056,2389,5629.417689
2542,3057,2389,5629.417689
2543,3058,2390,5629.448462
2544,3059,2391,5629.496798
2545,3060,2391,5629.496798
2546,3061,2392,5629.528943
2547,3062,2393,5629.563384
2548,3063,2394,5629.592411
2549,3064,2395,5629.626743
2550,3065,2395,5629.626743
2551,3066,2396,5629.659509
2552,3067,2397,5629.689338
2553,3068,2398,5629.722421
2554,3069,2399,5629.753798
2555,3070,2399,5629.753798
2556,3071,2400,5629.786775
2557,3072,2401,5629.834020
2558,3073,2401,5629.834020
2559,3074,2402,5629.864577
2560,3075,2403,5629.897488
2561,3076,2404,5629.929076
2562,3077,2405,5629.962780
2563,3078,2405,5629.962780
2564,3079,2406,5629.995058
2565,3080,2407,5630.027084
2566,3081,2408,5630.057735
2567,3082,2409,5630.090987
2568,3083,2409,5630.090987
2569,3084,2410,5630.119813
2570,3085,2411,5630.152627
2571,3086,2411,5630.152627
2572,3087,2412,5630.202141
2573,3088,2413,5630.234363
2574,3089,2414,5630.264393
2575,3090,2415,5630.299087
2576,3091,2415,5630.299087
2577,3092,2416,5630.329280
2578,3093,2417,5630.363249
2579,3094,2418,5630.394361
2580,3095,2419,5630.427020
2581,3096,2419,5630.427020
2582,3097,2420,5630.458976
2583,3098,2421,5630.489919
2584,3099,2421,5630.489919
2585,3100,2422,5630.536542
2586,3101,2424,5630.573392
2587,3102,2424,5630.573392
2588,3103,2425,5630.633349
2589,3104,2425,5630.633349
2590,3105,2426,5630.666718
2591,3106,2427,5630.696480
2592,3107,2428,5630.728648
2593,3108,2429,5630.762844
2594,3109,2429,5630.762844
2595,3110,2430,5630.793581
2596,3111,2431,5630.824390
2597,3112,2431,5630.824390
2598,3113,2432,5630.876195
2599,3114,2434,5630.910341
2600,3115,2435,5630.937214
2601,3116,2435,5630.937214
2602,3117,2436,5630.970575
2603,3118,2436,5630.970575
2604,3119,2437,5631.033993
2605,3120,2438,5631.067077
2606,3121,2438,5631.067077
2607,3122,2439,5631.097364
2608,3123,2440,5631.129971
2609,3124,2441,5631.162273
2610,3125,2441,5631.162273
2611,3126,2442,5631.209884
2612,3127,2444,5631.246020
2613,3128,2445,5631.273631
2614,3129,2445,5631.273631
2615,3130,2446,5631.306273
2616,3131,2447,5631.337093
2617,3132,2448,5631.370291
2618,3133,2448,5631.370291
2619,3134,2448,5631.370291
2620,3135,2449,5631.433517
2621,3136,2450,5631.465397
2622,3137,2451,5631.496528
2623,3138,2451,5631.496528
2624,3139,2452,5631.547668
2625,3140,2454,5631.581551
2626,3141,2455,5631.610014
2627,3142,2455,5631.610014
2628,3143,2456,5631.642318
2629,3144,2457,5631.675572
2630,3145,2458,5631.706009
2631,3146,2459,5631.738328
2632,3147,2459,5631.738328
2633,3148,2460,5631.770924
2634,3149,2460,5631.770924
2635,3150,2461,5631.834470
2636,3151,2462,5631.866772
2637,3152,2462,5631.866772
2638,3153,2464,5631.917493
2639,3154,2464,5631.917493
2640,3155,2465,5631.948078
2641,3156,2466,5631.976911
2642,3157,2467,5632.008900
2643,3158,2468,5632.040774
2644,3159,2469,5632.073379
2645,3160,2469,5632.073379
2646,3161,2470,5632.104638
2647,3162,2471,5632.138864
2648,3163,2472,5632.170610
2649,3164,2472,5632.170610
2650,3165,2472,5632.170610
2651,3166,2473,5632.249694
2652,3167,2473,5632.249694
2653,3168,2475,5632.283780
2654,3169,2476,5632.312916
2655,3170,2477,5632.345265
2656,3171,2478,5632.377611
2657,3172,2478,5632.377611
2658,3173,2479,5632.409753
2659,3174,2480,5632.440666
2660,3175,2481,5632.473870
2661,3176,2482,5632.505847
2662,3177,2483,5632.536569
2663,3178,2483,5632.536569
2664,3179,2484,5632.586966
2665,3180,2484,5632.586966
2666,3181,2485,5632.617901
2667,3182,2486,5632.648933
2668,3183,2487,5632.681252
2669,3184,2488,5632.713750
2670,3185,2488,5632.713750
2671,3186,2489,5632.744940
2672,3187,2490,5632.777477
2673,3188,2491,5632.809247
2674,3189,2492,5632.841786
2675,3190,2492,5632.841786
2676,3191,2493,5632.872057
2677,3192,2494,5632.923112
2678,3193,2494,5632.923112
2679,3194,2495,5632.952346
2680,3195,2496,5632.985709
2681,3196,2497,5633.019426
2682,3197,2498,5633.049294
2683,3198,2498,5633.049294
2684,3199,2499,5633.082496
2685,3200,2500,5633.113089
2686,3201,2501,5633.147146
2687,3202,2502,5633.177193
2688,3203,2502,5633.177193
2689,3204,2503,5633.209217
2690,3205,2504,5633.257822
2691,3206,2504,5633.257822
2692,3207,2505,5633.288669
2693,3208,2506,5633.322498
2694,3209,2507,5633.353417
2695,3210,2508,5633.385027
2696,3211,2508,5633.385027
2697,3212,2509,5633.417703
2698,3213,2510,5633.450636
2699,3214,2511,5633.481757
2700,3215,2512,5633.513156
2701,3216,2512,5633.513156
2702,3217,2513,5633.547417
2703,3218,2514,5633.578057
2704,3219,2514,5633.578057
2705,3220,2515,5633.625984
2706,3221,2516,5633.657533
2707,3222,2517,5633.689724
2708,3223,2518,5633.721397
2709,3224,2518,5633.721397
2710,3225,2519,5633.753177
2711,3226,2520,5633.786696
2712,3227,2521,5633.818312
2713,3228,2522,5633.849050
2714,3229,2522,5633.849050
2715,3230,2523,5633.881110
2716,3231,2524,5633.913946
2717,3232,2524,5633.913946
2718,3233,2525,5633.960375
2719,3234,2526,5633.994136
2720,3235,2527,5634.026068
2721,3236,2528,5634.056831
2722,3237,2528,5634.056831
2723,3238,2529,5634.090038
2724,3239,2530,5634.120969
2725,3240,2531,5634.154711
2726,3241,2532,5634.185252
2727,3242,2532,5634.185252
2728,3243,2533,5634.216565
2729,3244,2534,5634.251696
2730,3245,2534,5634.251696
2731,3246,2535,5634.296215
2732,3247,2536,5634.331122
2733,3248,2537,5634.362004
2734,3249,2538,5634.395216
2735,3250,2538,5634.395216
2736,3251,2539,5634.428163
2737,3252,2540,5634.459855
2738,3253,2541,5634.489255
2739,3254,2542,5634.522405
2740,3255,2542,5634.522405
2741,3256,2543,5634.556432
2742,3257,2544,5634.585890
2743,3258,2544,5634.585890
2744,3259,2545,5634.634564
2745,3260,2546,5634.668732
2746,3261,2547,5634.698932
2747,3262,2548,5634.728789
2748,3263,2549,5634.762371
2749,3264,2549,5634.762371
2750,3265,2550,5634.793032
2751,3266,2551,5634.826767
2752,3267,2552,5634.858254
2753,3268,2553,5634.888841
2754,3269,2553,5634.888841
2755,3270,2554,5634.922268
2756,3271,2554,5634.922268
2757,3272,2555,5634.970709
2758,3273,2556,5635.000803
2759,3274,2557,5635.035055
2760,3275,2558,5635.064632
2761,3276,2559,5635.097448
2762,3277,2559,5635.097448
2763,3278,2560,5635.130456
2764,3279,2561,5635.162617
2765,3280,2562,5635.194263
2766,3281,2563,5635.227315
2767,3282,2563,5635.227315
2768,3283,2564,5635.257021
2769,3284,2564,5635.257021
2770,3285,2565,5635.305304
2771,3286,2567,5635.339293
2772,3287,2568,5635.369618
2773,3288,2568,5635.369618
2774,3289,2569,5635.433086
2775,3290,2569,5635.433086
2776,3291,2570,5635.466555
2777,3292,2571,5635.497562
2778,3293,2572,5635.529149
2779,3294,2573,5635.561101
2780,3295,2573,5635.561101
2781,3296,2574,5635.592538
2782,3297,2575,5635.623676
2783,3298,2575,5635.623676
2784,3299,2576,5635.674727
2785,3300,2578,5635.710655
2786,3301,2579,5635.736918
2787,3302,2579,5635.736918
2788,3303,2580,5635.769408
2789,3304,2580,5635.769408
2790,3305,2581,5635.833492
2791,3306,2582,5635.865838
2792,3307,2582,5635.865838
2793,3308,2583,5635.899485
2794,3309,2584,5635.929944
2795,3310,2585,5635.962983
2796,3311,2585,5635.962983
2797,3312,2586,5636.008975
2798,3313,2588,5636.043072
2799,3314,2589,5636.074396
2800,3315,2589,5636.074396
2801,3316,2590,5636.105042
2802,3317,2591,5636.138875
2803,3318,2592,5636.169250
2804,3319,2592,5636.169250
2805,3320,2592,5636.169250
2806,3321,2593,5636.232106
2807,3322,2594,5636.266461
2808,3323,2595,5636.298077
2809,3324,2595,5636.298077
2810,3325,2596,5636.345520
2811,3326,2598,5636.381378
2812,3327,2599,5636.408853
2813,3328,2600,5636.441753
2814,3329,2600,5636.441753
2815,3330,2601,5636.473930
2816,3331,2602,5636.505437
2817,3332,2603,5636.538107
2818,3333,2604,5636.569236
2819,3334,2604,5636.569236
2820,3335,2604,5636.569236
2821,3336,2605,5636.633799
2822,3337,2605,5636.633799
2823,3338,2606,5636.682840
2824,3339,2608,5636.716164
2825,3340,2609,5636.747019
2826,3341,2610,5636.778112
2827,3342,2610,5636.778112
2828,3343,2611,5636.809326
2829,3344,2612,5636.842084
2830,3345,2613,5636.871791
2831,3346,2614,5636.905015
2832,3347,2614,5636.905015
2833,3348,2615,5636.939721
2834,3349,2616,5636.970597
2835,3350,2616,5636.970597
2836,3351,2616,5636.970597
2837,3352,2618,5637.053595
2838,3353,2619,5637.084604
2839,3354,2620,5637.113234
2840,3355,2620,5637.113234
2841,3356,2621,5637.145471
2842,3357,2622,5637.177586
2843,3358,2623,5637.209457
2844,3359,2624,5637.242102
2845,3360,2624,5637.242102
2846,3361,2625,5637.275007
2847,3362,2626,5637.304783
2848,3363,2627,5637.338464
2849,3364,2627,5637.338464
2850,3365,2628,5637.385967
2851,3366,2629,5637.419322
2852,3367,2629,5637.419322
2853,3368,2630,5637.449739
2854,3369,2631,5637.481679
2855,3370,2632,5637.514651
2856,3371,2633,5637.546856
2857,3372,2633,5637.546856
2858,3373,2634,5637.578529
2859,3374,2635,5637.609838
2860,3375,2636,5637.642099
2861,3376,2637,5637.675007
2862,3377,2637,5637.675007
2863,3378,2638,5637.722196
2864,3379,2639,5637.753517
2865,3380,2639,5637.753517
2866,3381,2640,5637.784614
2867,3382,2641,5637.817078
2868,3383,2642,5637.849035
2869,3384,2643,5637.881919
2870,3385,2643,5637.881919
2871,3386,2644,5637.911292
2872,3387,2645,5637.946257
2873,3388,2646,5637.977557
2874,3389,2647,5638.010969
2875,3390,2647,5638.010969
2876,3391,2648,5638.057133
2877,3392,2649,5638.089135
2878,3393,2649,5638.089135
2879,3394,2650,5638.120501
2880,3395,2651,5638.153904
2881,3396,2652,5638.187055
2882,3397,2653,5638.218245
2883,3398,2653,5638.218245
2884,3399,2654,5638.249056
2885,3400,2655,5638.283341
2886,3401,2656,5638.313120
2887,3402,2657,5638.345946
2888,3403,2657,5638.345946
2889,3404,2658,5638.393128
2890,3405,2658,5638.393128
2891,3406,2659,5638.425676
2892,3407,2660,5638.458305
2893,3408,2661,5638.490160
2894,3409,2662,5638.520595
2895,3410,2662,5638.520595
2896,3411,2663,5638.553778
2897,3412,2664,5638.584790
2898,3413,2665,5638.617149
2899,3414,2666,5638.649226
2900,3415,2666,5638.649226
2901,3416,2667,5638.680479
2902,3417,2668,5638.729771
2903,3418,2668,5638.729771
2904,3419,2669,5638.760737
2905,3420,2670,5638.791989
2906,3421,2671,5638.826822
2907,3422,2672,5638.857191
2908,3423,2672,5638.857191
2909,3424,2673,5638.889941
2910,3425,2674,5638.922548
2911,3426,2675,5638.955177
2912,3427,2676,5638.985353
2913,3428,2676,5638.985353
2914,3429,2677,5639.017113
2915,3430,2678,5639.050544
2916,3431,2678,5639.050544
2917,3432,2679,5639.097114
2918,3433,2680,5639.130461
2919,3434,2681,5639.163129
2920,3435,2681,5639.163129
2921,3436,2682,5639.191899
2922,3437,2683,5639.225393
2923,3438,2684,5639.258821
2924,3439,2685,5639.289990
2925,3440,2685,5639.289990
2926,3441,2686,5639.322140
2927,3442,2687,5639.355103
2928,3443,2688,5639.385500
2929,3444,2688,5639.385500
2930,3445,2689,5639.433620
2931,3446,2690,5639.465014
2932,3447,2691,5639.497151
2933,3448,2691,5639.497151
2934,3449,2692,5639.531293
2935,3450,2693,5639.562920
2936,3451,2694,5639.593908
2937,3452,2695,5639.625575
2938,3453,2695,5639.625575
2939,3454,2696,5639.656710
2940,3455,2697,5639.688966
2941,3456,2698,5639.720391
2942,3457,2698,5639.720391
2943,3458,2699,5639.768048
2944,3459,2700,5639.801133
2945,3460,2701,5639.832212
2946,3461,2701,5639.832212
2947,3462,2702,5639.865779
2948,3463,2703,5639.901410
2949,3464,2704,5639.929163
2950,3465,2704,5639.929163
2951,3466,2705,5639.961748
2952,3467,2706,5639.992966
2953,3468,2707,5640.025885
2954,3469,2708,5640.058809
2955,3470,2708,5640.058809
2956,3471,2709,5640.105521
2957,3472,2710,5640.138745
2958,3473,2711,5640.140817
2959,3474,2712,5640.169449
2960,3475,2712,5640.169449
2961,3476,2713,5640.234213
2962,3477,2714,5640.264949
2963,3478,2714,5640.264949
2964,3479,2715,5640.296565
2965,3480,2716,5640.329051
2966,3481,2717,5640.362083
2967,3482,2718,5640.393544
2968,3483,2718,5640.393544
2969,3484,2719,5640.440239
2970,3485,2720,5640.473495
2971,3486,2721,5640.475743
2972,3487,2722,5640.504531
2973,3488,2723,5640.537242
2974,3489,2724,5640.570613
2975,3490,2724,5640.570613
2976,3491,2724,5640.570613
2977,3492,2725,5640.632470
2978,3493,2726,5640.666701
2979,3494,2727,5640.697224
2980,3495,2728,5640.730317
2981,3496,2728,5640.730317
2982,3497,2729,5640.760920
2983,3498,2729,5640.760920
2984,3499,2731,5640.813368
2985,3500,2732,5640.844431
2986,3501,2733,5640.873768
2987,3502,2734,5640.905048
2988,3503,2735,5640.937009
2989,3504,2735,5640.937009
2990,3505,2736,5640.968193
2991,3506,2736,5640.968193
2992,3507,2737,5641.035165
2993,3508,2738,5641.065454
2994,3509,2738,5641.065454
2995,3510,2739,5641.098029
2996,3511,2739,5641.098029
2997,3512,2740,5641.145452
2998,3513,2742,5641.182400
2999,3514,2743,5641.208363
3000,3515,2744,5641.241780
3001,3516,2744,5641.241780
3002,3517,2745,5641.273787
3003,3518,2746,5641.305878
3004,3519,2747,5641.339521
3005,3520,2748,5641.370543
3006,3521,2748,5641.370543
3007,3522,2748,5641.370543
3008,3523,2749,5641.434936
3009,3524,2749,5641.434936
3010,3525,2750,5641.481999
3011,3526,2752,5641.514862
3012,3527,2753,5641.546191
3013,3528,2754,5641.578774
3014,3529,2754,5641.578774
3015,3530,2755,5641.610529
3016,3531,2756,5641.641529
3017,3532,2757,5641.674914
3018,3533,2758,5641.705697
3019,3534,2758,5641.705697
3020,3535,2759,5641.737166
3021,3536,2760,5641.768672
3022,3537,2760,5641.768672
3023,3538,2760,5641.768672
3024,3539,2762,5641.852899
3025,3540,2763,5641.882167
3026,3541,2764,5641.914325
3027,3542,2764,5641.914325
3028,3543,2765,5641.946162
3029,3544,2766,5641.978691
3030,3545,2767,5642.011608
3031,3546,2768,5642.041696
3032,3547,2768,5642.041696
3033,3548,2769,5642.073099
3034,3549,2770,5642.106710
3035,3550,2770,5642.106710
3036,3551,2771,5642.153497
3037,3552,2772,5642.186409
3038,3553,2773,5642.217767
3039,3554,2773,5642.217767
3040,3555,2774,5642.250053
3041,3556,2775,5642.281304
3042,3557,2776,5642.313146
3043,3558,2777,5642.345589
3044,3559,2778,5642.377769
3045,3560,2778,5642.377769
3046,3561,2779,5642.409818
3047,3562,2780,5642.442905
3048,3563,2781,5642.473732
3049,3564,2781,5642.473732
3050,3565,2782,5642.522510
3051,3566,2783,5642.555519
3052,3567,2784,5642.585590
3053,3568,2784,5642.585590
3054,3569,2785,5642.617907
3055,3570,2786,5642.650558
3056,3571,2787,5642.682596
3057,3572,2788,5642.714317
3058,3573,2788,5642.714317
3059,3574,2789,5642.745552
3060,3575,2790,5642.778721
3061,3576,2791,5642.809980
3062,3577,2791,5642.809980
3063,3578,2792,5642.856369
3064,3579,2793,5642.889736
3065,3580,2793,5642.889736
3066,3581,2794,5642.922248
3067,3582,2795,5642.953406
3068,3583,2796,5642.984258
3069,3584,2797,5643.018857
3070,3585,2798,5643.049459
3071,3586,2798,5643.049459
3072,3587,2799,5643.080120
3073,3588,2800,5643.113792
3074,3589,2801,5643.147321
3075,3590,2801,5643.147321
3076,3591,2802,5643.194437
3077,3592,2803,5643.226955
3078,3593,2803,5643.226955
3079,3594,2804,5643.257695
3080,3595,2805,5643.290385
3081,3596,2806,5643.322863
3082,3597,2807,5643.355394
3083,3598,2807,5643.355394
3084,3599,2808,5643.386590
3085,3600,2809,5643.417906
3086,3601,2810,5643.451952
3087,3602,2811,5643.481932
3088,3603,2811,5643.481932
3089,3604,2812,5643.530590
3090,3605,2813,5643.562540
3091,3606,2813,5643.562540
3092,3607,2814,5643.594868
3093,3608,2815,5643.625056
3094,3609,2816,5643.657992
3095,3610,2816,5643.657992
3096,3611,2817,5643.691786
3097,3612,2818,5643.721007
3098,3613,2819,5643.754149
3099,3614,2820,5643.786492
3100,3615,2821,5643.817359
3101,3616,2821,5643.817359
3102,3617,2822,5643.866327
3103,3618,2822,5643.866327
3104,3619,2823,5643.898471
3105,3620,2824,5643.929233
3106,3621,2825,5643.960344
3107,3622,2826,5643.994090
3108,3623,2826,5643.994090
3109,3624,2827,5644.024780
3110,3625,2828,5644.059199
3111,3626,2829,5644.089487
3112,3627,2830,5644.123195
3113,3628,2830,5644.123195
3114,3629,2831,5644.154486
3115,3630,2832,5644.200517
3116,3631,2832,5644.200517
3117,3632,2833,5644.233934
3118,3633,2834,5644.266225
3119,3634,2835,5644.297224
3120,3635,2835,5644.297224
3121,3636,2836,5644.330911
3122,3637,2837,5644.362103
3123,3638,2838,5644.393017
3124,3639,2839,5644.424279
3125,3640,2840,5644.456603
3126,3641,2840,5644.456603
3127,3642,2841,5644.488873
3128,3643,2842,5644.522129
3129,3644,2842,5644.522129
3130,3645,2843,5644.570723
3131,3646,2844,5644.601524
3132,3647,2845,5644.633741
3133,3648,2845,5644.633741
3134,3649,2846,5644.665675
3135,3650,2847,5644.697328
3136,3651,2848,5644.730517
3137,3652,2849,5644.761752
3138,3653,2849,5644.761752
3139,3654,2850,5644.793935
3140,3655,2851,5644.826339
3141,3656,2852,5644.858251
3142,3657,2852,5644.858251
3143,3658,2853,5644.906680
3144,3659,2855,5644.941550
3145,3660,2856,5644.971635
3146,3661,2856,5644.971635
3147,3662,2856,5644.971635
3148,3663,2857,5645.033196
3149,3664,2858,5645.067265
3150,3665,2859,5645.098997
3151,3666,2859,5645.098997
3152,3667,2860,5645.128959
3153,3668,2861,5645.161224
3154,3669,2862,5645.194881
3155,3670,2862,5645.194881
3156,3671,2863,5645.242022
3157,3672,2865,5645.275758
3158,3673,2866,5645.305409
3159,3674,2866,5645.305409
3160,3675,2867,5645.338392
3161,3676,2868,5645.369175
3162,3677,2868,5645.369175
3163,3678,2869,5645.434065
3164,3679,2869,5645.434065
3165,3680,2870,5645.465580
3166,3681,2871,5645.497074
3167,3682,2872,5645.529646
3168,3683,2872,5645.529646
3169,3684,2873,5645.576346
3170,3685,2875,5645.611340
3171,3686,2875,5645.611340
3172,3687,2876,5645.642228
3173,3688,2877,5645.674123
3174,3689,2878,5645.704891
3175,3690,2879,5645.738728
3176,3691,2880,5645.769283
3177,3692,2880,5645.769283
3178,3693,2880,5645.769283
3179,3694,2881,5645.832583
3180,3695,2882,5645.867296
3181,3696,2882,5645.867296
3182,3697,2883,5645.913670
3183,3698,2884,5645.948447
3184,3699,2885,5645.950564
3185,3700,2886,5645.976514
3186,3701,2887,5646.011618
3187,3702,2888,5646.042824
3188,3703,2889,5646.073929
3189,3704,2889,5646.073929
3190,3705,2890,5646.104221
3191,3706,2891,5646.137595
3192,3707,2892,5646.169918
3193,3708,2892,5646.169918
3194,3709,2893,5646.233269
3195,3710,2893,5646.233269
3196,3711,2894,5646.281113
3197,3712,2894,5646.281113
3198,3713,2896,5646.322056
3199,3714,2897,5646.345306
3200,3715,2898,5646.377897
3201,3716,2899,5646.411479
3202,3717,2899,5646.411479
3203,3718,2900,5646.440876
3204,3719,2901,5646.475382
3205,3720,2902,5646.504649
3206,3721,2903,5646.536781
3207,3722,2903,5646.536781
3208,3723,2904,5646.570889
3209,3724,2904,5646.570889
3210,3725,2904,5646.570889
3211,3726,2906,5646.650430
3212,3727,2907,5646.683295
3213,3728,2908,5646.714252
3214,3729,2909,5646.745861
3215,3730,2909,5646.745861
3216,3731,2910,5646.777957
3217,3732,2911,5646.811023
3218,3733,2912,5646.842810
3219,3734,2913,5646.873875
3220,3735,2913,5646.873875
3221,3736,2914,5646.905940
3222,3737,2915,5646.953448
3223,3738,2915,5646.953448
3224,3739,2916,5646.986953
3225,3740,2917,5647.017342
3226,3741,2918,5647.048237
3227,3742,2919,5647.081717
3228,3743,2919,5647.081717
3229,3744,2920,5647.114154
3230,3745,2921,5647.146105
3231,3746,2922,5647.178047
3232,3747,2923,5647.209551
3233,3748,2923,5647.209551
3234,3749,2924,5647.242048
3235,3750,2925,5647.289639
3236,3751,2925,5647.289639
3237,3752,2926,5647.321308
3238,3753,2927,5647.354193
3239,3754,2928,5647.386149
3240,3755,2929,5647.418841
3241,3756,2929,5647.418841
3242,3757,2930,5647.449177
3243,3758,2931,5647.480730
3244,3759,2932,5647.513869
3245,3760,2933,5647.545902
3246,3761,2933,5647.545902
3247,3762,2934,5647.577914
3248,3763,2935,5647.625329
3249,3764,2935,5647.625329
3250,3765,2936,5647.658057
3251,3766,2937,5647.689494
3252,3767,2938,5647.721969
3253,3768,2939,5647.752846
3254,3769,2939,5647.752846
3255,3770,2940,5647.788222
3256,3771,2941,5647.816909
3257,3772,2942,5647.851102
3258,3773,2943,5647.881304
3259,3774,2943,5647.881304
3260,3775,2944,5647.912479
3261,3776,2945,5647.946299
3262,3777,2945,5647.946299
3263,3778,2946,5647.993374
3264,3779,2947,5648.026137
3265,3780,2948,5648.057301
3266,3781,2948,5648.057301
3267,3782,2949,5648.088755
3268,3783,2950,5648.122475
3269,3784,2951,5648.153767
3270,3785,2952,5648.185863
3271,3786,2952,5648.185863
3272,3787,2953,5648.217053
3273,3788,2954,5648.250765
3274,3789,2955,5648.281419
3275,3790,2955,5648.281419
3276,3791,2956,5648.329270
3277,3792,2957,5648.361630
3278,3793,2958,5648.393451
3279,3794,2958,5648.393451
3280,3795,2959,5648.425774
3281,3796,2960,5648.458241
3282,3797,2961,5648.490515
3283,3798,2962,5648.523071
3284,3799,2962,5648.523071
3285,3800,2963,5648.553433
3286,3801,2964,5648.585839
3287,3802,2965,5648.617510
3288,3803,2965,5648.617510
3289,3804,2966,5648.665892
3290,3805,2967,5648.699596
3291,3806,2968,5648.729600
3292,3807,2968,5648.729600
3293,3808,2969,5648.761125
3294,3809,2970,5648.793067
3295,3810,2971,5648.827513
3296,3811,2972,5648.857401
3297,3812,2972,5648.857401
3298,3813,2973,5648.889709
3299,3814,2974,5648.921306
3300,3815,2975,5648.953983
3301,3816,2975,5648.953983
3302,3817,2976,5649.001515
3303,3818,2977,5649.035282
3304,3819,2977,5649.035282
3305,3820,2978,5649.064934
3306,3821,2979,5649.097221
3307,3822,2980,5649.128886
3308,3823,2981,5649.162028
3309,3824,2982,5649.192269
3310,3825,2982,5649.192269
3311,3826,2983,5649.225696
3312,3827,2984,5649.258132
3313,3828,2985,5649.291365
3314,3829,2985,5649.291365
3315,3830,2986,5649.338799
3316,3831,2987,5649.370107
3317,3832,2988,5649.372740
3318,3833,2988,5649.372740
3319,3834,2989,5649.434193
3320,3835,2990,5649.463935
3321,3836,2991,5649.497639
3322,3837,2991,5649.497639
3323,3838,2992,5649.529808
3324,3839,2993,5649.562382
3325,3840,2994,5649.594002
3326,3841,2995,5649.625777
3327,3842,2995,5649.625777
3328,3843,2996,5649.658624
3329,3844,2997,5649.706102
3330,3845,2998,5649.708867
3331,3846,2999,5649.736800
3332,3847,3000,5649.769352
3333,3848,3000,5649.769352
3334,3849,3001,5649.834203
3335,3850,3001,5649.834203
3336,3851,3002,5649.865597
3337,3852,3003,5649.899497
3338,3853,3004,5649.929806
3339,3854,3005,5649.961602
3340,3855,3005,5649.961602
3341,3856,3006,5649.993492
3342,3857,3006,5649.993492
3343,3858,3007,5650.042043
3344,3859,3009,5650.077377
3345,3860,3010,5650.106544
3346,3861,3011,5650.137223
3347,3862,3012,5650.170407
3348,3863,3012,5650.170407
3349,3864,3012,5650.170407
3350,3865,3013,5650.234251
3351,3866,3014,5650.264937
3352,3867,3015,5650.297723
3353,3868,3015,5650.297723
3354,3869,3016,5650.329228
3355,3870,3016,5650.329228
3356,3871,3017,5650.378545
3357,3872,3019,5650.415193
3358,3873,3020,5650.442088
3359,3874,3021,5650.473734
3360,3875,3021,5650.473734
3361,3876,3022,5650.506202
3362,3877,3023,5650.539572
3363,3878,3024,5650.568745
3364,3879,3024,5650.568745
3365,3880,3025,5650.633848
3366,3881,3025,5650.633848
3367,3882,3026,5650.664351
3368,3883,3026,5650.664351
3369,3884,3027,5650.714995
3370,3885,3029,5650.749818
3371,3886,3030,5650.776998
3372,3887,3031,5650.811508
3373,3888,3031,5650.811508
3374,3889,3032,5650.840905
3375,3890,3033,5650.872525
3376,3891,3034,5650.907529
3377,3892,3035,5650.937662
3378,3893,3035,5650.937662
3379,3894,3036,5650.970605
3380,3895,3036,5650.970605
3381,3896,3036,5650.970605
3382,3897,3037,5651.050792
3383,3898,3039,5651.084682
3384,3899,3040,5651.114717
3385,3900,3041,5651.145099
3386,3901,3041,5651.145099
3387,3902,3042,5651.176473
3388,3903,3043,5651.209102
3389,3904,3044,5651.241950
3390,3905,3045,5651.274028
3391,3906,3046,5651.304499
3392,3907,3046,5651.304499
3393,3908,3047,5651.336516
3394,3909,3048,5651.370475
3395,3910,3048,5651.370475
3396,3911,3049,5651.417092
3397,3912,3050,5651.449387
3398,3913,3051,5651.481194
3399,3914,3051,5651.481194
3400,3915,3052,5651.514772
3401,3916,3053,5651.546136
3402,3917,3054,5651.578504
3403,3918,3055,5651.609791
3404,3919,3056,5651.640491
3405,3920,3056,5651.640491
3406,3921,3057,5651.673521
3407,3922,3058,5651.705313
3408,3923,3058,5651.705313
3409,3924,3059,5651.754154
3410,3925,3060,5651.788549
3411,3926,3061,5651.818583
3412,3927,3061,5651.818583
3413,3928,3062,5651.849220
3414,3929,3063,5651.882469
3415,3930,3064,5651.912538
3416,3931,3065,5651.945245
3417,3932,3065,5651.945245
3418,3933,3066,5651.978430
3419,3934,3067,5652.013141
3420,3935,3068,5652.042857
3421,3936,3068,5652.042857
3422,3937,3069,5652.089779
3423,3938,3070,5652.120982
3424,3939,3071,5652.155232
3425,3940,3071,5652.155232
3426,3941,3072,5652.185760
3427,3942,3073,5652.217257
3428,3943,3074,5652.249245
3429,3944,3075,5652.282157
3430,3945,3075,5652.282157
3431,3946,3076,5652.313028
3432,3947,3077,5652.344933
3433,3948,3078,5652.377320
3434,3949,3078,5652.377320
3435,3950,3079,5652.424455
3436,3951,3080,5652.458751
3437,3952,3081,5652.489170
3438,3953,3081,5652.489170
3439,3954,3082,5652.520842
3440,3955,3083,5652.554394
3441,3956,3084,5652.586025
3442,3957,3085,5652.617417
3443,3958,3085,5652.617417
3444,3959,3086,5652.648393
3445,3960,3087,5652.682779
3446,3961,3088,5652.714037
3447,3962,3088,5652.714037
3448,3963,3089,5652.760795
3449,3964,3090,5652.792757
3450,3965,3090,5652.792757
3451,3966,3091,5652.826592
3452,3967,3092,5652.857763
3453,3968,3093,5652.890944
3454,3969,3094,5652.922339
3455,3970,3095,5652.954282
3456,3971,3095,5652.954282
3457,3972,3096,5652.985775
3458,3973,3097,5653.019007
3459,3974,3098,5653.049953
3460,3975,3098,5653.049953
3461,3976,3099,5653.097650
3462,3977,3100,5653.130802
3463,3978,3101,5653.160986
3464,3979,3101,5653.160986
3465,3980,3102,5653.192444
3466,3981,3103,5653.226373
3467,3982,3104,5653.257959
3468,3983,3105,5653.289532
3469,3984,3105,5653.289532
3470,3985,3106,5653.322096
3471,3986,3107,5653.352744
3472,3987,3108,5653.385553
3473,3988,3108,5653.385553
3474,3989,3109,5653.418564
3475,3990,3110,5653.465328
3476,3991,3110,5653.465328
3477,3992,3111,5653.497276
3478,3993,3112,5653.530153
3479,3994,3113,5653.562103
3480,3995,3114,5653.593387
3481,3996,3114,5653.593387
3482,3997,3115,5653.626958
3483,3998,3116,5653.659627
3484,3999,3117,5653.689712
3485,4000,3118,5653.721122
3486,4001,3118,5653.721122
3487,4002,3119,5653.754661
3488,4003,3120,5653.801851
3489,4004,3120,5653.801851
3490,4005,3121,5653.832490
3491,4006,3122,5653.866602
3492,4007,3123,5653.898061
3493,4008,3124,5653.931508
3494,4009,3124,5653.931508
3495,4010,3125,5653.960359
3496,4011,3126,5653.992250
3497,4012,3127,5654.026147
3498,4013,3128,5654.057685
3499,4014,3128,5654.057685
3500,4015,3129,5654.090797
3501,4016,3130,5654.137421
3502,4017,3130,5654.137421
3503,4018,3132,5654.171681
3504,4019,3132,5654.171681
3505,4020,3133,5654.234291
3506,4021,3134,5654.266811
3507,4022,3134,5654.266811
3508,4023,3135,5654.298565
3509,4024,3136,5654.329392
3510,4025,3137,5654.361933
3511,4026,3138,5654.395258
3512,4027,3138,5654.395258
3513,4028,3139,5654.424735
3514,4029,3140,5654.473313
3515,4030,3140,5654.473313
3516,4031,3142,5654.509440
3517,4032,3143,5654.536250
3518,4033,3144,5654.569798
3519,4034,3144,5654.569798
3520,4035,3144,5654.569798
3521,4036,3145,5654.633063
3522,4037,3146,5654.665715
3523,4038,3147,5654.698751
3524,4039,3148,5654.730764
3525,4040,3148,5654.730764
3526,4041,3149,5654.762310
3527,4042,3149,5654.762310
3528,4043,3150,5654.808622
3529,4044,3152,5654.843717
3530,4045,3153,5654.874063
3531,4046,3154,5654.905560
3532,4047,3154,5654.905560
3533,4048,3155,5654.937499
3534,4049,3156,5654.968926
3535,4050,3156,5654.968926
3536,4051,3157,5655.034548
3537,4052,3157,5655.034548
3538,4053,3158,5655.066561
3539,4054,3159,5655.097715
3540,4055,3160,5655.128511
3541,4056,3160,5655.128511
3542,4057,3161,5655.178384
3543,4058,3163,5655.212859
3544,4059,3164,5655.241852
3545,4060,3164,5655.241852
3546,4061,3165,5655.273847
3547,4062,3166,5655.304777
3548,4063,3167,5655.336634
3549,4064,3168,5655.370853
3550,4065,3168,5655.370853
3551,4066,3168,5655.370853
3552,4067,3169,5655.434183
3553,4068,3170,5655.466034
3554,4069,3170,5655.466034
3555,4070,3171,5655.513136
3556,4071,3173,5655.548231
3557,4072,3174,5655.577162
3558,4073,3174,5655.577162
3559,4074,3175,5655.610323
3560,4075,3176,5655.642425
3561,4076,3177,5655.674148
3562,4077,3178,5655.706230
3563,4078,3178,5655.706230
3564,4079,3179,5655.738779
3565,4080,3180,5655.770166
3566,4081,3180,5655.770166
3567,4082,3180,5655.770166
3568,4083,3181,5655.849810
3569,4084,3183,5655.884902
3570,4085,3183,5655.884902
3571,4086,3184,5655.914465
3572,4087,3185,5655.946648
3573,4088,3186,5655.977682
3574,4089,3187,5656.009435
3575,4090,3187,5656.009435
3576,4091,3188,5656.042931
3577,4092,3189,5656.073186
3578,4093,3190,5656.106310
3579,4094,3191,5656.137636
3580,4095,3191,5656.137636
3581,4096,3192,5656.186310
3582,4097,3193,5656.217396
3583,4098,3193,5656.217396
3584,4099,3194,5656.249000
3585,4100,3195,5656.280842
3586,4101,3196,5656.314568
3587,4102,3197,5656.347699
3588,4103,3198,5656.377059
3589,4104,3198,5656.377059
3590,4105,3199,5656.410819
3591,4106,3200,5656.442321
3592,4107,3201,5656.473817
3593,4108,3201,5656.473817
3594,4109,3202,5656.521759
3595,4110,3203,5656.555266
3596,4111,3203,5656.555266
3597,4112,3204,5656.587307
3598,4113,3205,5656.619448
3599,4114,3206,5656.649643
3600,4115,3207,5656.681839
3601,4116,3208,5656.713323
3602,4117,3208,5656.713323
3603,4118,3209,5656.745492
3604,4119,3210,5656.778002
3605,4120,3211,5656.809342
3606,4121,3212,5656.841467
3607,4122,3212,5656.841467
3608,4123,3213,5656.891085
3609,4124,3213,5656.891085
3610,4125,3214,5656.920891
3611,4126,3215,5656.954932
3612,4127,3216,5656.984859
3613,4128,3217,5657.018027
3614,4129,3217,5657.018027
3615,4130,3218,5657.048425
3616,4131,3219,5657.080898
3617,4132,3220,5657.113468
3618,4133,3221,5657.147602
3619,4134,3221,5657.147602
3620,4135,3222,5657.177814
3621,4136,3223,5657.226522
3622,4137,3223,5657.226522
3623,4138,3224,5657.258025
3624,4139,3225,5657.291915
3625,4140,3226,5657.322618
3626,4141,3227,5657.353624
3627,4142,3227,5657.353624
3628,4143,3228,5657.385415
3629,4144,3229,5657.417106
3630,4145,3230,5657.449304
3631,4146,3231,5657.482506
3632,4147,3231,5657.482506
3633,4148,3232,5657.514491
3634,4149,3233,5657.561697
3635,4150,3233,5657.561697
3636,4151,3234,5657.592428
3637,4152,3235,5657.627345
3638,4153,3236,5657.658596
3639,4154,3237,5657.690858
3640,4155,3237,5657.690858
3641,4156,3238,5657.720904
3642,4157,3239,5657.755003
3643,4158,3240,5657.784953
3644,4159,3241,5657.817366
3645,4160,3242,5657.848339
3646,4161,3242,5657.848339
3647,4162,3243,5657.897974
3648,4163,3243,5657.897974
3649,4164,3244,5657.928690
3650,4165,3245,5657.961618
3651,4166,3246,5657.994788
3652,4167,3247,5658.025736
3653,4168,3247,5658.025736
3654,4169,3248,5658.057336
3655,4170,3249,5658.089244
3656,4171,3250,5658.122413
3657,4172,3251,5658.154665
3658,4173,3251,5658.154665
3659,4174,3252,5658.185964
3660,4175,3253,5658.233180
3661,4176,3253,5658.233180
3662,4177,3254,5658.265055
3663,4178,3255,5658.297621
3664,4179,3256,5658.329916
3665,4180,3257,5658.363456
3666,4181,3257,5658.363456
3667,4182,3258,5658.393601
3668,4183,3259,5658.425565
3669,4184,3260,5658.458003
3670,4185,3261,5658.489000
3671,4186,3261,5658.489000
3672,4187,3262,5658.521237
3673,4188,3263,5658.552099
3674,4189,3263,5658.552099
3675,4190,3264,5658.600332
3676,4191,3265,5658.632209
3677,4192,3266,5658.664672
3678,4193,3267,5658.698226
3679,4194,3267,5658.698226
3680,4195,3268,5658.730358
3681,4196,3269,5658.761610
3682,4197,3270,5658.792210
3683,4198,3271,5658.824925
3684,4199,3271,5658.824925
3685,4200,3272,5658.857689
3686,4201,3273,5658.891490
3687,4202,3273,5658.891490
3688,4203,3274,5658.939632
3689,4204,3276,5658.973932
3690,4205,3276,5658.973932
3691,4206,3276,5658.973932
3692,4207,3277,5659.034809
3693,4208,3278,5659.066872
3694,4209,3279,5659.098313
3695,4210,3280,5659.130815
3696,4211,3280,5659.130815
3697,4212,3281,5659.161234
3698,4213,3282,5659.193199
3699,4214,3283,5659.225431
3700,4215,3283,5659.225431
3701,4216,3284,5659.273714
3702,4217,3286,5659.306494
3703,4218,3287,5659.337242
3704,4219,3287,5659.337242
3705,4220,3288,5659.369241
3706,4221,3288,5659.369241
3707,4222,3289,5659.433196
3708,4223,3290,5659.465156
3709,4224,3290,5659.465156
3710,4225,3291,5659.498594
3711,4226,3292,5659.530193
3712,4227,3293,5659.562429
3713,4228,3293,5659.562429
3714,4229,3294,5659.610560
3715,4230,3296,5659.644567
3716,4231,3296,5659.644567
3717,4232,3297,5659.674240
3718,4233,3298,5659.705610
3719,4234,3299,5659.736900
3720,4235,3300,5659.770371
3721,4236,3300,5659.770371
3722,4237,3300,5659.770371
3723,4238,3301,5659.833308
3724,4239,3302,5659.867232
3725,4240,3303,5659.898395
3726,4241,3303,5659.898395
3727,4242,3304,5659.945878
3728,4243,3306,5659.980686
3729,4244,3306,5659.980686
3730,4245,3307,5660.009141
3731,4246,3308,5660.043424
3732,4247,3309,5660.072175
3733,4248,3310,5660.105177
3734,4249,3310,5660.105177
3735,4250,3311,5660.136783
3736,4251,3312,5660.168899
3737,4252,3312,5660.168899
3738,4253,3313,5660.234631
3739,4254,3314,5660.263828
3740,4255,3314,5660.263828
3741,4256,3316,5660.315595
3742,4257,3316,5660.315595
3743,4258,3317,5660.344476
3744,4259,3318,5660.376787
3745,4260,3319,5660.409253
3746,4261,3320,5660.442954
3747,4262,3320,5660.442954
3748,4263,3321,5660.473605
3749,4264,3322,5660.505534
3750,4265,3323,5660.538208
3751,4266,3324,5660.569183
3752,4267,3324,5660.569183
3753,4268,3324,5660.569183
3754,4269,3325,5660.649359
3755,4270,3325,5660.649359
3756,4271,3327,5660.684961
3757,4272,3328,5660.714121
3758,4273,3329,5660.745515
3759,4274,3330,5660.778838
3760,4275,3331,5660.808907
3761,4276,3331,5660.808907
3762,4277,3332,5660.841382
3763,4278,3333,5660.874738
3764,4279,3334,5660.904782
3765,4280,3335,5660.937275
3766,4281,3335,5660.937275
3767,4282,3336,5660.985659
3768,4283,3337,5661.017688
3769,4284,3337,5661.017688
3770,4285,3338,5661.049739
3771,4286,3339,5661.082758
3772,4287,3340,5661.113447
3773,4288,3341,5661.146437
3774,4289,3341,5661.146437
3775,4290,3342,5661.176699
3776,4291,3343,5661.209217
3777,4292,3344,5661.239670
3778,4293,3345,5661.273394
3779,4294,3345,5661.273394
3780,4295,3346,5661.322054
3781,4296,3346,5661.322054
3782,4297,3347,5661.352908
3783,4298,3348,5661.383888
3784,4299,3349,5661.417987
3785,4300,3350,5661.449243
3786,4301,3350,5661.449243
3787,4302,3351,5661.498215
3788,4303,3352,5661.531197
3789,4304,3352,5661.531197
3790,4305,3353,5661.562840
3791,4306,3354,5661.593153
3792,4307,3355,5661.626052
3793,4308,3356,5661.658505
3794,4309,3356,5661.658505
3795,4310,3357,5661.690897
3796,4311,3358,5661.722057
3797,4312,3359,5661.754781
3798,4313,3360,5661.786674
3799,4314,3360,5661.786674
3800,4315,3361,5661.834825
3801,4316,3362,5661.866042
3802,4317,3362,5661.866042
3803,4318,3363,5661.896677
3804,4319,3364,5661.928637
3805,4320,3365,5661.960027
3806,4321,3366,5661.992557
3807,4322,3366,5661.992557
3808,4323,3367,5662.026799
3809,4324,3368,5662.057071
3810,4325,3369,5662.089461
3811,4326,3370,5662.122540
3812,4327,3370,5662.122540
3813,4328,3371,5662.154411
3814,4329,3372,5662.200938
3815,4330,3372,5662.200938
3816,4331,3373,5662.235346
3817,4332,3374,5662.266221
3818,4333,3375,5662.297488
3819,4334,3376,5662.330559
3820,4335,3376,5662.330559
3821,4336,3377,5662.361627
3822,4337,3378,5662.392936
3823,4338,3379,5662.425463
3824,4339,3380,5662.457238
3825,4340,3380,5662.457238
3826,4341,3381,5662.489036
3827,4342,3382,5662.536867
3828,4343,3382,5662.536867
3829,4344,3384,5662.570110
3830,4345,3384,5662.570110
3831,4346,3385,5662.632377
3832,4347,3386,5662.665057
3833,4348,3386,5662.665057
3834,4349,3387,5662.697541
3835,4350,3388,5662.730353
3836,4351,3389,5662.760787
3837,4352,3390,5662.793124
3838,4353,3390,5662.793124
3839,4354,3391,5662.826670
3840,4355,3391,5662.826670
3841,4356,3392,5662.873032
3842,4357,3394,5662.912998
3843,4358,3395,5662.936927
3844,4359,3396,5662.969367
3845,4360,3396,5662.969367
3846,4361,3396,5662.969367
3847,4362,3397,5663.034400
3848,4363,3398,5663.066671
3849,4364,3399,5663.098735
3850,4365,3399,5663.098735
3851,4366,3400,5663.131930
3852,4367,3401,5663.160807
3853,4368,3401,5663.160807
3854,4369,3402,5663.209510
3855,4370,3404,5663.247438
3856,4371,3405,5663.274438
3857,4372,3406,5663.305465
3858,4373,3406,5663.305465
3859,4374,3407,5663.337627
3860,4375,3408,5663.368735
3861,4376,3408,5663.368735
3862,4377,3409,5663.434085
3863,4378,3409,5663.434085
3864,4379,3410,5663.466841
3865,4380,3411,5663.499491
3866,4381,3411,5663.499491
3867,4382,3412,5663.547026
3868,4383,3414,5663.580786
3869,4384,3415,5663.610134
3870,4385,3416,5663.642811
3871,4386,3416,5663.642811
3872,4387,3417,5663.673984
3873,4388,3418,5663.705337
3874,4389,3419,5663.738008
3875,4390,3420,5663.769955
3876,4391,3420,5663.769955
3877,4392,3420,5663.769955
3878,4393,3421,5663.833203
3879,4394,3422,5663.866382
3880,4395,3422,5663.866382
3881,4396,3424,5663.918072
3882,4397,3425,5663.944825
3883,4398,3426,5663.977751
3884,4399,3426,5663.977751
3885,4400,3427,5664.010349
3886,4401,3428,5664.042592
3887,4402,3429,5664.074397
3888,4403,3430,5664.105714
3889,4404,3430,5664.105714
3890,4405,3431,5664.137575
3891,4406,3432,5664.170906
3892,4407,3432,5664.170906
3893,4408,3432,5664.170906
3894,4409,3433,5664.249652
3895,4410,3435,5664.283730
3896,4411,3435,5664.283730
3897,4412,3436,5664.315179
3898,4413,3437,5664.345586
3899,4414,3438,5664.378134
3900,4415,3439,5664.410059
3901,4416,3440,5664.441294
3902,4417,3440,5664.441294
3903,4418,3441,5664.475235
3904,4419,3442,5664.506526
3905,4420,3443,5664.538371
3906,4421,3443,5664.538371
3907,4422,3444,5664.585860
3908,4423,3445,5664.616241
3909,4424,3446,5664.649287
3910,4425,3446,5664.649287
3911,4426,3447,5664.683798
3912,4427,3448,5664.714954
3913,4428,3449,5664.747043
3914,4429,3450,5664.777454
3915,4430,3450,5664.777454
3916,4431,3451,5664.809115
3917,4432,3452,5664.843947
3918,4433,3453,5664.873337
3919,4434,3453,5664.873337
3920,4435,3454,5664.922463
3921,4436,3455,5664.953091
3922,4437,3455,5664.953091
3923,4438,3456,5664.987011
3924,4439,3457,5665.017087
3925,4440,3458,5665.049128
3926,4441,3459,5665.080366
3927,4442,3460,5665.113863
3928,4443,3460,5665.113863
3929,4444,3461,5665.145537
3930,4445,3462,5665.177495
3931,4446,3463,5665.210121
3932,4447,3463,5665.210121
3933,4448,3464,5665.258630
3934,4449,3465,5665.287638
3935,4450,3466,5665.321390
3936,4451,3466,5665.321390
3937,4452,3467,5665.354766
3938,4453,3468,5665.385098
3939,4454,3469,5665.417779
3940,4455,3470,5665.449860
3941,4456,3470,5665.449860
3942,4457,3471,5665.482803
3943,4458,3472,5665.514222
3944,4459,3473,5665.546082
3945,4460,3473,5665.546082
3946,4461,3474,5665.593998
3947,4462,3475,5665.626055
3948,4463,3475,5665.626055
3949,4464,3476,5665.659446
3950,4465,3477,5665.688651
3951,4466,3478,5665.722535
3952,4467,3479,5665.754459
3953,4468,3479,5665.754459
3954,4469,3480,5665.785491
3955,4470,3481,5665.817501
3956,4471,3482,5665.848881
3957,4472,3483,5665.881428
3958,4473,3483,5665.881428
3959,4474,3484,5665.913430
3960,4475,3485,5665.961457
3961,4476,3485,5665.961457
3962,4477,3486,5665.994883
3963,4478,3487,5666.027409
3964,4479,3488,5666.058470
3965,4480,3489,5666.089090
3966,4481,3489,5666.089090
3967,4482,3490,5666.122388
3968,4483,3491,5666.155262
3969,4484,3492,5666.186843
3970,4485,3493,5666.219953
3971,4486,3493,5666.219953
3972,4487,3494,5666.250591
3973,4488,3494,5666.250591
3974,4489,3495,5666.298014
3975,4490,3496,5666.331066
3976,4491,3497,5666.361830
3977,4492,3498,5666.395316
3978,4493,3499,5666.425395
3979,4494,3499,5666.425395
3980,4495,3500,5666.456913
3981,4496,3501,5666.490392
3982,4497,3502,5666.522227
3983,4498,3503,5666.553293
3984,4499,3503,5666.553293
3985,4500,3504,5666.585268
3986,4501,3504,5666.585268
3987,4502,3505,5666.634134
3988,4503,3506,5666.664902
3989,4504,3507,5666.698685
3990,4505,3508,5666.729083
3991,4506,3508,5666.729083
3992,4507,3509,5666.762133
3993,4508,3510,5666.793718
3994,4509,3511,5666.825448
3995,4510,3512,5666.858752
3996,4511,3513,5666.890015
3997,4512,3513,5666.890015
3998,4513,3514,5666.923128
3999,4514,3514,5666.923128
4000,4515,3515,5666.968347
4001,4516,3516,5667.003292
4002,4517,3517,5667.032606
4003,4518,3518,5667.065166
4004,4519,3518,5667.065166
4005,4520,3519,5667.096925
4006,4521,3520,5667.131672
4007,4522,3521,5667.161086
4008,4523,3522,5667.192922
4009,4524,3523,5667.224672
4010,4525,3523,5667.224672
4011,4526,3524,5667.258833
4012,4527,3524,5667.258833
4013,4528,3525,5667.306015
4014,4529,3527,5667.341524
4015,4530,3528,5667.370374
4016,4531,3528,5667.370374
4017,4532,3528,5667.370374
4018,4533,3529,5667.433953
4019,4534,3530,5667.466159
4020,4535,3531,5667.498154
4021,4536,3532,5667.530945
4022,4537,3532,5667.530945
4023,4538,3533,5667.562025
4024,4539,3534,5667.594127
4025,4540,3535,5667.625618
4026,4541,3535,5667.625618
4027,4542,3536,5667.673174
4028,4543,3538,5667.708303
4029,4544,3539,5667.737668
4030,4545,3539,5667.737668
4031,4546,3540,5667.768563
4032,4547,3540,5667.768563
4033,4548,3541,5667.833218
4034,4549,3542,5667.865713
4035,4550,3542,5667.865713
4036,4551,3543,5667.899264
4037,4552,3544,5667.930436
4038,4553,3545,5667.962378
4039,4554,3545,5667.962378
4040,4555,3546,5668.009958
4041,4556,3548,5668.044678
4042,4557,3549,5668.072805
4043,4558,3549,5668.072805
4044,4559,3550,5668.106280
4045,4560,3551,5668.137637
4046,4561,3552,5668.171102
4047,4562,3552,5668.171102
4048,4563,3552,5668.171102
4049,4564,3553,5668.233475
4050,4565,3554,5668.267216
4051,4566,3555,5668.295955
4052,4567,3555,5668.295955
4053,4568,3556,5668.345897
4054,4569,3558,5668.379712
4055,4570,3558,5668.379712
4056,4571,3559,5668.409285
4057,4572,3560,5668.440325
4058,4573,3561,5668.474126
4059,4574,3562,5668.504921
4060,4575,3563,5668.537831
4061,4576,3563,5668.537831
4062,4577,3564,5668.569740
4063,4578,3564,5668.569740
4064,4579,3565,5668.633967
4065,4580,3565,5668.633967
4066,4581,3566,5668.682285
4067,4582,3568,5668.717440
4068,4583,3569,5668.745883
4069,4584,3569,5668.745883
4070,4585,3570,5668.777534
4071,4586,3571,5668.809630
4072,4587,3572,5668.841425
4073,4588,3573,5668.873161
4074,4589,3573,5668.873161
4075,4590,3574,5668.905417
4076,4591,3575,5668.939651
4077,4592,3576,5668.971092
4078,4593,3576,5668.971092
4079,4594,3576,5668.971092
4080,4595,3578,5669.050890
4081,4596,3578,5669.050890
4082,4597,3579,5669.081687
4083,4598,3580,5669.113954
4084,4599,3581,5669.145290
4085,4600,3582,5669.178958
4086,4601,3582,5669.178958
4087,4602,3583,5669.209354
4088,4603,3584,5669.241270
4089,4604,3585,5669.272569
4090,4605,3586,5669.305468
4091,4606,3586,5669.305468
4092,4607,3587,5669.337849
4093,4608,3588,5669.385046
4094,4609,3588,5669.385046
4095,4610,3589,5669.417940
4096,4611,3590,5669.448264
4097,4612,3591,5669.479970
4098,4613,3592,5669.512678
4099,4614,3592,5669.512678
4100,4615,3593,5669.546947
4101,4616,3594,5669.577865
4102,4617,3595,5669.613478
4103,4618,3596,5669.643279
4104,4619,3596,5669.643279
4105,4620,3597,5669.675573
4106,4621,3598,5669.720635
4107,4622,3598,5669.720635
4108,4623,3599,5669.753228
4109,4624,3600,5669.786487
4110,4625,3601,5669.818712
4111,4626,3602,5669.849288
4112,4627,3602,5669.849288
4113,4628,3603,5669.882401
4114,4629,3604,5669.914753
4115,4630,3605,5669.945797
4116,4631,3605,5669.945797
4117,4632,3606,5669.979415
4118,4633,3607,5670.010221
4119,4634,3607,5670.010221
4120,4635,3608,5670.056727
4121,4636,3609,5670.089090
4122,4637,3610,5670.121442
4123,4638,3611,5670.156562
4124,4639,3612,5670.183992
4125,4640,3612,5670.183992
4126,4641,3613,5670.217315
4127,4642,3614,5670.250301
4128,4643,3615,5670.281121
4129,4644,3615,5670.281121
4130,4645,3616,5670.313810
4131,4646,3617,5670.344897
4132,4647,3617,5670.344897
4133,4648,3618,5670.395477
4134,4649,3619,5670.426556
4135,4650,3620,5670.457468
4136,4651,3621,5670.490111
4137,4652,3621,5670.490111
4138,4653,3623,5670.552886
4139,4654,3623,5670.552886
4140,4655,3624,5670.585622
4141,4656,3625,5670.617569
4142,4657,3626,5670.648760
4143,4658,3627,5670.682004
4144,4659,3627,5670.682004
4145,4660,3628,5670.732348
4146,4661,3629,5670.761311
4147,4662,3629,5670.761311
4148,4663,3630,5670.794145
4149,4664,3631,5670.825254
4150,4665,3632,5670.857931
4151,4666,3633,5670.890960
4152,4667,3633,5670.890960
4153,4668,3634,5670.921288
4154,4669,3635,5670.953599
4155,4670,3636,5670.984364
4156,4671,3637,5671.017664
4157,4672,3637,5671.017664
4158,4673,3638,5671.051580
4159,4674,3639,5671.098676
4160,4675,3639,5671.098676
4161,4676,3640,5671.129368
4162,4677,3641,5671.161230
4163,4678,3642,5671.194479
4164,4679,3643,5671.225981
4165,4680,3644,5671.257440
4166,4681,3644,5671.257440
4167,4682,3645,5671.289578
4168,4683,3646,5671.322027
4169,4684,3647,5671.353763
4170,4685,3648,5671.385487
4171,4686,3648,5671.385487
4172,4687,3649,5671.433167
4173,4688,3649,5671.433167
4174,4689,3650,5671.467211
4175,4690,3651,5671.498961
4176,4691,3652,5671.529269
4177,4692,3653,5671.562207
4178,4693,3653,5671.562207
4179,4694,3654,5671.594109
4180,4695,3655,5671.625115
4181,4696,3656,5671.657543
4182,4697,3657,5671.690135
4183,4698,3657,5671.690135
4184,4699,3658,5671.721813
4185,4700,3659,5671.769556
4186,4701,3659,5671.769556
4187,4702,3660,5671.801497
4188,4703,3661,5671.832817
4189,4704,3662,5671.865874
4190,4705,3663,5671.897888
4191,4706,3663,5671.897888
4192,4707,3664,5671.929294
4193,4708,3665,5671.960906
4194,4709,3666,5671.993507
4195,4710,3667,5672.024280
4196,4711,3667,5672.024280
4197,4712,3668,5672.060024
4198,4713,3669,5672.106274
4199,4714,3669,5672.106274
4200,4715,3671,5672.140695
4201,4716,3672,5672.168385
4202,4717,3672,5672.168385
4203,4718,3673,5672.235460
4204,4719,3674,5672.265069
4205,4720,3674,5672.265069
4206,4721,3675,5672.297319
4207,4722,3676,5672.330877
4208,4723,3677,5672.361136
4209,4724,3678,5672.393193
4210,4725,3678,5672.393193
4211,4726,3679,5672.442435
4212,4727,3679,5672.442435
4213,4728,3681,5672.477734
4214,4729,3682,5672.506072
4215,4730,3683,5672.538937
4216,4731,3684,5672.569948
4217,4732,3684,5672.569948
4218,4733,3684,5672.569948
4219,4734,3685,5672.635039
4220,4735,3686,5672.666413
4221,4736,3687,5672.697474
4222,4737,3687,5672.697474
4223,4738,3688,5672.728873
4224,4739,3689,5672.776924
4225,4740,3689,5672.776924
4226,4741,3691,5672.813239
4227,4742,3692,5672.841688
4228,4743,3693,5672.875018
4229,4744,3694,5672.904803
4230,4745,3694,5672.904803
4231,4746,3695,5672.935615
4232,4747,3696,5672.968978
4233,4748,3696,5672.968978
4234,4749,3697,5673.033968
4235,4750,3697,5673.033968
4236,4751,3698,5673.065987
4237,4752,3699,5673.098860
4238,4753,3699,5673.098860
4239,4754,3700,5673.145299
4240,4755,3702,5673.179515
4241,4756,3703,5673.210995
4242,4757,3703,5673.210995
4243,4758,3704,5673.243579
4244,4759,3705,5673.274294
4245,4760,3706,5673.304049
4246,4761,3707,5673.338630
4247,4762,3707,5673.338630
4248,4763,3708,5673.370412
4249,4764,3708,5673.370412
4250,4765,3709,5673.433683
4251,4766,3709,5673.433683
4252,4767,3710,5673.481143
4253,4768,3712,5673.517054
4254,4769,3713,5673.545751
4255,4770,3713,5673.545751
4256,4771,3714,5673.578467
4257,4772,3715,5673.610616
4258,4773,3716,5673.644746
4259,4774,3717,5673.673865
4260,4775,3718,5673.705091
4261,4776,3718,5673.705091
4262,4777,3719,5673.737552
4263,4778,3720,5673.769949
4264,4779,3720,5673.769949
4265,4780,3720,5673.769949
4266,4781,3722,5673.850550
4267,4782,3723,5673.881205
4268,4783,3723,5673.881205
4269,4784,3724,5673.913179
4270,4785,3725,5673.945915
4271,4786,3726,5673.977076
4272,4787,3727,5674.008961
4273,4788,3728,5674.041148
4274,4789,3728,5674.041148
4275,4790,3729,5674.074264
4276,4791,3730,5674.105852
4277,4792,3730,5674.105852
4278,4793,3731,5674.154448
4279,4794,3732,5674.186078
4280,4795,3733,5674.218861
4281,4796,3733,5674.218861
4282,4797,3734,5674.248340
4283,4798,3735,5674.282679
4284,4799,3736,5674.315072
4285,4800,3737,5674.347739
4286,4801,3737,5674.347739
4287,4802,3738,5674.379852
4288,4803,3739,5674.408969
4289,4804,3740,5674.441645
4290,4805,3740,5674.441645
4291,4806,3741,5674.489186
4292,4807,3742,5674.519985
4293,4808,3743,5674.553657
4294,4809,3743,5674.553657
4295,4810,3744,5674.586289
4296,4811,3745,5674.618133
4297,4812,3746,5674.648485
4298,4813,3747,5674.682640
4299,4814,3747,5674.682640
4300,4815,3748,5674.714149
4301,4816,3749,5674.746675
4302,4817,3750,5674.778598
4303,4818,3751,5674.810808
4304,4819,3751,5674.810808
4305,4820,3752,5674.858311
4306,4821,3753,5674.888494
4307,4822,3753,5674.888494
4308,4823,3754,5674.922775
4309,4824,3755,5674.952969
4310,4825,3756,5674.986418
4311,4826,3757,5675.017754
4312,4827,3757,5675.017754
4313,4828,3758,5675.048225
4314,4829,3759,5675.083955
4315,4830,3760,5675.114240
4316,4831,3761,5675.145364
4317,4832,3761,5675.145364
4318,4833,3762,5675.194115
4319,4834,3763,5675.225240
4320,4835,3763,5675.225240
4321,4836,3764,5675.257111
4322,4837,3765,5675.288331
4323,4838,3766,5675.320272
4324,4839,3767,5675.353313
4325,4840,3767,5675.353313
4326,4841,3768,5675.383977
4327,4842,3769,5675.417180
4328,4843,3770,5675.449885
4329,4844,3771,5675.483196
4330,4845,3771,5675.483196
4331,4846,3772,5675.527617
4332,4847,3773,5675.562321
4333,4848,3773,5675.562321
4334,4849,3774,5675.592658
4335,4850,3775,5675.626346
4336,4851,3776,5675.658100
4337,4852,3777,5675.690906
4338,4853,3777,5675.690906
4339,4854,3778,5675.722396
4340,4855,3779,5675.754773
4341,4856,3780,5675.787351
4342,4857,3781,5675.818017
4343,4858,3781,5675.818017
4344,4859,3782,5675.866410
4345,4860,3782,5675.866410
4346,4861,3783,5675.898815
4347,4862,3784,5675.929110
4348,4863,3785,5675.963966
4349,4864,3786,5675.994930
4350,4865,3787,5676.025844
4351,4866,3787,5676.025844
4352,4867,3788,5676.058403
4353,4868,3789,5676.090626
4354,4869,3790,5676.121867
4355,4870,3791,5676.155052
4356,4871,3791,5676.155052
4357,4872,3792,5676.203846
4358,4873,3793,5676.232386
4359,4874,3793,5676.232386
4360,4875,3794,5676.266349
4361,4876,3795,5676.298049
4362,4877,3796,5676.330939
4363,4878,3796,5676.330939
4364,4879,3797,5676.362534
4365,4880,3798,5676.393743
4366,4881,3799,5676.427053
4367,4882,3800,5676.458864
4368,4883,3800,5676.458864
4369,4884,3801,5676.491181
4370,4885,3802,5676.521674
4371,4886,3802,5676.521674
4372,4887,3803,5676.570149
4373,4888,3804,5676.603632
4374,4889,3805,5676.633331
4375,4890,3806,5676.664928
4376,4891,3807,5676.696934
4377,4892,3807,5676.696934
4378,4893,3808,5676.729246
4379,4894,3809,5676.762408
4380,4895,3810,5676.795514
4381,4896,3810,5676.795514
4382,4897,3811,5676.826509
4383,4898,3812,5676.856320
4384,4899,3812,5676.856320
4385,4900,3813,5676.904844
4386,4901,3815,5676.940432
4387,4902,3816,5676.969824
4388,4903,3816,5676.969824
4389,4904,3816,5676.969824
4390,4905,3817,5677.032247
4391,4906,3818,5677.066728
4392,4907,3819,5677.098222
4393,4908,3820,5677.130784
4394,4909,3820,5677.130784
4395,4910,3821,5677.163179
4396,4911,3822,5677.194781
4397,4912,3822,5677.194781
4398,4913,3823,5677.241497
4399,4914,3825,5677.275302
4400,4915,3826,5677.306606
4401,4916,3827,5677.337162
4402,4917,3827,5677.337162
4403,4918,3828,5677.370018
4404,4919,3828,5677.370018
4405,4920,3829,5677.435595
4406,4921,3830,5677.465657
4407,4922,3830,5677.465657
4408,4923,3831,5677.497308
4409,4924,3832,5677.531542
4410,4925,3832,5677.531542
4411,4926,3833,5677.577016
4412,4927,3835,5677.612941
4413,4928,3836,5677.642467
4414,4929,3837,5677.672330
4415,4930,3837,5677.672330
4416,4931,3838,5677.704666
4417,4932,3839,5677.737807
4418,4933,3840,5677.769008
4419,4934,3840,5677.769008
4420,4935,3840,5677.769008
4421,4936,3841,5677.832782
4422,4937,3842,5677.866870
4423,4938,3842,5677.866870
4424,4939,3843,5677.914736
4425,4940,3845,5677.947724
4426,4941,3846,5677.977695
4427,4942,3846,5677.977695
4428,4943,3847,5678.010222
4429,4944,3848,5678.043023
4430,4945,3849,5678.072501
4431,4946,3850,5678.104194
4432,4947,3850,5678.104194
4433,4948,3851,5678.137028
4434,4949,3852,5678.170715
4435,4950,3852,5678.170715
4436,4951,3853,5678.234481
4437,4952,3853,5678.234481
4438,4953,3855,5678.283553
4439,4954,3856,5678.312616
4440,4955,3856,5678.312616
4441,4956,3857,5678.345304
4442,4957,3858,5678.376458
4443,4958,3859,5678.409169
4444,4959,3860,5678.439772
4445,4960,3860,5678.439772
4446,4961,3861,5678.473275
4447,4962,3862,5678.506877
4448,4963,3863,5678.537391
4449,4964,3864,5678.568856
4450,4965,3864,5678.568856
4451,4966,3864,5678.568856
4452,4967,3864,5678.568856
4453,4968,3866,5678.652682
4454,4969,3867,5678.682933
4455,4970,3868,5678.714155
4456,4971,3869,5678.746709
4457,4972,3869,5678.746709
4458,4973,3870,5678.777202
4459,4974,3871,5678.810095
4460,4975,3872,5678.843088
4461,4976,3873,5678.874402
4462,4977,3873,5678.874402
4463,4978,3874,5678.905119
4464,4979,3875,5678.953286
4465,4980,3875,5678.953286
4466,4981,3876,5678.985492
4467,4982,3877,5679.015952
4468,4983,3878,5679.049677
4469,4984,3879,5679.082333
4470,4985,3879,5679.082333
4471,4986,3880,5679.114236
4472,4987,3881,5679.147063
4473,4988,3882,5679.179050
4474,4989,3883,5679.209633
4475,4990,3883,5679.209633
4476,4991,3884,5679.240389
4477,4992,3885,5679.288985
4478,4993,3885,5679.288985
4479,4994,3886,5679.320031
4480,4995,3887,5679.354721
4481,4996,3888,5679.384729
4482,4997,3889,5679.417780
4483,4998,3889,5679.417780
4484,4999,3890,5679.449974
4485,5000,3891,5679.482613
4486,5001,3892,5679.513645
4487,5002,3893,5679.545358
4488,5003,3893,5679.545358
4489,5004,3894,5679.578230
4490,5005,3894,5679.578230
4491,5006,3895,5679.625287
4492,5007,3896,5679.658646
4493,5008,3897,5679.690534
4494,5009,3898,5679.722425
4495,5010,3898,5679.722425
4496,5011,3899,5679.754831
4497,5012,3900,5679.786269
4498,5013,3901,5679.818142
4499,5014,3902,5679.848781
4500,5015,3903,5679.882473
4501,5016,3903,5679.882473
4502,5017,3904,5679.914559
4503,5018,3905,5679.946598
4504,5019,3905,5679.946598
4505,5020,3906,5679.992864
4506,5021,3907,5680.026445
4507,5022,3908,5680.058244
4508,5023,3909,5680.089663
4509,5024,3909,5680.089663
4510,5025,3910,5680.122407
4511,5026,3911,5680.154292
4512,5027,3912,5680.186619
4513,5028,3913,5680.217338
4514,5029,3913,5680.217338
4515,5030,3914,5680.250141
4516,5031,3915,5680.281023
4517,5032,3915,5680.281023
4518,5033,3916,5680.331481
4519,5034,3917,5680.361858
4520,5035,3918,5680.393434
4521,5036,3918,5680.393434
4522,5037,3919,5680.425089
4523,5038,3920,5680.457193
4524,5039,3921,5680.488484
4525,5040,3922,5680.522359
4526,5041,3922,5680.522359
4527,5042,3923,5680.553581
4528,5043,3924,5680.585515
4529,5044,3925,5680.617823
4530,5045,3925,5680.617823
4531,5046,3926,5680.664877
4532,5047,3927,5680.696164
4533,5048,3928,5680.729945
4534,5049,3928,5680.729945
4535,5050,3929,5680.761706
4536,5051,3930,5680.792470
4537,5052,3931,5680.826192
4538,5053,3932,5680.857455
4539,5054,3932,5680.857455
4540,5055,3933,5680.889445
4541,5056,3934,5680.921644
4542,5057,3935,5680.954657
4543,5058,3935,5680.954657
4544,5059,3936,5681.001466
4545,5060,3937,5681.032200
4546,5061,3938,5681.066670
4547,5062,3938,5681.066670
4548,5063,3939,5681.097808
4549,5064,3940,5681.128904
4550,5065,3941,5681.162237
4551,5066,3942,5681.193623
4552,5067,3942,5681.193623
4553,5068,3943,5681.226714
4554,5069,3944,5681.256060
4555,5070,3945,5681.289778
4556,5071,3945,5681.289778
4557,5072,3946,5681.338026
4558,5073,3948,5681.372673
4559,5074,3948,5681.372673
4560,5075,3948,5681.372673
4561,5076,3949,5681.434174
4562,5077,3950,5681.463412
4563,5078,3951,5681.496827
4564,5079,3952,5681.529172
4565,5080,3952,5681.529172
4566,5081,3953,5681.562721
4567,5082,3954,5681.595408
4568,5083,3955,5681.626744
4569,5084,3955,5681.626744
4570,5085,3956,5681.673763
4571,5086,3958,5681.707372
4572,5087,3959,5681.738579
4573,5088,3959,5681.738579
4574,5089,3960,5681.770573
4575,5090,3960,5681.770573
4576,5091,3961,5681.833645
4577,5092,3962,5681.866370
4578,5093,3962,5681.866370
4579,5094,3963,5681.898664
4580,5095,3964,5681.929682
4581,5096,3965,5681.961938
4582,5097,3966,5681.993475
4583,5098,3966,5681.993475
4584,5099,3967,5682.041707
4585,5100,3968,5682.073642
4586,5101,3969,5682.076120
4587,5102,3970,5682.105202
4588,5103,3971,5682.136884
4589,5104,3972,5682.169613
4590,5105,3972,5682.169613
4591,5106,3972,5682.169613
4592,5107,3973,5682.234643
4593,5108,3974,5682.265350
4594,5109,3975,5682.298377
4595,5110,3975,5682.298377
4596,5111,3976,5682.330630
4597,5112,3977,5682.377998
4598,5113,3977,5682.377998
4599,5114,3979,5682.413257
4600,5115,3980,5682.441659
4601,5116,3981,5682.474205
4602,5117,3982,5682.506613
4603,5118,3982,5682.506613
4604,5119,3983,5682.538652
4605,5120,3984,5682.571661
4606,5121,3984,5682.571661
4607,5122,3985,5682.635175
4608,5123,3985,5682.635175
4609,5124,3986,5682.667824
4610,5125,3987,5682.713170
4611,5126,3987,5682.713170
4612,5127,3989,5682.750935
4613,5128,3990,5682.777817
4614,5129,3991,5682.810747
4615,5130,3992,5682.841073
4616,5131,3992,5682.841073
4617,5132,3993,5682.873180
4618,5133,3994,5682.907565
4619,5134,3995,5682.938253
4620,5135,3996,5682.969906
4621,5136,3996,5682.969906
4622,5137,3996,5682.969906
4623,5138,3996,5682.969906
4624,5139,3997,5683.050154
4625,5140,3999,5683.085538
4626,5141,4000,5683.113392
4627,5142,4001,5683.146210
4628,5143,4001,5683.146210
4629,5144,4002,5683.177861
4630,5145,4003,5683.209878
4631,5146,4004,5683.241452
4632,5147,4005,5683.273271
4633,5148,4006,5683.305166
4634,5149,4006,5683.305166
4635,5150,4007,5683.337796
4636,5151,4007,5683.337796
4637,5152,4008,5683.384880
4638,5153,4009,5683.418361
4639,5154,4010,5683.448930
4640,5155,4011,5683.479944
4641,5156,4011,5683.479944
4642,5157,4012,5683.514002
4643,5158,4013,5683.545416
4644,5159,4014,5683.578014
4645,5160,4015,5683.610123
4646,5161,4016,5683.641485
4647,5162,4016,5683.641485
4648,5163,4017,5683.672802
4649,5164,4018,5683.704287
4650,5165,4018,5683.704287
4651,5166,4019,5683.753669
4652,5167,4020,5683.786257
4653,5168,4021,5683.819189
4654,5169,4021,5683.819189
4655,5170,4022,5683.849797
4656,5171,4023,5683.880762
4657,5172,4024,5683.914217
4658,5173,4025,5683.945790
4659,5174,4026,5683.977151
4660,5175,4026,5683.977151
4661,5176,4027,5684.009756
4662,5177,4028,5684.043199
4663,5178,4028,5684.043199
4664,5179,4029,5684.090416
4665,5180,4030,5684.122389
4666,5181,4031,5684.153606
4667,5182,4031,5684.153606
4668,5183,4032,5684.185835
4669,5184,4033,5684.217582
4670,5185,4034,5684.248227
4671,5186,4035,5684.281299
4672,5187,4036,5684.313070
4673,5188,4036,5684.313070
4674,5189,4037,5684.345649
4675,5190,4038,5684.376733
4676,5191,4038,5684.376733
4677,5192,4039,5684.427407
4678,5193,4040,5684.458308
4679,5194,4041,5684.489498
4680,5195,4041,5684.489498
4681,5196,4042,5684.520445
4682,5197,4043,5684.554132
4683,5198,4044,5684.585970
4684,5199,4045,5684.617501
4685,5200,4045,5684.617501
4686,5201,4046,5684.649086
4687,5202,4047,5684.682244
4688,5203,4048,5684.715125
4689,5204,4048,5684.715125
4690,5205,4049,5684.761155
4691,5206,4050,5684.792960
4692,5207,4051,5684.825043
4693,5208,4051,5684.825043
4694,5209,4052,5684.858064
4695,5210,4053,5684.890141
4696,5211,4054,5684.919935
4697,5212,4055,5684.953442
4698,5213,4055,5684.953442
4699,5214,4056,5684.987368
4700,5215,4057,5685.017992
4701,5216,4058,5685.050741
4702,5217,4058,5685.050741
4703,5218,4059,5685.098682
4704,5219,4060,5685.131070
4705,5220,4060,5685.131070
4706,5221,4061,5685.162857
4707,5222,4062,5685.192164
4708,5223,4063,5685.225149
4709,5224,4064,5685.259235
4710,5225,4065,5685.290213
4711,5226,4065,5685.290213
4712,5227,4066,5685.322714
4713,5228,4067,5685.354594
4714,5229,4068,5685.387391
4715,5230,4069,5685.417672
4716,5231,4069,5685.417672
4717,5232,4070,5685.467196
4718,5233,4071,5685.497289
4719,5234,4071,5685.497289
4720,5235,4072,5685.530237
4721,5236,4073,5685.561491
4722,5237,4074,5685.593369
4723,5238,4075,5685.625060
4724,5239,4075,5685.625060
4725,5240,4076,5685.657137
4726,5241,4077,5685.688555
4727,5242,4078,5685.721790
4728,5243,4079,5685.753308
4729,5244,4079,5685.753308
4730,5245,4080,5685.801999
4731,5246,4080,5685.801999
4732,5247,4081,5685.832649
4733,5248,4082,5685.866064
4734,5249,4083,5685.896237
4735,5250,4084,5685.929988
4736,5251,4084,5685.929988
4737,5252,4085,5685.961111
4738,5253,4086,5685.993074
4739,5254,4087,5686.026295
4740,5255,4088,5686.057697
4741,5256,4089,5686.089818
4742,5257,4089,5686.089818
4743,5258,4090,5686.137501
4744,5259,4090,5686.137501
4745,5260,4092,5686.171239
4746,5261,4092,5686.171239
4747,5262,4093,5686.232842
4748,5263,4094,5686.264542
4749,5264,4095,5686.298058
4750,5265,4095,5686.298058
4751,5266,4096,5686.328391
4752,5267,4097,5686.364302
4753,5268,4098,5686.394100
4754,5269,4099,5686.425539
4755,5270,4099,5686.425539
4756,5271,4100,5686.474603
4757,5272,4100,5686.474603
4758,5273,4102,5686.511451
4759,5274,4103,5686.537735
4760,5275,4104,5686.570759
4761,5276,4104,5686.570759
4762,5277,4104,5686.570759
4763,5278,4105,5686.633716
4764,5279,4106,5686.664351
4765,5280,4107,5686.697417
4766,5281,4108,5686.731379
4767,5282,4108,5686.731379
4768,5283,4109,5686.762069
4769,5284,4110,5686.810100
4770,5285,4110,5686.810100
4771,5286,4112,5686.844108
4772,5287,4113,5686.873629
4773,5288,4114,5686.906597
4774,5289,4115,5686.938494
4775,5290,4115,5686.938494
4776,5291,4116,5686.969561
4777,5292,4116,5686.969561
4778,5293,4117,5687.033443
4779,5294,4118,5687.067572
4780,5295,4118,5687.067572
4781,5296,4119,5687.097498
4782,5297,4120,5687.129602
4783,5298,4120,5687.129602
4784,5299,4122,5687.183173
4785,5300,4123,5687.209542
4786,5301,4124,5687.242228
4787,5302,4125,5687.273986
4788,5303,4125,5687.273986
4789,5304,4126,5687.306046
4790,5305,4127,5687.338461
4791,5306,4128,5687.369859
4792,5307,4128,5687.369859
4793,5308,4128,5687.369859
4794,5309,4129,5687.432910
4795,5310,4130,5687.465530
4796,5311,4130,5687.465530
4797,5312,4131,5687.512447
4798,5313,4133,5687.548778
4799,5314,4134,5687.575739
4800,5315,4135,5687.609656
4801,5316,4135,5687.609656
4802,5317,4136,5687.640582
4803,5318,4137,5687.672638
4804,5319,4138,5687.707363
4805,5320,4139,5687.739468
4806,5321,4139,5687.739468
4807,5322,4140,5687.770483
4808,5323,4140,5687.770483
4809,5324,4140,5687.770483
4810,5325,4141,5687.849648
4811,5326,4143,5687.882893
4812,5327,4144,5687.914412
4813,5328,4145,5687.946280
4814,5329,4145,5687.946280
4815,5330,4146,5687.976434
4816,5331,4147,5688.010276
4817,5332,4148,5688.042073
4818,5333,4149,5688.073087
4819,5334,4149,5688.073087
4820,5335,4150,5688.104889
4821,5336,4151,5688.137901
4822,5337,4151,5688.137901
4823,5338,4152,5688.185459
4824,5339,4153,5688.218242
4825,5340,4154,5688.248230
4826,5341,4155,5688.281630
4827,5342,4155,5688.281630
4828,5343,4156,5688.313507
4829,5344,4157,5688.345991
4830,5345,4158,5688.376555
4831,5346,4159,5688.410560
4832,5347,4159,5688.410560
4833,5348,4160,5688.442360
4834,5349,4161,5688.473819
4835,5350,4161,5688.473819
4836,5351,4162,5688.522816
4837,5352,4163,5688.553157
4838,5353,4164,5688.585876
4839,5354,4164,5688.585876
4840,5355,4165,5688.616606
4841,5356,4166,5688.650088
4842,5357,4167,5688.681320
4843,5358,4168,5688.713019
4844,5359,4168,5688.713019
4845,5360,4169,5688.745797
4846,5361,4170,5688.777223
4847,5362,4171,5688.809907
4848,5363,4172,5688.841689
4849,5364,4172,5688.841689
4850,5365,4173,5688.889941
4851,5366,4174,5688.921627
4852,5367,4174,5688.921627
4853,5368,4175,5688.953537
4854,5369,4176,5688.984967
4855,5370,4177,5689.018096
4856,5371,4178,5689.051308
4857,5372,4178,5689.051308
4858,5373,4179,5689.081119
4859,5374,4180,5689.114004
4860,5375,4181,5689.144686
4861,5376,4182,5689.177366
4862,5377,4182,5689.177366
4863,5378,4183,5689.226362
4864,5379,4183,5689.226362
4865,5380,4184,5689.257441
4866,5381,4185,5689.288367
4867,5382,4186,5689.322101
4868,5383,4187,5689.355242
4869,5384,4188,5689.384393
4870,5385,4188,5689.384393
4871,5386,4189,5689.417302
4872,5387,4190,5689.450984
4873,5388,4191,5689.481534
4874,5389,4191,5689.481534
4875,5390,4192,5689.513790
4876,5391,4193,5689.561022
4877,5392,4193,5689.561022
4878,5393,4194,5689.594012
4879,5394,4195,5689.626334
4880,5395,4196,5689.657677
4881,5396,4197,5689.690114
4882,5397,4197,5689.690114
4883,5398,4198,5689.721731
4884,5399,4199,5689.753605
4885,5400,4200,5689.784161
4886,5401,4201,5689.817519
4887,5402,4202,5689.848279
4888,5403,4202,5689.848279
4889,5404,4203,5689.897513
4890,5405,4203,5689.897513
4891,5406,4204,5689.929728
4892,5407,4205,5689.961195
4893,5408,4206,5689.994024
4894,5409,4207,5690.024807
4895,5410,4207,5690.024807
4896,5411,4208,5690.057435
4897,5412,4209,5690.089805
4898,5413,4210,5690.122995
4899,5414,4211,5690.152922
4900,5415,4211,5690.152922
4901,5416,4212,5690.187403
4902,5417,4213,5690.232923
4903,5418,4213,5690.232923
4904,5419,4214,5690.265674
4905,5420,4215,5690.299393
4906,5421,4216,5690.329327
4907,5422,4217,5690.361112
4908,5423,4217,5690.361112
4909,5424,4218,5690.393416
4910,5425,4219,5690.427141
4911,5426,4220,5690.457934
4912,5427,4221,5690.489205
4913,5428,4221,5690.489205
4914,5429,4222,5690.521595
4915,5430,4223,5690.566891
4916,5431,4223,5690.566891
4917,5432,4224,5690.602701
4918,5433,4225,5690.632727
4919,5434,4226,5690.665836
4920,5435,4226,5690.665836
4921,5436,4227,5690.697893
4922,5437,4228,5690.729213
4923,5438,4229,5690.760113
4924,5439,4230,5690.793678
4925,5440,4231,5690.825004
4926,5441,4231,5690.825004
4927,5442,4232,5690.857277
4928,5443,4233,5690.888625
4929,5444,4233,5690.888625
4930,5445,4234,5690.937212
4931,5446,4236,5690.973380
4932,5447,4236,5690.973380
4933,5448,4236,5690.973380
4934,5449,4237,5691.033301
4935,5450,4238,5691.064946
4936,5451,4239,5691.098491
4937,5452,4240,5691.129382
4938,5453,4240,5691.129382
4939,5454,4241,5691.162204
4940,5455,4242,5691.193867
4941,5456,4243,5691.225061
4942,5457,4243,5691.225061
4943,5458,4244,5691.273087
4944,5459,4246,5691.307810
4945,5460,4247,5691.337163
4946,5461,4247,5691.337163
4947,5462,4248,5691.368713
4948,5463,4248,5691.368713
4949,5464,4249,5691.433697
4950,5465,4250,5691.465546
4951,5466,4250,5691.465546
4952,5467,4251,5691.498503
4953,5468,4252,5691.530873
4954,5469,4253,5691.562593
4955,5470,4253,5691.562593
4956,5471,4254,5691.609033
4957,5472,4256,5691.642951
4958,5473,4257,5691.673390
4959,5474,4257,5691.673390
4960,5475,4258,5691.704730
4961,5476,4259,5691.738495
4962,5477,4260,5691.770358
4963,5478,4260,5691.770358
4964,5479,4260,5691.770358
4965,5480,4261,5691.834273
4966,5481,4262,5691.866643
4967,5482,4263,5691.899035
4968,5483,4263,5691.899035
4969,5484,4264,5691.944285
4970,5485,4266,5691.980538
4971,5486,4267,5692.009229
4972,5487,4267,5692.009229
4973,5488,4268,5692.040811
4974,5489,4269,5692.074518
4975,5490,4270,5692.106525
4976,5491,4271,5692.136684
4977,5492,4271,5692.136684
4978,5493,4272,5692.168111
4979,5494,4272,5692.168111
4980,5495,4273,5692.232131
4981,5496,4273,5692.232131
4982,5497,4274,5692.282452
4983,5498,4276,5692.315960
4984,5499,4276,5692.315960
4985,5500,4277,5692.345567
4986,5501,4278,5692.376330
4987,5502,4279,5692.409805
4988,5503,4280,5692.440893
4989,5504,4281,5692.473048
4990,5505,4281,5692.473048
4991,5506,4282,5692.506041
4992,5507,4283,5692.538199
4993,5508,4284,5692.570682
4994,5509,4284,5692.570682
4995,5510,4284,5692.570682
4996,5511,4285,5692.649186
4997,5512,4285,5692.649186
4998,5513,4287,5692.683678
4999,5514,4288,5692.713399
5000,5515,4289,5692.746302
5001,5516,4290,5692.777558
5002,5517,4291,5692.809349
5003,5518,4291,5692.809349
5004,5519,4292,5692.841669
5005,5520,4293,5692.873950
5006,5521,4294,5692.905297
5007,5522,4295,5692.937052
5008,5523,4295,5692.937052
5009,5524,4296,5692.986830
5010,5525,4296,5692.986830
5011,5526,4297,5693.018684
5012,5527,4298,5693.049251
5013,5528,4299,5693.081361
5014,5529,4300,5693.114441
5015,5530,4301,5693.145613
5016,5531,4301,5693.145613
5017,5532,4302,5693.177667
5018,5533,4303,5693.209868
5019,5534,4304,5693.241984
5020,5535,4305,5693.274816
5021,5536,4305,5693.274816
5022,5537,4306,5693.322050
5023,5538,4306,5693.322050
5024,5539,4307,5693.352797
5025,5540,4308,5693.385190
5026,5541,4309,5693.418174
5027,5542,4310,5693.449205
5028,5543,4310,5693.449205
5029,5544,4311,5693.481672
5030,5545,4312,5693.514563
5031,5546,4313,5693.544392
5032,5547,4314,5693.580341
5033,5548,4314,5693.580341
5034,5549,4315,5693.609080
5035,5550,4316,5693.657513
5036,5551,4316,5693.657513
5037,5552,4317,5693.689932
5038,5553,4318,5693.721681
5039,5554,4319,5693.754859
5040,5555,4320,5693.785511
5041,5556,4320,5693.785511
5042,5557,4321,5693.818597
5043,5558,4322,5693.849741
5044,5559,4323,5693.882985
5045,5560,4324,5693.914955
5046,5561,4324,5693.914955
5047,5562,4325,5693.943482
5048,5563,4325,5693.943482
5049,5564,4326,5693.994395
5050,5565,4327,5694.026328
5051,5566,4328,5694.057663
5052,5567,4329,5694.089708
5053,5568,4330,5694.121635
5054,5569,4330,5694.121635
5055,5570,4331,5694.153944
5056,5571,4332,5694.185836
5057,5572,4333,5694.218463
5058,5573,4334,5694.249862
5059,5574,4334,5694.249862
5060,5575,4335,5694.281525
5061,5576,4336,5694.313600
5062,5577,4336,5694.313600
5063,5578,4337,5694.362260
5064,5579,4338,5694.394224
5065,5580,4339,5694.426142
5066,5581,4340,5694.458624
5067,5582,4340,5694.458624
5068,5583,4341,5694.489503
5069,5584,4342,5694.520955
5070,5585,4343,5694.554198
5071,5586,4344,5694.584282
5072,5587,4344,5694.584282
5073,5588,4345,5694.617707
5074,5589,4346,5694.649272
5075,5590,4346,5694.649272
5076,5591,4347,5694.697671
5077,5592,4348,5694.730305
5078,5593,4349,5694.762529
5079,5594,4350,5694.794834
5080,5595,4350,5694.794834
5081,5596,4351,5694.824872
5082,5597,4352,5694.857058
5083,5598,4353,5694.890476
5084,5599,4354,5694.922482
5085,5600,4354,5694.922482
5086,5601,4355,5694.952126
5087,5602,4356,5694.986170
5088,5603,4356,5694.986170
5089,5604,4357,5695.034540
5090,5605,4358,5695.065019
5091,5606,4359,5695.097938
5092,5607,4360,5695.127597
5093,5608,4360,5695.127597
5094,5609,4361,5695.161101
5095,5610,4362,5695.193027
5096,5611,4363,5695.226370
5097,5612,4364,5695.256719
5098,5613,4364,5695.256719
5099,5614,4365,5695.290918
5100,5615,4366,5695.322130
5101,5616,4366,5695.322130
5102,5617,4367,5695.371101
5103,5618,4368,5695.401863
5104,5619,4369,5695.434086
5105,5620,4369,5695.434086
5106,5621,4370,5695.465069
5107,5622,4371,5695.498105
5108,5623,4372,5695.530052
5109,5624,4373,5695.563234
5110,5625,4373,5695.563234
5111,5626,4374,5695.595361
5112,5627,4375,5695.626733
5113,5628,4376,5695.657539
5114,5629,4376,5695.657539
5115,5630,4377,5695.706208
5116,5631,4379,5695.740955
5117,5632,4380,5695.768919
5118,5633,4380,5695.768919
5119,5634,4380,5695.768919
5120,5635,4381,5695.834397
5121,5636,4382,5695.866283
5122,5637,4383,5695.898001
5123,5638,4383,5695.898001
5124,5639,4384,5695.930193
5125,5640,4385,5695.963039
5126,5641,4386,5695.993954
5127,5642,4387,5696.025615
5128,5643,4387,5696.025615
5129,5644,4389,5696.078153
5130,5645,4389,5696.078153
5131,5646,4390,5696.105776
5132,5647,4391,5696.137864
5133,5648,4392,5696.169671
5134,5649,4392,5696.169671
5135,5650,4393,5696.232648
5136,5651,4393,5696.232648
5137,5652,4394,5696.265740
5138,5653,4395,5696.296477
5139,5654,4396,5696.330212
5140,5655,4397,5696.360769
5141,5656,4397,5696.360769
5142,5657,4398,5696.409302
5143,5658,4398,5696.409302
5144,5659,4400,5696.443850
5145,5660,4401,5696.474138
5146,5661,4402,5696.506792
5147,5662,4403,5696.538585
5148,5663,4403,5696.538585
5149,5664,4404,5696.569363
5150,5665,4404,5696.569363
5151,5666,4405,5696.633361
5152,5667,4406,5696.666926
5153,5668,4406,5696.666926
5154,5669,4407,5696.698649
5155,5670,4408,5696.745192
5156,5671,4409,5696.777036
5157,5672,4410,5696.779124
5158,5673,4411,5696.810272
5159,5674,4412,5696.840231
5160,5675,4413,5696.873016
5161,5676,4414,5696.905359
5162,5677,4414,5696.905359
5163,5678,4415,5696.939466
5164,5679,4416,5696.970249
5165,5680,4416,5696.970249
5166,5681,4417,5697.032705
5167,5682,4417,5697.032705
5168,5683,4418,5697.081135
5169,5684,4418,5697.081135
5170,5685,4420,5697.119330
5171,5686,4421,5697.144625
5172,5687,4422,5697.177818
5173,5688,4423,5697.210584
5174,5689,4423,5697.210584
5175,5690,4424,5697.242341
5176,5691,4425,5697.273130
5177,5692,4426,5697.305106
5178,5693,4427,5697.339260
5179,5694,4428,5697.368849
5180,5695,4428,5697.368849
5181,5696,4428,5697.368849
5182,5697,4428,5697.368849
5183,5698,4430,5697.453217
5184,5699,4431,5697.481847
5185,5700,4432,5697.514291
5186,5701,4433,5697.546940
5187,5702,4433,5697.546940
5188,5703,4434,5697.576883
5189,5704,4435,5697.611050
5190,5705,4436,5697.642858
5191,5706,4437,5697.673567
5192,5707,4437,5697.673567
5193,5708,4438,5697.704722
5194,5709,4439,5697.738407
5195,5710,4439,5697.738407
5196,5711,4440,5697.786710
5197,5712,4441,5697.818122
5198,5713,4442,5697.850358
5199,5714,4443,5697.880889
5200,5715,4443,5697.880889
5201,5716,4444,5697.913580
5202,5717,4445,5697.944697
5203,5718,4446,5697.977756
5204,5719,4447,5698.009268
5205,5720,4447,5698.009268
5206,5721,4448,5698.042711
5207,5722,4449,5698.074895
5208,5723,4449,5698.074895
5209,5724,4450,5698.122660
5210,5725,4451,5698.154213
5211,5726,4452,5698.186456
5212,5727,4453,5698.217091
5213,5728,4453,5698.217091
5214,5729,4454,5698.249982
5215,5730,4455,5698.280689
5216,5731,4456,5698.314530
5217,5732,4457,5698.345521
5218,5733,4457,5698.345521
5219,5734,4458,5698.378252
5220,5735,4459,5698.410198
5221,5736,4459,5698.410198
5222,5737,4460,5698.456641
5223,5738,4461,5698.491028
5224,5739,4462,5698.522736
5225,5740,4462,5698.522736
5226,5741,4463,5698.554684
5227,5742,4464,5698.585800
5228,5743,4465,5698.618715
5229,5744,4466,5698.651196
5230,5745,4466,5698.651196
5231,5746,4467,5698.682567
5232,5747,4468,5698.713132
5233,5748,4469,5698.745415
5234,5749,4469,5698.745415
5235,5750,4470,5698.791449
5236,5751,4471,5698.826619
5237,5752,4472,5698.856262
5238,5753,4472,5698.856262
5239,5754,4473,5698.889586
5240,5755,4474,5698.922372
5241,5756,4475,5698.955262
5242,5757,4476,5698.987594
5243,5758,4476,5698.987594
5244,5759,4477,5699.017924
5245,5760,4478,5699.049789
5246,5761,4479,5699.082121
5247,5762,4479,5699.082121
5248,5763,4480,5699.128569
5249,5764,4481,5699.161563
5250,5765,4481,5699.161563
5251,5766,4482,5699.193639
5252,5767,4483,5699.227888
5253,5768,4484,5699.258977
5254,5769,4485,5699.289996
5255,5770,4485,5699.289996
5256,5771,4486,5699.322085
5257,5772,4487,5699.353179
5258,5773,4488,5699.385976
5259,5774,4489,5699.417151
5260,5775,4489,5699.417151
5261,5776,4490,5699.466227
5262,5777,4491,5699.499264
5263,5778,4491,5699.499264
5264,5779,4492,5699.527690
5265,5780,4493,5699.561158
5266,5781,4494,5699.593886
5267,5782,4495,5699.624307
5268,5783,4495,5699.624307
5269,5784,4496,5699.656790
5270,5785,4497,5699.688569
5271,5786,4498,5699.722162
5272,5787,4499,5699.753100
5273,5788,4499,5699.753100
5274,5789,4500,5699.784703
5275,5790,4501,5699.833672
5276,5791,4501,5699.833672
5277,5792,4502,5699.864121
5278,5793,4503,5699.899155
5279,5794,4504,5699.929254
5280,5795,4505,5699.960659
5281,5796,4505,5699.960659
5282,5797,4506,5699.992371
5283,5798,4507,5700.026402
5284,5799,4508,5700.058375
5285,5800,4509,5700.090330
5286,5801,4509,5700.090330
5287,5802,4510,5700.123145
5288,5803,4511,5700.169674
5289,5804,4511,5700.169674
5290,5805,4512,5700.202545
5291,5806,4513,5700.233371
5292,5807,4514,5700.265865
5293,5808,4515,5700.296995
5294,5809,4515,5700.296995
5295,5810,4516,5700.330121
5296,5811,4517,5700.364167
5297,5812,4518,5700.393407
5298,5813,4519,5700.427407
5299,5814,4519,5700.427407
5300,5815,4520,5700.458420
5301,5816,4521,5700.504451
5302,5817,4521,5700.504451
5303,5818,4523,5700.543037
5304,5819,4524,5700.569390
5305,5820,4524,5700.569390
5306,5821,4525,5700.633188
5307,5822,4525,5700.633188
5308,5823,4526,5700.665782
5309,5824,4527,5700.698079
5310,5825,4528,5700.728259
5311,5826,4529,5700.761821
5312,5827,4529,5700.761821
5313,5828,4530,5700.793136
5314,5829,4531,5700.840383
5315,5830,4531,5700.840383
5316,5831,4533,5700.875834
5317,5832,4534,5700.905854
5318,5833,4535,5700.937281
5319,5834,4535,5700.937281
5320,5835,4536,5700.969759
5321,5836,4536,5700.969759
5322,5837,4537,5701.033699
5323,5838,4538,5701.066939
5324,5839,4539,5701.097350
5325,5840,4539,5701.097350
5326,5841,4540,5701.131493
5327,5842,4540,5701.131493
5328,5843,4541,5701.178876
5329,5844,4543,5701.212111
5330,5845,4544,5701.241987
5331,5846,4545,5701.272827
5332,5847,4545,5701.272827
5333,5848,4546,5701.306924
5334,5849,4547,5701.337548
5335,5850,4548,5701.370706
5336,5851,4548,5701.370706
5337,5852,4548,5701.370706
5338,5853,4549,5701.435272
5339,5854,4550,5701.464924
5340,5855,4551,5701.497672
5341,5856,4551,5701.497672
5342,5857,4552,5701.546556
5343,5858,4554,5701.579876
5344,5859,4555,5701.609647
5345,5860,4555,5701.609647
5346,5861,4556,5701.641672
5347,5862,4557,5701.674063
5348,5863,4558,5701.704987
5349,5864,4559,5701.737152
5350,5865,4559,5701.737152
5351,5866,4560,5701.769160
5352,5867,4560,5701.769160
5353,5868,4561,5701.833575
5354,5869,4561,5701.833575
5355,5870,4562,5701.883804
5356,5871,4564,5701.917279
5357,5872,4564,5701.917279
5358,5873,4565,5701.947096
5359,5874,4566,5701.978281
5360,5875,4567,5702.010598
5361,5876,4568,5702.043540
5362,5877,4568,5702.043540
5363,5878,4569,5702.073695
5364,5879,4570,5702.107131
5365,5880,4571,5702.137024
5366,5881,4572,5702.169243
5367,5882,4572,5702.169243
5368,5883,4572,5702.169243
5369,5884,4573,5702.250913
5370,5885,4574,5702.253263
5371,5886,4575,5702.281752
5372,5887,4576,5702.312660
5373,5888,4577,5702.346482
5374,5889,4578,5702.378627
5375,5890,4578,5702.378627
5376,5891,4579,5702.409080
5377,5892,4580,5702.441441
5378,5893,4581,5702.471891
5379,5894,4582,5702.506864
5380,5895,4582,5702.506864
5381,5896,4583,5702.552291
5382,5897,4584,5702.586010
5383,5898,4584,5702.586010
5384,5899,4585,5702.616457
5385,5900,4586,5702.649674
5386,5901,4587,5702.682229
5387,5902,4588,5702.713567
5388,5903,4588,5702.713567
5389,5904,4589,5702.745516
5390,5905,4590,5702.776693
5391,5906,4591,5702.810013
5392,5907,4592,5702.841713
5393,5908,4592,5702.841713
5394,5909,4593,5702.890188
5395,5910,4594,5702.921233
5396,5911,4594,5702.921233
5397,5912,4595,5702.954616
5398,5913,4596,5702.986177
5399,5914,4597,5703.017017
5400,5915,4598,5703.050633
5401,5916,4598,5703.050633
5402,5917,4599,5703.080882
5403,5918,4600,5703.114835
5404,5919,4601,5703.143989
5405,5920,4602,5703.178876
5406,5921,4602,5703.178876
5407,5922,4603,5703.210631
5408,5923,4604,5703.258391
5409,5924,4604,5703.258391
5410,5925,4605,5703.290220
5411,5926,4606,5703.322786
5412,5927,4607,5703.354150
5413,5928,4608,5703.384898
5414,5929,4608,5703.384898
5415,5930,4609,5703.418106
5416,5931,4610,5703.449088
5417,5932,4611,5703.481625
5418,5933,4612,5703.513062
5419,5934,4612,5703.513062
5420,5935,4613,5703.546236
5421,5936,4613,5703.546236
5422,5937,4614,5703.593161
5423,5938,4615,5703.624758
5424,5939,4616,5703.658199
5425,5940,4617,5703.691111
5426,5941,4617,5703.691111
5427,5942,4618,5703.720728
5428,5943,4619,5703.753978
5429,5944,4620,5703.784349
5430,5945,4621,5703.817480
5431,5946,4621,5703.817480
5432,5947,4622,5703.848678
5433,5948,4623,5703.882346
5434,5949,4623,5703.882346
5435,5950,4624,5703.928684
5436,5951,4625,5703.961253
5437,5952,4626,5703.994541
5438,5953,4627,5704.027465
5439,5954,4627,5704.027465
5440,5955,4628,5704.058810
5441,5956,4629,5704.089546
5442,5957,4630,5704.121524
5443,5958,4631,5704.153517
5444,5959,4631,5704.153517
5445,5960,4632,5704.186379
5446,5961,4633,5704.218302
5447,5962,4633,5704.218302
5448,5963,4634,5704.266471
5449,5964,4635,5704.298535
5450,5965,4636,5704.329406
5451,5966,4637,5704.360494
5452,5967,4637,5704.360494
5453,5968,4638,5704.392720
5454,5969,4639,5704.425984
5455,5970,4640,5704.458295
5456,5971,4641,5704.489161
5457,5972,4641,5704.489161
5458,5973,4642,5704.520791
5459,5974,4643,5704.553391
5460,5975,4643,5704.553391
5461,5976,4644,5704.603319
5462,5977,4645,5704.633734
5463,5978,4646,5704.666541
5464,5979,4646,5704.666541
5465,5980,4647,5704.697329
5466,5981,4648,5704.728652
5467,5982,4649,5704.761134
5468,5983,4650,5704.795192
5469,5984,4651,5704.824928
5470,5985,4651,5704.824928
5471,5986,4652,5704.857729
5472,5987,4653,5704.890171
5473,5988,4654,5704.920382
5474,5989,4654,5704.920382
5475,5990,4656,5704.973580
5476,5991,4656,5704.973580
5477,5992,4656,5704.973580
5478,5993,4657,5705.032977
5479,5994,4658,5705.064835
5480,5995,4659,5705.097860
5481,5996,4660,5705.129466
5482,5997,4660,5705.129466
5483,5998,4661,5705.161652
5484,5999,4662,5705.195847
5485,6000,4663,5705.226172
5486,6001,4664,5705.258481
5487,6002,4664,5705.258481
5488,6003,4665,5705.308140
5489,6004,4666,5705.338151
5490,6005,4667,5705.340352
5491,6006,4668,5705.369926
5492,6007,4668,5705.369926
5493,6008,4669,5705.434126
5494,6009,4670,5705.467079
5495,6010,4670,5705.467079
5496,6011,4671,5705.499033
5497,6012,4672,5705.530559
5498,6013,4673,5705.563056
5499,6014,4674,5705.592950
5500,6015,4674,5705.592950
5501,6016,4675,5705.641673
5502,6017,4675,5705.641673
5503,6018,4677,5705.677884
5504,6019,4678,5705.705430
5505,6020,4679,5705.736880
5506,6021,4680,5705.770696
5507,6022,4680,5705.770696
5508,6023,4680,5705.770696
5509,6024,4681,5705.833086
5510,6025,4682,5705.866184
5511,6026,4683,5705.897280
5512,6027,4684,5705.929251
5513,6028,4684,5705.929251
5514,6029,4685,5705.979290
5515,6030,4685,5705.979290
5516,6031,4687,5706.012134
5517,6032,4688,5706.041975
5518,6033,4689,5706.071913
5519,6034,4690,5706.105312
5520,6035,4690,5706.105312
5521,6036,4691,5706.137370
5522,6037,4692,5706.168137
5523,6038,4692,5706.168137
5524,6039,4693,5706.232702
5525,6040,4693,5706.232702
5526,6041,4694,5706.264964
5527,6042,4695,5706.314501
5528,6043,4695,5706.314501
5529,6044,4697,5706.347229
5530,6045,4698,5706.378041
5531,6046,4699,5706.410816
5532,6047,4700,5706.441513
5533,6048,4700,5706.441513
5534,6049,4701,5706.473293
5535,6050,4702,5706.505956
5536,6051,4703,5706.537342
5537,6052,4704,5706.569433
5538,6053,4704,5706.569433
5539,6054,4704,5706.569433
5540,6055,4705,5706.648983
5541,6056,4705,5706.648983
5542,6057,4707,5706.688041
5543,6058,4708,5706.713970
5544,6059,4709,5706.745816
5545,6060,4710,5706.777358
5546,6061,4710,5706.777358
5547,6062,4711,5706.809996
5548,6063,4712,5706.842316
5549,6064,4713,5706.875305
5550,6065,4714,5706.905553
5551,6066,4715,5706.937387
5552,6067,4715,5706.937387
5553,6068,4716,5706.969049
5554,6069,4716,5706.969049
5555,6070,4716,5706.969049
5556,6071,4718,5707.050820
5557,6072,4719,5707.082071
5558,6073,4720,5707.114901
5559,6074,4721,5707.143470
5560,6075,4721,5707.143470
5561,6076,4722,5707.179303
5562,6077,4723,5707.210512
5563,6078,4724,5707.241849
5564,6079,4724,5707.241849
5565,6080,4725,5707.273505
5566,6081,4726,5707.307087
5567,6082,4726,5707.307087
5568,6083,4727,5707.354086
5569,6084,4728,5707.385317
5570,6085,4729,5707.417622
5571,6086,4730,5707.450980
5572,6087,4730,5707.450980
5573,6088,4731,5707.483051
5574,6089,4732,5707.513015
5575,6090,4733,5707.543830
5576,6091,4734,5707.575943
5577,6092,4735,5707.608911
5578,6093,4735,5707.608911
5579,6094,4736,5707.642357
5580,6095,4737,5707.689142
5581,6096,4737,5707.689142
5582,6097,4738,5707.721828
5583,6098,4739,5707.751932
5584,6099,4740,5707.786403
5585,6100,4741,5707.819243
5586,6101,4741,5707.819243
5587,6102,4742,5707.851268
5588,6103,4743,5707.882441
5589,6104,4744,5707.914790
5590,6105,4745,5707.945124
5591,6106,4745,5707.945124
5592,6107,4746,5707.978604
5593,6108,4746,5707.978604
5594,6109,4747,5708.024726
5595,6110,4748,5708.057273
5596,6111,4749,5708.090125
5597,6112,4750,5708.121182
5598,6113,4751,5708.152670
5599,6114,4751,5708.152670
5600,6115,4752,5708.187594
5601,6116,4753,5708.217013
5602,6117,4754,5708.250539
5603,6118,4755,5708.281129
5604,6119,4755,5708.281129
5605,6120,4756,5708.313566
5606,6121,4756,5708.313566
5607,6122,4757,5708.361020
5608,6123,4758,5708.392573
5609,6124,4759,5708.426370
5610,6125,4760,5708.459619
5611,6126,4760,5708.459619
5612,6127,4761,5708.490467
5613,6128,4762,5708.521367
5614,6129,4763,5708.551962
5615,6130,4764,5708.585433
5616,6131,4765,5708.618290
5617,6132,4765,5708.618290
5618,6133,4766,5708.649409
5619,6134,4767,5708.679822
5620,6135,4767,5708.679822
5621,6136,4768,5708.730436
5622,6137,4769,5708.759947
5623,6138,4770,5708.794250
5624,6139,4770,5708.794250
5625,6140,4771,5708.825689
5626,6141,4772,5708.857471
5627,6142,4773,5708.889955
5628,6143,4774,5708.922241
5629,6144,4774,5708.922241
5630,6145,4775,5708.954391
5631,6146,4776,5708.985260
5632,6147,4777,5709.019427
5633,6148,4777,5709.019427
5634,6149,4778,5709.065463
5635,6150,4779,5709.097509
5636,6151,4780,5709.130912
5637,6152,4780,5709.130912
5638,6153,4781,5709.160811
5639,6154,4782,5709.194844
5640,6155,4783,5709.227535
5641,6156,4784,5709.257835
5642,6157,4784,5709.257835
5643,6158,4785,5709.291517
5644,6159,4786,5709.321415
5645,6160,4787,5709.354126
5646,6161,4787,5709.354126
5647,6162,4788,5709.401483
5648,6163,4789,5709.435456
5649,6164,4790,5709.465557
5650,6165,4790,5709.465557
5651,6166,4791,5709.497704
5652,6167,4792,5709.531825
5653,6168,4793,5709.562144
5654,6169,4794,5709.593161
5655,6170,4794,5709.593161
5656,6171,4795,5709.624901
5657,6172,4796,5709.658125
5658,6173,4797,5709.688965
5659,6174,4797,5709.688965
5660,6175,4798,5709.736866
5661,6176,4800,5709.772182
5662,6177,4800,5709.772182
5663,6178,4800,5709.772182
5664,6179,4801,5709.834545
5665,6180,4802,5709.866482
5666,6181,4803,5709.897996
5667,6182,4804,5709.929617
5668,6183,4804,5709.929617
5669,6184,4805,5709.961973
5670,6185,4806,5709.992563
5671,6186,4807,5710.026658
5672,6187,4807,5710.026658
5673,6188,4808,5710.072156
5674,6189,4810,5710.109392
5675,6190,4811,5710.136435
5676,6191,4811,5710.136435
5677,6192,4812,5710.169411
5678,6193,4812,5710.169411
5679,6194,4813,5710.233295
5680,6195,4814,5710.265442
5681,6196,4814,5710.265442
5682,6197,4815,5710.297085
5683,6198,4816,5710.330829
5684,6199,4817,5710.363202
5685,6200,4818,5710.393904
5686,6201,4818,5710.393904
5687,6202,4819,5710.442725
5688,6203,4820,5710.473986
5689,6204,4821,5710.476658
5690,6205,4822,5710.504678
5691,6206,4823,5710.538526
5692,6207,4824,5710.570382
5693,6208,4824,5710.570382
5694,6209,4824,5710.570382
5695,6210,4825,5710.632296
5696,6211,4826,5710.664161
5697,6212,4827,5710.697953
5698,6213,4828,5710.729964
5699,6214,4828,5710.729964
5700,6215,4829,5710.778323
5701,6216,4831,5710.811447
5702,6217,4831,5710.811447
5703,6218,4832,5710.840433
5704,6219,4833,5710.874120
5705,6220,4834,5710.906808
5706,6221,4835,5710.937593
5707,6222,4835,5710.937593
5708,6223,4836,5710.968699
5709,6224,4836,5710.968699
5710,6225,4837,5711.033794
5711,6226,4838,5711.066936
5712,6227,4838,5711.066936
5713,6228,4839,5711.113217
5714,6229,4840,5711.147447
5715,6230,4841,5711.149570
5716,6231,4842,5711.176398
5717,6232,4843,5711.212703
5718,6233,4844,5711.240744
5719,6234,4845,5711.274474
5720,6235,4845,5711.274474
5721,6236,4846,5711.305912
5722,6237,4847,5711.337976
5723,6238,4848,5711.370184
5724,6239,4848,5711.370184
5725,6240,4848,5711.370184
5726,6241,4849,5711.449951
5727,6242,4851,5711.484540
5728,6243,4851,5711.484540
5729,6244,4852,5711.514296
5730,6245,4853,5711.547239
5731,6246,4854,5711.578829
5732,6247,4855,5711.609625
5733,6248,4855,5711.609625
5734,6249,4856,5711.641476
5735,6250,4857,5711.674765
5736,6251,4858,5711.706428
5737,6252,4859,5711.738861
5738,6253,4859,5711.738861
5739,6254,4860,5711.787777
5740,6255,4861,5711.817212
5741,6256,4861,5711.817212
5742,6257,4862,5711.851187
5743,6258,4863,5711.881433
5744,6259,4864,5711.914671
5745,6260,4865,5711.947061
5746,6261,4865,5711.947061
5747,6262,4866,5711.976534
5748,6263,4867,5712.011363
5749,6264,4868,5712.041054
5750,6265,4869,5712.072890
5751,6266,4869,5712.072890
5752,6267,4870,5712.105859
5753,6268,4871,5712.154831
5754,6269,4871,5712.154831
5755,6270,4872,5712.185996
5756,6271,4873,5712.218407
5757,6272,4874,5712.247749
5758,6273,4875,5712.280536
5759,6274,4875,5712.280536
5760,6275,4876,5712.313488
5761,6276,4877,5712.345867
5762,6277,4878,5712.377826
5763,6278,4879,5712.408872
5764,6279,4879,5712.408872
5765,6280,4880,5712.442180
5766,6281,4881,5712.489168
5767,6282,4881,5712.489168
5768,6283,4882,5712.520675
5769,6284,4883,5712.554437
5770,6285,4884,5712.585629
5771,6286,4884,5712.585629
5772,6287,4885,5712.619019
5773,6288,4886,5712.649131
5774,6289,4887,5712.681958
5775,6290,4888,5712.716315
5776,6291,4889,5712.745367
5777,6292,4889,5712.745367
5778,6293,4890,5712.778265
5779,6294,4890,5712.778265
5780,6295,4891,5712.824483
5781,6296,4892,5712.857541
5782,6297,4893,5712.889540
5783,6298,4894,5712.920387
5784,6299,4894,5712.920387
5785,6300,4895,5712.955322
5786,6301,4896,5712.984659
5787,6302,4897,5713.017261
5788,6303,4898,5713.050676
5789,6304,4899,5713.080188
5790,6305,4899,5713.080188
5791,6306,4900,5713.113867
5792,6307,4900,5713.113867
5793,6308,4901,5713.161644
5794,6309,4902,5713.194272
5795,6310,4903,5713.226413
5796,6311,4904,5713.258553
5797,6312,4904,5713.258553
5798,6313,4905,5713.288879
5799,6314,4906,5713.321392
5800,6315,4907,5713.354007
5801,6316,4908,5713.385473
5802,6317,4908,5713.385473
5803,6318,4909,5713.417584
5804,6319,4910,5713.450597
5805,6320,4910,5713.450597
5806,6321,4911,5713.497579
5807,6322,4912,5713.530002
5808,6323,4913,5713.563162
5809,6324,4914,5713.593092
5810,6325,4914,5713.593092
5811,6326,4915,5713.626514
5812,6327,4916,5713.657073
5813,6328,4917,5713.689323
5814,6329,4918,5713.720574
5815,6330,4918,5713.720574
5816,6331,4919,5713.754113
5817,6332,4920,5713.786293
5818,6333,4921,5713.817603
5819,6334,4921,5713.817603
5820,6335,4922,5713.866878
5821,6336,4923,5713.897312
5822,6337,4923,5713.897312
5823,6338,4924,5713.929390
5824,6339,4925,5713.960769
5825,6340,4926,5713.992071
5826,6341,4927,5714.026465
5827,6342,4928,5714.056471
5828,6343,4928,5714.056471
5829,6344,4929,5714.089649
5830,6345,4930,5714.121421
5831,6346,4931,5714.155148
5832,6347,4931,5714.155148
5833,6348,4932,5714.202586
5834,6349,4933,5714.233952
5835,6350,4933,5714.233952
5836,6351,4934,5714.265452
5837,6352,4935,5714.298038
5838,6353,4936,5714.331461
5839,6354,4937,5714.362824
5840,6355,4938,5714.392761
5841,6356,4938,5714.392761
5842,6357,4939,5714.426910
5843,6358,4940,5714.458619
5844,6359,4941,5714.489661
5845,6360,4941,5714.489661
5846,6361,4942,5714.537973
5847,6362,4943,5714.571681
5848,6363,4944,5714.575295
5849,6364,4944,5714.575295
5850,6365,4945,5714.632845
5851,6366,4946,5714.665796
5852,6367,4947,5714.697537
5853,6368,4948,5714.728593
5854,6369,4948,5714.728593
5855,6370,4949,5714.761134
5856,6371,4950,5714.794539
5857,6372,4951,5714.827552
5858,6373,4951,5714.827552
5859,6374,4952,5714.872984
5860,6375,4954,5714.906620
5861,6376,4954,5714.906620
5862,6377,4955,5714.937987
5863,6378,4956,5714.968282
5864,6379,4956,5714.968282
5865,6380,4957,5715.033972
5866,6381,4957,5715.033972
5867,6382,4958,5715.064746
5868,6383,4959,5715.099609
5869,6384,4960,5715.131019
5870,6385,4961,5715.161910
5871,6386,4961,5715.161910
5872,6387,4962,5715.207918
5873,6388,4964,5715.242662
5874,6389,4964,5715.242662
5875,6390,4965,5715.273786
5876,6391,4966,5715.306135
5877,6392,4967,5715.338299
5878,6393,4968,5715.371227
5879,6394,4968,5715.371227
5880,6395,4968,5715.371227
5881,6396,4969,5715.433919
5882,6397,4970,5715.465003
5883,6398,4971,5715.497369
5884,6399,4971,5715.497369
5885,6400,4972,5715.547293
5886,6401,4974,5715.579309
5887,6402,4974,5715.579309
5888,6403,4975,5715.610099
5889,6404,4976,5715.640976
5890,6405,4977,5715.672056
5891,6406,4978,5715.706423
5892,6407,4978,5715.706423
5893,6408,4979,5715.737760
5894,6409,4980,5715.770330
5895,6410,4980,5715.770330
5896,6411,4981,5715.833311
5897,6412,4981,5715.833311
5898,6413,4982,5715.866953
5899,6414,4983,5715.914020
5900,6415,4983,5715.914020
5901,6416,4985,5715.949873
5902,6417,4986,5715.977838
5903,6418,4987,5716.009017
5904,6419,4988,5716.041213
5905,6420,4988,5716.041213
5906,6421,4989,5716.073546
5907,6422,4990,5716.106643
5908,6423,4991,5716.137831
5909,6424,4992,5716.170746
5910,6425,4992,5716.170746
5911,6426,4992,5716.170746
5912,6427,4993,5716.249158
5913,6428,4993,5716.249158
5914,6429,4995,5716.283027
5915,6430,4996,5716.314052
5916,6431,4997,5716.348283
5917,6432,4998,5716.378051
5918,6433,4998,5716.378051
5919,6434,4999,5716.409045
5920,6435,5000,5716.442343
5921,6436,5001,5716.473907
5922,6437,5002,5716.505112
5923,6438,5002,5716.505112
5924,6439,5003,5716.538438
5925,6440,5003,5716.538438
5926,6441,5004,5716.587232
5927,6442,5005,5716.616816
5928,6443,5006,5716.648974
5929,6444,5007,5716.681226
5930,6445,5008,5716.713932
5931,6446,5008,5716.713932
5932,6447,5009,5716.743931
5933,6448,5010,5716.778600
5934,6449,5011,5716.810092
5935,6450,5011,5716.810092
5936,6451,5012,5716.844257
5937,6452,5013,5716.873061
5938,6453,5014,5716.922674
5939,6454,5014,5716.922674
5940,6455,5015,5716.953695
5941,6456,5016,5716.985541
5942,6457,5017,5717.020840
5943,6458,5018,5717.048813
5944,6459,5018,5717.048813
5945,6460,5019,5717.081967
5946,6461,5020,5717.113240
5947,6462,5021,5717.145575
5948,6463,5022,5717.178820
5949,6464,5022,5717.178820
5950,6465,5023,5717.209079
5951,6466,5024,5717.257693
5952,6467,5024,5717.257693
5953,6468,5025,5717.289566
5954,6469,5026,5717.321952
5955,6470,5027,5717.353707
5956,6471,5028,5717.385557
5957,6472,5028,5717.385557
5958,6473,5029,5717.418018
5959,6474,5030,5717.449906
5960,6475,5031,5717.481857
5961,6476,5032,5717.513500
5962,6477,5032,5717.513500
5963,6478,5033,5717.544704
5964,6479,5034,5717.575944
5965,6480,5034,5717.575944
5966,6481,5035,5717.624918
5967,6482,5036,5717.659524
5968,6483,5037,5717.691629
5969,6484,5038,5717.720934
5970,6485,5038,5717.720934
5971,6486,5039,5717.752202
5972,6487,5040,5717.784483
5973,6488,5041,5717.817847
5974,6489,5042,5717.848522
5975,6490,5042,5717.848522
5976,6491,5043,5717.882535
5977,6492,5044,5717.911849
5978,6493,5044,5717.911849
5979,6494,5045,5717.960832
5980,6495,5046,5717.992914
5981,6496,5047,5718.026502
5982,6497,5048,5718.057752
5983,6498,5048,5718.057752
5984,6499,5049,5718.089541
5985,6500,5050,5718.121739
5986,6501,5051,5718.152592
5987,6502,5052,5718.184819
5988,6503,5052,5718.184819
5989,6504,5053,5718.218865
5990,6505,5054,5718.248836
5991,6506,5054,5718.248836
5992,6507,5055,5718.297406
5993,6508,5056,5718.329674
5994,6509,5057,5718.362220
5995,6510,5058,5718.392586
5996,6511,5058,5718.392586
5997,6512,5059,5718.425162
5998,6513,5060,5718.458172
5999,6514,5061,5718.490341
6000,6515,5062,5718.519284
6001,6516,5062,5718.519284
6002,6517,5063,5718.554072
6003,6518,5064,5718.585581
6004,6519,5064,5718.585581
6005,6520,5065,5718.634808
6006,6521,5066,5718.664421
6007,6522,5067,5718.698723
6008,6523,5067,5718.698723
6009,6524,5068,5718.729571
6010,6525,5069,5718.761837
6011,6526,5070,5718.793993
6012,6527,5071,5718.826920
6013,6528,5071,5718.826920
6014,6529,5072,5718.858523
6015,6530,5073,5718.889259
6016,6531,5074,5718.922123
6017,6532,5074,5718.922123
6018,6533,5075,5718.970508
6019,6534,5076,5719.001375
6020,6535,5077,5719.033038
6021,6536,5077,5719.033038
6022,6537,5078,5719.065303
6023,6538,5079,5719.097638
6024,6539,5080,5719.130284
6025,6540,5081,5719.160355
6026,6541,5081,5719.160355
6027,6542,5082,5719.192444
6028,6543,5083,5719.224871
6029,6544,5084,5719.257963
6030,6545,5085,5719.288664
6031,6546,5085,5719.288664
6032,6547,5086,5719.339955
6033,6548,5087,5719.368926
6034,6549,5088,5719.372003
6035,6550,5088,5719.372003
6036,6551,5089,5719.434358
6037,6552,5090,5719.466447
6038,6553,5091,5719.497983
6039,6554,5091,5719.497983
6040,6555,5092,5719.529680
6041,6556,5093,5719.562133
6042,6557,5094,5719.593514
6043,6558,5095,5719.626018
6044,6559,5095,5719.626018
6045,6560,5096,5719.673174
6046,6561,5096,5719.673174
6047,6562,5098,5719.709638
6048,6563,5099,5719.738042
6049,6564,5100,5719.768153
6050,6565,5100,5719.768153
6051,6566,5100,5719.768153
6052,6567,5101,5719.835736
6053,6568,5102,5719.864652
6054,6569,5103,5719.898785
6055,6570,5104,5719.928320
6056,6571,5105,5719.961609
6057,6572,5105,5719.961609
6058,6573,5106,5720.011024
6059,6574,5106,5720.011024
6060,6575,5108,5720.044037
6061,6576,5109,5720.073551
6062,6577,5110,5720.106414
6063,6578,5111,5720.137173
6064,6579,5111,5720.137173
6065,6580,5112,5720.170126
6066,6581,5112,5720.170126
6067,6582,5113,5720.234720
6068,6583,5114,5720.264833
6069,6584,5114,5720.264833
6070,6585,5115,5720.296915
6071,6586,5116,5720.344560
6072,6587,5116,5720.344560
6073,6588,5118,5720.379156
6074,6589,5119,5720.408469
6075,6590,5120,5720.441389
6076,6591,5121,5720.472904
6077,6592,5121,5720.472904
6078,6593,5122,5720.504129
6079,6594,5123,5720.536871
6080,6595,5124,5720.570338
6081,6596,5124,5720.570338
6082,6597,5124,5720.570338
6083,6598,5125,5720.634657
6084,6599,5126,5720.681225
6085,6600,5126,5720.681225
6086,6601,5128,5720.716620
6087,6602,5129,5720.746814
6088,6603,5130,5720.777463
6089,6604,5131,5720.808685
6090,6605,5131,5720.808685
6091,6606,5132,5720.842564
6092,6607,5133,5720.873865
6093,6608,5134,5720.905944
6094,6609,5135,5720.937144
6095,6610,5135,5720.937144
6096,6611,5136,5720.969436
6097,6612,5136,5720.969436
6098,6613,5136,5720.969436
6099,6614,5138,5721.050242
6100,6615,5139,5721.080313
6101,6616,5140,5721.114881
6102,6617,5140,5721.114881
6103,6618,5141,5721.145648
6104,6619,5142,5721.177843
6105,6620,5143,5721.210593
6106,6621,5144,5721.241993
6107,6622,5144,5721.241993
6108,6623,5145,5721.273673
6109,6624,5146,5721.306263
6110,6625,5147,5721.338054
6111,6626,5147,5721.338054
6112,6627,5148,5721.386162
6113,6628,5149,5721.418516
6114,6629,5150,5721.448785
6115,6630,5150,5721.448785
6116,6631,5151,5721.480647
6117,6632,5152,5721.513103
6118,6633,5153,5721.545044
6119,6634,5154,5721.578601
6120,6635,5154,5721.578601
6121,6636,5155,5721.608982
6122,6637,5156,5721.641955
6123,6638,5157,5721.672112
6124,6639,5157,5721.672112
6125,6640,5158,5721.721306
6126,6641,5159,5721.751931
6127,6642,5159,5721.751931
6128,6643,5160,5721.784959
6129,6644,5161,5721.816951
6130,6645,5162,5721.849070
6131,6646,5163,5721.882776
6132,6647,5163,5721.882776
6133,6648,5164,5721.914016
6134,6649,5165,5721.945139
6135,6650,5166,5721.977251
6136,6651,5167,5722.011674
6137,6652,5167,5722.011674
6138,6653,5168,5722.059399
6139,6654,5169,5722.090121
6140,6655,5169,5722.090121
6141,6656,5170,5722.122227
6142,6657,5171,5722.155408
6143,6658,5172,5722.184346
6144,6659,5173,5722.217497
6145,6660,5174,5722.248725
6146,6661,5174,5722.248725
6147,6662,5175,5722.280875
6148,6663,5176,5722.314586
6149,6664,5177,5722.346540
6150,6665,5177,5722.346540
6151,6666,5178,5722.392830
6152,6667,5179,5722.425308
6153,6668,5179,5722.425308
6154,6669,5180,5722.458611
6155,6670,5181,5722.489508
6156,6671,5182,5722.522194
6157,6672,5183,5722.554782
6158,6673,5183,5722.554782
6159,6674,5184,5722.585052
6160,6675,5185,5722.618650
6161,6676,5186,5722.649719
6162,6677,5187,5722.680650
6163,6678,5187,5722.680650
6164,6679,5188,5722.715193
6165,6680,5189,5722.762223
6166,6681,5189,5722.762223
6167,6682,5190,5722.792602
6168,6683,5191,5722.826000
6169,6684,5192,5722.857442
6170,6685,5193,5722.888659
6171,6686,5193,5722.888659
6172,6687,5194,5722.920777
6173,6688,5195,5722.953850
6174,6689,5196,5722.985925
6175,6690,5197,5723.017284
6176,6691,5197,5723.017284
6177,6692,5198,5723.050764
6178,6693,5199,5723.097767
6179,6694,5199,5723.097767
6180,6695,5200,5723.128821
6181,6696,5201,5723.162892
6182,6697,5202,5723.191930
6183,6698,5203,5723.227462
6184,6699,5203,5723.227462
6185,6700,5204,5723.258744
6186,6701,5205,5723.290503
6187,6702,5206,5723.323078
6188,6703,5207,5723.352728
6189,6704,5207,5723.352728
6190,6705,5208,5723.385246
6191,6706,5209,5723.433605
6192,6707,5209,5723.433605
6193,6708,5210,5723.466027
6194,6709,5211,5723.496725
6195,6710,5212,5723.530046
6196,6711,5213,5723.561284
6197,6712,5213,5723.561284
6198,6713,5214,5723.592311
6199,6714,5215,5723.625152
6200,6715,5216,5723.659985
6201,6716,5217,5723.689458
6202,6717,5217,5723.689458
6203,6718,5218,5723.721812
6204,6719,5218,5723.721812
6205,6720,5219,5723.769044
6206,6721,5220,5723.802198
6207,6722,5221,5723.833366
6208,6723,5222,5723.865901
6209,6724,5223,5723.896709
6210,6725,5223,5723.896709
6211,6726,5224,5723.929603
6212,6727,5225,5723.961958
6213,6728,5226,5723.994444
6214,6729,5226,5723.994444
6215,6730,5227,5724.027212
6216,6731,5228,5724.056857
6217,6732,5228,5724.056857
6218,6733,5229,5724.104430
6219,6734,5231,5724.141501
6220,6735,5232,5724.170490
6221,6736,5232,5724.170490
6222,6737,5232,5724.170490
6223,6738,5233,5724.232660
6224,6739,5234,5724.264931
6225,6740,5235,5724.299055
6226,6741,5236,5724.329326
6227,6742,5236,5724.329326
6228,6743,5237,5724.361561
6229,6744,5238,5724.392297
6230,6745,5238,5724.392297
6231,6746,5239,5724.442396
6232,6747,5241,5724.479223
6233,6748,5242,5724.506802
6234,6749,5243,5724.538364
6235,6750,5243,5724.538364
6236,6751,5244,5724.570672
6237,6752,5244,5724.570672
6238,6753,5245,5724.633298
6239,6754,5246,5724.665212
6240,6755,5246,5724.665212
6241,6756,5247,5724.698374
6242,6757,5248,5724.730788
6243,6758,5249,5724.761872
6244,6759,5249,5724.761872
6245,6760,5250,5724.810195
6246,6761,5252,5724.843982
6247,6762,5253,5724.872302
6248,6763,5253,5724.872302
6249,6764,5254,5724.904731
6250,6765,5255,5724.938452
6251,6766,5256,5724.968641
6252,6767,5256,5724.968641
6253,6768,5256,5724.968641
6254,6769,5257,5725.032334
6255,6770,5258,5725.065906
6256,6771,5259,5725.098033
6257,6772,5259,5725.098033
6258,6773,5260,5725.145287
6259,6774,5262,5725.182485
6260,6775,5263,5725.208456
6261,6776,5263,5725.208456
6262,6777,5264,5725.242585
6263,6778,5265,5725.274620
6264,6779,5266,5725.307083
6265,6780,5267,5725.337017
6266,6781,5267,5725.337017
6267,6782,5268,5725.368763
6268,6783,5268,5725.368763
6269,6784,5269,5725.433145
6270,6785,5269,5725.433145
6271,6786,5270,5725.481188
6272,6787,5272,5725.516794
6273,6788,5272,5725.516794
6274,6789,5273,5725.545964
6275,6790,5274,5725.578636
6276,6791,5275,5725.609955
6277,6792,5276,5725.643262
6278,6793,5276,5725.643262
6279,6794,5277,5725.674056
6280,6795,5278,5725.705625
6281,6796,5279,5725.739024
6282,6797,5280,5725.770266
6283,6798,5280,5725.770266
6284,6799,5280,5725.770266
6285,6800,5281,5725.850547
6286,6801,5282,5725.853216
6287,6802,5283,5725.882166
6288,6803,5284,5725.914355
6289,6804,5285,5725.946785
6290,6805,5286,5725.979783
6291,6806,5286,5725.979783
6292,6807,5287,5726.010309
6293,6808,5288,5726.040089
6294,6809,5289,5726.073470
6295,6810,5290,5726.105459
6296,6811,5290,5726.105459
6297,6812,5291,5726.155138
6298,6813,5292,5726.185319
6299,6814,5292,5726.185319
6300,6815,5293,5726.215723
6301,6816,5294,5726.249327
6302,6817,5295,5726.280921
6303,6818,5296,5726.313769
6304,6819,5296,5726.313769
6305,6820,5297,5726.344505
6306,6821,5298,5726.378095
6307,6822,5299,5726.409219
6308,6823,5300,5726.443771
6309,6824,5300,5726.443771
6310,6825,5301,5726.474134
6311,6826,5302,5726.520029
6312,6827,5302,5726.520029
6313,6828,5303,5726.552868
6314,6829,5304,5726.586084
6315,6830,5305,5726.617153
6316,6831,5306,5726.648948
6317,6832,5306,5726.648948
6318,6833,5307,5726.681156
6319,6834,5308,5726.712443
6320,6835,5309,5726.744933
6321,6836,5309,5726.744933
6322,6837,5310,5726.777503
6323,6838,5311,5726.809843
6324,6839,5311,5726.809843
6325,6840,5312,5726.858309
6326,6841,5313,5726.890000
6327,6842,5314,5726.920078
6328,6843,5315,5726.953490
6329,6844,5315,5726.953490
6330,6845,5316,5726.986683
6331,6846,5317,5727.017924
6332,6847,5318,5727.049549
6333,6848,5319,5727.083661
6334,6849,5319,5727.083661
6335,6850,5320,5727.115130
6336,6851,5321,5727.146422
6337,6852,5322,5727.192289
6338,6853,5322,5727.192289
6339,6854,5323,5727.224828
6340,6855,5324,5727.257335
6341,6856,5325,5727.289159
6342,6857,5326,5727.319906
6343,6858,5326,5727.319906
6344,6859,5327,5727.354458
6345,6860,5328,5727.386472
6346,6861,5329,5727.417317
6347,6862,5329,5727.417317
6348,6863,5330,5727.450301
6349,6864,5331,5727.482541
6350,6865,5331,5727.482541
6351,6866,5332,5727.528088
6352,6867,5333,5727.560093
6353,6868,5334,5727.594350
6354,6869,5335,5727.626970
6355,6870,5336,5727.656704
6356,6871,5336,5727.656704
6357,6872,5337,5727.689427
6358,6873,5338,5727.722030
6359,6874,5339,5727.754687
6360,6875,5340,5727.785678
6361,6876,5340,5727.785678
6362,6877,5341,5727.816545
6363,6878,5341,5727.816545
6364,6879,5342,5727.864271
6365,6880,5343,5727.896318
6366,6881,5344,5727.928270
6367,6882,5345,5727.961970
6368,6883,5345,5727.961970
6369,6884,5346,5727.993501
6370,6885,5347,5728.025223
6371,6886,5348,5728.057282
6372,6887,5349,5728.089975
6373,6888,5349,5728.089975
6374,6889,5350,5728.120341
6375,6890,5351,5728.155158
6376,6891,5352,5728.185049
6377,6892,5352,5728.185049
6378,6893,5353,5728.234127
6379,6894,5354,5728.264555
6380,6895,5355,5728.297756
6381,6896,5355,5728.297756
6382,6897,5356,5728.329042
6383,6898,5357,5728.361225
6384,6899,5358,5728.395491
6385,6900,5359,5728.424518
6386,6901,5359,5728.424518
6387,6902,5360,5728.458520
6388,6903,5361,5728.489884
6389,6904,5362,5728.520087
6390,6905,5362,5728.520087
6391,6906,5363,5728.569622
6392,6907,5364,5728.602324
6393,6908,5364,5728.602324
6394,6909,5365,5728.633134
6395,6910,5366,5728.665278
6396,6911,5367,5728.698406
6397,6912,5368,5728.730623
6398,6913,5368,5728.730623
6399,6914,5369,5728.761099
6400,6915,5370,5728.792811
6401,6916,5371,5728.825833
6402,6917,5372,5728.858179
6403,6918,5372,5728.858179
6404,6919,5373,5728.906519
6405,6920,5375,5728.940102
6406,6921,5375,5728.940102
6407,6922,5376,5728.968831
6408,6923,5376,5728.968831
6409,6924,5377,5729.033994
6410,6925,5378,5729.065624
6411,6926,5378,5729.065624
6412,6927,5379,5729.096684
6413,6928,5380,5729.131986
6414,6929,5381,5729.162381
6415,6930,5382,5729.194379
6416,6931,5382,5729.194379
6417,6932,5383,5729.241270
6418,6933,5385,5729.275663
6419,6934,5385,5729.275663
6420,6935,5386,5729.305275
6421,6936,5387,5729.335951
6422,6937,5388,5729.369697
6423,6938,5388,5729.369697
6424,6939,5388,5729.369697
6425,6940,5389,5729.433352
6426,6941,5390,5729.463932
6427,6942,5391,5729.498729
6428,6943,5392,5729.529618
6429,6944,5392,5729.529618
6430,6945,5393,5729.577869
6431,6946,5394,5729.609136
6432,6947,5395,5729.612674
6433,6948,5396,5729.641062
6434,6949,5397,5729.674806
6435,6950,5398,5729.705882
6436,6951,5399,5729.736971
6437,6952,5399,5729.736971
6438,6953,5400,5729.769979
6439,6954,5400,5729.769979
6440,6955,5401,5729.831471
6441,6956,5402,5729.864632
6442,6957,5402,5729.864632
6443,6958,5403,5729.899410
6444,6959,5403,5729.899410
6445,6960,5405,5729.948362
6446,6961,5406,5729.976758
6447,6962,5407,5730.010015
6448,6963,5408,5730.040742
6449,6964,5409,5730.072364
6450,6965,5409,5730.072364
6451,6966,5410,5730.107122
6452,6967,5411,5730.138493
6453,6968,5412,5730.170901
6454,6969,5412,5730.170901
6455,6970,5412,5730.170901
6456,6971,5413,5730.233428
6457,6972,5413,5730.233428
6458,6973,5414,5730.281999
6459,6974,5416,5730.315944
6460,6975,5417,5730.346303
6461,6976,5418,5730.377890
6462,6977,5418,5730.377890
6463,6978,5419,5730.410391
6464,6979,5420,5730.442222
6465,6980,5421,5730.474268
6466,6981,5422,5730.506757
6467,6982,5422,5730.506757
6468,6983,5423,5730.537644
6469,6984,5424,5730.568280
6470,6985,5424,5730.568280
6471,6986,5424,5730.568280
6472,6987,5426,5730.652151
6473,6988,5427,5730.680871
6474,6989,5428,5730.712817
6475,6990,5428,5730.712817
6476,6991,5429,5730.744857
6477,6992,5430,5730.776751
6478,6993,5431,5730.809930
6479,6994,5432,5730.841231
6480,6995,5432,5730.841231
6481,6996,5433,5730.874455
6482,6997,5434,5730.907546
6483,6998,5434,5730.907546
6484,6999,5435,5730.953454
6485,7000,5436,5730.985071
6486,7001,5437,5731.017836
6487,7002,5437,5731.017836
6488,7003,5438,5731.050409
6489,7004,5439,5731.082992
6490,7005,5440,5731.113149
6491,7006,5441,5731.145840
6492,7007,5441,5731.145840
6493,7008,5442,5731.178694
6494,7009,5443,5731.209366
6495,7010,5444,5731.241534
6496,7011,5444,5731.241534
6497,7012,5445,5731.289590
6498,7013,5446,5731.321922
6499,7014,5447,5731.355120
6500,7015,5447,5731.355120
6501,7016,5448,5731.385687
6502,7017,5449,5731.417466
6503,7018,5450,5731.451356
6504,7019,5451,5731.480709
6505,7020,5451,5731.480709
6506,7021,5452,5731.513855
6507,7022,5453,5731.545264
6508,7023,5454,5731.578107
6509,7024,5455,5731.611294
6510,7025,5455,5731.611294
6511,7026,5456,5731.656634
6512,7027,5456,5731.656634
6513,7028,5457,5731.690423
6514,7029,5458,5731.721764
6515,7030,5459,5731.754663
6516,7031,5460,5731.784702
6517,7032,5461,5731.816377
6518,7033,5461,5731.816377
6519,7034,5462,5731.850038
6520,7035,5463,5731.881440
6521,7036,5464,5731.912120
6522,7037,5465,5731.946866
6523,7038,5465,5731.946866
6524,7039,5466,5731.994234
6525,7040,5466,5731.994234
6526,7041,5467,5732.026805
6527,7042,5468,5732.059688
6528,7043,5469,5732.090920
6529,7044,5470,5732.122184
6530,7045,5470,5732.122184
6531,7046,5471,5732.154299
6532,7047,5472,5732.185226
6533,7048,5473,5732.218584
6534,7049,5474,5732.250649
6535,7050,5475,5732.281515
6536,7051,5475,5732.281515
6537,7052,5476,5732.329373
6538,7053,5476,5732.329373
6539,7054,5477,5732.360947
6540,7055,5478,5732.392810
6541,7056,5479,5732.425206
6542,7057,5480,5732.458373
6543,7058,5480,5732.458373
6544,7059,5481,5732.489318
6545,7060,5482,5732.521351
6546,7061,5483,5732.553524
6547,7062,5484,5732.584709
6548,7063,5484,5732.584709
6549,7064,5485,5732.617691
6550,7065,5486,5732.665614
6551,7066,5486,5732.665614
6552,7067,5487,5732.697144
6553,7068,5488,5732.729726
6554,7069,5489,5732.761439
6555,7070,5490,5732.794110
6556,7071,5490,5732.794110
6557,7072,5491,5732.826621
6558,7073,5492,5732.857536
6559,7074,5493,5732.890468
6560,7075,5494,5732.921723
6561,7076,5495,5732.952070
6562,7077,5495,5732.952070
6563,7078,5496,5733.003133
6564,7079,5496,5733.003133
6565,7080,5497,5733.033468
6566,7081,5498,5733.064463
6567,7082,5499,5733.096034
6568,7083,5500,5733.129678
6569,7084,5500,5733.129678
6570,7085,5501,5733.177097
6571,7086,5503,5733.211941
6572,7087,5503,5733.211941
6573,7088,5504,5733.239913
6574,7089,5505,5733.273246
6575,7090,5506,5733.306524
6576,7091,5507,5733.339327
6577,7092,5507,5733.339327
6578,7093,5508,5733.368276
6579,7094,5508,5733.368276
6580,7095,5509,5733.435204
6581,7096,5510,5733.466870
6582,7097,5510,5733.466870
6583,7098,5511,5733.498606
6584,7099,5512,5733.545839
6585,7100,5513,5733.548491
6586,7101,5514,5733.576797
6587,7102,5515,5733.610633
6588,7103,5516,5733.641510
6589,7104,5517,5733.672741
6590,7105,5517,5733.672741
6591,7106,5518,5733.705526
6592,7107,5519,5733.737921
6593,7108,5520,5733.769841
6594,7109,5520,5733.769841
6595,7110,5520,5733.769841
6596,7111,5521,5733.834864
6597,7112,5522,5733.881851
6598,7113,5522,5733.881851
6599,7114,5524,5733.916655
6600,7115,5525,5733.944199
6601,7116,5526,5733.976858
6602,7117,5527,5734.008733
6603,7118,5527,5734.008733
6604,7119,5528,5734.041636
6605,7120,5529,5734.071959
6606,7121,5530,5734.105288
6607,7122,5531,5734.136770
6608,7123,5531,5734.136770
6609,7124,5532,5734.169653
6610,7125,5532,5734.169653
6611,7126,5532,5734.169653
6612,7127,5534,5734.254705
6613,7128,5535,5734.280332
6614,7129,5536,5734.315135
6615,7130,5537,5734.344920
6616,7131,5537,5734.344920
6617,7132,5538,5734.375748
6618,7133,5539,5734.409776
6619,7134,5540,5734.441633
6620,7135,5541,5734.472629
6621,7136,5541,5734.472629
6622,7137,5542,5734.504660
6623,7138,5542,5734.504660
6624,7139,5543,5734.554717
6625,7140,5544,5734.586233
6626,7141,5545,5734.619008
6627,7142,5546,5734.648470
6628,7143,5547,5734.681164
6629,7144,5547,5734.681164
6630,7145,5548,5734.713143
6631,7146,5549,5734.747086
6632,7147,5550,5734.776198
6633,7148,5551,5734.811118
6634,7149,5551,5734.811118
6635,7150,5552,5734.841667
6636,7151,5553,5734.888847
6637,7152,5553,5734.888847
6638,7153,5554,5734.920472
6639,7154,5555,5734.954603
6640,7155,5556,5734.986841
6641,7156,5557,5735.017100
6642,7157,5557,5735.017100
6643,7158,5558,5735.047843
6644,7159,5559,5735.080060
6645,7160,5560,5735.111751
6646,7161,5561,5735.144707
6647,7162,5561,5735.144707
6648,7163,5562,5735.177342
6649,7164,5563,5735.208373
6650,7165,5563,5735.208373
6651,7166,5564,5735.258403
6652,7167,5565,5735.288641
6653,7168,5566,5735.322624
6654,7169,5566,5735.322624
6655,7170,5567,5735.353456
6656,7171,5568,5735.386005
6657,7172,5569,5735.415998
6658,7173,5570,5735.449637
6659,7174,5570,5735.449637
6660,7175,5571,5735.483548
6661,7176,5572,5735.514399
6662,7177,5573,5735.546954
6663,7178,5573,5735.546954
6664,7179,5574,5735.593830
6665,7180,5575,5735.624101
6666,7181,5576,5735.659010
6667,7182,5576,5735.659010
6668,7183,5577,5735.690169
6669,7184,5578,5735.721469
6670,7185,5579,5735.754205
6671,7186,5580,5735.785668
6672,7187,5580,5735.785668
6673,7188,5581,5735.816322
6674,7189,5582,5735.849870
6675,7190,5583,5735.883841
6676,7191,5583,5735.883841
6677,7192,5584,5735.930778
6678,7193,5585,5735.962214
6679,7194,5586,5735.994658
6680,7195,5586,5735.994658
6681,7196,5587,5736.026106
6682,7197,5588,5736.058805
6683,7198,5589,5736.088255
6684,7199,5590,5736.120398
6685,7200,5590,5736.120398
6686,7201,5591,5736.152158
6687,7202,5592,5736.186037
6688,7203,5593,5736.218690
6689,7204,5593,5736.218690
6690,7205,5594,5736.266210
6691,7206,5595,5736.297223
6692,7207,5596,5736.329293
6693,7208,5596,5736.329293
6694,7209,5597,5736.360636
6695,7210,5598,5736.393365
6696,7211,5599,5736.426284
6697,7212,5600,5736.457043
6698,7213,5600,5736.457043
6699,7214,5601,5736.490438
6700,7215,5602,5736.520811
6701,7216,5603,5736.555334
6702,7217,5603,5736.555334
6703,7218,5604,5736.602636
6704,7219,5605,5736.634820
6705,7220,5605,5736.634820
6706,7221,5606,5736.665136
6707,7222,5607,5736.699791
6708,7223,5608,5736.729592
6709,7224,5609,5736.761884
6710,7225,5610,5736.791673
6711,7226,5610,5736.791673
6712,7227,5611,5736.825235
6713,7228,5612,5736.858454
6714,7229,5613,5736.891096
6715,7230,5613,5736.891096
6716,7231,5614,5736.938124
6717,7232,5615,5736.969656
6718,7233,5616,5736.973100
6719,7234,5616,5736.973100
6720,7235,5617,5737.034046
6721,7236,5618,5737.066212
6722,7237,5619,5737.096715
6723,7238,5619,5737.096715
6724,7239,5620,5737.130702
6725,7240,5621,5737.162418
6726,7241,5622,5737.195162
6727,7242,5623,5737.225950
6728,7243,5623,5737.225950
6729,7244,5624,5737.256073
6730,7245,5625,5737.305730
6731,7246,5625,5737.305730
6732,7247,5627,5737.341188
6733,7248,5628,5737.370150
6734,7249,5628,5737.370150
6735,7250,5629,5737.433039
6736,7251,5629,5737.433039
6737,7252,5630,5737.465001
6738,7253,5631,5737.496961
6739,7254,5632,5737.531591
6740,7255,5633,5737.561348
6741,7256,5633,5737.561348
6742,7257,5634,5737.593441
6743,7258,5634,5737.593441
6744,7259,5635,5737.640713
6745,7260,5637,5737.676987
6746,7261,5638,5737.704653
6747,7262,5639,5737.737262
6748,7263,5639,5737.737262
6749,7264,5640,5737.768825
6750,7265,5640,5737.768825
6751,7266,5641,5737.833482
6752,7267,5642,5737.864773
6753,7268,5642,5737.864773
6754,7269,5643,5737.897300
6755,7270,5644,5737.929967
6756,7271,5644,5737.929967
6757,7272,5645,5737.977034
6758,7273,5647,5738.013747
6759,7274,5648,5738.042298
6760,7275,5649,5738.072794
6761,7276,5649,5738.072794
6762,7277,5650,5738.105288
6763,7278,5651,5738.138669
6764,7279,5652,5738.169754
6765,7280,5652,5738.169754
6766,7281,5652,5738.169754
6767,7282,5653,5738.234803
6768,7283,5654,5738.265887
6769,7284,5654,5738.265887
6770,7285,5655,5738.314558
6771,7286,5657,5738.349159
6772,7287,5658,5738.376626
6773,7288,5659,5738.409333
6774,7289,5659,5738.409333
6775,7290,5660,5738.441424
6776,7291,5661,5738.474343
6777,7292,5662,5738.506729
6778,7293,5663,5738.537636
6779,7294,5663,5738.537636
6780,7295,5664,5738.570254
6781,7296,5664,5738.570254
6782,7297,5664,5738.570254
6783,7298,5665,5738.649491
6784,7299,5667,5738.684398
6785,7300,5668,5738.716380
6786,7301,5669,5738.745778
6787,7302,5669,5738.745778
6788,7303,5670,5738.776594
6789,7304,5671,5738.809589
6790,7305,5672,5738.841097
6791,7306,5673,5738.873171
6792,7307,5673,5738.873171
6793,7308,5674,5738.904977
6794,7309,5675,5738.937720
6795,7310,5676,5738.968888
6796,7311,5676,5738.968888
6797,7312,5676,5738.968888
6798,7313,5678,5739.052138
6799,7314,5678,5739.052138
6800,7315,5679,5739.080700
6801,7316,5680,5739.112775
6802,7317,5681,5739.146184
6803,7318,5682,5739.178572
6804,7319,5683,5739.208148
6805,7320,5683,5739.208148
6806,7321,5684,5739.243068
6807,7322,5685,5739.273442
6808,7323,5686,5739.307457
6809,7324,5686,5739.307457
6810,7325,5687,5739.352883
6811,7326,5688,5739.384971
6812,7327,5688,5739.384971
6813,7328,5689,5739.417909
6814,7329,5690,5739.450159
6815,7330,5691,5739.482706
6816,7331,5692,5739.514119
6817,7332,5692,5739.514119
6818,7333,5693,5739.545865
6819,7334,5694,5739.577454
6820,7335,5695,5739.610493
6821,7336,5696,5739.640977
6822,7337,5696,5739.640977
6823,7338,5697,5739.689424
6824,7339,5697,5739.689424
6825,7340,5698,5739.720951
6826,7341,5699,5739.753911
6827,7342,5700,5739.786209
6828,7343,5701,5739.819242
6829,7344,5701,5739.819242
6830,7345,5702,5739.848641
6831,7346,5703,5739.881604
6832,7347,5704,5739.913574
6833,7348,5705,5739.945263
6834,7349,5706,5739.977423
6835,7350,5706,5739.977423
6836,7351,5707,5740.025220
6837,7352,5707,5740.025220
6838,7353,5708,5740.057383
6839,7354,5709,5740.089919
6840,7355,5710,5740.122040
6841,7356,5711,5740.152762
6842,7357,5711,5740.152762
6843,7358,5712,5740.184955
6844,7359,5713,5740.217695
6845,7360,5714,5740.250633
6846,7361,5715,5740.282049
6847,7362,5715,5740.282049
6848,7363,5716,5740.313949
6849,7364,5717,5740.360665
6850,7365,5717,5740.360665
6851,7366,5718,5740.394062
6852,7367,5719,5740.424262
6853,7368,5720,5740.458515
6854,7369,5721,5740.489741
6855,7370,5721,5740.489741
6856,7371,5722,5740.521152
6857,7372,5723,5740.554742
6858,7373,5724,5740.584925
6859,7374,5725,5740.617090
6860,7375,5725,5740.617090
6861,7376,5726,5740.650276
6862,7377,5727,5740.681746
6863,7378,5727,5740.681746
6864,7379,5728,5740.729218
6865,7380,5729,5740.759826
6866,7381,5730,5740.793277
6867,7382,5730,5740.793277
6868,7383,5731,5740.826866
6869,7384,5732,5740.858638
6870,7385,5733,5740.890234
6871,7386,5734,5740.921897
6872,7387,5735,5740.953346
6873,7388,5735,5740.953346
6874,7389,5736,5740.985895
6875,7390,5737,5741.017787
6876,7391,5737,5741.017787
6877,7392,5738,5741.068015
6878,7393,5739,5741.099423
6879,7394,5740,5741.130021
6880,7395,5740,5741.130021
6881,7396,5741,5741.162264
6882,7397,5742,5741.194358
6883,7398,5743,5741.227114
6884,7399,5744,5741.257054
6885,7400,5745,5741.288220
6886,7401,5745,5741.288220
6887,7402,5746,5741.322433
6888,7403,5747,5741.352755
6889,7404,5747,5741.352755
6890,7405,5748,5741.401024
6891,7406,5749,5741.434022
6892,7407,5750,5741.465746
6893,7408,5750,5741.465746
6894,7409,5751,5741.496705
6895,7410,5752,5741.529702
6896,7411,5753,5741.561582
6897,7412,5754,5741.593169
6898,7413,5754,5741.593169
6899,7414,5755,5741.624085
6900,7415,5756,5741.657838
6901,7416,5757,5741.690305
6902,7417,5757,5741.690305
6903,7418,5758,5741.737844
6904,7419,5760,5741.771308
6905,7420,5760,5741.771308
6906,7421,5760,5741.771308
6907,7422,5761,5741.832341
6908,7423,5762,5741.864683
6909,7424,5763,5741.897853
6910,7425,5764,5741.930674
6911,7426,5764,5741.930674
6912,7427,5765,5741.961831
6913,7428,5766,5741.993419
6914,7429,5767,5742.027336
6915,7430,5767,5742.027336
6916,7431,5768,5742.074158
6917,7432,5770,5742.108592
6918,7433,5771,5742.137005
6919,7434,5771,5742.137005
6920,7435,5772,5742.170255
6921,7436,5772,5742.170255
6922,7437,5773,5742.234396
6923,7438,5774,5742.264992
6924,7439,5774,5742.264992
6925,7440,5775,5742.299999
6926,7441,5776,5742.330319
6927,7442,5777,5742.363494
6928,7443,5778,5742.393316
6929,7444,5778,5742.393316
6930,7445,5780,5742.444673
6931,7446,5781,5742.473104
6932,7447,5781,5742.473104
6933,7448,5782,5742.506274
6934,7449,5783,5742.538079
6935,7450,5784,5742.570775
6936,7451,5784,5742.570775
6937,7452,5784,5742.570775
6938,7453,5785,5742.632353
6939,7454,5786,5742.666923
6940,7455,5787,5742.698334
6941,7456,5788,5742.729467
6942,7457,5788,5742.729467
6943,7458,5789,5742.777346
6944,7459,5789,5742.777346
6945,7460,5791,5742.814566
6946,7461,5792,5742.842806
6947,7462,5793,5742.873581
6948,7463,5794,5742.905909
6949,7464,5795,5742.937949
6950,7465,5795,5742.937949
6951,7466,5796,5742.969146
6952,7467,5796,5742.969146
6953,7468,5797,5743.033626
6954,7469,5798,5743.064720
6955,7470,5798,5743.064720
6956,7471,5799,5743.112605
6957,7472,5799,5743.112605
6958,7473,5801,5743.146527
6959,7474,5802,5743.180374
6960,7475,5803,5743.210281
6961,7476,5804,5743.243018
6962,7477,5804,5743.243018
6963,7478,5805,5743.274162
6964,7479,5806,5743.304996
6965,7480,5807,5743.337953
6966,7481,5808,5743.368980
6967,7482,5808,5743.368980
6968,7483,5808,5743.368980
6969,7484,5809,5743.449017
6970,7485,5809,5743.449017
6971,7486,5811,5743.483718
6972,7487,5812,5743.514865
6973,7488,5813,5743.547347
6974,7489,5814,5743.577382
6975,7490,5814,5743.577382
6976,7491,5815,5743.609444
6977,7492,5816,5743.641172
6978,7493,5817,5743.674945
6979,7494,5818,5743.705653
6980,7495,5818,5743.705653
6981,7496,5819,5743.736973
6982,7497,5819,5743.736973
6983,7498,5820,5743.784598
6984,7499,5821,5743.818038
6985,7500,5822,5743.848947
6986,7501,5823,5743.880994
6987,7502,5823,5743.880994
6988,7503,5824,5743.912096
6989,7504,5825,5743.946682
6990,7505,5826,5743.977012
6991,7506,5827,5744.008940
6992,7507,5827,5744.008940
6993,7508,5828,5744.040440
6994,7509,5829,5744.073278
6995,7510,5830,5744.106687
6996,7511,5830,5744.106687
6997,7512,5831,5744.154148
6998,7513,5832,5744.184461
6999,7514,5833,5744.216437
7000,7515,5833,5744.216437
7001,7516,5834,5744.248929
7002,7517,5835,5744.282516
7003,7518,5836,5744.313776
7004,7519,5837,5744.346210
7005,7520,5837,5744.346210
7006,7521,5838,5744.377576
7007,7522,5839,5744.410584
7008,7523,5840,5744.443102
7009,7524,5840,5744.443102
7010,7525,5841,5744.490462
7011,7526,5842,5744.520808
7012,7527,5842,5744.520808
7013,7528,5843,5744.555047
7014,7529,5844,5744.586310
7015,7530,5845,5744.618006
7016,7531,5846,5744.648407
7017,7532,5846,5744.648407
7018,7533,5847,5744.681097
7019,7534,5848,5744.715448
7020,7535,5849,5744.746263
7021,7536,5850,5744.778369
7022,7537,5850,5744.778369
7023,7538,5851,5744.826367
7024,7539,5852,5744.857677
7025,7540,5852,5744.857677
7026,7541,5853,5744.889807
7027,7542,5854,5744.920852
7028,7543,5855,5744.953119
7029,7544,5856,5744.985369
7030,7545,5857,5745.016787
7031,7546,5857,5745.016787
7032,7547,5858,5745.048915
7033,7548,5859,5745.081478
7034,7549,5860,5745.112992
7035,7550,5860,5745.112992
7036,7551,5861,5745.160882
7037,7552,5862,5745.193802
7038,7553,5862,5745.193802
7039,7554,5863,5745.225458
7040,7555,5864,5745.257728
7041,7556,5865,5745.289050
7042,7557,5866,5745.323804
7043,7558,5866,5745.323804
7044,7559,5867,5745.353898
7045,7560,5868,5745.385307
7046,7561,5869,5745.418557
7047,7562,5870,5745.451225
7048,7563,5870,5745.451225
7049,7564,5871,5745.498017
7050,7565,5872,5745.528842
7051,7566,5872,5745.528842
7052,7567,5873,5745.561690
7053,7568,5874,5745.594670
7054,7569,5875,5745.626327
7055,7570,5876,5745.657298
7056,7571,5876,5745.657298
7057,7572,5877,5745.689173
7058,7573,5878,5745.721060
7059,7574,5879,5745.753731
7060,7575,5880,5745.787303
7061,7576,5880,5745.787303
7062,7577,5881,5745.833895
7063,7578,5882,5745.865017
7064,7579,5882,5745.865017
7065,7580,5883,5745.897486
7066,7581,5884,5745.929430
7067,7582,5885,5745.960444
7068,7583,5886,5745.994216
7069,7584,5886,5745.994216
7070,7585,5887,5746.024532
7071,7586,5888,5746.056499
7072,7587,5889,5746.090427
7073,7588,5890,5746.120843
7074,7589,5890,5746.120843
7075,7590,5891,5746.152828
7076,7591,5891,5746.152828
7077,7592,5892,5746.202224
7078,7593,5893,5746.235779
7079,7594,5894,5746.265992
7080,7595,5895,5746.297919
7081,7596,5895,5746.297919
7082,7597,5896,5746.329102
7083,7598,5897,5746.361640
7084,7599,5898,5746.395050
7085,7600,5899,5746.426382
7086,7601,5900,5746.456293
7087,7602,5900,5746.456293
7088,7603,5901,5746.489702
7089,7604,5901,5746.489702
7090,7605,5902,5746.539192
7091,7606,5904,5746.571737
7092,7607,5904,5746.571737
7093,7608,5905,5746.634400
7094,7609,5905,5746.634400
7095,7610,5906,5746.664955
7096,7611,5907,5746.698366
7097,7612,5908,5746.729833
7098,7613,5909,5746.762387
7099,7614,5909,5746.762387
7100,7615,5910,5746.794811
7101,7616,5911,5746.827519
7102,7617,5911,5746.827519
7103,7618,5912,5746.874230
7104,7619,5914,5746.909317
7105,7620,5915,5746.938038
7106,7621,5916,5746.969039
7107,7622,5916,5746.969039
7108,7623,5916,5746.969039
7109,7624,5917,5747.034207
7110,7625,5918,5747.064640
7111,7626,5919,5747.097875
7112,7627,5919,5747.097875
7113,7628,5920,5747.129553
7114,7629,5921,5747.161299
7115,7630,5921,5747.161299
7116,7631,5922,5747.209146
7117,7632,5924,5747.243402
7118,7633,5925,5747.273589
7119,7634,5926,5747.305498
7120,7635,5926,5747.305498
7121,7636,5927,5747.337482
7122,7637,5928,5747.368120
7123,7638,5928,5747.368120
7124,7639,5929,5747.432760
7125,7640,5929,5747.432760
7126,7641,5930,5747.466693
7127,7642,5931,5747.498970
7128,7643,5931,5747.498970
7129,7644,5932,5747.544584
7130,7645,5934,5747.581363
7131,7646,5935,5747.611684
7132,7647,5936,5747.641636
7133,7648,5936,5747.641636
7134,7649,5937,5747.672529
7135,7650,5938,5747.705114
7136,7651,5939,5747.737285
7137,7652,5940,5747.769264
7138,7653,5940,5747.769264
7139,7654,5940,5747.769264
7140,7655,5941,5747.834287
7141,7656,5942,5747.864336
7142,7657,5942,5747.864336
7143,7658,5943,5747.913768
7144,7659,5945,5747.949481
7145,7660,5945,5747.949481
7146,7661,5946,5747.978869
7147,7662,5947,5748.008605
7148,7663,5948,5748.046359
7149,7664,5949,5748.073889
7150,7665,5950,5748.105846
7151,7666,5950,5748.105846
7152,7667,5951,5748.138873
7153,7668,5952,5748.169838
7154,7669,5952,5748.169838
7155,7670,5952,5748.169838
7156,7671,5953,5748.250247
7157,7672,5955,5748.284757
7158,7673,5956,5748.313404
7159,7674,5956,5748.313404
7160,7675,5957,5748.345613
7161,7676,5958,5748.377243
7162,7677,5959,5748.409607
7163,7678,5960,5748.440323
7164,7679,5960,5748.440323
7165,7680,5961,5748.474100
7166,7681,5962,5748.506646
7167,7682,5963,5748.538801
7168,7683,5963,5748.538801
7169,7684,5964,5748.583921
7170,7685,5965,5748.617699
7171,7686,5965,5748.617699
7172,7687,5966,5748.649450
7173,7688,5967,5748.683502
7174,7689,5968,5748.714909
7175,7690,5969,5748.747285
7176,7691,5969,5748.747285
7177,7692,5970,5748.776774
7178,7693,5971,5748.808562
7179,7694,5972,5748.841889
7180,7695,5973,5748.873266
7181,7696,5973,5748.873266
7182,7697,5974,5748.920705
7183,7698,5975,5748.953972
7184,7699,5975,5748.953972
7185,7700,5976,5748.986112
7186,7701,5977,5749.017008
7187,7702,5978,5749.049266
7188,7703,5979,5749.081565
7189,7704,5979,5749.081565
7190,7705,5980,5749.114135
7191,7706,5981,5749.145671
7192,7707,5982,5749.177814
7193,7708,5983,5749.209043
7194,7709,5983,5749.209043
7195,7710,5984,5749.258212
7196,7711,5985,5749.289963
7197,7712,5985,5749.289963
7198,7713,5986,5749.322851
7199,7714,5987,5749.353650
7200,7715,5988,5749.386619
7201,7716,5989,5749.416995
7202,7717,5989,5749.416995
7203,7718,5990,5749.449546
7204,7719,5991,5749.480153
7205,7720,5992,5749.513308
7206,7721,5993,5749.544627
7207,7722,5993,5749.544627
7208,7723,5994,5749.577766
7209,7724,5995,5749.625592
7210,7725,5995,5749.625592
7211,7726,5996,5749.656970
7212,7727,5997,5749.688252
7213,7728,5998,5749.722123
7214,7729,5999,5749.753968
7215,7730,5999,5749.753968
7216,7731,6000,5749.786285
7217,7732,6001,5749.818586
7218,7733,6002,5749.850264
7219,7734,6003,5749.880886
7220,7735,6003,5749.880886
7221,7736,6004,5749.913567
7222,7737,6005,5749.961968
7223,7738,6005,5749.961968
7224,7739,6006,5749.994336
7225,7740,6007,5750.026479
7226,7741,6008,5750.059366
7227,7742,6009,5750.089702
7228,7743,6009,5750.089702
7229,7744,6010,5750.122869
7230,7745,6011,5750.153648
7231,7746,6012,5750.186670
7232,7747,6013,5750.217017
7233,7748,6013,5750.217017
7234,7749,6014,5750.248395
7235,7750,6015,5750.298708
7236,7751,6015,5750.298708
7237,7752,6016,5750.329587
7238,7753,6017,5750.362085
7239,7754,6018,5750.394842
7240,7755,6019,5750.426150
7241,7756,6019,5750.426150
7242,7757,6020,5750.456754
7243,7758,6021,5750.488404
7244,7759,6022,5750.521441
7245,7760,6022,5750.521441
7246,7761,6023,5750.556053
7247,7762,6024,5750.585481
7248,7763,6025,5750.632234
7249,7764,6025,5750.632234
7250,7765,6026,5750.664856
7251,7766,6027,5750.696172
7252,7767,6028,5750.730848
7253,7768,6028,5750.730848
7254,7769,6029,5750.762064
7255,7770,6030,5750.794149
7256,7771,6031,5750.825765
7257,7772,6032,5750.857934
7258,7773,6033,5750.889183
7259,7774,6033,5750.889183
7260,7775,6034,5750.921499
7261,7776,6034,5750.921499
7262,7777,6035,5750.970014
7263,7778,6036,5751.002107
7264,7779,6037,5751.034390
7265,7780,6038,5751.067715
7266,7781,6039,5751.096683
7267,7782,6039,5751.096683
7268,7783,6040,5751.129189
7269,7784,6041,5751.161129
7270,7785,6042,5751.193654
7271,7786,6043,5751.225986
7272,7787,6043,5751.225986
7273,7788,6044,5751.256768
7274,7789,6045,5751.289257
7275,7790,6045,5751.289257
7276,7791,6047,5751.339347
7277,7792,6048,5751.369690
7278,7793,6048,5751.369690
7279,7794,6048,5751.369690
7280,7795,6049,5751.434027
7281,7796,6050,5751.466145
7282,7797,6051,5751.498796
7283,7798,6052,5751.531035
7284,7799,6053,5751.560367
7285,7800,6053,5751.560367
7286,7801,6054,5751.593036
7287,7802,6055,5751.626625
7288,7803,6055,5751.626625
7289,7804,6056,5751.672726
7290,7805,6058,5751.708411
7291,7806,6059,5751.738392
7292,7807,6059,5751.738392
7293,7808,6060,5751.769110
7294,7809,6060,5751.769110
7295,7810,6061,5751.833994
7296,7811,6062,5751.865613
7297,7812,6062,5751.865613
7298,7813,6063,5751.897467
7299,7814,6064,5751.930196
7300,7815,6065,5751.960991
7301,7816,6065,5751.960991
7302,7817,6066,5752.011608
7303,7818,6068,5752.044603
7304,7819,6069,5752.074668
7305,7820,6069,5752.074668
7306,7821,6070,5752.104888
7307,7822,6071,5752.137787
7308,7823,6072,5752.168888
7309,7824,6072,5752.168888
7310,7825,6072,5752.168888
7311,7826,6073,5752.233310
7312,7827,6074,5752.266038
7313,7828,6075,5752.297409
7314,7829,6075,5752.297409
7315,7830,6076,5752.345580
7316,7831,6078,5752.381898
7317,7832,6078,5752.381898
7318,7833,6079,5752.410736
7319,7834,6080,5752.441366
7320,7835,6081,5752.474343
7321,7836,6082,5752.505140
7322,7837,6083,5752.536881
7323,7838,6083,5752.536881
7324,7839,6084,5752.568417
7325,7840,6084,5752.568417
7326,7841,6085,5752.633441
7327,7842,6085,5752.633441
7328,7843,6086,5752.681699
7329,7844,6088,5752.715089
7330,7845,6088,5752.715089
7331,7846,6089,5752.744718
7332,7847,6090,5752.778390
7333,7848,6091,5752.808245
7334,7849,6092,5752.841953
7335,7850,6092,5752.841953
7336,7851,6093,5752.873526
7337,7852,6094,5752.905744
7338,7853,6095,5752.938686
7339,7854,6096,5752.970142
7340,7855,6096,5752.970142
7341,7856,6096,5752.970142
7342,7857,6096,5752.970142
7343,7858,6098,5753.053949
7344,7859,6099,5753.081697
7345,7860,6100,5753.111972
7346,7861,6101,5753.145527
7347,7862,6102,5753.179258
7348,7863,6102,5753.179258
7349,7864,6103,5753.210589
7350,7865,6104,5753.240468
7351,7866,6105,5753.273267
7352,7867,6106,5753.306787
7353,7868,6106,5753.306787
7354,7869,6107,5753.338866
7355,7870,6107,5753.338866
7356,7871,6108,5753.384816
7357,7872,6109,5753.416588
7358,7873,6110,5753.448338
7359,7874,6111,5753.481107
7360,7875,6111,5753.481107
7361,7876,6112,5753.512388
7362,7877,6113,5753.545936
7363,7878,6114,5753.579468
7364,7879,6115,5753.609384
7365,7880,6115,5753.609384
7366,7881,6116,5753.643447
7367,7882,6117,5753.674061
7368,7883,6117,5753.674061
7369,7884,6118,5753.722998
7370,7885,6119,5753.752715
7371,7886,6120,5753.785702
7372,7887,6121,5753.817077
7373,7888,6121,5753.817077
7374,7889,6122,5753.849737
7375,7890,6123,5753.881098
7376,7891,6124,5753.914225
7377,7892,6125,5753.946138
7378,7893,6125,5753.946138
7379,7894,6126,5753.976671
7380,7895,6127,5754.010147
7381,7896,6127,5754.010147
7382,7897,6128,5754.058254
7383,7898,6129,5754.090264
7384,7899,6130,5754.121420
7385,7900,6131,5754.152334
7386,7901,6131,5754.152334
7387,7902,6132,5754.185315
7388,7903,6133,5754.217461
7389,7904,6134,5754.249592
7390,7905,6135,5754.280785
7391,7906,6135,5754.280785
7392,7907,6136,5754.314279
7393,7908,6137,5754.344298
7394,7909,6137,5754.344298
7395,7910,6138,5754.392699
7396,7911,6139,5754.426175
7397,7912,6140,5754.458762
7398,7913,6140,5754.458762
7399,7914,6141,5754.488335
7400,7915,6142,5754.520633
7401,7916,6143,5754.554281
7402,7917,6144,5754.586570
7403,7918,6144,5754.586570
7404,7919,6145,5754.618355
7405,7920,6146,5754.649581
7406,7921,6147,5754.682633
7407,7922,6147,5754.682633
7408,7923,6148,5754.729992
7409,7924,6149,5754.761654
7410,7925,6150,5754.792409
7411,7926,6150,5754.792409
7412,7927,6151,5754.824601
7413,7928,6152,5754.858301
7414,7929,6153,5754.890208
7415,7930,6154,5754.920996
7416,7931,6154,5754.920996
7417,7932,6155,5754.952839
7418,7933,6156,5754.986425
7419,7934,6157,5755.019384
7420,7935,6158,5755.049292
7421,7936,6158,5755.049292
7422,7937,6159,5755.097424
7423,7938,6160,5755.128620
7424,7939,6160,5755.128620
7425,7940,6161,5755.161480
7426,7941,6162,5755.193829
7427,7942,6163,5755.225474
7428,7943,6164,5755.257446
7429,7944,6164,5755.257446
7430,7945,6165,5755.288987
7431,7946,6166,5755.320301
7432,7947,6167,5755.354555
7433,7948,6168,5755.385709
7434,7949,6168,5755.385709
7435,7950,6169,5755.432996
7436,7951,6169,5755.432996
7437,7952,6170,5755.466782
7438,7953,6171,5755.496123
7439,7954,6172,5755.529322
7440,7955,6173,5755.561906
7441,7956,6174,5755.593415
7442,7957,6174,5755.593415
7443,7958,6175,5755.624876
7444,7959,6176,5755.658326
7445,7960,6177,5755.688487
7446,7961,6178,5755.721641
7447,7962,6178,5755.721641
7448,7963,6179,5755.770680
7449,7964,6180,5755.799886
7450,7965,6180,5755.799886
7451,7966,6181,5755.833532
7452,7967,6182,5755.865356
7453,7968,6183,5755.897799
7454,7969,6184,5755.929454
7455,7970,6184,5755.929454
7456,7971,6185,5755.961923
7457,7972,6186,5755.993826
7458,7973,6187,5756.025300
7459,7974,6188,5756.056880
7460,7975,6188,5756.056880
7461,7976,6189,5756.106823
7462,7977,6190,5756.136129
7463,7978,6191,5756.138805
7464,7979,6192,5756.170696
7465,7980,6192,5756.170696
7466,7981,6193,5756.234492
7467,7982,6194,5756.264797
7468,7983,6194,5756.264797
7469,7984,6195,5756.297139
7470,7985,6196,5756.330508
7471,7986,6197,5756.362001
7472,7987,6198,5756.393257
7473,7988,6198,5756.393257
7474,7989,6199,5756.441939
7475,7990,6200,5756.472810
7476,7991,6201,5756.475988
7477,7992,6202,5756.505603
7478,7993,6203,5756.537313
7479,7994,6204,5756.570189
7480,7995,6204,5756.570189
7481,7996,6204,5756.570189
7482,7997,6205,5756.633485
7483,7998,6206,5756.665541
7484,7999,6207,5756.697034
7485,8000,6208,5756.728787
7486,8001,6208,5756.728787
7487,8002,6209,5756.762252
7488,8003,6209,5756.762252
7489,8004,6210,5756.811191
7490,8005,6212,5756.843944
7491,8006,6213,5756.873193
7492,8007,6214,5756.905254
7493,8008,6215,5756.935980
7494,8009,6215,5756.935980
7495,8010,6216,5756.969369
7496,8011,6216,5756.969369
7497,8012,6217,5757.032282
7498,8013,6218,5757.063874
7499,8014,6218,5757.063874
7500,8015,6219,5757.096210
7501,8016,6219,5757.096210
7502,8017,6220,5757.145612
7503,8018,6222,5757.179747
7504,8019,6223,5757.209559
7505,8020,6224,5757.241397
7506,8021,6225,5757.272801
7507,8022,6225,5757.272801
7508,8023,6226,5757.306076
7509,8024,6227,5757.337344
7510,8025,6228,5757.369367
7511,8026,6228,5757.369367
7512,8027,6228,5757.369367
7513,8028,6229,5757.433375
7514,8029,6229,5757.433375
7515,8030,6230,5757.480875
7516,8031,6232,5757.516357
7517,8032,6233,5757.546701
7518,8033,6234,5757.577640
7519,8034,6234,5757.577640
7520,8035,6235,5757.608824
7521,8036,6236,5757.642052
7522,8037,6237,5757.673596
7523,8038,6238,5757.705416
7524,8039,6239,5757.736710
7525,8040,6239,5757.736710
7526,8041,6240,5757.769229
7527,8042,6240,5757.769229
7528,8043,6240,5757.769229
7529,8044,6242,5757.853388
7530,8045,6243,5757.880098
7531,8046,6244,5757.914438
7532,8047,6244,5757.914438
7533,8048,6245,5757.945498
7534,8049,6246,5757.977619
7535,8050,6247,5758.009538
7536,8051,6248,5758.041005
7537,8052,6249,5758.071148
7538,8053,6249,5758.071148
7539,8054,6250,5758.104596
7540,8055,6250,5758.104596
7541,8056,6251,5758.153114
7542,8057,6252,5758.184699
7543,8058,6253,5758.217236
7544,8059,6254,5758.250037
7545,8060,6254,5758.250037
7546,8061,6255,5758.281642
7547,8062,6256,5758.314567
7548,8063,6257,5758.345699
7549,8064,6258,5758.376514
7550,8065,6258,5758.376514
7551,8066,6259,5758.408256
7552,8067,6260,5758.442158
7553,8068,6261,5758.473819
7554,8069,6261,5758.473819
7555,8070,6262,5758.520831
7556,8071,6263,5758.554513
7557,8072,6264,5758.584728
7558,8073,6264,5758.584728
7559,8074,6265,5758.615629
7560,8075,6266,5758.650158
7561,8076,6267,5758.683147
7562,8077,6268,5758.713132
7563,8078,6268,5758.713132
7564,8079,6269,5758.746512
7565,8080,6270,5758.777938
7566,8081,6271,5758.809618
7567,8082,6271,5758.809618
7568,8083,6272,5758.856297
7569,8084,6273,5758.889330
7570,8085,6274,5758.921506
7571,8086,6274,5758.921506
7572,8087,6275,5758.952547
7573,8088,6276,5758.985756
7574,8089,6277,5759.016177
7575,8090,6278,5759.050245
7576,8091,6278,5759.050245
7577,8092,6279,5759.080641
7578,8093,6280,5759.112649
7579,8094,6281,5759.143172
7580,8095,6281,5759.143172
7581,8096,6282,5759.192974
7582,8097,6283,5759.226335
7583,8098,6283,5759.226335
7584,8099,6284,5759.258214
7585,8100,6285,5759.289468
7586,8101,6286,5759.320809
7587,8102,6287,5759.353271
7588,8103,6288,5759.385726
7589,8104,6288,5759.385726
7590,8105,6289,5759.416407
7591,8106,6290,5759.449604
7592,8107,6291,5759.479737
7593,8108,6291,5759.479737
7594,8109,6292,5759.530940
7595,8110,6293,5759.562496
7596,8111,6293,5759.562496
7597,8112,6294,5759.593079
7598,8113,6295,5759.625971
7599,8114,6296,5759.657220
7600,8115,6297,5759.689389
7601,8116,6297,5759.689389
7602,8117,6298,5759.720275
7603,8118,6299,5759.752189
7604,8119,6300,5759.786237
7605,8120,6301,5759.818309
7606,8121,6301,5759.818309
7607,8122,6302,5759.866357
7608,8123,6303,5759.898336
7609,8124,6303,5759.898336
7610,8125,6304,5759.930104
7611,8126,6305,5759.961889
7612,8127,6306,5759.994666
7613,8128,6307,5760.026074
7614,8129,6307,5760.026074
7615,8130,6308,5760.059099
7616,8131,6309,5760.089770
7617,8132,6310,5760.120806
7618,8133,6311,5760.154099
7619,8134,6312,5760.184258
7620,8135,6312,5760.184258
7621,8136,6313,5760.232486
7622,8137,6313,5760.232486
7623,8138,6314,5760.265445
7624,8139,6315,5760.297155
7625,8140,6316,5760.328407
7626,8141,6317,5760.361323
7627,8142,6317,5760.361323
7628,8143,6318,5760.392538
7629,8144,6319,5760.425853
7630,8145,6320,5760.457175
7631,8146,6321,5760.489793
7632,8147,6321,5760.489793
7633,8148,6322,5760.521300
7634,8149,6322,5760.521300
7635,8150,6323,5760.570652
7636,8151,6324,5760.600921
7637,8152,6325,5760.633426
7638,8153,6326,5760.664942
7639,8154,6326,5760.664942
7640,8155,6327,5760.698522
7641,8156,6328,5760.730651
7642,8157,6329,5760.761897
7643,8158,6330,5760.794059
7644,8159,6331,5760.824450
7645,8160,6331,5760.824450
7646,8161,6332,5760.857122
7647,8162,6332,5760.857122
7648,8163,6333,5760.904838
7649,8164,6335,5760.940063
7650,8165,6336,5760.968478
7651,8166,6336,5760.968478
7652,8167,6336,5760.968478
7653,8168,6337,5761.033007
7654,8169,6338,5761.067583
7655,8170,6339,5761.098423
7656,8171,6340,5761.130837
7657,8172,6341,5761.163141
7658,8173,6341,5761.163141
7659,8174,6342,5761.194412
7660,8175,6342,5761.194412
7661,8176,6343,5761.242509
7662,8177,6345,5761.276227
7663,8178,6346,5761.305627
7664,8179,6347,5761.336552
7665,8180,6347,5761.336552
7666,8181,6348,5761.371559
7667,8182,6348,5761.371559
7668,8183,6349,5761.434637
7669,8184,6350,5761.465622
7670,8185,6351,5761.497313
7671,8186,6351,5761.497313
7672,8187,6352,5761.528503
7673,8188,6352,5761.528503
7674,8189,6353,5761.576163
7675,8190,6355,5761.614210
7676,8191,6356,5761.641036
7677,8192,6357,5761.673717
7678,8193,6358,5761.704417
7679,8194,6358,5761.704417
7680,8195,6359,5761.738642
7681,8196,6360,5761.769672
7682,8197,6360,5761.769672
7683,8198,6360,5761.769672
7684,8199,6361,5761.833661
7685,8200,6362,5761.865345
7686,8201,6362,5761.865345
7687,8202,6363,5761.914507
7688,8203,6365,5761.948197
7689,8204,6366,5761.978102
7690,8205,6367,5762.009245
7691,8206,6367,5762.009245
7692,8207,6368,5762.042416
7693,8208,6369,5762.073978
7694,8209,6370,5762.105349
7695,8210,6371,5762.137240
7696,8211,6372,5762.167269
7697,8212,6372,5762.167269
7698,8213,6372,5762.167269
7699,8214,6373,5762.233981
7700,8215,6373,5762.233981
7701,8216,6374,5762.280937
7702,8217,6376,5762.316797
7703,8218,6377,5762.346365
7704,8219,6377,5762.346365
7705,8220,6378,5762.377257
7706,8221,6379,5762.408084
7707,8222,6380,5762.442266
7708,8223,6381,5762.472763
7709,8224,6381,5762.472763
7710,8225,6382,5762.504761
7711,8226,6383,5762.537834
7712,8227,6384,5762.568134
7713,8228,6384,5762.568134
7714,8229,6384,5762.568134
7715,8230,6386,5762.652325
7716,8231,6386,5762.652325
7717,8232,6387,5762.680893
7718,8233,6388,5762.714847
7719,8234,6389,5762.745705
7720,8235,6390,5762.777965
7721,8236,6390,5762.777965
7722,8237,6391,5762.812754
7723,8238,6392,5762.841130
7724,8239,6393,5762.873906
7725,8240,6394,5762.906882
7726,8241,6394,5762.906882
7727,8242,6395,5762.954208
7728,8243,6396,5762.985593
7729,8244,6396,5762.985593
7730,8245,6397,5763.014896
7731,8246,6398,5763.050884
7732,8247,6399,5763.081896
7733,8248,6400,5763.113567
7734,8249,6400,5763.113567
7735,8250,6401,5763.146478
7736,8251,6402,5763.178141
7737,8252,6403,5763.210031
7738,8253,6404,5763.240902
7739,8254,6404,5763.240902
7740,8255,6405,5763.288886
7741,8256,6406,5763.320259
7742,8257,6406,5763.320259
7743,8258,6407,5763.354511
7744,8259,6408,5763.386039
7745,8260,6409,5763.416892
7746,8261,6410,5763.449789
7747,8262,6410,5763.449789
7748,8263,6411,5763.481066
7749,8264,6412,5763.513979
7750,8265,6413,5763.545403
7751,8266,6414,5763.578321
7752,8267,6414,5763.578321
7753,8268,6415,5763.624941
7754,8269,6415,5763.624941
7755,8270,6416,5763.656794
7756,8271,6417,5763.690026
7757,8272,6418,5763.720275
7758,8273,6419,5763.752668
7759,8274,6420,5763.784648
7760,8275,6420,5763.784648
7761,8276,6421,5763.817119
7762,8277,6422,5763.850039
7763,8278,6423,5763.881416
7764,8279,6423,5763.881416
7765,8280,6424,5763.915874
7766,8281,6425,5763.945626
7767,8282,6425,5763.945626
7768,8283,6426,5763.994175
7769,8284,6427,5764.024923
7770,8285,6428,5764.058534
7771,8286,6429,5764.091520
7772,8287,6430,5764.120364
7773,8288,6430,5764.120364
7774,8289,6431,5764.153204
7775,8290,6432,5764.184438
7776,8291,6433,5764.217113
7777,8292,6433,5764.217113
7778,8293,6434,5764.250366
7779,8294,6435,5764.281287
7780,8295,6435,5764.281287
7781,8296,6436,5764.329968
7782,8297,6437,5764.362284
7783,8298,6438,5764.394093
7784,8299,6439,5764.427228
7785,8300,6439,5764.427228
7786,8301,6440,5764.456602
7787,8302,6441,5764.490775
7788,8303,6442,5764.521601
7789,8304,6443,5764.552842
7790,8305,6443,5764.552842
7791,8306,6444,5764.585666
7792,8307,6445,5764.618736
7793,8308,6445,5764.618736
7794,8309,6446,5764.666604
7795,8310,6447,5764.696747
7796,8311,6448,5764.731495
7797,8312,6449,5764.760477
7798,8313,6449,5764.760477
7799,8314,6450,5764.793645
7800,8315,6451,5764.825342
7801,8316,6452,5764.857799
7802,8317,6453,5764.889780
7803,8318,6453,5764.889780
7804,8319,6454,5764.922231
7805,8320,6455,5764.954157
7806,8321,6455,5764.954157
7807,8322,6456,5765.000893
7808,8323,6457,5765.032355
7809,8324,6458,5765.065406
7810,8325,6459,5765.097096
7811,8326,6459,5765.097096
7812,8327,6460,5765.129188
7813,8328,6461,5765.162773
7814,8329,6462,5765.194805
7815,8330,6463,5765.225996
7816,8331,6463,5765.225996
7817,8332,6464,5765.256362
7818,8333,6465,5765.290893
7819,8334,6465,5765.290893
7820,8335,6466,5765.336886
7821,8336,6468,5765.372574
7822,8337,6468,5765.372574
7823,8338,6469,5765.433338
7824,8339,6469,5765.433338
7825,8340,6470,5765.466366
7826,8341,6471,5765.495546
7827,8342,6472,5765.529910
7828,8343,6473,5765.560803
7829,8344,6473,5765.560803
7830,8345,6474,5765.593971
7831,8346,6475,5765.624721
7832,8347,6476,5765.655815
7833,8348,6476,5765.655815
7834,8349,6477,5765.705745
7835,8350,6479,5765.739627
7836,8351,6479,5765.739627
7837,8352,6480,5765.770257
7838,8353,6480,5765.770257
7839,8354,6481,5765.832196
7840,8355,6482,5765.866241
7841,8356,6483,5765.896843
7842,8357,6483,5765.896843
7843,8358,6484,5765.929467
7844,8359,6485,5765.963314
7845,8360,6486,5765.993489
7846,8361,6486,5765.993489
7847,8362,6487,5766.040789
7848,8363,6489,5766.074828
7849,8364,6489,5766.074828
7850,8365,6490,5766.105750
7851,8366,6491,5766.138975
7852,8367,6492,5766.170807
7853,8368,6492,5766.170807
7854,8369,6492,5766.170807
7855,8370,6493,5766.233528
7856,8371,6494,5766.265144
7857,8372,6495,5766.298281
7858,8373,6496,5766.329076
7859,8374,6496,5766.329076
7860,8375,6497,5766.377010
7861,8376,6498,5766.411090
7862,8377,6499,5766.413665
7863,8378,6500,5766.441915
7864,8379,6501,5766.472888
7865,8380,6502,5766.506085
7866,8381,6503,5766.537795
7867,8382,6503,5766.537795
7868,8383,6504,5766.569715
7869,8384,6504,5766.569715
7870,8385,6505,5766.633814
7871,8386,6506,5766.664547
7872,8387,6506,5766.664547
7873,8388,6507,5766.713596
7874,8389,6509,5766.747061
7875,8390,6509,5766.747061
7876,8391,6510,5766.776866
7877,8392,6511,5766.809737
7878,8393,6512,5766.842132
7879,8394,6513,5766.873297
7880,8395,6514,5766.904178
7881,8396,6514,5766.904178
7882,8397,6515,5766.938586
7883,8398,6516,5766.971403
7884,8399,6516,5766.971403
7885,8400,6516,5766.971403
7886,8401,6517,5767.048300
7887,8402,6518,5767.080887
7888,8403,6519,5767.084563
7889,8404,6520,5767.114203
7890,8405,6521,5767.145725
7891,8406,6522,5767.177360
7892,8407,6523,5767.207519
7893,8408,6523,5767.207519
7894,8409,6524,5767.240893
7895,8410,6525,5767.274756
7896,8411,6526,5767.305652
7897,8412,6527,5767.338593
7898,8413,6527,5767.338593
7899,8414,6528,5767.368147
7900,8415,6528,5767.368147
7901,8416,6529,5767.417667
7902,8417,6530,5767.449744
7903,8418,6531,5767.481004
7904,8419,6532,5767.512901
7905,8420,6532,5767.512901
7906,8421,6533,5767.545550
7907,8422,6534,5767.577275
7908,8423,6535,5767.607929
7909,8424,6536,5767.642239
7910,8425,6537,5767.674034
7911,8426,6537,5767.674034
7912,8427,6538,5767.707307
7913,8428,6538,5767.707307
7914,8429,6539,5767.753029
7915,8430,6540,5767.784805
7916,8431,6541,5767.818578
7917,8432,6542,5767.849353
7918,8433,6543,5767.879932
7919,8434,6543,5767.879932
7920,8435,6544,5767.914249
7921,8436,6545,5767.946238
7922,8437,6546,5767.976515
7923,8438,6547,5768.009610
7924,8439,6547,5768.009610
7925,8440,6548,5768.041487
7926,8441,6548,5768.041487
7927,8442,6549,5768.087754
7928,8443,6550,5768.121628
7929,8444,6551,5768.152541
7930,8445,6552,5768.185281
7931,8446,6552,5768.185281
7932,8447,6553,5768.217700
7933,8448,6554,5768.250169
7934,8449,6555,5768.280719
7935,8450,6556,5768.313982
7936,8451,6556,5768.313982
7937,8452,6557,5768.345516
7938,8453,6558,5768.380031
7939,8454,6558,5768.380031
7940,8455,6559,5768.425972
7941,8456,6560,5768.456022
7942,8457,6561,5768.489507
7943,8458,6562,5768.521694
7944,8459,6562,5768.521694
7945,8460,6563,5768.554568
7946,8461,6564,5768.586395
7947,8462,6565,5768.615971
7948,8463,6566,5768.648593
7949,8464,6566,5768.648593
7950,8465,6567,5768.682312
7951,8466,6568,5768.714715
7952,8467,6568,5768.714715
7953,8468,6569,5768.761508
7954,8469,6570,5768.793692
7955,8470,6571,5768.826766
7956,8471,6572,5768.857917
7957,8472,6572,5768.857917
7958,8473,6573,5768.887875
7959,8474,6574,5768.922277
7960,8475,6575,5768.952974
7961,8476,6576,5768.986307
7962,8477,6576,5768.986307
7963,8478,6577,5769.016952
7964,8479,6578,5769.049229
7965,8480,6579,5769.082712
7966,8481,6579,5769.082712
7967,8482,6580,5769.129904
7968,8483,6581,5769.162586
7969,8484,6582,5769.192862
7970,8485,6582,5769.192862
7971,8486,6583,5769.227809
7972,8487,6584,5769.257707
7973,8488,6585,5769.288560
7974,8489,6586,5769.321039
7975,8490,6586,5769.321039
7976,8491,6587,5769.352361
7977,8492,6588,5769.387074
7978,8493,6589,5769.418333
7979,8494,6589,5769.418333
7980,8495,6590,5769.464301
7981,8496,6591,5769.497521
7982,8497,6592,5769.531133
7983,8498,6592,5769.531133
7984,8499,6593,5769.560589
7985,8500,6594,5769.592555
7986,8501,6595,5769.625691
7987,8502,6596,5769.657521
7988,8503,6596,5769.657521
7989,8504,6597,5769.688261
7990,8505,6598,5769.720955
7991,8506,6599,5769.756765
7992,8507,6599,5769.756765
7993,8508,6600,5769.802023
7994,8509,6601,5769.834726
7995,8510,6602,5769.865485
7996,8511,6602,5769.865485
7997,8512,6603,5769.897728
7998,8513,6604,5769.929024
7999,8514,6605,5769.959799
8000,8515,6606,5769.992541
8001,8516,6606,5769.992541
8002,8517,6607,5770.024572
8003,8518,6608,5770.056004
8004,8519,6609,5770.089458
8005,8520,6609,5770.089458
8006,8521,6610,5770.137787
8007,8522,6612,5770.170823
8008,8523,6612,5770.170823
8009,8524,6612,5770.170823
8010,8525,6613,5770.234598
8011,8526,6614,5770.265701
8012,8527,6615,5770.297061
8013,8528,6616,5770.329042
8014,8529,6616,5770.329042
8015,8530,6617,5770.360887
8016,8531,6618,5770.391804
8017,8532,6619,5770.425662
8018,8533,6619,5770.425662
8019,8534,6620,5770.473872
8020,8535,6622,5770.507500
8021,8536,6622,5770.507500
8022,8537,6623,5770.536049
8023,8538,6624,5770.570190
8024,8539,6624,5770.570190
8025,8540,6625,5770.633843
8026,8541,6625,5770.633843
8027,8542,6626,5770.666494
8028,8543,6627,5770.696679
8029,8544,6628,5770.730057
8030,8545,6629,5770.762000
8031,8546,6629,5770.762000
8032,8547,6630,5770.810663
8033,8548,6631,5770.842163
8034,8549,6632,5770.844191
8035,8550,6633,5770.875125
8036,8551,6634,5770.906299
8037,8552,6635,5770.937766
8038,8553,6636,5770.970660
8039,8554,6636,5770.970660
8040,8555,6636,5770.970660
8041,8556,6637,5771.034956
8042,8557,6638,5771.066106
8043,8558,6639,5771.096757
8044,8559,6639,5771.096757
8045,8560,6640,5771.128540
8046,8561,6641,5771.178074
8047,8562,6641,5771.178074
8048,8563,6643,5771.212400
8049,8564,6644,5771.241209
8050,8565,6645,5771.274101
8051,8566,6646,5771.304710
8052,8567,6646,5771.304710
8053,8568,6647,5771.337975
8054,8569,6648,5771.369114
8055,8570,6648,5771.369114
8056,8571,6649,5771.434422
8057,8572,6649,5771.434422
8058,8573,6650,5771.465039
8059,8574,6651,5771.511651
8060,8575,6651,5771.511651
8061,8576,6653,5771.549640
8062,8577,6654,5771.578788
8063,8578,6655,5771.607832
8064,8579,6656,5771.641547
8065,8580,6656,5771.641547
8066,8581,6657,5771.690577
8067,8582,6657,5771.690577
8068,8583,6658,5771.720684
8069,8584,6659,5771.752937
8070,8585,6660,5771.786185
8071,8586,6661,5771.816969
8072,8587,6661,5771.816969
8073,8588,6662,5771.849982
8074,8589,6663,5771.882323
8075,8590,6664,5771.913739
8076,8591,6665,5771.944962
8077,8592,6665,5771.944962
8078,8593,6666,5771.978395
8079,8594,6667,5772.026643
8080,8595,6667,5772.026643
8081,8596,6668,5772.059651
8082,8597,6669,5772.091238
8083,8598,6670,5772.121759
8084,8599,6671,5772.152750
8085,8600,6671,5772.152750
8086,8601,6672,5772.184638
8087,8602,6673,5772.217676
8088,8603,6674,5772.248012
8089,8604,6675,5772.280899
8090,8605,6675,5772.280899
8091,8606,6676,5772.312829
8092,8607,6677,5772.360263
8093,8608,6677,5772.360263
8094,8609,6678,5772.392649
8095,8610,6679,5772.424865
8096,8611,6680,5772.457285
8097,8612,6681,5772.487916
8098,8613,6681,5772.487916
8099,8614,6682,5772.522421
8100,8615,6683,5772.554059
8101,8616,6684,5772.586663
8102,8617,6685,5772.615929
8103,8618,6685,5772.615929
8104,8619,6686,5772.649161
8105,8620,6687,5772.681276
8106,8621,6687,5772.681276
8107,8622,6688,5772.728436
8108,8623,6689,5772.761957
8109,8624,6690,5772.795997
8110,8625,6690,5772.795997
8111,8626,6691,5772.826478
8112,8627,6692,5772.857551
8113,8628,6693,5772.889981
8114,8629,6694,5772.922696
8115,8630,6694,5772.922696
8116,8631,6695,5772.954689
8117,8632,6696,5772.986325
8118,8633,6697,5773.018802
8119,8634,6697,5773.018802
8120,8635,6698,5773.064927
8121,8636,6699,5773.097305
8122,8637,6700,5773.129722
8123,8638,6700,5773.129722
8124,8639,6701,5773.161865
8125,8640,6702,5773.192847
8126,8641,6703,5773.226138
8127,8642,6704,5773.257116
8128,8643,6704,5773.257116
8129,8644,6705,5773.288117
8130,8645,6706,5773.320461
8131,8646,6707,5773.353978
8132,8647,6707,5773.353978
8133,8648,6708,5773.401381
8134,8649,6709,5773.432927
8135,8650,6710,5773.464956
8136,8651,6710,5773.464956
8137,8652,6711,5773.498597
8138,8653,6712,5773.529129
8139,8654,6713,5773.562237
8140,8655,6714,5773.593131
8141,8656,6714,5773.593131
8142,8657,6715,5773.626151
8143,8658,6716,5773.657337
8144,8659,6717,5773.688386
8145,8660,6717,5773.688386
8146,8661,6718,5773.737404
8147,8662,6720,5773.772948
8148,8663,6720,5773.772948
8149,8664,6720,5773.772948
8150,8665,6721,5773.833201
8151,8666,6722,5773.865662
8152,8667,6723,5773.898319
8153,8668,6724,5773.929087
8154,8669,6724,5773.929087
8155,8670,6725,5773.960945
8156,8671,6726,5773.993373
8157,8672,6727,5774.026524
8158,8673,6727,5774.026524
8159,8674,6728,5774.074243
8160,8675,6730,5774.110058
8161,8676,6731,5774.138091
8162,8677,6731,5774.138091
8163,8678,6732,5774.170381
8164,8679,6732,5774.170381
8165,8680,6733,5774.234606
8166,8681,6734,5774.265731
8167,8682,6734,5774.265731
8168,8683,6735,5774.298374
8169,8684,6736,5774.329343
8170,8685,6737,5774.360466
8171,8686,6737,5774.360466
8172,8687,6738,5774.411316
8173,8688,6740,5774.444840
8174,8689,6740,5774.444840
8175,8690,6741,5774.473301
8176,8691,6742,5774.506049
8177,8692,6743,5774.537378
8178,8693,6744,5774.570874
8179,8694,6744,5774.570874
8180,8695,6744,5774.570874
8181,8696,6745,5774.634934
8182,8697,6746,5774.665108
8183,8698,6747,5774.696806
8184,8699,6748,5774.728081
8185,8700,6748,5774.728081
8186,8701,6749,5774.779177
8187,8702,6749,5774.779177
8188,8703,6751,5774.812340
8189,8704,6752,5774.841174
8190,8705,6753,5774.874415
8191,8706,6754,5774.905580
8192,8707,6754,5774.905580
8193,8708,6755,5774.936197
8194,8709,6756,5774.970998
8195,8710,6756,5774.970998
8196,8711,6757,5775.033376
8197,8712,6757,5775.033376
8198,8713,6758,5775.065567
8199,8714,6759,5775.113035
8200,8715,6759,5775.113035
8201,8716,6761,5775.149403
8202,8717,6762,5775.178252
8203,8718,6763,5775.210347
8204,8719,6764,5775.242663
8205,8720,6764,5775.242663
8206,8721,6765,5775.273155
8207,8722,6766,5775.307114
8208,8723,6767,5775.336365
8209,8724,6768,5775.368941
8210,8725,6768,5775.368941
8211,8726,6768,5775.368941
8212,8727,6768,5775.368941
8213,8728,6769,5775.450761
8214,8729,6771,5775.482649
8215,8730,6772,5775.513437
8216,8731,6773,5775.547709
8217,8732,6774,5775.577320
8218,8733,6774,5775.577320
8219,8734,6775,5775.609486
8220,8735,6776,5775.641714
8221,8736,6777,5775.673593
8222,8737,6778,5775.706858
8223,8738,6778,5775.706858
8224,8739,6779,5775.737158
8225,8740,6780,5775.785148
8226,8741,6780,5775.785148
8227,8742,6781,5775.818997
8228,8743,6782,5775.850073
8229,8744,6783,5775.883614
8230,8745,6784,5775.914050
8231,8746,6784,5775.914050
8232,8747,6785,5775.945294
8233,8748,6786,5775.978211
8234,8749,6787,5776.009532
8235,8750,6788,5776.041953
8236,8751,6788,5776.041953
8237,8752,6789,5776.073658
8238,8753,6789,5776.073658
8239,8754,6790,5776.122384
8240,8755,6791,5776.154183
8241,8756,6792,5776.186356
8242,8757,6793,5776.215729
8243,8758,6794,5776.250215
8244,8759,6794,5776.250215
8245,8760,6795,5776.282110
8246,8761,6796,5776.313187
8247,8762,6797,5776.344412
8248,8763,6798,5776.376601
8249,8764,6798,5776.376601
8250,8765,6799,5776.409018
8251,8766,6800,5776.441202
8252,8767,6800,5776.441202
8253,8768,6801,5776.488982
8254,8769,6802,5776.522244
8255,8770,6803,5776.555223
8256,8771,6803,5776.555223
8257,8772,6804,5776.586413
8258,8773,6805,5776.617035
8259,8774,6806,5776.650337
8260,8775,6807,5776.681815
8261,8776,6807,5776.681815
8262,8777,6808,5776.713352
8263,8778,6809,5776.746008
8264,8779,6810,5776.777278
8265,8780,6810,5776.777278
8266,8781,6811,5776.826652
8267,8782,6812,5776.857161
8268,8783,6813,5776.891494
8269,8784,6814,5776.920428
8270,8785,6814,5776.920428
8271,8786,6815,5776.951978
8272,8787,6816,5776.985947
8273,8788,6817,5777.017716
8274,8789,6817,5777.017716
8275,8790,6818,5777.049863
8276,8791,6819,5777.082168
8277,8792,6820,5777.113655
8278,8793,6820,5777.113655
8279,8794,6821,5777.162641
8280,8795,6822,5777.194216
8281,8796,6823,5777.225981
8282,8797,6823,5777.225981
8283,8798,6824,5777.258840
8284,8799,6825,5777.290618
8285,8800,6826,5777.322471
8286,8801,6827,5777.354798
8287,8802,6827,5777.354798
8288,8803,6828,5777.386333
8289,8804,6829,5777.417547
8290,8805,6830,5777.449946
8291,8806,6830,5777.449946
8292,8807,6831,5777.496933
8293,8808,6832,5777.528318
8294,8809,6832,5777.528318
8295,8810,6833,5777.563362
8296,8811,6834,5777.594595
8297,8812,6835,5777.625749
8298,8813,6836,5777.658187
8299,8814,6837,5777.689379
8300,8815,6837,5777.689379
8301,8816,6838,5777.721100
8302,8817,6839,5777.753268
8303,8818,6840,5777.785779
8304,8819,6840,5777.785779
8305,8820,6841,5777.833243
8306,8821,6842,5777.865189
8307,8822,6842,5777.865189
8308,8823,6843,5777.897447
8309,8824,6844,5777.931585
8310,8825,6845,5777.962145
8311,8826,6846,5777.993741
8312,8827,6847,5778.024803
8313,8828,6847,5778.024803
8314,8829,6848,5778.057365
8315,8830,6849,5778.089125
8316,8831,6850,5778.122452
8317,8832,6851,5778.152907
8318,8833,6851,5778.152907
8319,8834,6852,5778.202210
8320,8835,6852,5778.202210
8321,8836,6853,5778.234005
8322,8837,6854,5778.265833
8323,8838,6855,5778.296846
8324,8839,6856,5778.330079
8325,8840,6857,5778.361792
8326,8841,6857,5778.361792
8327,8842,6858,5778.393628
8328,8843,6859,5778.426156
8329,8844,6860,5778.455971
8330,8845,6861,5778.490480
8331,8846,6861,5778.490480
8332,8847,6862,5778.538567
8333,8848,6863,5778.568646
8334,8849,6864,5778.570840
8335,8850,6864,5778.570840
8336,8851,6865,5778.632432
8337,8852,6866,5778.666047
8338,8853,6866,5778.666047
8339,8854,6867,5778.697389
8340,8855,6868,5778.730846
8341,8856,6869,5778.760976
8342,8857,6870,5778.795406
8343,8858,6870,5778.795406
8344,8859,6871,5778.825887
8345,8860,6871,5778.825887
8346,8861,6872,5778.877443
8347,8862,6874,5778.908616
8348,8863,6875,5778.937450
8349,8864,6876,5778.970663
8350,8865,6876,5778.970663
8351,8866,6876,5778.970663
8352,8867,6877,5779.034196
8353,8868,6878,5779.065029
8354,8869,6879,5779.097590
8355,8870,6880,5779.131413
8356,8871,6880,5779.131413
8357,8872,6881,5779.161544
8358,8873,6882,5779.210115
8359,8874,6882,5779.210115
8360,8875,6884,5779.243863
8361,8876,6885,5779.272872
8362,8877,6886,5779.306175
8363,8878,6887,5779.337084
8364,8879,6887,5779.337084
8365,8880,6888,5779.370588
8366,8881,6888,5779.370588
8367,8882,6889,5779.434174
8368,8883,6890,5779.465356
8369,8884,6890,5779.465356
8370,8885,6891,5779.497194
8371,8886,6892,5779.544984
8372,8887,6892,5779.544984
8373,8888,6894,5779.582081
8374,8889,6895,5779.609989
8375,8890,6896,5779.641810
8376,8891,6897,5779.674963
8377,8892,6897,5779.674963
8378,8893,6898,5779.705781
8379,8894,6899,5779.736015
8380,8895,6900,5779.768466
8381,8896,6900,5779.768466
8382,8897,6900,5779.768466
8383,8898,6901,5779.833176
8384,8899,6902,5779.865115
8385,8900,6902,5779.865115
8386,8901,6904,5779.915024
8387,8902,6905,5779.946161
8388,8903,6906,5779.978033
8389,8904,6907,5780.008827
8390,8905,6907,5780.008827
8391,8906,6908,5780.042729
8392,8907,6909,5780.074379
8393,8908,6910,5780.106058
8394,8909,6911,5780.136377
8395,8910,6911,5780.136377
8396,8911,6912,5780.169076
8397,8912,6912,5780.169076
8398,8913,6912,5780.169076
8399,8914,6913,5780.250299
8400,8915,6915,5780.283877
8401,8916,6916,5780.311924
8402,8917,6916,5780.311924
8403,8918,6917,5780.345034
8404,8919,6918,5780.376687
8405,8920,6919,5780.410245
8406,8921,6920,5780.443383
8407,8922,6920,5780.443383
8408,8923,6921,5780.472836
8409,8924,6922,5780.505519
8410,8925,6923,5780.539146
8411,8926,6923,5780.539146
8412,8927,6924,5780.586183
8413,8928,6925,5780.616981
8414,8929,6926,5780.648449
8415,8930,6926,5780.648449
8416,8931,6927,5780.681742
8417,8932,6928,5780.713614
8418,8933,6929,5780.745212
8419,8934,6930,5780.778390
8420,8935,6930,5780.778390
8421,8936,6931,5780.809233
8422,8937,6932,5780.842966
8423,8938,6933,5780.872022
8424,8939,6933,5780.872022
8425,8940,6934,5780.919738
8426,8941,6935,5780.954616
8427,8942,6936,5780.985611
8428,8943,6936,5780.985611
8429,8944,6937,5781.018762
8430,8945,6938,5781.048399
8431,8946,6939,5781.082590
8432,8947,6940,5781.112860
8433,8948,6940,5781.112860
8434,8949,6941,5781.144590
8435,8950,6942,5781.177127
8436,8951,6943,5781.207957
8437,8952,6943,5781.207957
8438,8953,6944,5781.258448
8439,8954,6945,5781.289243
8440,8955,6946,5781.321056
8441,8956,6946,5781.321056
8442,8957,6947,5781.353820
8443,8958,6948,5781.384915
8444,8959,6949,5781.416663
8445,8960,6950,5781.449794
8446,8961,6950,5781.449794
8447,8962,6951,5781.480637
8448,8963,6952,5781.512645
8449,8964,6953,5781.547232
8450,8965,6954,5781.577378
8451,8966,6954,5781.577378
8452,8967,6955,5781.625606
8453,8968,6955,5781.625606
8454,8969,6956,5781.657833
8455,8970,6957,5781.689746
8456,8971,6958,5781.722357
8457,8972,6959,5781.753431
8458,8973,6959,5781.753431
8459,8974,6960,5781.785914
8460,8975,6961,5781.818051
8461,8976,6962,5781.849947
8462,8977,6963,5781.882561
8463,8978,6964,5781.914176
8464,8979,6964,5781.914176
8465,8980,6965,5781.960689
8466,8981,6965,5781.960689
8467,8982,6966,5781.993718
8468,8983,6967,5782.024183
8469,8984,6968,5782.056898
8470,8985,6969,5782.089160
8471,8986,6969,5782.089160
8472,8987,6970,5782.120754
8473,8988,6971,5782.153852
8474,8989,6972,5782.185402
8475,8990,6973,5782.217039
8476,8991,6973,5782.217039
8477,8992,6974,5782.249370
8478,8993,6975,5782.296452
8479,8994,6975,5782.296452
8480,8995,6976,5782.330306
8481,8996,6977,5782.361685
8482,8997,6978,5782.393529
8483,8998,6978,5782.393529
8484,8999,6979,5782.428477
8485,9000,6980,5782.457200
8486,9001,6981,5782.488973
8487,9002,6982,5782.519724
8488,9003,6983,5782.553680
8489,9004,6983,5782.553680
8490,9005,6984,5782.585416
8491,9006,6984,5782.585416
8492,9007,6985,5782.632809
8493,9008,6986,5782.666398
8494,9009,6987,5782.697941
8495,9010,6988,5782.729361
8496,9011,6989,5782.760065
8497,9012,6989,5782.760065
8498,9013,6990,5782.792999
8499,9014,6991,5782.824105
8500,9015,6992,5782.858440
8501,9016,6993,5782.888601
8502,9017,6993,5782.888601
8503,9018,6994,5782.922281
8504,9019,6994,5782.922281
8505,9020,6995,5782.968881
8506,9021,6996,5783.000907
8507,9022,6997,5783.031522
8508,9023,6998,5783.066159
8509,9024,6999,5783.097781
8510,9025,6999,5783.097781
8511,9026,7000,5783.128368
8512,9027,7001,5783.161962
8513,9028,7002,5783.194897
8514,9029,7002,5783.194897
8515,9030,7003,5783.227268
8516,9031,7004,5783.257183
8517,9032,7004,5783.257183
8518,9033,7005,5783.306280
8519,9034,7007,5783.339832
8520,9035,7008,5783.368827
8521,9036,7008,5783.368827
8522,9037,7009,5783.432463
8523,9038,7009,5783.432463
8524,9039,7010,5783.464604
8525,9040,7011,5783.498938
8526,9041,7012,5783.529733
8527,9042,7012,5783.529733
8528,9043,7013,5783.561646
8529,9044,7014,5783.593368
8530,9045,7015,5783.625904
8531,9046,7015,5783.625904
8532,9047,7016,5783.672823
8533,9048,7018,5783.708946
8534,9049,7019,5783.737140
8535,9050,7019,5783.737140
8536,9051,7020,5783.769067
8537,9052,7020,5783.769067
8538,9053,7021,5783.833438
8539,9054,7022,5783.865208
8540,9055,7022,5783.865208
8541,9056,7023,5783.898008
8542,9057,7024,5783.929134
8543,9058,7025,5783.961658
8544,9059,7025,5783.961658
8545,9060,7026,5784.008497
8546,9061,7028,5784.045506
8547,9062,7029,5784.073782
8548,9063,7029,5784.073782
8549,9064,7030,5784.105667
8550,9065,7031,5784.137735
8551,9066,7032,5784.170148
8552,9067,7032,5784.170148
8553,9068,7032,5784.170148
8554,9069,7033,5784.231878
8555,9070,7034,5784.266333
8556,9071,7035,5784.297785
8557,9072,7035,5784.297785
8558,9073,7036,5784.345867
8559,9074,7038,5784.379655
8560,9075,7039,5784.410586
8561,9076,7039,5784.410586
8562,9077,7040,5784.442830
8563,9078,7041,5784.474329
8564,9079,7042,5784.504824
8565,9080,7043,5784.538990
8566,9081,7043,5784.538990
8567,9082,7044,5784.571123
8568,9083,7044,5784.571123
8569,9084,7045,5784.632773
8570,9085,7045,5784.632773
8571,9086,7046,5784.680672
8572,9087,7048,5784.714989
8573,9088,7049,5784.747289
8574,9089,7049,5784.747289
8575,9090,7050,5784.776480
8576,9091,7051,5784.808747
8577,9092,7052,5784.841919
8578,9093,7053,5784.874863
8579,9094,7053,5784.874863
8580,9095,7054,5784.906333
8581,9096,7055,5784.936827
8582,9097,7056,5784.970439
8583,9098,7056,5784.970439
8584,9099,7056,5784.970439
8585,9100,7058,5785.051934
8586,9101,7059,5785.080631
8587,9102,7059,5785.080631
8588,9103,7060,5785.114733
8589,9104,7061,5785.145965
8590,9105,7062,5785.178632
8591,9106,7063,5785.210474
8592,9107,7063,5785.210474
8593,9108,7064,5785.240739
8594,9109,7065,5785.274553
8595,9110,7066,5785.307357
8596,9111,7067,5785.336091
8597,9112,7067,5785.336091
8598,9113,7068,5785.385134
8599,9114,7068,5785.385134
8600,9115,7069,5785.417897
8601,9116,7070,5785.451427
8602,9117,7071,5785.480475
8603,9118,7072,5785.514099
8604,9119,7072,5785.514099
8605,9120,7073,5785.547143
8606,9121,7074,5785.577612
8607,9122,7075,5785.611585
8608,9123,7076,5785.643836
8609,9124,7077,5785.673322
8610,9125,7077,5785.673322
8611,9126,7078,5785.721629
8612,9127,7078,5785.721629
8613,9128,7079,5785.753790
8614,9129,7080,5785.785792
8615,9130,7081,5785.818249
8616,9131,7082,5785.849249
8617,9132,7082,5785.849249
8618,9133,7083,5785.879862
8619,9134,7084,5785.915226
8620,9135,7085,5785.945104
8621,9136,7086,5785.977785
8622,9137,7086,5785.977785
8623,9138,7087,5786.008849
8624,9139,7088,5786.058301
8625,9140,7088,5786.058301
8626,9141,7089,5786.089392
8627,9142,7090,5786.122973
8628,9143,7091,5786.154123
8629,9144,7092,5786.186388
8630,9145,7092,5786.186388
8631,9146,7093,5786.218860
8632,9147,7094,5786.250896
8633,9148,7095,5786.280674
8634,9149,7096,5786.314288
8635,9150,7096,5786.314288
8636,9151,7097,5786.346781
8637,9152,7097,5786.346781
8638,9153,7098,5786.395271
8639,9154,7099,5786.425495
8640,9155,7100,5786.457951
8641,9156,7101,5786.489892
8642,9157,7102,5786.521944
8643,9158,7102,5786.521944
8644,9159,7103,5786.554799
8645,9160,7104,5786.585959
8646,9161,7105,5786.618924
8647,9162,7106,5786.649110
8648,9163,7106,5786.649110
8649,9164,7107,5786.680528
8650,9165,7107,5786.680528
8651,9166,7108,5786.729190
8652,9167,7109,5786.762644
8653,9168,7110,5786.793675
8654,9169,7111,5786.825186
8655,9170,7111,5786.825186
8656,9171,7112,5786.859198
8657,9172,7113,5786.889707
8658,9173,7114,5786.921055
8659,9174,7115,5786.953542
8660,9175,7115,5786.953542
8661,9176,7116,5786.986890
8662,9177,7117,5787.016956
8663,9178,7118,5787.050045
8664,9179,7118,5787.050045
8665,9180,7119,5787.097178
8666,9181,7120,5787.130095
8667,9182,7121,5787.161346
8668,9183,7121,5787.161346
8669,9184,7122,5787.193793
8670,9185,7123,5787.226967
8671,9186,7124,5787.258599
8672,9187,7125,5787.290796
8673,9188,7126,5787.321170
8674,9189,7126,5787.321170
8675,9190,7127,5787.353620
8676,9191,7128,5787.386550
8677,9192,7128,5787.386550
8678,9193,7129,5787.433676
8679,9194,7130,5787.466322
8680,9195,7131,5787.498585
8681,9196,7131,5787.498585
8682,9197,7132,5787.529699
8683,9198,7133,5787.562505
8684,9199,7134,5787.593310
8685,9200,7135,5787.626912
8686,9201,7135,5787.626912
8687,9202,7136,5787.657370
8688,9203,7137,5787.688521
8689,9204,7138,5787.721686
8690,9205,7138,5787.721686
8691,9206,7139,5787.769653
8692,9207,7140,5787.801013
8693,9208,7141,5787.833174
8694,9209,7141,5787.833174
8695,9210,7142,5787.867386
8696,9211,7143,5787.896451
8697,9212,7144,5787.929972
8698,9213,7145,5787.961132
8699,9214,7145,5787.961132
8700,9215,7146,5787.992576
8701,9216,7147,5788.025674
8702,9217,7148,5788.056179
8703,9218,7148,5788.056179
8704,9219,7149,5788.106813
8705,9220,7151,5788.139751
8706,9221,7151,5788.139751
8707,9222,7152,5788.169205
8708,9223,7152,5788.169205
8709,9224,7153,5788.233638
8710,9225,7154,5788.264597
8711,9226,7155,5788.298111
8712,9227,7155,5788.298111
8713,9228,7156,5788.328482
8714,9229,7157,5788.362216
8715,9230,7158,5788.395165
8716,9231,7158,5788.395165
8717,9232,7159,5788.441928
8718,9233,7161,5788.475907
8719,9234,7161,5788.475907
8720,9235,7162,5788.505186
8721,9236,7163,5788.537689
8722,9237,7164,5788.569076
8723,9238,7164,5788.569076
8724,9239,7164,5788.569076
8725,9240,7165,5788.633429
8726,9241,7166,5788.666947
8727,9242,7167,5788.696952
8728,9243,7168,5788.728439
8729,9244,7168,5788.728439
8730,9245,7169,5788.762430
8731,9246,7171,5788.811445
8732,9247,7172,5788.841041
8733,9248,7172,5788.841041
8734,9249,7173,5788.872940
8735,9250,7174,5788.905669
8736,9251,7175,5788.937932
8737,9252,7176,5788.969316
8738,9253,7176,5788.969316
8739,9254,7176,5788.969316
8740,9255,7177,5789.033720
8741,9256,7178,5789.064739
8742,9257,7178,5789.064739
8743,9258,7179,5789.097554
8744,9259,7180,5789.146671
8745,9260,7180,5789.146671
8746,9261,7182,5789.180825
8747,9262,7183,5789.209444
8748,9263,7184,5789.241132
8749,9264,7185,5789.273268
8750,9265,7185,5789.273268
8751,9266,7186,5789.306105
8752,9267,7187,5789.337168
8753,9268,7188,5789.370697
8754,9269,7188,5789.370697
8755,9270,7188,5789.370697
8756,9271,7189,5789.432818
8757,9272,7190,5789.480926
8758,9273,7190,5789.480926
8759,9274,7192,5789.518221
8760,9275,7193,5789.546827
8761,9276,7194,5789.576698
8762,9277,7194,5789.576698
8763,9278,7195,5789.609498
8764,9279,7196,5789.642618
8765,9280,7197,5789.672181
8766,9281,7198,5789.704813
8767,9282,7199,5789.737256
8768,9283,7199,5789.737256
8769,9284,7200,5789.769424
8770,9285,7200,5789.769424
8771,9286,7200,5789.769424
8772,9287,7202,5789.854784
8773,9288,7203,5789.882758
8774,9289,7204,5789.915150
8775,9290,7205,5789.944116
8776,9291,7205,5789.944116
8777,9292,7206,5789.976693
8778,9293,7207,5790.008496
8779,9294,7208,5790.041917
8780,9295,7209,5790.072423
8781,9296,7209,5790.072423
8782,9297,7210,5790.105917
8783,9298,7210,5790.105917
8784,9299,7211,5790.153244
8785,9300,7212,5790.184677
8786,9301,7213,5790.217248
8787,9302,7214,5790.250835
8788,9303,7214,5790.250835
8789,9304,7215,5790.281342
8790,9305,7216,5790.314112
8791,9306,7217,5790.347733
8792,9307,7218,5790.378502
8793,9308,7218,5790.378502
8794,9309,7219,5790.408062
8795,9310,7220,5790.442608
8796,9311,7221,5790.473878
8797,9312,7221,5790.473878
8798,9313,7222,5790.519910
8799,9314,7223,5790.553700
8800,9315,7223,5790.553700
8801,9316,7224,5790.585539
8802,9317,7225,5790.617882
8803,9318,7226,5790.648187
8804,9319,7227,5790.683068
8805,9320,7228,5790.712265
8806,9321,7228,5790.712265
8807,9322,7229,5790.745298
8808,9323,7230,5790.778410
8809,9324,7231,5790.810939
8810,9325,7231,5790.810939
8811,9326,7232,5790.859148
8812,9327,7233,5790.888872
8813,9328,7233,5790.888872
8814,9329,7234,5790.920938
8815,9330,7235,5790.954153
8816,9331,7236,5790.986178
8817,9332,7237,5791.017100
8818,9333,7238,5791.048655
8819,9334,7238,5791.048655
8820,9335,7239,5791.080406
8821,9336,7240,5791.113252
8822,9337,7241,5791.146435
8823,9338,7241,5791.146435
8824,9339,7242,5791.192540
8825,9340,7243,5791.224149
8826,9341,7243,5791.224149
8827,9342,7244,5791.256212
8828,9343,7245,5791.289993
8829,9344,7246,5791.322390
8830,9345,7247,5791.353072
8831,9346,7247,5791.353072
8832,9347,7248,5791.386690
8833,9348,7249,5791.417395
8834,9349,7250,5791.450094
8835,9350,7251,5791.480508
8836,9351,7251,5791.480508
8837,9352,7252,5791.529892
8838,9353,7252,5791.529892
8839,9354,7253,5791.561328
8840,9355,7254,5791.595201
8841,9356,7255,5791.625506
8842,9357,7256,5791.657514
8843,9358,7256,5791.657514
8844,9359,7257,5791.689317
8845,9360,7258,5791.721978
8846,9361,7259,5791.754377
8847,9362,7260,5791.786230
8848,9363,7260,5791.786230
8849,9364,7261,5791.817704
8850,9365,7262,5791.865082
8851,9366,7262,5791.865082
8852,9367,7263,5791.897862
8853,9368,7264,5791.928860
8854,9369,7265,5791.961062
8855,9370,7266,5791.993775
8856,9371,7266,5791.993775
8857,9372,7267,5792.025636
8858,9373,7268,5792.057281
8859,9374,7269,5792.089356
8860,9375,7270,5792.122498
8861,9376,7270,5792.122498
8862,9377,7271,5792.152626
8863,9378,7272,5792.200482
8864,9379,7272,5792.200482
8865,9380,7273,5792.233079
8866,9381,7274,5792.266277
8867,9382,7275,5792.299459
8868,9383,7276,5792.328702
8869,9384,7276,5792.328702
8870,9385,7277,5792.360292
8871,9386,7278,5792.394059
8872,9387,7279,5792.427083
8873,9388,7280,5792.456447
8874,9389,7280,5792.456447
8875,9390,7281,5792.487923
8876,9391,7282,5792.520307
8877,9392,7282,5792.520307
8878,9393,7283,5792.569589
8879,9394,7284,5792.602447
8880,9395,7285,5792.633408
8881,9396,7285,5792.633408
8882,9397,7286,5792.663447
8883,9398,7287,5792.698251
8884,9399,7288,5792.728815
8885,9400,7289,5792.762263
8886,9401,7290,5792.791998
8887,9402,7290,5792.791998
8888,9403,7291,5792.825153
8889,9404,7292,5792.857971
8890,9405,7292,5792.857971
8891,9406,7293,5792.904689
8892,9407,7295,5792.941244
8893,9408,7296,5792.969167
8894,9409,7296,5792.969167
8895,9410,7296,5792.969167
8896,9411,7297,5793.035061
8897,9412,7298,5793.064852
8898,9413,7299,5793.097231
8899,9414,7299,5793.097231
8900,9415,7300,5793.129876
8901,9416,7301,5793.161310
8902,9417,7302,5793.193116
8903,9418,7302,5793.193116
8904,9419,7303,5793.243823
8905,9420,7305,5793.278217
8906,9421,7306,5793.306685
8907,9422,7306,5793.306685
8908,9423,7307,5793.340069
8909,9424,7308,5793.370555
8910,9425,7308,5793.370555
8911,9426,7309,5793.432413
8912,9427,7310,5793.466217
8913,9428,7310,5793.466217
8914,9429,7311,5793.497841
8915,9430,7312,5793.529729
8916,9431,7312,5793.529729
8917,9432,7313,5793.579065
8918,9433,7315,5793.614164
8919,9434,7316,5793.640795
8920,9435,7316,5793.640795
8921,9436,7317,5793.673647
8922,9437,7318,5793.704716
8923,9438,7319,5793.739390
8924,9439,7320,5793.770784
8925,9440,7320,5793.770784
8926,9441,7320,5793.770784
8927,9442,7321,5793.833837
8928,9443,7322,5793.865126
8929,9444,7322,5793.865126
8930,9445,7323,5793.911467
8931,9446,7325,5793.949804
8932,9447,7326,5793.978457
8933,9448,7326,5793.978457
8934,9449,7327,5794.008782
8935,9450,7328,5794.041843
8936,9451,7329,5794.074351
8937,9452,7330,5794.106113
8938,9453,7330,5794.106113
8939,9454,7331,5794.137658
8940,9455,7332,5794.169858
8941,9456,7332,5794.169858
8942,9457,7333,5794.233164
8943,9458,7333,5794.233164
8944,9459,7334,5794.280880
8945,9460,7336,5794.314296
8946,9461,7336,5794.314296
8947,9462,7337,5794.347623
8948,9463,7338,5794.377899
8949,9464,7339,5794.409023
8950,9465,7340,5794.441022
8951,9466,7340,5794.441022
8952,9467,7341,5794.472247
8953,9468,7342,5794.505014
8954,9469,7343,5794.538586
8955,9470,7344,5794.569289
8956,9471,7344,5794.569289
8957,9472,7344,5794.569289
8958,9473,7344,5794.569289
8959,9474,7346,5794.652844
8960,9475,7347,5794.681382
8961,9476,7348,5794.714257
8962,9477,7349,5794.746996
8963,9478,7349,5794.746996
8964,9479,7350,5794.778323
8965,9480,7351,5794.810521
8966,9481,7352,5794.843303
8967,9482,7353,5794.874655
8968,9483,7354,5794.904134
8969,9484,7354,5794.904134
8970,9485,7355,5794.952629
8971,9486,7355,5794.952629
8972,9487,7356,5794.987656
8973,9488,7357,5795.018070
8974,9489,7358,5795.049854
8975,9490,7359,5795.080606
8976,9491,7359,5795.080606
8977,9492,7360,5795.114415
8978,9493,7361,5795.144223
8979,9494,7362,5795.176509
8980,9495,7363,5795.209232
8981,9496,7363,5795.209232
8982,9497,7364,5795.242754
8983,9498,7364,5795.242754
8984,9499,7365,5795.290061
8985,9500,7366,5795.321076
8986,9501,7367,5795.352990
8987,9502,7368,5795.386008
8988,9503,7369,5795.416629
8989,9504,7369,5795.416629
8990,9505,7370,5795.448072
8991,9506,7371,5795.481996
8992,9507,7372,5795.513260
8993,9508,7373,5795.545776
8994,9509,7373,5795.545776
8995,9510,7374,5795.575961
8996,9511,7374,5795.575961
8997,9512,7375,5795.624195
8998,9513,7376,5795.658904
8999,9514,7377,5795.689041
9000,9515,7378,5795.721707
9001,9516,7378,5795.721707
9002,9517,7379,5795.752667
9003,9518,7380,5795.784892
9004,9519,7381,5795.818793
9005,9520,7382,5795.851839
9006,9521,7382,5795.851839
9007,9522,7383,5795.881880
9008,9523,7384,5795.912725
9009,9524,7385,5795.945920
9010,9525,7385,5795.945920
9011,9526,7386,5795.991631
9012,9527,7387,5796.026241
9013,9528,7388,5796.056683
9014,9529,7388,5796.056683
9015,9530,7389,5796.090224
9016,9531,7390,5796.123802
9017,9532,7391,5796.154396
9018,9533,7392,5796.184968
9019,9534,7392,5796.184968
9020,9535,7393,5796.216323
9021,9536,7394,5796.250672
9022,9537,7395,5796.284456
9023,9538,7395,5796.284456
9024,9539,7396,5796.329692
9025,9540,7397,5796.361907
9026,9541,7398,5796.394640
9027,9542,7398,5796.394640
9028,9543,7399,5796.424743
9029,9544,7400,5796.456091
9030,9545,7401,5796.488691
9031,9546,7402,5796.522885
9032,9547,7402,5796.522885
9033,9548,7403,5796.554320
9034,9549,7404,5796.584478
9035,9550,7405,5796.617315
9036,9551,7405,5796.617315
9037,9552,7406,5796.665532
9038,9553,7407,5796.698996
9039,9554,7408,5796.727965
9040,9555,7408,5796.727965
9041,9556,7409,5796.761991
9042,9557,7410,5796.792441
9043,9558,7411,5796.827269
9044,9559,7412,5796.856692
9045,9560,7412,5796.856692
9046,9561,7413,5796.888654
9047,9562,7414,5796.921463
9048,9563,7415,5796.954361
9049,9564,7415,5796.954361
9050,9565,7416,5797.002085
9051,9566,7417,5797.031702
9052,9567,7417,5797.031702
9053,9568,7418,5797.065482
9054,9569,7419,5797.098307
9055,9570,7420,5797.130214
9056,9571,7421,5797.163932
9057,9572,7421,5797.163932
9058,9573,7422,5797.195174
9059,9574,7423,5797.226097
9060,9575,7424,5797.258721
9061,9576,7425,5797.290694
9062,9577,7425,5797.290694
9063,9578,7426,5797.337445
9064,9579,7428,5797.371831
9065,9580,7428,5797.371831
9066,9581,7428,5797.371831
9067,9582,7429,5797.433860
9068,9583,7430,5797.464527
9069,9584,7431,5797.496267
9070,9585,7431,5797.496267
9071,9586,7432,5797.529537
9072,9587,7433,5797.560851
9073,9588,7434,5797.593775
9074,9589,7435,5797.625778
9075,9590,7435,5797.625778
9076,9591,7436,5797.658578
9077,9592,7437,5797.705307
9078,9593,7438,5797.708100
9079,9594,7439,5797.736795
9080,9595,7440,5797.769736
9081,9596,7440,5797.769736
9082,9597,7441,5797.832379
9083,9598,7441,5797.832379
9084,9599,7442,5797.864193
9085,9600,7443,5797.898337
9086,9601,7444,5797.929891
9087,9602,7445,5797.962411
9088,9603,7445,5797.962411
9089,9604,7446,5797.994563
9090,9605,7447,5798.040907
9091,9606,7447,5798.040907
9092,9607,7449,5798.075687
9093,9608,7450,5798.105878
9094,9609,7451,5798.137326
9095,9610,7452,5798.168668
9096,9611,7452,5798.168668
9097,9612,7452,5798.168668
9098,9613,7453,5798.235156
9099,9614,7454,5798.265915
9100,9615,7455,5798.296437
9101,9616,7455,5798.296437
9102,9617,7456,5798.328445
9103,9618,7457,5798.377829
9104,9619,7457,5798.377829
9105,9620,7459,5798.411828
9106,9621,7460,5798.442513
9107,9622,7461,5798.473099
9108,9623,7462,5798.506129
9109,9624,7462,5798.506129
9110,9625,7463,5798.537104
9111,9626,7464,5798.570053
9112,9627,7464,5798.570053
9113,9628,7465,5798.633750
9114,9629,7465,5798.633750
9115,9630,7466,5798.664976
9116,9631,7467,5798.713485
9117,9632,7467,5798.713485
9118,9633,7469,5798.748933
9119,9634,7470,5798.777141
9120,9635,7471,5798.810621
9121,9636,7472,5798.840932
9122,9637,7472,5798.840932
9123,9638,7473,5798.873040
9124,9639,7474,5798.906801
9125,9640,7475,5798.937879
9126,9641,7476,5798.970905
9127,9642,7476,5798.970905
9128,9643,7476,5798.970905
9129,9644,7476,5798.970905
9130,9645,7477,5799.049268
9131,9646,7479,5799.084648
9132,9647,7480,5799.112511
9133,9648,7481,5799.146669
9134,9649,7481,5799.146669
9135,9650,7482,5799.178363
9136,9651,7483,5799.207590
9137,9652,7484,5799.241302
9138,9653,7485,5799.274431
9139,9654,7485,5799.274431
9140,9655,7486,5799.306579
9141,9656,7487,5799.339979
9142,9657,7488,5799.368520
9143,9658,7488,5799.368520
9144,9659,7489,5799.416659
9145,9660,7490,5799.447997
9146,9661,7491,5799.481049
9147,9662,7491,5799.481049
9148,9663,7492,5799.515565
9149,9664,7493,5799.545686
9150,9665,7494,5799.578645
9151,9666,7495,5799.608043
9152,9667,7496,5799.642332
9153,9668,7496,5799.642332
9154,9669,7497,5799.675971
9155,9670,7498,5799.705341
9156,9671,7498,5799.705341
9157,9672,7499,5799.756459
9158,9673,7500,5799.785697
9159,9674,7501,5799.818444
9160,9675,7502,5799.849215
9161,9676,7502,5799.849215
9162,9677,7503,5799.882186
9163,9678,7504,5799.914601
9164,9679,7505,5799.946628
9165,9680,7506,5799.978334
9166,9681,7506,5799.978334
9167,9682,7507,5800.010358
9168,9683,7508,5800.040207
9169,9684,7508,5800.040207
9170,9685,7509,5800.089107
9171,9686,7510,5800.121132
9172,9687,7511,5800.154565
9173,9688,7512,5800.186559
9174,9689,7513,5800.216999
9175,9690,7513,5800.216999
9176,9691,7514,5800.249512
9177,9692,7515,5800.280564
9178,9693,7516,5800.314767
9179,9694,7517,5800.344062
9180,9695,7517,5800.344062
9181,9696,7518,5800.378350
9182,9697,7518,5800.378350
9183,9698,7519,5800.424138
9184,9699,7520,5800.458378
9185,9700,7521,5800.490034
9186,9701,7522,5800.521158
9187,9702,7522,5800.521158
9188,9703,7523,5800.552158
9189,9704,7524,5800.585466
9190,9705,7525,5800.617701
9191,9706,7526,5800.649546
9192,9707,7526,5800.649546
9193,9708,7527,5800.682689
9194,9709,7528,5800.714447
9195,9710,7528,5800.714447
9196,9711,7529,5800.760763
9197,9712,7530,5800.792279
9198,9713,7531,5800.824559
9199,9714,7532,5800.857349
9200,9715,7532,5800.857349
9201,9716,7533,5800.888047
9202,9717,7534,5800.920866
9203,9718,7535,5800.954415
9204,9719,7536,5800.985468
9205,9720,7536,5800.985468
9206,9721,7537,5801.017417
9207,9722,7538,5801.051340
9208,9723,7538,5801.051340
9209,9724,7539,5801.097083
9210,9725,7540,5801.130838
9211,9726,7541,5801.161005
9212,9727,7542,5801.192912
9213,9728,7542,5801.192912
9214,9729,7543,5801.223883
9215,9730,7544,5801.258287
9216,9731,7545,5801.289186
9217,9732,7546,5801.322796
9218,9733,7546,5801.322796
9219,9734,7547,5801.354787
9220,9735,7548,5801.384554
9221,9736,7549,5801.416586
9222,9737,7549,5801.416586
9223,9738,7550,5801.465879
9224,9739,7551,5801.497523
9225,9740,7552,5801.528333
9226,9741,7552,5801.528333
9227,9742,7553,5801.561472
9228,9743,7554,5801.593063
9229,9744,7555,5801.625735
9230,9745,7556,5801.658422
9231,9746,7556,5801.658422
9232,9747,7557,5801.691024
9233,9748,7558,5801.720180
9234,9749,7559,5801.754423
9235,9750,7559,5801.754423
9236,9751,7560,5801.800969
9237,9752,7561,5801.833172
9238,9753,7562,5801.864987
9239,9754,7562,5801.864987
9240,9755,7563,5801.898637
9241,9756,7564,5801.928980
9242,9757,7565,5801.962283
9243,9758,7566,5801.994075
9244,9759,7566,5801.994075
9245,9760,7567,5802.024572
9246,9761,7568,5802.059081
9247,9762,7569,5802.089227
9248,9763,7569,5802.089227
9249,9764,7570,5802.137714
9250,9765,7572,5802.172513
9251,9766,7572,5802.172513
9252,9767,7572,5802.172513
9253,9768,7573,5802.234389
9254,9769,7574,5802.265931
9255,9770,7575,5802.297930
9256,9771,7576,5802.330050
9257,9772,7576,5802.330050
9258,9773,7577,5802.360453
9259,9774,7578,5802.393651
9260,9775,7579,5802.424766
9261,9776,7579,5802.424766
9262,9777,7580,5802.473156
9263,9778,7582,5802.507874
9264,9779,7583,5802.538790
9265,9780,7583,5802.538790
9266,9781,7584,5802.570403
9267,9782,7584,5802.570403
9268,9783,7585,5802.633641
9269,9784,7586,5802.665589
9270,9785,7586,5802.665589
9271,9786,7587,5802.697266
9272,9787,7588,5802.728852
9273,9788,7589,5802.762727
9274,9789,7589,5802.762727
9275,9790,7590,5802.808909
9276,9791,7592,5802.841538
9277,9792,7593,5802.875162
9278,9793,7593,5802.875162
9279,9794,7594,5802.904202
9280,9795,7595,5802.938729
9281,9796,7596,5802.969682
9282,9797,7596,5802.969682
9283,9798,7596,5802.969682
9284,9799,7597,5803.033098
9285,9800,7598,5803.065887
9286,9801,7599,5803.098211
9287,9802,7600,5803.128446
9288,9803,7600,5803.128446
9289,9804,7601,5803.178574
9290,9805,7601,5803.178574
9291,9806,7603,5803.214505
9292,9807,7604,5803.242654
9293,9808,7605,5803.274277
9294,9809,7606,5803.305689
9295,9810,7606,5803.305689
9296,9811,7607,5803.336589
9297,9812,7608,5803.369320
9298,9813,7608,5803.369320
9299,9814,7609,5803.433687
9300,9815,7610,5803.464420
9301,9816,7610,5803.464420
9302,9817,7611,5803.514390
9303,9818,7611,5803.514390
9304,9819,7613,5803.545856
9305,9820,7614,5803.576946
9306,9821,7615,5803.610027
9307,9822,7616,5803.641438
9308,9823,7616,5803.641438
9309,9824,7617,5803.673765
9310,9825,7618,5803.705601
9311,9826,7619,5803.739506
9312,9827,7620,5803.768270
9313,9828,7620,5803.768270
9314,9829,7620,5803.768270
9315,9830,7621,5803.848666
9316,9831,7621,5803.848666
9317,9832,7623,5803.884859
9318,9833,7624,5803.912259
9319,9834,7625,5803.946062
9320,9835,7626,5803.976967
9321,9836,7626,5803.976967
9322,9837,7627,5804.009501
9323,9838,7628,5804.042768
9324,9839,7629,5804.074044
9325,9840,7630,5804.105768
9326,9841,7630,5804.105768
9327,9842,7631,5804.138429
9328,9843,7632,5804.185727
9329,9844,7632,5804.185727
9330,9845,7633,5804.217647
9331,9846,7634,5804.248891
9332,9847,7635,5804.281068
9333,9848,7636,5804.314571
9334,9849,7636,5804.314571
9335,9850,7637,5804.346889
9336,9851,7638,5804.378602
9337,9852,7639,5804.410699
9338,9853,7640,5804.441889
9339,9854,7640,5804.441889
9340,9855,7641,5804.473463
9341,9856,7642,5804.520926
9342,9857,7642,5804.520926
9343,9858,7643,5804.552101
9344,9859,7644,5804.585036
9345,9860,7645,5804.617436
9346,9861,7646,5804.650423
9347,9862,7646,5804.650423
9348,9863,7647,5804.680796
9349,9864,7648,5804.712378
9350,9865,7649,5804.746403
9351,9866,7650,5804.777600
9352,9867,7650,5804.777600
9353,9868,7651,5804.810843
9354,9869,7652,5804.840832
9355,9870,7652,5804.840832
9356,9871,7653,5804.888348
9357,9872,7654,5804.919694
9358,9873,7655,5804.953410
9359,9874,7656,5804.985362
9360,9875,7656,5804.985362
9361,9876,7657,5805.016920
9362,9877,7658,5805.049954
9363,9878,7659,5805.081977
9364,9879,7660,5805.114536
9365,9880,7660,5805.114536
9366,9881,7661,5805.145766
9367,9882,7662,5805.175752
9368,9883,7662,5805.175752
9369,9884,7663,5805.224860
9370,9885,7664,5805.258286
9371,9886,7665,5805.289915
9372,9887,7666,5805.322547
9373,9888,7666,5805.322547
9374,9889,7667,5805.352565
9375,9890,7668,5805.386428
9376,9891,7669,5805.418081
9377,9892,7670,5805.449240
9378,9893,7670,5805.449240
9379,9894,7671,5805.482194
9380,9895,7672,5805.513308
9381,9896,7672,5805.513308
9382,9897,7673,5805.560878
9383,9898,7674,5805.594947
9384,9899,7675,5805.624743
9385,9900,7675,5805.624743
9386,9901,7676,5805.658339
9387,9902,7677,5805.688670
9388,9903,7678,5805.720592
9389,9904,7679,5805.754689
9390,9905,7680,5805.784797
9391,9906,7680,5805.784797
9392,9907,7681,5805.817486
9393,9908,7682,5805.848847
9394,9909,7682,5805.848847
9395,9910,7683,5805.897848
9396,9911,7684,5805.929527
9397,9912,7685,5805.962529
9398,9913,7685,5805.962529
9399,9914,7686,5805.992572
9400,9915,7687,5806.025629
9401,9916,7688,5806.057845
9402,9917,7689,5806.089488
9403,9918,7690,5806.120014
9404,9919,7690,5806.120014
9405,9920,7691,5806.154161
9406,9921,7692,5806.185752
9407,9922,7692,5806.185752
9408,9923,7693,5806.233047
9409,9924,7694,5806.264705
9410,9925,7695,5806.297785
9411,9926,7695,5806.297785
9412,9927,7696,5806.331538
9413,9928,7697,5806.361933
9414,9929,7698,5806.394730
9415,9930,7699,5806.425507
9416,9931,7699,5806.425507
9417,9932,7700,5806.459039
9418,9933,7701,5806.490157
9419,9934,7702,5806.521023
9420,9935,7703,5806.553015
9421,9936,7703,5806.553015
9422,9937,7704,5806.601686
9423,9938,7705,5806.632909
9424,9939,7705,5806.632909
9425,9940,7706,5806.666236
9426,9941,7707,5806.699604
9427,9942,7708,5806.730939
9428,9943,7709,5806.761527
9429,9944,7709,5806.761527
9430,9945,7710,5806.792788
9431,9946,7711,5806.824822
9432,9947,7712,5806.858777
9433,9948,7713,5806.888938
9434,9949,7713,5806.888938
9435,9950,7714,5806.938807
9436,9951,7716,5806.971312
9437,9952,7716,5806.971312
9438,9953,7716,5806.971312
9439,9954,7717,5807.034311
9440,9955,7718,5807.065975
9441,9956,7719,5807.099048
9442,9957,7719,5807.099048
9443,9958,7720,5807.128024
9444,9959,7721,5807.162432
9445,9960,7722,5807.193346
9446,9961,7723,5807.226334
9447,9962,7723,5807.226334
9448,9963,7724,5807.273993
9449,9964,7725,5807.305635
9450,9965,7726,5807.308130
9451,9966,7727,5807.337757
9452,9967,7728,5807.370084
9453,9968,7728,5807.370084
9454,9969,7729,5807.433546
9455,9970,7729,5807.433546
9456,9971,7730,5807.465182
9457,9972,7731,5807.498035
9458,9973,7732,5807.530116
9459,9974,7733,5807.560811
9460,9975,7733,5807.560811
9461,9976,7734,5807.608927
9462,9977,7734,5807.608927
9463,9978,7736,5807.642556
9464,9979,7737,5807.674041
9465,9980,7738,5807.704693
9466,9981,7739,5807.737047
9467,9982,7739,5807.737047
9468,9983,7740,5807.767449
9469,9984,7740,5807.767449
9470,9985,7741,5807.832076
9471,9986,7742,5807.865036
9472,9987,7742,5807.865036
9473,9988,7743,5807.898350
9474,9989,7744,5807.946442
9475,9990,7744,5807.946442
9476,9991,7746,5807.981253
9477,9992,7747,5808.010240
9478,9993,7748,5808.041778
9479,9994,7749,5808.073802
9480,9995,7749,5808.073802
9481,9996,7750,5808.105506
9482,9997,7751,5808.137439
9483,9998,7752,5808.169887
9484,9999,7752,5808.169887
9485,10000,7752,5808.169887
9486,10001,7753,5808.233746
9487,10002,7753,5808.233746
9488,10003,7754,5808.282315
9489,10004,7756,5808.317517
9490,10005,7757,5808.345029
9491,10006,7758,5808.377571
9492,10007,7759,5808.409462
9493,10008,7759,5808.409462
9494,10009,7760,5808.441343
9495,10010,7761,5808.474920
9496,10011,7762,5808.504738
9497,10012,7763,5808.536282
9498,10013,7763,5808.536282
9499,10014,7764,5808.569333
9500,10015,7764,5808.569333
9501,10016,7764,5808.569333
9502,10017,7765,5808.648898
9503,10018,7767,5808.684138
9504,10019,7768,5808.713208
9505,10020,7768,5808.713208
9506,10021,7769,5808.746623
9507,10022,7770,5808.776888
9508,10023,7771,5808.809971
9509,10024,7772,5808.842833
9510,10025,7772,5808.842833
9511,10026,7773,5808.873046
9512,10027,7774,5808.905031
9513,10028,7775,5808.937710
9514,10029,7775,5808.937710
9515,10030,7776,5808.986973
9516,10031,7777,5809.017989
9517,10032,7778,5809.049126
9518,10033,7778,5809.049126
9519,10034,7779,5809.082607
9520,10035,7780,5809.113609
9521,10036,7781,5809.147547
9522,10037,7782,5809.177700
9523,10038,7783,5809.209049
9524,10039,7783,5809.209049
9525,10040,7784,5809.240959
9526,10041,7785,5809.273873
9527,10042,7785,5809.273873
9528,10043,7786,5809.321178
9529,10044,7787,5809.354310
9530,10045,7788,5809.385134
9531,10046,7788,5809.385134
9532,10047,7789,5809.417441
9533,10048,7790,5809.449267
9534,10049,7791,5809.482259
9535,10050,7792,5809.514625
9536,10051,7793,5809.545828
9537,10052,7793,5809.545828
9538,10053,7794,5809.578599
9539,10054,7795,5809.609767
9540,10055,7795,5809.609767
9541,10056,7796,5809.657754
9542,10057,7797,5809.688255
9543,10058,7798,5809.722125
9544,10059,7799,5809.753146
9545,10060,7799,5809.753146
9546,10061,7800,5809.784867
9547,10062,7801,5809.817716
9548,10063,7802,5809.851133
9549,10064,7803,5809.881856
9550,10065,7803,5809.881856
9551,10066,7804,5809.913605
9552,10067,7805,5809.945621
9553,10068,7805,5809.945621
9554,10069,7806,5809.992508
9555,10070,7807,5810.025553
9556,10071,7808,5810.057282
9557,10072,7808,5810.057282
9558,10073,7809,5810.089698
9559,10074,7810,5810.121061
9560,10075,7811,5810.151690
9561,10076,7812,5810.184201
9562,10077,7813,5810.217279
9563,10078,7813,5810.217279
9564,10079,7814,5810.248352
9565,10080,7815,5810.283360
9566,10081,7816,5810.315147
9567,10082,7816,5810.315147
9568,10083,7817,5810.361497
9569,10084,7818,5810.393481
9570,10085,7818,5810.393481
9571,10086,7819,5810.426025
9572,10087,7820,5810.457844
9573,10088,7821,5810.490663
9574,10089,7822,5810.522311
9575,10090,7823,5810.552089
9576,10091,7823,5810.552089
9577,10092,7824,5810.583590
9578,10093,7825,5810.617031
9579,10094,7826,5810.650279
9580,10095,7826,5810.650279
9581,10096,7827,5810.697624
9582,10097,7828,5810.730911
9583,10098,7828,5810.730911
9584,10099,7829,5810.761648
9585,10100,7830,5810.792975
9586,10101,7831,5810.824862
9587,10102,7832,5810.857312
9588,10103,7832,5810.857312
9589,10104,7833,5810.890302
9590,10105,7834,5810.920026
9591,10106,7835,5810.953858
9592,10107,7836,5810.987821
9593,10108,7836,5810.987821
9594,10109,7837,5811.034387
9595,10110,7838,5811.064817
9596,10111,7838,5811.064817
9597,10112,7839,5811.096543
9598,10113,7840,5811.127928
9599,10114,7841,5811.162416
9600,10115,7841,5811.162416
9601,10116,7842,5811.194636
9602,10117,7843,5811.224329
9603,10118,7844,5811.258500
9604,10119,7845,5811.288528
9605,10120,7846,5811.320282
9606,10121,7846,5811.320282
9607,10122,7847,5811.371239
9608,10123,7847,5811.371239
9609,10124,7848,5811.400423
9610,10125,7849,5811.432532
9611,10126,7850,5811.465825
9612,10127,7851,5811.499414
9613,10128,7851,5811.499414
9614,10129,7852,5811.527941
9615,10130,7853,5811.560858
9616,10131,7854,5811.593130
9617,10132,7855,5811.625284
9618,10133,7855,5811.625284
9619,10134,7856,5811.657244
9620,10135,7857,5811.705540
9621,10136,7857,5811.705540
9622,10137,7859,5811.740093
9623,10138,7860,5811.769804
9624,10139,7860,5811.769804
9625,10140,7861,5811.832881
9626,10141,7861,5811.832881
9627,10142,7862,5811.864427
9628,10143,7863,5811.897092
9629,10144,7864,5811.931010
9630,10145,7865,5811.961820
9631,10146,7865,5811.961820
9632,10147,7866,5811.993453
9633,10148,7867,5812.026797
9634,10149,7867,5812.026797
9635,10150,7868,5812.073046
9636,10151,7870,5812.110833
9637,10152,7871,5812.137442
9638,10153,7871,5812.137442
9639,10154,7872,5812.169105
9640,10155,7872,5812.169105
9641,10156,7873,5812.232062
9642,10157,7874,5812.267071
9643,10158,7874,5812.267071
9644,10159,7875,5812.297739
9645,10160,7876,5812.328742
9646,10161,7877,5812.361264
9647,10162,7877,5812.361264
9648,10163,7878,5812.411258
9649,10164,7880,5812.445296
9650,10165,7881,5812.475030
9651,10166,7881,5812.475030
9652,10167,7882,5812.505796
9653,10168,7883,5812.538118
9654,10169,7884,5812.567871
9655,10170,7884,5812.567871
9656,10171,7884,5812.567871
9657,10172,7885,5812.633298
9658,10173,7886,5812.665787
9659,10174,7887,5812.697159
9660,10175,7887,5812.697159
9661,10176,7888,5812.746312
9662,10177,7890,5812.781699
9663,10178,7890,5812.781699
9664,10179,7891,5812.809696
9665,10180,7892,5812.841516
9666,10181,7893,5812.872972
9667,10182,7894,5812.905349
9668,10183,7894,5812.905349
9669,10184,7895,5812.937963
9670,10185,7896,5812.969992
9671,10186,7896,5812.969992
9672,10187,7897,5813.033340
9673,10188,7897,5813.033340
9674,10189,7898,5813.080077
9675,10190,7900,5813.115700
9676,10191,7901,5813.143840
9677,10192,7901,5813.143840
9678,10193,7902,5813.179033
9679,10194,7903,5813.208961
9680,10195,7904,5813.241335
9681,10196,7904,5813.241335
9682,10197,7905,5813.274127
9683,10198,7906,5813.304857
9684,10199,7907,5813.337809
9685,10200,7908,5813.370267
9686,10201,7908,5813.370267
9687,10202,7908,5813.370267
9688,10203,7910,5813.451227
9689,10204,7910,5813.451227
9690,10205,7911,5813.481096
9691,10206,7912,5813.513521
9692,10207,7913,5813.546933
9693,10208,7914,5813.578401
9694,10209,7914,5813.578401
9695,10210,7915,5813.608252
9696,10211,7916,5813.642634
9697,10212,7917,5813.673357
9698,10213,7918,5813.707799
9699,10214,7918,5813.707799
9700,10215,7919,5813.739085
9701,10216,7920,5813.786118
9702,10217,7920,5813.786118
9703,10218,7921,5813.816131
9704,10219,7922,5813.848190
9705,10220,7923,5813.880952
9706,10221,7924,5813.914817
9707,10222,7924,5813.914817
9708,10223,7925,5813.945103
9709,10224,7926,5813.979822
9710,10225,7927,5814.010974
9711,10226,7928,5814.039797
9712,10227,7928,5814.039797
9713,10228,7929,5814.072612
9714,10229,7930,5814.120980
9715,10230,7930,5814.120980
9716,10231,7931,5814.154189
9717,10232,7932,5814.187751
9718,10233,7933,5814.217292
9719,10234,7933,5814.217292
9720,10235,7934,5814.250044
9721,10236,7935,5814.282098
9722,10237,7936,5814.313322
9723,10238,7937,5814.345452
9724,10239,7938,5814.376964
9725,10240,7938,5814.376964
9726,10241,7939,5814.408819
9727,10242,7939,5814.408819
9728,10243,7940,5814.458225
9729,10244,7941,5814.488852
9730,10245,7942,5814.521732
9731,10246,7943,5814.552397
9732,10247,7943,5814.552397
9733,10248,7944,5814.584898
9734,10249,7945,5814.616677
9735,10250,7946,5814.650794
9736,10251,7947,5814.680732
9737,10252,7947,5814.680732
9738,10253,7948,5814.714640
9739,10254,7949,5814.746653
9740,10255,7949,5814.746653
9741,10256,7950,5814.795324
9742,10257,7951,5814.826565
9743,10258,7952,5814.857531
9744,10259,7953,5814.888824
9745,10260,7953,5814.888824
9746,10261,7954,5814.920690
9747,10262,7955,5814.952339
9748,10263,7956,5814.985193
9749,10264,7957,5815.017185
9750,10265,7957,5815.017185
9751,10266,7958,5815.050708
9752,10267,7959,5815.082572
9753,10268,7959,5815.082572
9754,10269,7960,5815.130034
9755,10270,7961,5815.159796
9756,10271,7962,5815.194719
9757,10272,7963,5815.226263
9758,10273,7963,5815.226263
9759,10274,7964,5815.257263
9760,10275,7965,5815.289672
9761,10276,7966,5815.322230
9762,10277,7967,5815.355068
9763,10278,7967,5815.355068
9764,10279,7968,5815.385417
9765,10280,7969,5815.416937
9766,10281,7970,5815.450534
9767,10282,7970,5815.450534
9768,10283,7971,5815.498087
9769,10284,7972,5815.529875
9770,10285,7973,5815.562936
9771,10286,7973,5815.562936
9772,10287,7974,5815.594110
9773,10288,7975,5815.623988
9774,10289,7976,5815.658257
9775,10290,7977,5815.688897
9776,10291,7977,5815.688897
9777,10292,7978,5815.721695
9778,10293,7979,5815.754295
9779,10294,7980,5815.786246
9780,10295,7980,5815.786246
9781,10296,7981,5815.833059
9782,10297,7982,5815.865156
9783,10298,7983,5815.896883
9784,10299,7983,5815.896883
9785,10300,7984,5815.929693
9786,10301,7985,5815.962236
9787,10302,7986,5815.994176
9788,10303,7987,5816.025440
9789,10304,7987,5816.025440
9790,10305,7988,5816.058445
9791,10306,7989,5816.088750
9792,10307,7990,5816.120468
9793,10308,7990,5816.120468
9794,10309,7991,5816.170478
9795,10310,7992,5816.200640
9796,10311,7993,5816.232249
9797,10312,7993,5816.232249
9798,10313,7994,5816.265817
9799,10314,7995,5816.298053
9800,10315,7996,5816.330949
9801,10316,7997,5816.360077
9802,10317,7997,5816.360077
9803,10318,7998,5816.394801
9804,10319,7999,5816.424057
9805,10320,8000,5816.456158
9806,10321,8000,5816.456158
9807,10322,8001,5816.503816
9808,10323,8003,5816.540022
9809,10324,8003,5816.540022
9810,10325,8004,5816.568819
9811,10326,8004,5816.568819
9812,10327,8005,5816.632726
9813,10328,8006,5816.663498
9814,10329,8007,5816.697235
9815,10330,8007,5816.697235
9816,10331,8008,5816.730899
9817,10332,8009,5816.762798
9818,10333,8010,5816.794735
9819,10334,8010,5816.794735
9820,10335,8011,5816.842833
9821,10336,8013,5816.875603
9822,10337,8013,5816.875603
9823,10338,8014,5816.905394
9824,10339,8015,5816.937016
9825,10340,8016,5816.969157
9826,10341,8016,5816.969157
9827,10342,8017,5817.031885
9828,10343,8017,5817.031885
9829,10344,8018,5817.065484
9830,10345,8019,5817.097417
9831,10346,8020,5817.130434
9832,10347,8020,5817.130434
9833,10348,8021,5817.177446
9834,10349,8022,5817.211790
9835,10350,8023,5817.214056
9836,10351,8024,5817.242423
9837,10352,8025,5817.274919
9838,10353,8026,5817.305928
9839,10354,8027,5817.338503
9840,10355,8027,5817.338503
9841,10356,8028,5817.369311
9842,10357,8028,5817.369311
9843,10358,8029,5817.433067
9844,10359,8030,5817.464517
9845,10360,8030,5817.464517
9846,10361,8031,5817.495869
9847,10362,8032,5817.544030
9848,10363,8032,5817.544030
9849,10364,8034,5817.581122
9850,10365,8035,5817.609480
9851,10366,8036,5817.642218
9852,10367,8037,5817.672634
9853,10368,8037,5817.672634
9854,10369,8038,5817.704113
9855,10370,8039,5817.737647
9856,10371,8040,5817.769859
9857,10372,8040,5817.769859
9858,10373,8040,5817.769859
9859,10374,8041,5817.832668
9860,10375,8041,5817.832668
9861,10376,8042,5817.882577
9862,10377,8044,5817.914909
9863,10378,8045,5817.944718
9864,10379,8046,5817.979842
9865,10380,8047,5818.009457
9866,10381,8047,5818.009457
9867,10382,8048,5818.040916
9868,10383,8049,5818.072992
9869,10384,8050,5818.106533
9870,10385,8050,5818.106533
9871,10386,8051,5818.139012
9872,10387,8052,5818.169706
9873,10388,8052,5818.169706
9874,10389,8052,5818.169706
9875,10390,8054,5818.251727
9876,10391,8055,5818.280248
9877,10392,8056,5818.313268
9878,10393,8056,5818.313268
9879,10394,8057,5818.345702
9880,10395,8058,5818.377613
9881,10396,8059,5818.410209
9882,10397,8060,5818.443518
9883,10398,8061,5818.473010
9884,10399,8061,5818.473010
9885,10400,8062,5818.505004
9886,10401,8062,5818.505004
9887,10402,8063,5818.552499
9888,10403,8064,5818.584935
9889,10404,8065,5818.617416
9890,10405,8066,5818.648511
9891,10406,8066,5818.648511
9892,10407,8067,5818.681955
9893,10408,8068,5818.713346
9894,10409,8069,5818.745900
9895,10410,8070,5818.777056
9896,10411,8070,5818.777056
9897,10412,8071,5818.808319
9898,10413,8072,5818.842274
9899,10414,8072,5818.842274
9900,10415,8073,5818.891321
9901,10416,8074,5818.922373
9902,10417,8075,5818.954214
9903,10418,8076,5818.985011
9904,10419,8076,5818.985011
9905,10420,8077,5819.016328
9906,10421,8078,5819.048102
9907,10422,8079,5819.082438
9908,10423,8080,5819.113466
9909,10424,8081,5819.144338
9910,10425,8081,5819.144338
9911,10426,8082,5819.178037
9912,10427,8083,5819.208907
9913,10428,8083,5819.208907
9914,10429,8084,5819.256988
9915,10430,8085,5819.290442
9916,10431,8086,5819.321949
9917,10432,8086,5819.321949
9918,10433,8087,5819.353881
9919,10434,8088,5819.384721
9920,10435,8089,5819.419454
9921,10436,8090,5819.449483
9922,10437,8090,5819.449483
9923,10438,8091,5819.480324
9924,10439,8092,5819.514387
9925,10440,8093,5819.543737
9926,10441,8093,5819.543737
9927,10442,8094,5819.593141
9928,10443,8095,5819.625848
9929,10444,8096,5819.659228
9930,10445,8096,5819.659228
9931,10446,8097,5819.689168
9932,10447,8098,5819.720877
9933,10448,8099,5819.754416
9934,10449,8100,5819.785782
9935,10450,8100,5819.785782
9936,10451,8101,5819.817225
9937,10452,8102,5819.850102
9938,10453,8103,5819.882419
9939,10454,8103,5819.882419
9940,10455,8104,5819.928496
9941,10456,8105,5819.963421
9942,10457,8106,5819.994419
9943,10458,8106,5819.994419
9944,10459,8107,5820.026001
9945,10460,8108,5820.057796
9946,10461,8109,5820.088882
9947,10462,8110,5820.120801
9948,10463,8110,5820.120801
9949,10464,8111,5820.152909
9950,10465,8112,5820.186335
9951,10466,8113,5820.218789
9952,10467,8113,5820.218789
9953,10468,8114,5820.264978
9954,10469,8115,5820.297399
9955,10470,8115,5820.297399
9956,10471,8116,5820.329367
9957,10472,8117,5820.362018
9958,10473,8118,5820.394610
9959,10474,8119,5820.424865
9960,10475,8120,5820.455792
9961,10476,8120,5820.455792
9962,10477,8121,5820.488477
9963,10478,8122,5820.522013
9964,10479,8123,5820.554409
9965,10480,8123,5820.554409
9966,10481,8124,5820.600767
9967,10482,8125,5820.632607
9968,10483,8125,5820.632607
9969,10484,8126,5820.665476
9970,10485,8127,5820.696774
9971,10486,8128,5820.727803
9972,10487,8129,5820.761516
9973,10488,8129,5820.761516
9974,10489,8130,5820.793121
9975,10490,8131,5820.824967
9976,10491,8132,5820.857759
9977,10492,8133,5820.889826
9978,10493,8133,5820.889826
9979,10494,8134,5820.921220
9980,10495,8135,5820.970196
9981,10496,8135,5820.970196
9982,10497,8136,5821.002193
9983,10498,8137,5821.032312
9984,10499,8138,5821.064971
9985,10500,8139,5821.097389
9986,10501,8139,5821.097389
9987,10502,8140,5821.130941
9988,10503,8141,5821.160855
9989,10504,8142,5821.193529
9990,10505,8143,5821.225258
9991,10506,8143,5821.225258
9992,10507,8144,5821.256076
9993,10508,8145,5821.306325
9994,10509,8145,5821.306325
9995,10510,8147,5821.339890
9996,10511,8148,5821.370096
9997,10512,8148,5821.370096
9998,10513,8149,5821.433418
9999,10514,8149,5821.433418
10000,10515,8150,5821.465668
10001,10516,8151,5821.497974
10002,10517,8152,5821.529248
10003,10518,8153,5821.560629
10004,10519,8153,5821.560629
10005,10520,8154,5821.592330
10006,10521,8154,5821.592330
10007,10522,8155,5821.641395
10008,10523,8157,5821.675405
10009,10524,8158,5821.703909
10010,10525,8159,5821.739264
10011,10526,8159,5821.739264
10012,10527,8160,5821.770531
10013,10528,8160,5821.770531
10014,10529,8161,5821.832543
10015,10530,8162,5821.864669
10016,10531,8163,5821.897496
10017,10532,8163,5821.897496
10018,10533,8164,5821.928728
10019,10534,8164,5821.928728
10020,10535,8165,5821.977724
10021,10536,8167,5822.009901
10022,10537,8168,5822.042862
10023,10538,8169,5822.072847
10024,10539,8169,5822.072847
10025,10540,8170,5822.104571
10026,10541,8171,5822.136730
10027,10542,8172,5822.170858
10028,10543,8172,5822.170858
10029,10544,8172,5822.170858
10030,10545,8173,5822.232951
10031,10546,8174,5822.266698
10032,10547,8174,5822.266698
10033,10548,8175,5822.313808
10034,10549,8177,5822.350541
10035,10550,8178,5822.378007
10036,10551,8179,5822.408712
10037,10552,8179,5822.408712
10038,10553,8180,5822.442010
10039,10554,8181,5822.473813
10040,10555,8182,5822.505888
10041,10556,8183,5822.538728
10042,10557,8183,5822.538728
10043,10558,8184,5822.568234
10044,10559,8184,5822.568234
10045,10560,8185,5822.634342
10046,10561,8185,5822.634342
10047,10562,8187,5822.682727
10048,10563,8188,5822.713505
10049,10564,8189,5822.745345
10050,10565,8189,5822.745345
10051,10566,8190,5822.776019
10052,10567,8191,5822.809576
10053,10568,8192,5822.842317
10054,10569,8193,5822.872847
10055,10570,8193,5822.872847
10056,10571,8194,5822.904847
10057,10572,8195,5822.938541
10058,10573,8196,5822.968506
10059,10574,8196,5822.968506
10060,10575,8196,5822.968506
10061,10576,8198,5823.052498
10062,10577,8198,5823.052498
10063,10578,8199,5823.080233
10064,10579,8200,5823.113215
10065,10580,8201,5823.145811
10066,10581,8202,5823.176404
10067,10582,8202,5823.176404
10068,10583,8203,5823.209588
10069,10584,8204,5823.242334
10070,10585,8205,5823.273757
10071,10586,8206,5823.306980
10072,10587,8206,5823.306980
10073,10588,8207,5823.353365
10074,10589,8208,5823.385104
10075,10590,8208,5823.385104
10076,10591,8209,5823.415942
10077,10592,8210,5823.449462
10078,10593,8211,5823.481115
10079,10594,8212,5823.513620
10080,10595,8212,5823.513620
10081,10596,8213,5823.543378
10082,10597,8214,5823.578218
10083,10598,8215,5823.610587
10084,10599,8216,5823.642221
10085,10600,8216,5823.642221
10086,10601,8217,5823.688965
10087,10602,8218,5823.719241
10088,10603,8218,5823.719241
10089,10604,8219,5823.753343
10090,10605,8220,5823.784621
10091,10606,8221,5823.817570
10092,10607,8222,5823.848341
10093,10608,8222,5823.848341
10094,10609,8223,5823.881510
10095,10610,8224,5823.912590
10096,10611,8225,5823.945494
10097,10612,8226,5823.977386
10098,10613,8226,5823.977386
10099,10614,8227,5824.025110
10100,10615,8228,5824.056440
10101,10616,8228,5824.056440
10102,10617,8229,5824.090514
10103,10618,8230,5824.122141
10104,10619,8231,5824.153543
10105,10620,8232,5824.187299
10106,10621,8232,5824.187299
10107,10622,8233,5824.218993
10108,10623,8234,5824.250061
10109,10624,8235,5824.281559
10110,10625,8236,5824.313804
10111,10626,8237,5824.346207
10112,10627,8237,5824.346207
10113,10628,8238,5824.395313
10114,10629,8239,5824.424101
10115,10630,8239,5824.424101
10116,10631,8240,5824.458229
10117,10632,8241,5824.490037
10118,10633,8242,5824.522854
10119,10634,8243,5824.552878
10120,10635,8243,5824.552878
10121,10636,8244,5824.586928
10122,10637,8245,5824.618209
10123,10638,8246,5824.649550
10124,10639,8247,5824.680667
10125,10640,8247,5824.680667
10126,10641,8248,5824.730570
10127,10642,8248,5824.730570
10128,10643,8249,5824.762389
10129,10644,8250,5824.795016
10130,10645,8251,5824.825174
10131,10646,8252,5824.859042
10132,10647,8252,5824.859042
10133,10648,8253,5824.888500
10134,10649,8254,5824.921500
10135,10650,8255,5824.952936
10136,10651,8256,5824.985147
10137,10652,8256,5824.985147
10138,10653,8257,5825.016760
10139,10654,8258,5825.064509
10140,10655,8258,5825.064509
10141,10656,8259,5825.096507
10142,10657,8260,5825.129455
10143,10658,8261,5825.161780
10144,10659,8262,5825.193004
10145,10660,8262,5825.193004
10146,10661,8263,5825.225412
10147,10662,8264,5825.257292
10148,10663,8265,5825.290011
10149,10664,8266,5825.320460
10150,10665,8266,5825.320460
10151,10666,8267,5825.353835
10152,10667,8268,5825.400874
10153,10668,8268,5825.400874
10154,10669,8269,5825.432724
10155,10670,8270,5825.466201
10156,10671,8271,5825.497438
10157,10672,8272,5825.528519
10158,10673,8272,5825.528519
10159,10674,8273,5825.559441
10160,10675,8274,5825.593738
10161,10676,8275,5825.625490
10162,10677,8276,5825.657838
10163,10678,8276,5825.657838
10164,10679,8277,5825.690725
10165,10680,8277,5825.690725
10166,10681,8278,5825.737180
10167,10682,8280,5825.770495
10168,10683,8280,5825.770495
10169,10684,8281,5825.834670
10170,10685,8281,5825.834670
10171,10686,8282,5825.866036
10172,10687,8283,5825.898010
10173,10688,8284,5825.929459
10174,10689,8285,5825.961331
10175,10690,8286,5825.992822
10176,10691,8286,5825.992822
10177,10692,8287,5826.022945
10178,10693,8288,5826.073019
10179,10694,8288,5826.073019
10180,10695,8290,5826.108975
10181,10696,8291,5826.137280
10182,10697,8292,5826.171083
10183,10698,8292,5826.171083
10184,10699,8292,5826.171083
10185,10700,8293,5826.234655
10186,10701,8294,5826.265884
10187,10702,8295,5826.297011
10188,10703,8296,5826.327884
10189,10704,8296,5826.327884
10190,10705,8297,5826.361063
10191,10706,8298,5826.392593
10192,10707,8298,5826.392593
10193,10708,8299,5826.442190
10194,10709,8301,5826.477520
10195,10710,8302,5826.506078
10196,10711,8302,5826.506078
10197,10712,8303,5826.538261
10198,10713,8304,5826.568353
10199,10714,8304,5826.568353
10200,10715,8305,5826.633406
10201,10716,8305,5826.633406
10202,10717,8306,5826.665804
10203,10718,8307,5826.697983
10204,10719,8308,5826.729321
10205,10720,8308,5826.729321
10206,10721,8309,5826.775966
10207,10722,8311,5826.812102
10208,10723,8312,5826.843144
10209,10724,8312,5826.843144
10210,10725,8313,5826.871926
10211,10726,8314,5826.904752
10212,10727,8315,5826.936328
10213,10728,8316,5826.969229
10214,10729,8316,5826.969229
10215,10730,8316,5826.969229
10216,10731,8317,5827.032737
10217,10732,8318,5827.064297
10218,10733,8318,5827.064297
10219,10734,8319,5827.114155
10220,10735,8321,5827.148528
10221,10736,8322,5827.178423
10222,10737,8322,5827.178423
10223,10738,8323,5827.208250
10224,10739,8324,5827.241721
10225,10740,8325,5827.272990
10226,10741,8326,5827.305009
10227,10742,8326,5827.305009
10228,10743,8327,5827.336995
10229,10744,8328,5827.370087
10230,10745,8328,5827.370087
10231,10746,8328,5827.370087
10232,10747,8329,5827.449812
10233,10748,8331,5827.484361
10234,10749,8332,5827.514729
10235,10750,8332,5827.514729
10236,10751,8333,5827.544695
10237,10752,8334,5827.576595
10238,10753,8335,5827.610136
10239,10754,8336,5827.641655
10240,10755,8336,5827.641655
10241,10756,8337,5827.674685
10242,10757,8338,5827.704582
10243,10758,8339,5827.738120
10244,10759,8339,5827.738120
10245,10760,8340,5827.785738
10246,10761,8341,5827.817987
10247,10762,8342,5827.848964
10248,10763,8342,5827.848964
10249,10764,8343,5827.880144
10250,10765,8344,5827.914374
10251,10766,8345,5827.945370
10252,10767,8346,5827.976317
10253,10768,8346,5827.976317
10254,10769,8347,5828.008001
10255,10770,8348,5828.040315
10256,10771,8349,5828.074033
10257,10772,8349,5828.074033
10258,10773,8350,5828.106250
10259,10774,8351,5828.154613
10260,10775,8351,5828.154613
10261,10776,8352,5828.183932
10262,10777,8353,5828.217253
10263,10778,8354,5828.249885
10264,10779,8355,5828.282335
10265,10780,8355,5828.282335
10266,10781,8356,5828.311588
10267,10782,8357,5828.346027
10268,10783,8358,5828.377388
10269,10784,8359,5828.410861
10270,10785,8359,5828.410861
10271,10786,8360,5828.441100
10272,10787,8361,5828.488181
10273,10788,8361,5828.488181
10274,10789,8362,5828.520664
10275,10790,8363,5828.552411
10276,10791,8364,5828.586330
10277,10792,8365,5828.618221
10278,10793,8365,5828.618221
10279,10794,8366,5828.649443
10280,10795,8367,5828.682745
10281,10796,8368,5828.714751
10282,10797,8369,5828.745186
10283,10798,8369,5828.745186
10284,10799,8370,5828.776733
10285,10800,8371,5828.826046
10286,10801,8371,5828.826046
10287,10802,8372,5828.857838
10288,10803,8373,5828.888515
10289,10804,8374,5828.920891
10290,10805,8375,5828.952652
10291,10806,8375,5828.952652
10292,10807,8376,5828.985177
10293,10808,8377,5829.017941
10294,10809,8378,5829.049722
10295,10810,8379,5829.081780
10296,10811,8379,5829.081780
10297,10812,8380,5829.113589
10298,10813,8380,5829.113589
10299,10814,8381,5829.162427
10300,10815,8382,5829.193607
10301,10816,8383,5829.225721
10302,10817,8384,5829.256754
10303,10818,8384,5829.256754
10304,10819,8385,5829.290271
10305,10820,8386,5829.322514
10306,10821,8387,5829.353754
10307,10822,8388,5829.384358
10308,10823,8388,5829.384358
10309,10824,8389,5829.416423
10310,10825,8390,5829.448703
10311,10826,8390,5829.448703
10312,10827,8391,5829.497044
10313,10828,8392,5829.529906
10314,10829,8393,5829.561099
10315,10830,8394,5829.593155
10316,10831,8394,5829.593155
10317,10832,8395,5829.625439
10318,10833,8396,5829.658482
10319,10834,8397,5829.687650
10320,10835,8398,5829.720995
10321,10836,8398,5829.720995
10322,10837,8399,5829.757965
10323,10838,8400,5829.784867
10324,10839,8401,5829.815899
10325,10840,8401,5829.815899
10326,10841,8402,5829.864376
10327,10842,8403,5829.899101
10328,10843,8404,5829.927985
10329,10844,8404,5829.927985
10330,10845,8405,5829.962105
10331,10846,8406,5829.992864
10332,10847,8407,5830.025300
10333,10848,8408,5830.057013
10334,10849,8408,5830.057013
10335,10850,8409,5830.088567
10336,10851,8410,5830.121189
10337,10852,8411,5830.154466
10338,10853,8411,5830.154466
10339,10854,8412,5830.199703
10340,10855,8413,5830.234760
10341,10856,8413,5830.234760
10342,10857,8414,5830.264651
10343,10858,8415,5830.297703
10344,10859,8416,5830.329841
10345,10860,8417,5830.362119
10346,10861,8417,5830.362119
10347,10862,8418,5830.395289
10348,10863,8419,5830.425821
10349,10864,8420,5830.458530
10350,10865,8421,5830.489897
10351,10866,8421,5830.489897
10352,10867,8422,5830.538472
10353,10868,8423,5830.570359
10354,10869,8424,5830.572736
10355,10870,8424,5830.572736
10356,10871,8425,5830.635160
10357,10872,8426,5830.668270
10358,10873,8427,5830.697539
10359,10874,8427,5830.697539
10360,10875,8428,5830.731097
10361,10876,8429,5830.760826
10362,10877,8430,5830.794598
10363,10878,8431,5830.827619
10364,10879,8431,5830.827619
10365,10880,8432,5830.875575
10366,10881,8433,5830.904896
10367,10882,8434,5830.907915
10368,10883,8435,5830.936658
10369,10884,8436,5830.967854
10370,10885,8436,5830.967854
10371,10886,8437,5831.033686
10372,10887,8437,5831.033686
10373,10888,8438,5831.064622
10374,10889,8439,5831.098973
10375,10890,8440,5831.129331
10376,10891,8441,5831.162440
10377,10892,8441,5831.162440
10378,10893,8442,5831.211294
10379,10894,8442,5831.211294
10380,10895,8444,5831.244593
10381,10896,8445,5831.274425
10382,10897,8446,5831.304071
10383,10898,8447,5831.339064
10384,10899,8447,5831.339064
10385,10900,8448,5831.370385
10386,10901,8448,5831.370385
10387,10902,8449,5831.433783
10388,10903,8450,5831.465428
10389,10904,8451,5831.495675
10390,10905,8451,5831.495675
10391,10906,8452,5831.530930
10392,10907,8452,5831.530930
10393,10908,8454,5831.582326
10394,10909,8455,5831.609496
10395,10910,8456,5831.641530
10396,10911,8457,5831.673007
10397,10912,8458,5831.703318
10398,10913,8458,5831.703318
10399,10914,8459,5831.738862
10400,10915,8460,5831.769593
10401,10916,8460,5831.769593
10402,10917,8460,5831.769593
10403,10918,8461,5831.833461
10404,10919,8462,5831.865601
10405,10920,8462,5831.865601
10406,10921,8463,5831.913552
10407,10922,8465,5831.949462
10408,10923,8466,5831.978635
10409,10924,8467,5832.010541
10410,10925,8467,5832.010541
10411,10926,8468,5832.041933
10412,10927,8469,5832.073310
10413,10928,8470,5832.106468
10414,10929,8471,5832.137507
10415,10930,8471,5832.137507
10416,10931,8472,5832.169419
10417,10932,8472,5832.169419
10418,10933,8472,5832.169419
10419,10934,8473,5832.249659
10420,10935,8475,5832.286015
10421,10936,8476,5832.314376
10422,10937,8477,5832.345801
10423,10938,8477,5832.345801
10424,10939,8478,5832.377835
10425,10940,8479,5832.408667
10426,10941,8480,5832.443605
10427,10942,8481,5832.473219
10428,10943,8481,5832.473219
10429,10944,8482,5832.507239
10430,10945,8483,5832.536990
10431,10946,8483,5832.536990
10432,10947,8484,5832.585735
10433,10948,8485,5832.619473
10434,10949,8486,5832.649868
10435,10950,8487,5832.680509
10436,10951,8487,5832.680509
10437,10952,8488,5832.714489
10438,10953,8489,5832.746961
10439,10954,8490,5832.776998
10440,10955,8491,5832.810804
10441,10956,8491,5832.810804
10442,10957,8492,5832.841954
10443,10958,8493,5832.873733
10444,10959,8493,5832.873733
10445,10960,8494,5832.920226
10446,10961,8495,5832.954684
10447,10962,8496,5832.983768
10448,10963,8497,5833.019436
10449,10964,8497,5833.019436
10450,10965,8498,5833.048417
10451,10966,8499,5833.080713
10452,10967,8500,5833.114140
10453,10968,8501,5833.146244
10454,10969,8502,5833.177042
10455,10970,8502,5833.177042
10456,10971,8503,5833.210517
10457,10972,8504,5833.241388
10458,10973,8504,5833.241388
10459,10974,8505,5833.290969
10460,10975,8506,5833.322836
10461,10976,8507,5833.353790
10462,10977,8507,5833.353790
10463,10978,8508,5833.385106
10464,10979,8509,5833.416863
10465,10980,8510,5833.448637
10466,10981,8511,5833.480980
10467,10982,8512,5833.513286
10468,10983,8512,5833.513286
10469,10984,8513,5833.545443
10470,10985,8514,5833.577917
10471,10986,8514,5833.577917
10472,10987,8515,5833.624071
10473,10988,8516,5833.656480
10474,10989,8517,5833.689851
10475,10990,8517,5833.689851
10476,10991,8518,5833.721613
10477,10992,8519,5833.752752
10478,10993,8520,5833.786176
10479,10994,8521,5833.817853
10480,10995,8522,5833.849600
10481,10996,8522,5833.849600
10482,10997,8523,5833.881283
10483,10998,8524,5833.912431
10484,10999,8524,5833.912431
10485,11000,8525,5833.961041
10486,11001,8526,5833.994470
10487,11002,8527,5834.025427
10488,11003,8527,5834.025427
10489,11004,8528,5834.056104
10490,11005,8529,5834.088516
10491,11006,8530,5834.120797
10492,11007,8531,5834.152995
10493,11008,8531,5834.152995
10494,11009,8532,5834.185166
10495,11010,8533,5834.219735
10496,11011,8534,5834.250013
10497,11012,8534,5834.250013
10498,11013,8535,5834.299082
10499,11014,8536,5834.329325
10500,11015,8537,5834.360744
10501,11016,8537,5834.360744
10502,11017,8538,5834.393336
10503,11018,8539,5834.426727
10504,11019,8540,5834.458214
10505,11020,8541,5834.489912
10506,11021,8541,5834.489912
10507,11022,8542,5834.521816
10508,11023,8543,5834.555168
10509,11024,8544,5834.586760
10510,11025,8544,5834.586760
10511,11026,8545,5834.634869
10512,11027,8546,5834.664371
10513,11028,8547,5834.696777
10514,11029,8547,5834.696777
10515,11030,8548,5834.730227
10516,11031,8549,5834.762172
10517,11032,8550,5834.793468
10518,11033,8551,5834.824960
10519,11034,8551,5834.824960
10520,11035,8552,5834.858055
10521,11036,8553,5834.889711
10522,11037,8554,5834.922660
10523,11038,8554,5834.922660
10524,11039,8555,5834.970370
10525,11040,8556,5835.001191
10526,11041,8556,5835.001191
10527,11042,8557,5835.032317
10528,11043,8558,5835.065793
10529,11044,8559,5835.096950
10530,11045,8560,5835.129398
10531,11046,8560,5835.129398
10532,11047,8561,5835.161326
10533,11048,8562,5835.193298
10534,11049,8563,5835.223931
10535,11050,8564,5835.257193
10536,11051,8564,5835.257193
10537,11052,8565,5835.288460
10538,11053,8565,5835.288460
10539,11054,8566,5835.338074
10540,11055,8568,5835.372014
10541,11056,8568,5835.372014
10542,11057,8569,5835.432507
10543,11058,8570,5835.465112
10544,11059,8570,5835.465112
10545,11060,8571,5835.497546
10546,11061,8572,5835.529603
10547,11062,8573,5835.561759
10548,11063,8574,5835.594715
10549,11064,8574,5835.594715
10550,11065,8575,5835.624490
10551,11066,8576,5835.671859
10552,11067,8576,5835.671859
10553,11068,8578,5835.708586
10554,11069,8579,5835.737139
10555,11070,8580,5835.770094
10556,11071,8580,5835.770094
10557,11072,8580,5835.770094
10558,11073,8581,5835.848464
10559,11074,8581,5835.848464
10560,11075,8583,5835.885246
10561,11076,8584,5835.914947
10562,11077,8585,5835.945458
10563,11078,8586,5835.977571
10564,11079,8586,5835.977571
10565,11080,8587,5836.008478
10566,11081,8588,5836.040256
10567,11082,8589,5836.072353
10568,11083,8590,5836.104939
10569,11084,8590,5836.104939
10570,11085,8591,5836.136850
10571,11086,8592,5836.186249
10572,11087,8592,5836.186249
10573,11088,8593,5836.218013
10574,11089,8594,5836.249668
10575,11090,8595,5836.281556
10576,11091,8596,5836.313049
10577,11092,8596,5836.313049
10578,11093,8597,5836.346454
10579,11094,8598,5836.378218
10580,11095,8599,5836.409622
10581,11096,8600,5836.441229
10582,11097,8600,5836.441229
10583,11098,8601,5836.474664
10584,11099,8602,5836.520347
10585,11100,8602,5836.520347
10586,11101,8603,5836.553693
10587,11102,8604,5836.586463
10588,11103,8605,5836.617246
10589,11104,8606,5836.649023
10590,11105,8606,5836.649023
10591,11106,8607,5836.680395
10592,11107,8608,5836.714361
10593,11108,8609,5836.747336
10594,11109,8610,5836.776186
10595,11110,8610,5836.776186
10596,11111,8611,5836.809474
10597,11112,8612,5836.842194
10598,11113,8612,5836.842194
10599,11114,8613,5836.889124
10600,11115,8614,5836.919758
10601,11116,8615,5836.955131
10602,11117,8615,5836.955131
10603,11118,8616,5836.985697
10604,11119,8617,5837.019151
10605,11120,8618,5837.050745
10606,11121,8619,5837.081037
10607,11122,8619,5837.081037
10608,11123,8620,5837.114493
10609,11124,8621,5837.145881
10610,11125,8622,5837.177252
10611,11126,8622,5837.177252
10612,11127,8623,5837.225743
10613,11128,8624,5837.258429
10614,11129,8625,5837.289685
10615,11130,8625,5837.289685
10616,11131,8626,5837.320816
10617,11132,8627,5837.353410
10618,11133,8628,5837.385115
10619,11134,8629,5837.419069
10620,11135,8629,5837.419069
10621,11136,8630,5837.449026
10622,11137,8631,5837.480898
10623,11138,8632,5837.513969
10624,11139,8632,5837.513969
10625,11140,8633,5837.560747
10626,11141,8634,5837.594314
10627,11142,8635,5837.624022
10628,11143,8635,5837.624022
10629,11144,8636,5837.656961
10630,11145,8637,5837.687971
10631,11146,8638,5837.721627
10632,11147,8639,5837.753055
10633,11148,8639,5837.753055
10634,11149,8640,5837.784340
10635,11150,8641,5837.817673
10636,11151,8642,5837.848888
10637,11152,8642,5837.848888
10638,11153,8643,5837.896659
10639,11154,8644,5837.930425
10640,11155,8645,5837.961963
10641,11156,8645,5837.961963
10642,11157,8646,5837.991810
10643,11158,8647,5838.026058
10644,11159,8648,5838.057925
10645,11160,8649,5838.090014
10646,11161,8649,5838.090014
10647,11162,8650,5838.120849
10648,11163,8651,5838.153458
10649,11164,8652,5838.186044
10650,11165,8652,5838.186044
10651,11166,8653,5838.233842
10652,11167,8654,5838.265221
10653,11168,8655,5838.297593
10654,11169,8655,5838.297593
10655,11170,8656,5838.329007
10656,11171,8657,5838.362508
10657,11172,8658,5838.393195
10658,11173,8659,5838.426155
10659,11174,8659,5838.426155
10660,11175,8660,5838.458689
10661,11176,8661,5838.489632
10662,11177,8662,5838.521298
10663,11178,8662,5838.521298
10664,11179,8663,5838.569720
10665,11180,8664,5838.601690
10666,11181,8665,5838.632400
10667,11182,8665,5838.632400
10668,11183,8666,5838.664843
10669,11184,8667,5838.696134
10670,11185,8668,5838.729904
10671,11186,8668,5838.729904
10672,11187,8669,5838.762134
10673,11188,8670,5838.794936
10674,11189,8671,5838.825969
10675,11190,8672,5838.857317
10676,11191,8672,5838.857317
10677,11192,8673,5838.890375
10678,11193,8674,5838.938979
10679,11194,8674,5838.938979
10680,11195,8676,5838.972449
10681,11196,8676,5838.972449
10682,11197,8677,5839.033327
10683,11198,8678,5839.064025
10684,11199,8678,5839.064025
10685,11200,8679,5839.096375
10686,11201,8680,5839.127962
10687,11202,8681,5839.162854
10688,11203,8682,5839.193539
10689,11204,8682,5839.193539
10690,11205,8683,5839.225331
10691,11206,8684,5839.273477
10692,11207,8684,5839.273477
10693,11208,8686,5839.310127
10694,11209,8687,5839.337070
10695,11210,8688,5839.370879
10696,11211,8688,5839.370879
10697,11212,8688,5839.370879
10698,11213,8689,5839.433673
10699,11214,8690,5839.465716
10700,11215,8691,5839.496908
10701,11216,8692,5839.528369
10702,11217,8692,5839.528369
10703,11218,8693,5839.565524
10704,11219,8693,5839.565524
10705,11220,8694,5839.610179
10706,11221,8696,5839.643629
10707,11222,8697,5839.675339
10708,11223,8698,5839.706136
10709,11224,8699,5839.737348
10710,11225,8699,5839.737348
10711,11226,8700,5839.768494
10712,11227,8700,5839.768494
10713,11228,8701,5839.833186
10714,11229,8702,5839.865550
10715,11230,8702,5839.865550
10716,11231,8703,5839.897957
10717,11232,8703,5839.897957
10718,11233,8704,5839.945688
10719,11234,8706,5839.979170
10720,11235,8707,5840.011232
10721,11236,8708,5840.042096
10722,11237,8709,5840.072869
10723,11238,8709,5840.072869
10724,11239,8710,5840.104041
10725,11240,8711,5840.137996
10726,11241,8712,5840.170222
10727,11242,8712,5840.170222
10728,11243,8712,5840.170222
10729,11244,8713,5840.233167
10730,11245,8713,5840.233167
10731,11246,8714,5840.282829
10732,11247,8716,5840.318805
10733,11248,8717,5840.344589
10734,11249,8718,5840.379256
10735,11250,8718,5840.379256
10736,11251,8719,5840.408544
10737,11252,8720,5840.442973
10738,11253,8721,5840.473331
10739,11254,8722,5840.505457
10740,11255,8722,5840.505457
10741,11256,8723,5840.536777
10742,11257,8724,5840.569691
10743,11258,8724,5840.569691
10744,11259,8724,5840.569691
10745,11260,8725,5840.649297
10746,11261,8727,5840.684377
10747,11262,8728,5840.713341
10748,11263,8728,5840.713341
10749,11264,8729,5840.746447
10750,11265,8730,5840.779025
10751,11266,8731,5840.809913
10752,11267,8732,5840.841318
10753,11268,8732,5840.841318
10754,11269,8733,5840.875191
10755,11270,8734,5840.906469
10756,11271,8735,5840.938404
10757,11272,8735,5840.938404
10758,11273,8736,5840.986954
10759,11274,8737,5841.017554
10760,11275,8738,5841.049527
10761,11276,8738,5841.049527
10762,11277,8739,5841.080737
10763,11278,8740,5841.115566
10764,11279,8741,5841.145520
10765,11280,8742,5841.176910
10766,11281,8742,5841.176910
10767,11282,8743,5841.209771
10768,11283,8744,5841.241918
10769,11284,8745,5841.273092
10770,11285,8745,5841.273092
10771,11286,8746,5841.320393
10772,11287,8747,5841.354456
10773,11288,8747,5841.354456
10774,11289,8748,5841.384587
10775,11290,8749,5841.416972
10776,11291,8750,5841.449757
10777,11292,8751,5841.482651
10778,11293,8751,5841.482651
10779,11294,8752,5841.515170
10780,11295,8753,5841.547341
10781,11296,8754,5841.577014
10782,11297,8755,5841.610963
10783,11298,8755,5841.610963
10784,11299,8756,5841.657332
10785,11300,8757,5841.690129
10786,11301,8757,5841.690129
10787,11302,8758,5841.720209
10788,11303,8759,5841.754366
10789,11304,8760,5841.786522
10790,11305,8761,5841.818722
10791,11306,8761,5841.818722
10792,11307,8762,5841.850125
10793,11308,8763,5841.881349
10794,11309,8764,5841.914359
10795,11310,8765,5841.944275
10796,11311,8765,5841.944275
10797,11312,8766,5841.993551
10798,11313,8767,5842.023125
10799,11314,8767,5842.023125
10800,11315,8768,5842.057433
10801,11316,8769,5842.088550
10802,11317,8770,5842.122362
10803,11318,8770,5842.122362
10804,11319,8771,5842.153768
10805,11320,8772,5842.185386
10806,11321,8773,5842.217110
10807,11322,8774,5842.249510
10808,11323,8775,5842.280882
10809,11324,8775,5842.280882
10810,11325,8776,5842.313177
10811,11326,8776,5842.313177
10812,11327,8777,5842.361138
10813,11328,8778,5842.393310
10814,11329,8779,5842.424696
10815,11330,8780,5842.459737
10816,11331,8781,5842.489400
10817,11332,8781,5842.489400
10818,11333,8782,5842.520256
10819,11334,8783,5842.552841
10820,11335,8784,5842.585680
10821,11336,8785,5842.617164
10822,11337,8785,5842.617164
10823,11338,8786,5842.650604
10824,11339,8787,5842.695836
10825,11340,8787,5842.695836
10826,11341,8788,5842.728557
10827,11342,8789,5842.761042
10828,11343,8790,5842.793516
10829,11344,8790,5842.793516
10830,11345,8791,5842.826775
10831,11346,8792,5842.856968
10832,11347,8793,5842.890284
10833,11348,8794,5842.920409
10834,11349,8795,5842.954559
10835,11350,8795,5842.954559
10836,11351,8796,5842.985924
10837,11352,8796,5842.985924
10838,11353,8797,5843.033887
10839,11354,8798,5843.066094
10840,11355,8799,5843.098050
10841,11356,8800,5843.131606
10842,11357,8800,5843.131606
10843,11358,8801,5843.161627
10844,11359,8802,5843.193316
10845,11360,8803,5843.224752
10846,11361,8804,5843.259458
10847,11362,8804,5843.259458
10848,11363,8805,5843.290784
10849,11364,8806,5843.321873
10850,11365,8806,5843.321873
10851,11366,8807,5843.369300
10852,11367,8808,5843.402475
10853,11368,8809,5843.434137
10854,11369,8810,5843.465375
10855,11370,8810,5843.465375
10856,11371,8811,5843.498216
10857,11372,8812,5843.530901
10858,11373,8813,5843.562505
10859,11374,8814,5843.595405
10860,11375,8814,5843.595405
10861,11376,8815,5843.624468
10862,11377,8816,5843.658627
10863,11378,8816,5843.658627
10864,11379,8817,5843.704427
10865,11380,8819,5843.741530
10866,11381,8820,5843.768065
10867,11382,8820,5843.768065
10868,11383,8820,5843.768065
10869,11384,8821,5843.833214
10870,11385,8822,5843.866576
10871,11386,8823,5843.897396
10872,11387,8824,5843.929353
10873,11388,8824,5843.929353
10874,11389,8825,5843.960600
10875,11390,8826,5843.995256
10876,11391,8827,5844.025669
10877,11392,8827,5844.025669
10878,11393,8829,5844.075365
10879,11394,8830,5844.104826
10880,11395,8830,5844.104826
10881,11396,8831,5844.138696
10882,11397,8832,5844.170389
10883,11398,8832,5844.170389
10884,11399,8833,5844.234354
10885,11400,8834,5844.265592
10886,11401,8834,5844.265592
10887,11402,8835,5844.297573
10888,11403,8836,5844.328774
10889,11404,8837,5844.361153
10890,11405,8837,5844.361153
10891,11406,8838,5844.410373
10892,11407,8840,5844.446735
10893,11408,8841,5844.473240
10894,11409,8841,5844.473240
10895,11410,8842,5844.506461
10896,11411,8843,5844.535989
10897,11412,8844,5844.569440
10898,11413,8844,5844.569440
10899,11414,8844,5844.569440
10900,11415,8845,5844.634525
10901,11416,8846,5844.665292
10902,11417,8847,5844.697602
10903,11418,8847,5844.697602
10904,11419,8848,5844.746608
10905,11420,8850,5844.781705
10906,11421,8851,5844.809513
10907,11422,8851,5844.809513
10908,11423,8852,5844.842202
10909,11424,8853,5844.872774
10910,11425,8854,5844.907245
10911,11426,8855,5844.936959
10912,11427,8855,5844.936959
10913,11428,8856,5844.970182
10914,11429,8856,5844.970182
10915,11430,8857,5845.033169
10916,11431,8857,5845.033169
10917,11432,8858,5845.081058
10918,11433,8860,5845.115248
10919,11434,8860,5845.115248
10920,11435,8861,5845.145965
10921,11436,8862,5845.178550
10922,11437,8863,5845.209581
10923,11438,8864,5845.242609
10924,11439,8865,5845.272861
10925,11440,8865,5845.272861
10926,11441,8866,5845.305085
10927,11442,8867,5845.338055
10928,11443,8868,5845.369879
10929,11444,8868,5845.369879
10930,11445,8868,5845.369879
10931,11446,8870,5845.451748
10932,11447,8870,5845.451748
10933,11448,8871,5845.481018
10934,11449,8872,5845.512676
10935,11450,8873,5845.545727
10936,11451,8874,5845.577392
10937,11452,8874,5845.577392
10938,11453,8875,5845.609986
10939,11454,8876,5845.642051
10940,11455,8877,5845.674208
10941,11456,8878,5845.704471
10942,11457,8879,5845.736946
10943,11458,8879,5845.736946
10944,11459,8880,5845.786904
10945,11460,8880,5845.786904
10946,11461,8881,5845.818109
10947,11462,8882,5845.849980
10948,11463,8883,5845.881610
10949,11464,8884,5845.912408
10950,11465,8884,5845.912408
10951,11466,8885,5845.945565
10952,11467,8886,5845.978809
10953,11468,8887,5846.011759
10954,11469,8888,5846.041177
10955,11470,8888,5846.041177
10956,11471,8889,5846.072278
10957,11472,8890,5846.123308
10958,11473,8890,5846.123308
10959,11474,8891,5846.153445
10960,11475,8892,5846.185051
10961,11476,8893,5846.217047
10962,11477,8894,5846.248376
10963,11478,8894,5846.248376
10964,11479,8895,5846.280537
10965,11480,8896,5846.313227
10966,11481,8897,5846.344163
10967,11482,8898,5846.378320
10968,11483,8898,5846.378320
10969,11484,8899,5846.410722
10970,11485,8900,5846.457012
10971,11486,8900,5846.457012
10972,11487,8901,5846.488017
10973,11488,8902,5846.522921
10974,11489,8903,5846.553918
10975,11490,8904,5846.585156
10976,11491,8904,5846.585156
10977,11492,8905,5846.616261
10978,11493,8906,5846.648431
10979,11494,8907,5846.679969
10980,11495,8908,5846.713395
10981,11496,8908,5846.713395
10982,11497,8909,5846.744900
10983,11498,8910,5846.793050
10984,11499,8910,5846.793050
10985,11500,8911,5846.824715
10986,11501,8912,5846.858024
10987,11502,8913,5846.889663
10988,11503,8914,5846.921560
10989,11504,8914,5846.921560
10990,11505,8915,5846.952621
10991,11506,8916,5846.985322
10992,11507,8917,5847.017026
10993,11508,8918,5847.050756
10994,11509,8918,5847.050756
10995,11510,8919,5847.079776
10996,11511,8919,5847.079776
10997,11512,8920,5847.129797
10998,11513,8921,5847.160970
10999,11514,8922,5847.194875
11000,11515,8923,5847.225512
11001,11516,8923,5847.225512
11002,11517,8924,5847.258250
11003,11518,8925,5847.289139
11004,11519,8926,5847.322514
11005,11520,8927,5847.354079
11006,11521,8928,5847.384388
11007,11522,8928,5847.384388
11008,11523,8929,5847.418005
11009,11524,8929,5847.418005
11010,11525,8930,5847.464673
11011,11526,8931,5847.496944
11012,11527,8932,5847.529165
11013,11528,8933,5847.561017
11014,11529,8934,5847.592727
11015,11530,8934,5847.592727
11016,11531,8935,5847.624971
11017,11532,8936,5847.656350
11018,11533,8937,5847.690101
11019,11534,8938,5847.720659
11020,11535,8938,5847.720659
11021,11536,8939,5847.754495
11022,11537,8940,5847.785789
11023,11538,8940,5847.785789
11024,11539,8941,5847.833300
11025,11540,8942,5847.864043
11026,11541,8943,5847.898095
11027,11542,8944,5847.929423
11028,11543,8944,5847.929423
11029,11544,8945,5847.961273
11030,11545,8946,5847.994035
11031,11546,8947,5848.026393
11032,11547,8948,5848.057110
11033,11548,8948,5848.057110
11034,11549,8949,5848.088807
11035,11550,8950,5848.120005
11036,11551,8950,5848.120005
11037,11552,8951,5848.169658
11038,11553,8952,5848.201514
11039,11554,8953,5848.233322
11040,11555,8954,5848.264027
11041,11556,8954,5848.264027
11042,11557,8955,5848.298111
11043,11558,8956,5848.328844
11044,11559,8957,5848.361217
11045,11560,8958,5848.392920
11046,11561,8958,5848.392920
11047,11562,8959,5848.423811
11048,11563,8960,5848.456380
11049,11564,8960,5848.456380
11050,11565,8961,5848.506704
11051,11566,8963,5848.540924
11052,11567,8964,5848.572155
11053,11568,8964,5848.572155
11054,11569,8964,5848.572155
11055,11570,8965,5848.633822
11056,11571,8966,5848.666394
11057,11572,8967,5848.698221
11058,11573,8967,5848.698221
11059,11574,8968,5848.730361
11060,11575,8969,5848.760151
11061,11576,8970,5848.792923
11062,11577,8970,5848.792923
11063,11578,8971,5848.841386
11064,11579,8973,5848.877189
11065,11580,8974,5848.906437
11066,11581,8974,5848.906437
11067,11582,8975,5848.937619
11068,11583,8976,5848.968756
11069,11584,8976,5848.968756
11070,11585,8977,5849.034231
11071,11586,8977,5849.034231
11072,11587,8978,5849.064537
11073,11588,8979,5849.097742
11074,11589,8980,5849.128048
11075,11590,8980,5849.128048
11076,11591,8981,5849.178464
11077,11592,8983,5849.211526
11078,11593,8984,5849.241203
11079,11594,8984,5849.241203
11080,11595,8985,5849.272825
11081,11596,8986,5849.305730
11082,11597,8987,5849.339112
11083,11598,8988,5849.369197
11084,11599,8988,5849.369197
11085,11600,8988,5849.369197
11086,11601,8989,5849.434027
11087,11602,8990,5849.465764
11088,11603,8991,5849.497028
11089,11604,8991,5849.497028
11090,11605,8992,5849.545888
11091,11606,8993,5849.575709
11092,11607,8994,5849.578299
11093,11608,8995,5849.608634
11094,11609,8996,5849.640142
11095,11610,8997,5849.675357
11096,11611,8998,5849.704616
11097,11612,8998,5849.704616
11098,11613,8999,5849.737775
11099,11614,9000,5849.770523
11100,11615,9000,5849.770523
11101,11616,9001,5849.833275
11102,11617,9001,5849.833275
11103,11618,9002,5849.881472
11104,11619,9002,5849.881472
11105,11620,9004,5849.917331
11106,11621,9005,5849.945327
11107,11622,9006,5849.977048
11108,11623,9007,5850.009006
11109,11624,9008,5850.040997
11110,11625,9008,5850.040997
11111,11626,9009,5850.071912
11112,11627,9010,5850.107479
11113,11628,9011,5850.138056
11114,11629,9012,5850.168399
11115,11630,9012,5850.168399
11116,11631,9012,5850.168399
11117,11632,9013,5850.247890
11118,11633,9014,5850.250422
11119,11634,9015,5850.280588
11120,11635,9016,5850.313120
11121,11636,9017,5850.345107
11122,11637,9018,5850.377736
11123,11638,9018,5850.377736
11124,11639,9019,5850.408932
11125,11640,9020,5850.440091
11126,11641,9021,5850.472442
11127,11642,9022,5850.504909
11128,11643,9022,5850.504909
11129,11644,9023,5850.555698
11130,11645,9023,5850.555698
11131,11646,9024,5850.587088
11132,11647,9025,5850.620592
11133,11648,9026,5850.652393
11134,11649,9027,5850.682912
11135,11650,9027,5850.682912
11136,11651,9028,5850.714692
11137,11652,9029,5850.744631
11138,11653,9030,5850.776283
11139,11654,9031,5850.811389
11140,11655,9032,5850.842092
11141,11656,9032,5850.842092
11142,11657,9033,5850.889013
11143,11658,9033,5850.889013
11144,11659,9034,5850.925161
11145,11660,9035,5850.953531
11146,11661,9036,5850.985283
11147,11662,9037,5851.017966
11148,11663,9038,5851.050478
11149,11664,9038,5851.050478
11150,11665,9039,5851.082173
11151,11666,9040,5851.112858
11152,11667,9041,5851.143837
11153,11668,9042,5851.177647
11154,11669,9043,5851.208935
11155,11670,9043,5851.208935
11156,11671,9044,5851.256648
11157,11672,9044,5851.256648
11158,11673,9045,5851.287980
11159,11674,9046,5851.323472
11160,11675,9047,5851.354439
11161,11676,9048,5851.386208
11162,11677,9048,5851.386208
11163,11678,9049,5851.419751
11164,11679,9050,5851.447954
11165,11680,9051,5851.481146
11166,11681,9052,5851.513184
11167,11682,9052,5851.513184
11168,11683,9053,5851.545621
11169,11684,9054,5851.594264
11170,11685,9054,5851.594264
11171,11686,9055,5851.626448
11172,11687,9056,5851.656935
11173,11688,9057,5851.688943
11174,11689,9058,5851.720644
11175,11690,9058,5851.720644
11176,11691,9059,5851.753223
11177,11692,9060,5851.785282
11178,11693,9061,5851.815528
11179,11694,9062,5851.848930
11180,11695,9062,5851.848930
11181,11696,9063,5851.880193
11182,11697,9063,5851.880193
11183,11698,9064,5851.928184
11184,11699,9065,5851.963193
11185,11700,9066,5851.992872
11186,11701,9067,5852.025491
11187,11702,9068,5852.056134
11188,11703,9068,5852.056134
11189,11704,9069,5852.090223
11190,11705,9070,5852.122031
11191,11706,9071,5852.154479
11192,11707,9072,5852.184796
11193,11708,9072,5852.184796
11194,11709,9073,5852.218004
11195,11710,9073,5852.218004
11196,11711,9074,5852.265280
11197,11712,9075,5852.297621
11198,11713,9076,5852.329496
11199,11714,9077,5852.362660
11200,11715,9077,5852.362660
11201,11716,9078,5852.394335
11202,11717,9079,5852.424863
11203,11718,9080,5852.458261
11204,11719,9081,5852.488470
11205,11720,9081,5852.488470
11206,11721,9082,5852.522424
11207,11722,9083,5852.553437
11208,11723,9083,5852.553437
11209,11724,9084,5852.601730
11210,11725,9085,5852.632448
11211,11726,9086,5852.666370
11212,11727,9087,5852.696727
11213,11728,9087,5852.696727
11214,11729,9088,5852.728255
11215,11730,9089,5852.761131
11216,11731,9090,5852.795149
11217,11732,9091,5852.825571
11218,11733,9091,5852.825571
11219,11734,9092,5852.856179
11220,11735,9093,5852.889718
11221,11736,9094,5852.920585
11222,11737,9094,5852.920585
11223,11738,9096,5852.971395
11224,11739,9096,5852.971395
11225,11740,9097,5853.033225
11226,11741,9097,5853.033225
11227,11742,9098,5853.065724
11228,11743,9099,5853.098509
11229,11744,9100,5853.128012
11230,11745,9101,5853.163387
11231,11746,9101,5853.163387
11232,11747,9102,5853.193024
11233,11748,9103,5853.224395
11234,11749,9104,5853.257326
11235,11750,9104,5853.257326
11236,11751,9105,5853.306410
11237,11752,9107,5853.340695
11238,11753,9108,5853.369505
11239,11754,9108,5853.369505
11240,11755,9108,5853.369505
11241,11756,9109,5853.432913
11242,11757,9110,5853.465106
11243,11758,9111,5853.497451
11244,11759,9111,5853.497451
11245,11760,9112,5853.530216
11246,11761,9113,5853.562766
11247,11762,9114,5853.591340
11248,11763,9114,5853.591340
11249,11764,9115,5853.641403
11250,11765,9117,5853.676227
11251,11766,9117,5853.676227
11252,11767,9118,5853.705976
11253,11768,9119,5853.737492
11254,11769,9120,5853.769175
11255,11770,9120,5853.769175
11256,11771,9121,5853.832566
11257,11772,9121,5853.832566
11258,11773,9122,5853.866709
11259,11774,9123,5853.896690
11260,11775,9124,5853.929017
11261,11776,9124,5853.929017
11262,11777,9125,5853.978516
11263,11778,9127,5854.012579
11264,11779,9127,5854.012579
11265,11780,9128,5854.042165
11266,11781,9129,5854.073479
11267,11782,9130,5854.106233
11268,11783,9131,5854.136760
11269,11784,9131,5854.136760
11270,11785,9132,5854.167924
11271,11786,9132,5854.167924
11272,11787,9133,5854.233514
11273,11788,9134,5854.266904
11274,11789,9134,5854.266904
11275,11790,9135,5854.314377
11276,11791,9136,5854.346019
11277,11792,9137,5854.348440
11278,11793,9138,5854.378317
11279,11794,9139,5854.408767
11280,11795,9140,5854.441607
11281,11796,9141,5854.473622
11282,11797,9141,5854.473622
11283,11798,9142,5854.506261
11284,11799,9143,5854.536222
11285,11800,9144,5854.567787
11286,11801,9144,5854.567787
11287,11802,9144,5854.567787
11288,11803,9145,5854.634370
11289,11804,9145,5854.634370
11290,11805,9147,5854.683731
11291,11806,9148,5854.712978
11292,11807,9149,5854.745251
11293,11808,9150,5854.777136
11294,11809,9150,5854.777136
11295,11810,9151,5854.808834
11296,11811,9152,5854.840962
11297,11812,9153,5854.873793
11298,11813,9154,5854.907836
11299,11814,9154,5854.907836
11300,11815,9155,5854.936847
11301,11816,9156,5854.968873
11302,11817,9156,5854.968873
11303,11818,9156,5854.968873
11304,11819,9158,5855.052049
11305,11820,9159,5855.080038
11306,11821,9160,5855.113436
11307,11822,9160,5855.113436
11308,11823,9161,5855.145102
11309,11824,9162,5855.177180
11310,11825,9163,5855.211074
11311,11826,9164,5855.243188
11312,11827,9164,5855.243188
11313,11828,9165,5855.272131
11314,11829,9166,5855.303935
11315,11830,9166,5855.303935
11316,11831,9167,5855.352187
11317,11832,9168,5855.386215
11318,11833,9169,5855.416687
11319,11834,9170,5855.450011
11320,11835,9170,5855.450011
11321,11836,9171,5855.481513
11322,11837,9172,5855.513796
11323,11838,9173,5855.546349
11324,11839,9174,5855.577315
11325,11840,9174,5855.577315
11326,11841,9175,5855.609762
11327,11842,9176,5855.642311
11328,11843,9176,5855.642311
11329,11844,9177,5855.689946
11330,11845,9178,5855.722735
11331,11846,9179,5855.754069
11332,11847,9180,5855.785065
11333,11848,9180,5855.785065
11334,11849,9181,5855.815555
11335,11850,9182,5855.847462
11336,11851,9183,5855.881998
11337,11852,9184,5855.914139
11338,11853,9184,5855.914139
11339,11854,9185,5855.945167
11340,11855,9186,5855.975957
11341,11856,9186,5855.975957
11342,11857,9187,5856.024334
11343,11858,9188,5856.056551
11344,11859,9189,5856.089919
11345,11860,9190,5856.122027
11346,11861,9190,5856.122027
11347,11862,9191,5856.153790
11348,11863,9192,5856.184424
11349,11864,9193,5856.216531
11350,11865,9194,5856.250561
11351,11866,9194,5856.250561
11352,11867,9195,5856.281432
11353,11868,9196,5856.313844
11354,11869,9196,5856.313844
11355,11870,9197,5856.361291
11356,11871,9198,5856.393001
11357,11872,9199,5856.425178
11358,11873,9199,5856.425178
11359,11874,9200,5856.456725
11360,11875,9201,5856.489174
11361,11876,9202,5856.520362
11362,11877,9203,5856.554831
11363,11878,9203,5856.554831
11364,11879,9204,5856.588920
11365,11880,9205,5856.617702
11366,11881,9206,5856.649703
11367,11882,9207,5856.682912
11368,11883,9207,5856.682912
11369,11884,9208,5856.728374
11370,11885,9209,5856.762113
11371,11886,9209,5856.762113
11372,11887,9210,5856.793496
11373,11888,9211,5856.825528
11374,11889,9212,5856.859181
11375,11890,9213,5856.889142
11376,11891,9213,5856.889142
11377,11892,9214,5856.922663
11378,11893,9215,5856.952694
11379,11894,9216,5856.983534
11380,11895,9217,5857.017880
11381,11896,9217,5857.017880
11382,11897,9218,5857.066287
11383,11898,9219,5857.097856
11384,11899,9219,5857.097856
11385,11900,9220,5857.129323
11386,11901,9221,5857.161461
11387,11902,9222,5857.192840
11388,11903,9223,5857.224453
11389,11904,9223,5857.224453
11390,11905,9224,5857.258157
11391,11906,9225,5857.289389
11392,11907,9226,5857.321566
11393,11908,9227,5857.353958
11394,11909,9227,5857.353958
11395,11910,9228,5857.403358
11396,11911,9229,5857.435457
11397,11912,9229,5857.435457
11398,11913,9230,5857.465343
11399,11914,9231,5857.497862
11400,11915,9232,5857.529573
11401,11916,9233,5857.562350
11402,11917,9234,5857.592798
11403,11918,9234,5857.592798
11404,11919,9235,5857.625751
11405,11920,9236,5857.657908
11406,11921,9237,5857.688817
11407,11922,9237,5857.688817
11408,11923,9238,5857.736122
11409,11924,9240,5857.771161
11410,11925,9240,5857.771161
11411,11926,9240,5857.771161
11412,11927,9241,5857.833427
11413,11928,9242,5857.864939
11414,11929,9243,5857.896576
11415,11930,9243,5857.896576
11416,11931,9244,5857.929411
11417,11932,9245,5857.960398
11418,11933,9246,5857.994850
11419,11934,9247,5858.026691
11420,11935,9247,5858.026691
11421,11936,9248,5858.073896
11422,11937,9249,5858.106625
11423,11938,9250,5858.109144
11424,11939,9251,5858.138358
11425,11940,9252,5858.168954
11426,11941,9252,5858.168954
11427,11942,9253,5858.233569
11428,11943,9253,5858.233569
11429,11944,9254,5858.264727
11430,11945,9255,5858.297965
11431,11946,9256,5858.331341
11432,11947,9257,5858.361227
11433,11948,9257,5858.361227
11434,11949,9258,5858.393919
11435,11950,9258,5858.393919
11436,11951,9259,5858.443050
11437,11952,9261,5858.475758
11438,11953,9262,5858.505567
11439,11954,9263,5858.537525
11440,11955,9264,5858.569763
11441,11956,9264,5858.569763
11442,11957,9264,5858.569763
11443,11958,9265,5858.632641
11444,11959,9266,5858.665922
11445,11960,9266,5858.665922
11446,11961,9267,5858.699480
11447,11962,9268,5858.728785
11448,11963,9268,5858.728785
11449,11964,9269,5858.776752
11450,11965,9271,5858.811083
11451,11966,9272,5858.841681
11452,11967,9273,5858.873223
11453,11968,9273,5858.873223
11454,11969,9274,5858.904170
11455,11970,9275,5858.937797
11456,11971,9276,5858.968600
11457,11972,9276,5858.968600
11458,11973,9276,5858.968600
11459,11974,9277,5859.031847
11460,11975,9278,5859.065531
11461,11976,9278,5859.065531
11462,11977,9279,5859.113823
11463,11978,9281,5859.147931
11464,11979,9282,5859.176560
11465,11980,9283,5859.208726
11466,11981,9283,5859.208726
11467,11982,9284,5859.240474
11468,11983,9285,5859.274597
11469,11984,9286,5859.303790
11470,11985,9286,5859.303790
11471,11986,9287,5859.339303
11472,11987,9288,5859.370012
11473,11988,9288,5859.370012
11474,11989,9288,5859.370012
11475,11990,9289,5859.452049
11476,11991,9291,5859.484302
11477,11992,9292,5859.513108
11478,11993,9292,5859.513108
11479,11994,9293,5859.545860
11480,11995,9294,5859.577029
11481,11996,9295,5859.609371
11482,11997,9296,5859.642602
11483,11998,9297,5859.673249
11484,11999,9297,5859.673249
11485,12000,9298,5859.704886
11486,12001,9299,5859.737659
11487,12002,9299,5859.737659
11488,12003,9300,5859.787280
11489,12004,9301,5859.817046
11490,12005,9302,5859.849499
11491,12006,9303,5859.880112
11492,12007,9303,5859.880112
11493,12008,9304,5859.913690
11494,12009,9305,5859.944762
11495,12010,9306,5859.978128
11496,12011,9307,5860.008538
11497,12012,9307,5860.008538
11498,12013,9308,5860.041774
11499,12014,9309,5860.072427
11500,12015,9310,5860.105819
11501,12016,9310,5860.105819
11502,12017,9311,5860.153864
11503,12018,9312,5860.185746
11504,12019,9312,5860.185746
11505,12020,9313,5860.216514
11506,12021,9314,5860.249706
11507,12022,9315,5860.281339
11508,12023,9316,5860.312934
11509,12024,9316,5860.312934
11510,12025,9317,5860.345277
11511,12026,9318,5860.376316
11512,12027,9319,5860.409357
11513,12028,9320,5860.442775
11514,12029,9320,5860.442775
11515,12030,9321,5860.489891
11516,12031,9322,5860.521891
11517,12032,9322,5860.521891
11518,12033,9323,5860.552954
11519,12034,9324,5860.586151
11520,12035,9325,5860.618733
11521,12036,9326,5860.651660
11522,12037,9326,5860.651660
11523,12038,9327,5860.681002
11524,12039,9328,5860.716447
11525,12040,9329,5860.746077
11526,12041,9330,5860.778344
11527,12042,9330,5860.778344
11528,12043,9331,5860.825762
11529,12044,9332,5860.857324
11530,12045,9332,5860.857324
11531,12046,9333,5860.889090
11532,12047,9334,5860.920637
11533,12048,9335,5860.954364
11534,12049,9336,5860.985201
11535,12050,9336,5860.985201
11536,12051,9337,5861.015938
11537,12052,9338,5861.050724
11538,12053,9339,5861.082154
11539,12054,9340,5861.112692
11540,12055,9340,5861.112692
11541,12056,9341,5861.160650
11542,12057,9342,5861.193461
11543,12058,9342,5861.193461
11544,12059,9343,5861.224899
11545,12060,9344,5861.256935
11546,12061,9345,5861.288482
11547,12062,9346,5861.321134
11548,12063,9346,5861.321134
11549,12064,9347,5861.352163
11550,12065,9348,5861.386379
11551,12066,9349,5861.417877
11552,12067,9350,5861.450580
11553,12068,9350,5861.450580
11554,12069,9351,5861.497451
11555,12070,9351,5861.497451
11556,12071,9352,5861.528127
11557,12072,9353,5861.560544
11558,12073,9354,5861.593863
11559,12074,9355,5861.625767
11560,12075,9355,5861.625767
11561,12076,9356,5861.656277
11562,12077,9357,5861.688461
11563,12078,9358,5861.721955
11564,12079,9359,5861.753717
11565,12080,9359,5861.753717
11566,12081,9360,5861.785237
11567,12082,9361,5861.816889
11568,12083,9361,5861.816889
11569,12084,9362,5861.865613
11570,12085,9363,5861.897456
11571,12086,9364,5861.930465
11572,12087,9365,5861.962896
11573,12088,9365,5861.962896
11574,12089,9366,5861.991934
11575,12090,9367,5862.026105
11576,12091,9368,5862.057565
11577,12092,9369,5862.088921
11578,12093,9369,5862.088921
11579,12094,9370,5862.121386
11580,12095,9371,5862.152579
11581,12096,9371,5862.152579
11582,12097,9372,5862.202030
11583,12098,9373,5862.232249
11584,12099,9374,5862.266368
11585,12100,9375,5862.297295
11586,12101,9375,5862.297295
11587,12102,9376,5862.329175
11588,12103,9377,5862.361910
11589,12104,9378,5862.395057
11590,12105,9379,5862.424754
11591,12106,9379,5862.424754
11592,12107,9380,5862.458128
11593,12108,9381,5862.489490
11594,12109,9381,5862.489490
11595,12110,9382,5862.536072
11596,12111,9384,5862.572592
11597,12112,9384,5862.572592
11598,12113,9385,5862.631811
11599,12114,9385,5862.631811
11600,12115,9386,5862.665576
11601,12116,9387,5862.697987
11602,12117,9388,5862.729740
11603,12118,9389,5862.760863
11604,12119,9389,5862.760863
11605,12120,9390,5862.794363
11606,12121,9391,5862.824763
11607,12122,9391,5862.824763
11608,12123,9392,5862.872716
11609,12124,9394,5862.907908
11610,12125,9395,5862.938843
11611,12126,9396,5862.969351
11612,12127,9396,5862.969351
11613,12128,9396,5862.969351
11614,12129,9397,5863.032953
11615,12130,9398,5863.067258
11616,12131,9399,5863.096031
11617,12132,9399,5863.096031
11618,12133,9400,5863.129589
11619,12134,9401,5863.162301
11620,12135,9401,5863.162301
11621,12136,9402,5863.209340
11622,12137,9404,5863.246779
11623,12138,9405,5863.274931
11624,12139,9406,5863.306334
11625,12140,9406,5863.306334
11626,12141,9407,5863.337458
11627,12142,9408,5863.368775
11628,12143,9408,5863.368775
11629,12144,9409,5863.435095
11630,12145,9409,5863.435095
11631,12146,9410,5863.464483
11632,12147,9411,5863.496487
11633,12148,9412,5863.529601
11634,12149,9412,5863.529601
11635,12150,9414,5863.580885
11636,12151,9415,5863.608863
11637,12152,9416,5863.640476
11638,12153,9416,5863.640476
11639,12154,9417,5863.674407
11640,12155,9418,5863.704136
11641,12156,9419,5863.739365
11642,12157,9420,5863.768182
11643,12158,9420,5863.768182
11644,12159,9420,5863.768182
11645,12160,9421,5863.834066
11646,12161,9422,5863.866691
11647,12162,9422,5863.866691
11648,12163,9423,5863.913478
11649,12164,9425,5863.947328
11650,12165,9425,5863.947328
11651,12166,9426,5863.977970
11652,12167,9427,5864.008632
11653,12168,9428,5864.041500
11654,12169,9429,5864.072933
11655,12170,9429,5864.072933
11656,12171,9430,5864.106212
11657,12172,9431,5864.136454
11658,12173,9432,5864.169595
11659,12174,9432,5864.169595
11660,12175,9432,5864.169595
11661,12176,9433,5864.247960
11662,12177,9434,5864.281263
11663,12178,9435,5864.283420
11664,12179,9436,5864.312689
11665,12180,9437,5864.344402
11666,12181,9438,5864.376856
11667,12182,9439,5864.408976
11668,12183,9439,5864.408976
11669,12184,9440,5864.442227
11670,12185,9441,5864.473741
11671,12186,9442,5864.506451
11672,12187,9443,5864.538412
11673,12188,9443,5864.538412
11674,12189,9444,5864.587239
11675,12190,9444,5864.587239
11676,12191,9445,5864.618240
11677,12192,9446,5864.650178
11678,12193,9447,5864.679362
11679,12194,9448,5864.712886
11680,12195,9448,5864.712886
11681,12196,9449,5864.745832
11682,12197,9450,5864.776065
11683,12198,9451,5864.808528
11684,12199,9452,5864.840735
11685,12200,9453,5864.873307
11686,12201,9453,5864.873307
11687,12202,9454,5864.922766
11688,12203,9454,5864.922766
11689,12204,9455,5864.954347
11690,12205,9456,5864.986855
11691,12206,9457,5865.018071
11692,12207,9458,5865.049249
11693,12208,9458,5865.049249
11694,12209,9459,5865.082499
11695,12210,9460,5865.112717
11696,12211,9461,5865.145864
11697,12212,9462,5865.177251
11698,12213,9462,5865.177251
11699,12214,9463,5865.208687
11700,12215,9464,5865.258824
11701,12216,9464,5865.258824
11702,12217,9465,5865.288266
11703,12218,9466,5865.321964
11704,12219,9467,5865.353527
11705,12220,9468,5865.385512
11706,12221,9468,5865.385512
11707,12222,9469,5865.416437
11708,12223,9470,5865.449901
11709,12224,9471,5865.480867
11710,12225,9472,5865.512531
11711,12226,9472,5865.512531
11712,12227,9473,5865.545726
11713,12228,9474,5865.575693
11714,12229,9474,5865.575693
11715,12230,9475,5865.624158
11716,12231,9476,5865.657406
11717,12232,9477,5865.690048
11718,12233,9477,5865.690048
11719,12234,9478,5865.720786
11720,12235,9479,5865.753063
11721,12236,9480,5865.785759
11722,12237,9481,5865.817534
11723,12238,9482,5865.849168
11724,12239,9482,5865.849168
11725,12240,9483,5865.880187
11726,12241,9484,5865.912972
11727,12242,9484,5865.912972
11728,12243,9485,5865.961658
11729,12244,9486,5865.994578
11730,12245,9487,5866.024559
11731,12246,9487,5866.024559
11732,12247,9488,5866.057159
11733,12248,9489,5866.088635
11734,12249,9490,5866.121921
11735,12250,9491,5866.152814
11736,12251,9491,5866.152814
11737,12252,9492,5866.184280
11738,12253,9493,5866.218294
11739,12254,9494,5866.249705
11740,12255,9494,5866.249705
11741,12256,9495,5866.296352
11742,12257,9496,5866.330786
11743,12258,9497,5866.361162
11744,12259,9497,5866.361162
11745,12260,9498,5866.393315
11746,12261,9499,5866.424481
11747,12262,9500,5866.456852
11748,12263,9501,5866.489597
11749,12264,9501,5866.489597
11750,12265,9502,5866.520615
11751,12266,9503,5866.553184
11752,12267,9504,5866.585652
11753,12268,9504,5866.585652
11754,12269,9505,5866.633882
11755,12270,9506,5866.664823
11756,12271,9506,5866.664823
11757,12272,9507,5866.697031
11758,12273,9508,5866.729830
11759,12274,9509,5866.761015
11760,12275,9510,5866.793436
11761,12276,9510,5866.793436
11762,12277,9511,5866.826178
11763,12278,9512,5866.856248
11764,12279,9513,5866.889774
11765,12280,9514,5866.922367
11766,12281,9514,5866.922367
11767,12282,9515,5866.969574
11768,12283,9516,5867.000643
11769,12284,9516,5867.000643
11770,12285,9517,5867.033773
11771,12286,9518,5867.066469
11772,12287,9519,5867.098128
11773,12288,9520,5867.129807
11774,12289,9520,5867.129807
11775,12290,9521,5867.161199
11776,12291,9522,5867.193370
11777,12292,9523,5867.223390
11778,12293,9524,5867.257575
11779,12294,9524,5867.257575
11780,12295,9525,5867.290745
11781,12296,9525,5867.290745
11782,12297,9526,5867.339175
11783,12298,9528,5867.370284
11784,12299,9528,5867.370284
11785,12300,9529,5867.432089
11786,12301,9530,5867.465115
11787,12302,9530,5867.465115
11788,12303,9531,5867.498221
11789,12304,9532,5867.529444
11790,12305,9533,5867.563104
11791,12306,9534,5867.592735
11792,12307,9534,5867.592735
11793,12308,9535,5867.625295
11794,12309,9535,5867.625295
11795,12310,9536,5867.673644
11796,12311,9538,5867.707884
11797,12312,9539,5867.738627
11798,12313,9540,5867.769783
11799,12314,9540,5867.769783
11800,12315,9540,5867.769783
11801,12316,9541,5867.834016
11802,12317,9542,5867.865684
11803,12318,9543,5867.897407
11804,12319,9544,5867.928926
11805,12320,9544,5867.928926
11806,12321,9545,5867.961450
11807,12322,9545,5867.961450
11808,12323,9546,5868.008821
11809,12324,9548,5868.043866
11810,12325,9549,5868.074427
11811,12326,9550,5868.104826
11812,12327,9550,5868.104826
11813,12328,9551,5868.136363
11814,12329,9552,5868.169789
11815,12330,9552,5868.169789
11816,12331,9553,5868.235240
11817,12332,9553,5868.235240
11818,12333,9554,5868.264259
11819,12334,9555,5868.297021
11820,12335,9555,5868.297021
11821,12336,9556,5868.346362
11822,12337,9558,5868.380132
11823,12338,9559,5868.410585
11824,12339,9560,5868.440679
11825,12340,9560,5868.440679
11826,12341,9561,5868.473066
11827,12342,9562,5868.505152
11828,12343,9563,5868.535316
11829,12344,9564,5868.570322
11830,12345,9564,5868.570322
11831,12346,9564,5868.570322
11832,12347,9565,5868.632004
11833,12348,9565,5868.632004
11834,12349,9566,5868.681063
11835,12350,9568,5868.717137
11836,12351,9569,5868.745641
11837,12352,9569,5868.745641
11838,12353,9570,5868.776350
11839,12354,9571,5868.809151
11840,12355,9572,5868.842002
11841,12356,9573,5868.874640
11842,12357,9573,5868.874640
11843,12358,9574,5868.906625
11844,12359,9575,5868.936769
11845,12360,9576,5868.969477
11846,12361,9576,5868.969477
11847,12362,9576,5868.969477
11848,12363,9577,5869.048846
11849,12364,9579,5869.084668
11850,12365,9579,5869.084668
11851,12366,9580,5869.114267
11852,12367,9581,5869.143786
11853,12368,9582,5869.179107
11854,12369,9583,5869.210575
11855,12370,9584,5869.241299
11856,12371,9584,5869.241299
11857,12372,9585,5869.274264
11858,12373,9586,5869.305798
11859,12374,9587,5869.338526
11860,12375,9587,5869.338526
11861,12376,9588,5869.385173
11862,12377,9589,5869.417727
11863,12378,9589,5869.417727
11864,12379,9590,5869.449826
11865,12380,9591,5869.483855
11866,12381,9592,5869.512269
11867,12382,9593,5869.547165
11868,12383,9594,5869.576475
11869,12384,9594,5869.576475
11870,12385,9595,5869.609016
11871,12386,9596,5869.642761
11872,12387,9597,5869.673733
11873,12388,9597,5869.673733
11874,12389,9598,5869.722260
11875,12390,9599,5869.753331
11876,12391,9599,5869.753331
11877,12392,9600,5869.785729
11878,12393,9601,5869.816795
11879,12394,9602,5869.850754
11880,12395,9603,5869.882492
11881,12396,9604,5869.912535
11882,12397,9604,5869.912535
11883,12398,9605,5869.944712
11884,12399,9606,5869.978058
11885,12400,9607,5870.007654
11886,12401,9607,5870.007654
11887,12402,9608,5870.055887
11888,12403,9609,5870.089508
11889,12404,9609,5870.089508
11890,12405,9610,5870.120459
11891,12406,9611,5870.154316
11892,12407,9612,5870.186267
11893,12408,9613,5870.217115
11894,12409,9613,5870.217115
11895,12410,9614,5870.248411
11896,12411,9615,5870.281799
11897,12412,9616,5870.314226
11898,12413,9617,5870.345575
11899,12414,9617,5870.345575
11900,12415,9618,5870.393840
11901,12416,9619,5870.427304
11902,12417,9619,5870.427304
11903,12418,9620,5870.457609
11904,12419,9621,5870.488740
11905,12420,9622,5870.523047
11906,12421,9623,5870.554495
11907,12422,9623,5870.554495
11908,12423,9624,5870.586148
11909,12424,9625,5870.617037
11910,12425,9626,5870.650839
11911,12426,9627,5870.682645
11912,12427,9627,5870.682645
11913,12428,9628,5870.713046
11914,12429,9628,5870.713046
11915,12430,9629,5870.760667
11916,12431,9630,5870.793202
11917,12432,9631,5870.824919
11918,12433,9632,5870.857407
11919,12434,9633,5870.888693
11920,12435,9633,5870.888693
11921,12436,9634,5870.921996
11922,12437,9635,5870.952071
11923,12438,9636,5870.984940
11924,12439,9637,5871.016982
11925,12440,9637,5871.016982
11926,12441,9638,5871.051180
11927,12442,9638,5871.051180
11928,12443,9639,5871.097426
11929,12444,9640,5871.130078
11930,12445,9641,5871.162650
11931,12446,9642,5871.193211
11932,12447,9642,5871.193211
11933,12448,9643,5871.224576
11934,12449,9644,5871.258237
11935,12450,9645,5871.289332
11936,12451,9646,5871.320592
11937,12452,9646,5871.320592
11938,12453,9647,5871.352016
11939,12454,9648,5871.384712
11940,12455,9648,5871.384712
11941,12456,9649,5871.433599
11942,12457,9650,5871.463864
11943,12458,9651,5871.496861
11944,12459,9651,5871.496861
11945,12460,9652,5871.531385
11946,12461,9653,5871.560734
11947,12462,9654,5871.593413
11948,12463,9655,5871.627143
11949,12464,9656,5871.658387
11950,12465,9656,5871.658387
11951,12466,9657,5871.689970
11952,12467,9658,5871.722823
11953,12468,9658,5871.722823
11954,12469,9659,5871.771393
11955,12470,9660,5871.801433
11956,12471,9661,5871.835051
11957,12472,9661,5871.835051
11958,12473,9662,5871.864177
11959,12474,9663,5871.896950
11960,12475,9664,5871.928605
11961,12476,9665,5871.962463
11962,12477,9665,5871.962463
11963,12478,9666,5871.992703
11964,12479,9667,5872.024721
11965,12480,9668,5872.056462
11966,12481,9668,5872.056462
11967,12482,9669,5872.106356
11968,12483,9671,5872.139126
11969,12484,9672,5872.170433
11970,12485,9672,5872.170433
11971,12486,9672,5872.170433
11972,12487,9673,5872.235450
11973,12488,9673,5872.235450
11974,12489,9674,5872.280581
11975,12490,9676,5872.316525
11976,12491,9677,5872.345729
11977,12492,9678,5872.376473
11978,12493,9678,5872.376473
11979,12494,9679,5872.409280
11980,12495,9680,5872.442703
11981,12496,9681,5872.474589
11982,12497,9682,5872.506121
11983,12498,9682,5872.506121
11984,12499,9683,5872.535593
11985,12500,9684,5872.569379
11986,12501,9684,5872.569379
11987,12502,9684,5872.569379
11988,12503,9685,5872.649643
11989,12504,9687,5872.683654
11990,12505,9688,5872.714332
11991,12506,9688,5872.714332
11992,12507,9689,5872.746433
11993,12508,9690,5872.777820
11994,12509,9691,5872.809970
11995,12510,9692,5872.841036
11996,12511,9692,5872.841036
11997,12512,9693,5872.873976
11998,12513,9694,5872.904003
11999,12514,9695,5872.937236
12000,12515,9695,5872.937236
12001,12516,9696,5872.985910
12002,12517,9697,5873.017301
12003,12518,9697,5873.017301
12004,12519,9698,5873.050180
12005,12520,9699,5873.081792
12006,12521,9700,5873.114460
12007,12522,9701,5873.145777
12008,12523,9702,5873.177213
12009,12524,9702,5873.177213
12010,12525,9703,5873.210397
12011,12526,9704,5873.240655
12012,12527,9705,5873.272608
12013,12528,9705,5873.272608
12014,12529,9706,5873.321631
12015,12530,9707,5873.353340
12016,12531,9707,5873.353340
12017,12532,9708,5873.386818
12018,12533,9709,5873.417346
12019,12534,9710,5873.449960
12020,12535,9711,5873.481622
12021,12536,9711,5873.481622
12022,12537,9712,5873.512776
12023,12538,9713,5873.544553
12024,12539,9714,5873.578401
12025,12540,9715,5873.610405
12026,12541,9715,5873.610405
12027,12542,9716,5873.658652
12028,12543,9716,5873.658652
12029,12544,9717,5873.691999
12030,12545,9718,5873.721695
12031,12546,9719,5873.755031
12032,12547,9720,5873.785670
12033,12548,9721,5873.818016
12034,12549,9721,5873.818016
12035,12550,9722,5873.849416
12036,12551,9723,5873.880953
12037,12552,9724,5873.913758
12038,12553,9725,5873.945410
12039,12554,9725,5873.945410
12040,12555,9726,5873.992638
12041,12556,9726,5873.992638
12042,12557,9727,5874.025475
12043,12558,9728,5874.056684
12044,12559,9729,5874.089796
12045,12560,9730,5874.120872
12046,12561,9730,5874.120872
12047,12562,9731,5874.152279
12048,12563,9732,5874.186139
12049,12564,9733,5874.215898
12050,12565,9734,5874.249334
12051,12566,9734,5874.249334
12052,12567,9735,5874.280802
12053,12568,9736,5874.314560
12054,12569,9736,5874.314560
12055,12570,9737,5874.360279
12056,12571,9738,5874.393537
12057,12572,9739,5874.426452
12058,12573,9740,5874.457287
12059,12574,9740,5874.457287
12060,12575,9741,5874.488679
12061,12576,9742,5874.521938
12062,12577,9743,5874.552655
12063,12578,9744,5874.585445
12064,12579,9744,5874.585445
12065,12580,9745,5874.618261
12066,12581,9746,5874.651682
12067,12582,9746,5874.651682
12068,12583,9747,5874.697430
12069,12584,9748,5874.729538
12070,12585,9749,5874.762669
12071,12586,9750,5874.792608
12072,12587,9750,5874.792608
12073,12588,9751,5874.824755
12074,12589,9752,5874.856544
12075,12590,9753,5874.889523
12076,12591,9754,5874.921993
12077,12592,9754,5874.921993
12078,12593,9755,5874.952591
12079,12594,9756,5874.984407
12080,12595,9756,5874.984407
12081,12596,9757,5875.033230
12082,12597,9758,5875.065796
12083,12598,9759,5875.098175
12084,12599,9760,5875.129170
12085,12600,9760,5875.129170
12086,12601,9761,5875.161522
12087,12602,9762,5875.192752
12088,12603,9763,5875.224913
12089,12604,9764,5875.256736
12090,12605,9764,5875.256736
12091,12606,9765,5875.288791
12092,12607,9766,5875.322184
12093,12608,9766,5875.322184
12094,12609,9767,5875.369011
12095,12610,9768,5875.400944
12096,12611,9769,5875.433442
12097,12612,9770,5875.464452
12098,12613,9770,5875.464452
12099,12614,9771,5875.496620
12100,12615,9772,5875.527958
12101,12616,9773,5875.562789
12102,12617,9773,5875.562789
12103,12618,9774,5875.593289
12104,12619,9775,5875.625545
12105,12620,9776,5875.656669
12106,12621,9776,5875.656669
12107,12622,9777,5875.704433
12108,12623,9779,5875.739238
12109,12624,9780,5875.769126
12110,12625,9780,5875.769126
12111,12626,9780,5875.769126
12112,12627,9781,5875.834277
12113,12628,9782,5875.865265
12114,12629,9783,5875.897235
12115,12630,9783,5875.897235
12116,12631,9784,5875.929565
12117,12632,9785,5875.964155
12118,12633,9786,5875.994126
12119,12634,9787,5876.025138
12120,12635,9787,5876.025138
12121,12636,9789,5876.074779
12122,12637,9790,5876.105630
12123,12638,9790,5876.105630
12124,12639,9791,5876.137191
12125,12640,9792,5876.170245
12126,12641,9792,5876.170245
12127,12642,9793,5876.234741
12128,12643,9793,5876.234741
12129,12644,9794,5876.266658
12130,12645,9795,5876.296063
12131,12646,9796,5876.330116
12132,12647,9797,5876.362182
12133,12648,9797,5876.362182
12134,12649,9798,5876.410706
12135,12650,9799,5876.442313
12136,12651,9800,5876.444926
12137,12652,9801,5876.474326
12138,12653,9802,5876.505017
12139,12654,9803,5876.536285
12140,12655,9804,5876.569120
12141,12656,9804,5876.569120
12142,12657,9804,5876.569120
12143,12658,9805,5876.632373
12144,12659,9806,5876.665676
12145,12660,9807,5876.697334
12146,12661,9807,5876.697334
12147,12662,9808,5876.745634
12148,12663,9808,5876.745634
12149,12664,9810,5876.782000
12150,12665,9811,5876.808966
12151,12666,9812,5876.843456
12152,12667,9813,5876.873421
12153,12668,9814,5876.904127
12154,12669,9814,5876.904127
12155,12670,9815,5876.937030
12156,12671,9816,5876.970594
12157,12672,9816,5876.970594
12158,12673,9817,5877.032542
12159,12674,9817,5877.032542
12160,12675,9818,5877.080424
12161,12676,9818,5877.080424
12162,12677,9820,5877.115755
12163,12678,9821,5877.147310
12164,12679,9822,5877.178461
12165,12680,9823,5877.209589
12166,12681,9824,5877.240777
12167,12682,9824,5877.240777
12168,12683,9825,5877.272062
12169,12684,9826,5877.306251
12170,12685,9827,5877.336976
12171,12686,9828,5877.368798
12172,12687,9828,5877.368798
12173,12688,9828,5877.368798
12174,12689,9828,5877.368798
12175,12690,9830,5877.451499
12176,12691,9831,5877.482194
12177,12692,9832,5877.513815
12178,12693,9833,5877.546001
12179,12694,9833,5877.546001
12180,12695,9834,5877.576727
12181,12696,9835,5877.609900
12182,12697,9836,5877.641969
12183,12698,9837,5877.673784
12184,12699,9837,5877.673784
12185,12700,9838,5877.706502
12186,12701,9839,5877.754670
12187,12702,9839,5877.754670
12188,12703,9840,5877.786798
12189,12704,9841,5877.818660
12190,12705,9842,5877.849642
12191,12706,9843,5877.882545
12192,12707,9843,5877.882545
12193,12708,9844,5877.912635
12194,12709,9845,5877.945248
12195,12710,9846,5877.978619
12196,12711,9847,5878.011246
12197,12712,9848,5878.039696
12198,12713,9848,5878.039696
12199,12714,9849,5878.073733
12200,12715,9849,5878.073733
12201,12716,9850,5878.121182
12202,12717,9851,5878.155316
12203,12718,9852,5878.183972
12204,12719,9853,5878.216926
12205,12720,9853,5878.216926
12206,12721,9854,5878.249227
12207,12722,9855,5878.281244
12208,12723,9856,5878.313642
12209,12724,9857,5878.345362
12210,12725,9857,5878.345362
12211,12726,9858,5878.376705
12212,12727,9859,5878.411308
12213,12728,9859,5878.411308
12214,12729,9860,5878.458661
12215,12730,9861,5878.489344
12216,12731,9862,5878.521335
12217,12732,9863,5878.553312
12218,12733,9863,5878.553312
12219,12734,9864,5878.587027
12220,12735,9865,5878.619150
12221,12736,9866,5878.649721
12222,12737,9867,5878.681267
12223,12738,9867,5878.681267
12224,12739,9868,5878.713367
12225,12740,9869,5878.746413
12226,12741,9869,5878.746413
12227,12742,9870,5878.792483
12228,12743,9871,5878.825381
12229,12744,9872,5878.856984
12230,12745,9872,5878.856984
12231,12746,9873,5878.888480
12232,12747,9874,5878.923039
12233,12748,9875,5878.952932
12234,12749,9876,5878.985118
12235,12750,9876,5878.985118
12236,12751,9877,5879.016596
12237,12752,9878,5879.049668
12238,12753,9879,5879.081329
12239,12754,9879,5879.081329
12240,12755,9880,5879.130876
12241,12756,9881,5879.160319
12242,12757,9881,5879.160319
12243,12758,9882,5879.195926
12244,12759,9883,5879.224861
12245,12760,9884,5879.256820
12246,12761,9885,5879.287715
12247,12762,9886,5879.320722
12248,12763,9886,5879.320722
12249,12764,9887,5879.352449
12250,12765,9888,5879.385630
12251,12766,9889,5879.415705
12252,12767,9889,5879.415705
12253,12768,9890,5879.465781
12254,12769,9891,5879.497822
12255,12770,9891,5879.497822
12256,12771,9892,5879.527897
12257,12772,9893,5879.562894
12258,12773,9894,5879.595315
12259,12774,9895,5879.625948
12260,12775,9895,5879.625948
12261,12776,9896,5879.656515
12262,12777,9897,5879.690697
12263,12778,9898,5879.722446
12264,12779,9899,5879.753356
12265,12780,9899,5879.753356
12266,12781,9900,5879.786608
12267,12782,9901,5879.833494
12268,12783,9901,5879.833494
12269,12784,9902,5879.865929
12270,12785,9903,5879.898914
12271,12786,9904,5879.929803
12272,12787,9905,5879.962756
12273,12788,9905,5879.962756
12274,12789,9906,5879.991979
12275,12790,9907,5880.027916
12276,12791,9908,5880.058164
12277,12792,9909,5880.090376
12278,12793,9909,5880.090376
12279,12794,9910,5880.120787
12280,12795,9911,5880.169482
12281,12796,9911,5880.169482
12282,12797,9912,5880.200412
12283,12798,9913,5880.234247
12284,12799,9914,5880.267110
12285,12800,9915,5880.297629
12286,12801,9915,5880.297629
12287,12802,9916,5880.328353
12288,12803,9917,5880.362232
12289,12804,9918,5880.394634
12290,12805,9919,5880.426032
12291,12806,9919,5880.426032
12292,12807,9920,5880.456930
12293,12808,9920,5880.456930
12294,12809,9921,5880.503888
12295,12810,9923,5880.540587
12296,12811,9924,5880.570824
12297,12812,9924,5880.570824
12298,12813,9924,5880.570824
12299,12814,9925,5880.632940
12300,12815,9926,5880.666035
12301,12816,9927,5880.697501
12302,12817,9928,5880.728821
12303,12818,9928,5880.728821
12304,12819,9929,5880.761084
12305,12820,9930,5880.792822
12306,12821,9930,5880.792822
12307,12822,9931,5880.843022
12308,12823,9933,5880.877487
12309,12824,9934,5880.904979
12310,12825,9935,5880.937144
12311,12826,9936,5880.968630
12312,12827,9936,5880.968630
12313,12828,9936,5880.968630
12314,12829,9937,5881.033739
12315,12830,9938,5881.066074
12316,12831,9938,5881.066074
12317,12832,9939,5881.097491
12318,12833,9940,5881.128269
12319,12834,9940,5881.128269
12320,12835,9941,5881.178640
12321,12836,9943,5881.211446
12322,12837,9944,5881.241930
12323,12838,9945,5881.273038
12324,12839,9945,5881.273038
12325,12840,9946,5881.304471
12326,12841,9947,5881.336170
12327,12842,9948,5881.369762
12328,12843,9948,5881.369762
12329,12844,9948,5881.369762
12330,12845,9949,5881.433837
12331,12846,9950,5881.464944
12332,12847,9951,5881.496394
12333,12848,9951,5881.496394
12334,12849,9952,5881.546067
12335,12850,9954,5881.580017
12336,12851,9955,5881.609065
12337,12852,9955,5881.609065
12338,12853,9956,5881.641305
12339,12854,9957,5881.674389
12340,12855,9958,5881.706475
12341,12856,9959,5881.739083
12342,12857,9959,5881.739083
12343,12858,9960,5881.769518
12344,12859,9960,5881.769518
12345,12860,9961,5881.833755
12346,12861,9961,5881.833755
12347,12862,9962,5881.882114
12348,12863,9964,5881.915428
12349,12864,9965,5881.945516
12350,12865,9965,5881.945516
12351,12866,9966,5881.976647
12352,12867,9967,5882.008772
12353,12868,9968,5882.041357
12354,12869,9969,5882.073457
12355,12870,9969,5882.073457
12356,12871,9970,5882.104882
12357,12872,9971,5882.138149
12358,12873,9972,5882.169741
12359,12874,9972,5882.169741
12360,12875,9972,5882.169741
12361,12876,9974,5882.254168
12362,12877,9974,5882.254168
12363,12878,9975,5882.282617
12364,12879,9976,5882.314422
12365,12880,9977,5882.346531
12366,12881,9978,5882.375323
12367,12882,9979,5882.408945
12368,12883,9979,5882.408945
12369,12884,9980,5882.443526
12370,12885,9981,5882.474176
12371,12886,9982,5882.505926
12372,12887,9982,5882.505926
12373,12888,9983,5882.554074
12374,12889,9984,5882.585646
12375,12890,9984,5882.585646
12376,12891,9985,5882.617085
12377,12892,9986,5882.648057
12378,12893,9987,5882.682058
12379,12894,9988,5882.714084
12380,12895,9988,5882.714084
12381,12896,9989,5882.745225
12382,12897,9990,5882.778664
12383,12898,9991,5882.809992
12384,12899,9992,5882.841484
12385,12900,9992,5882.841484
12386,12901,9993,5882.889225
12387,12902,9994,5882.920394
12388,12903,9994,5882.920394
12389,12904,9995,5882.952467
12390,12905,9996,5882.983692
12391,12906,9997,5883.016411
12392,12907,9998,5883.049379
12393,12908,9998,5883.049379
12394,12909,9999,5883.080913
12395,12910,10000,5883.112069
12396,12911,10001,5883.145692
12397,12912,10002,5883.175812
12398,12913,10002,5883.175812
12399,12914,10003,5883.209053
12400,12915,10003,5883.209053
12401,12916,10004,5883.258208
12402,12917,10005,5883.289362
12403,12918,10006,5883.322565
12404,12919,10007,5883.353767
12405,12920,10008,5883.384720
12406,12921,10008,5883.384720
12407,12922,10009,5883.416547
12408,12923,10010,5883.449418
12409,12924,10011,5883.481003
12410,12925,10012,5883.512608
12411,12926,10012,5883.512608
12412,12927,10013,5883.546513
12413,12928,10013,5883.546513
12414,12929,10014,5883.593223
12415,12930,10015,5883.625364
12416,12931,10016,5883.659800
12417,12932,10017,5883.689500
12418,12933,10017,5883.689500
12419,12934,10018,5883.722296
12420,12935,10019,5883.756296
12421,12936,10020,5883.786531
12422,12937,10021,5883.816794
12423,12938,10022,5883.849959
12424,12939,10022,5883.849959
12425,12940,10023,5883.880837
12426,12941,10023,5883.880837
12427,12942,10024,5883.930569
12428,12943,10025,5883.961123
12429,12944,10026,5883.993504
12430,12945,10027,5884.024448
12431,12946,10027,5884.024448
12432,12947,10028,5884.057289
12433,12948,10029,5884.089094
12434,12949,10030,5884.120268
12435,12950,10031,5884.152306
12436,12951,10031,5884.152306
12437,12952,10032,5884.185956
12438,12953,10033,5884.217389
12439,12954,10033,5884.217389
12440,12955,10034,5884.264889
12441,12956,10035,5884.299634
12442,12957,10036,5884.331197
12443,12958,10037,5884.361546
12444,12959,10037,5884.361546
12445,12960,10038,5884.392693
12446,12961,10039,5884.426295
12447,12962,10040,5884.457902
12448,12963,10041,5884.490881
12449,12964,10041,5884.490881
12450,12965,10042,5884.524335
12451,12966,10043,5884.554326
12452,12967,10043,5884.554326
12453,12968,10044,5884.602625
12454,12969,10045,5884.633642
12455,12970,10046,5884.665910
12456,12971,10047,5884.697630
12457,12972,10047,5884.697630
12458,12973,10048,5884.729140
12459,12974,10049,5884.762110
12460,12975,10050,5884.792553
12461,12976,10051,5884.825401
12462,12977,10051,5884.825401
12463,12978,10052,5884.857454
12464,12979,10053,5884.891349
12465,12980,10054,5884.921585
12466,12981,10054,5884.921585
12467,12982,10056,5884.970835
12468,12983,10056,5884.970835
12469,12984,10056,5884.970835
12470,12985,10057,5885.032897
12471,12986,10058,5885.066688
12472,12987,10059,5885.097173
12473,12988,10060,5885.129427
12474,12989,10061,5885.160292
12475,12990,10061,5885.160292
12476,12991,10062,5885.192970
12477,12992,10063,5885.226219
12478,12993,10064,5885.258164
12479,12994,10064,5885.258164
12480,12995,10065,5885.306744
12481,12996,10067,5885.341134
12482,12997,10067,5885.341134
12483,12998,10068,5885.369967
12484,12999,10068,5885.369967
12485,13000,10069,5885.433317
12486,13001,10070,5885.464934
12487,13002,10070,5885.464934
12488,13003,10071,5885.496005
12489,13004,10072,5885.529674
12490,13005,10073,5885.561903
12491,13006,10074,5885.593842
12492,13007,10074,5885.593842
12493,13008,10075,5885.640659
12494,13009,10076,5885.674942
12495,13010,10077,5885.677410
12496,13011,10078,5885.705626
12497,13012,10079,5885.738742
12498,13013,10080,5885.768642
12499,13014,10080,5885.768642
12500,13015,10080,5885.768642
12501,13016,10081,5885.834443
12502,13017,10082,5885.866460
12503,13018,10083,5885.895855
12504,13019,10084,5885.929012
12505,13020,10084,5885.929012
12506,13021,10085,5885.977533
12507,13022,10086,5886.008219
12508,13023,10087,5886.010914
12509,13024,10088,5886.040385
12510,13025,10089,5886.074175
12511,13026,10090,5886.104699
12512,13027,10091,5886.138063
12513,13028,10091,5886.138063
12514,13029,10092,5886.169103
12515,13030,10092,5886.169103
12516,13031,10093,5886.233355
12517,13032,10094,5886.265625
12518,13033,10094,5886.265625
12519,13034,10095,5886.312445
12520,13035,10095,5886.312445
12521,13036,10097,5886.349377
12522,13037,10098,5886.376903
12523,13038,10099,5886.409507
12524,13039,10100,5886.442364
12525,13040,10101,5886.474385
12526,13041,10101,5886.474385
12527,13042,10102,5886.504549
12528,13043,10103,5886.537147
12529,13044,10104,5886.570022
12530,13045,10104,5886.570022
12531,13046,10104,5886.570022
12532,13047,10105,5886.649713
12533,13048,10106,5886.681218
12534,13049,10107,5886.683727
12535,13050,10108,5886.713862
12536,13051,10109,5886.745162
12537,13052,10110,5886.777806
12538,13053,10111,5886.809119
12539,13054,10111,5886.809119
12540,13055,10112,5886.840751
12541,13056,10113,5886.873179
12542,13057,10114,5886.905343
12543,13058,10115,5886.938500
12544,13059,10116,5886.969808
12545,13060,10116,5886.969808
12546,13061,10116,5886.969808
12547,13062,10116,5886.969808
12548,13063,10118,5887.051827
12549,13064,10119,5887.082584
12550,13065,10120,5887.113558
12551,13066,10121,5887.146402
12552,13067,10121,5887.146402
12553,13068,10122,5887.177648
12554,13069,10123,5887.210128
12555,13070,10124,5887.241018
12556,13071,10125,5887.272865
12557,13072,10126,5887.305246
12558,13073,10126,5887.305246
12559,13074,10127,5887.353207
12560,13075,10128,5887.384979
12561,13076,10128,5887.384979
12562,13077,10129,5887.416618
12563,13078,10130,5887.452087
12564,13079,10131,5887.482391
12565,13080,10132,5887.513698
12566,13081,10132,5887.513698
12567,13082,10133,5887.545830
12568,13083,10134,5887.577753
12569,13084,10135,5887.610848
12570,13085,10136,5887.642273
12571,13086,10136,5887.642273
12572,13087,10137,5887.690405
12573,13088,10138,5887.720347
12574,13089,10138,5887.720347
12575,13090,10139,5887.754278
12576,13091,10140,5887.784981
12577,13092,10141,5887.817168
12578,13093,10142,5887.849959
12579,13094,10142,5887.849959
12580,13095,10143,5887.881140
12581,13096,10144,5887.911676
12582,13097,10145,5887.945877
12583,13098,10145,5887.945877
12584,13099,10146,5887.978760
12585,13100,10147,5888.024839
12586,13101,10147,5888.024839
12587,13102,10148,5888.059003
12588,13103,10149,5888.090397
12589,13104,10150,5888.120928
12590,13105,10151,5888.153580
12591,13106,10151,5888.153580
12592,13107,10152,5888.184644
12593,13108,10153,5888.216530
12594,13109,10154,5888.249600
12595,13110,10155,5888.280858
12596,13111,10155,5888.280858
12597,13112,10156,5888.312117
12598,13113,10157,5888.360042
12599,13114,10157,5888.360042
12600,13115,10158,5888.393059
12601,13116,10159,5888.424743
12602,13117,10160,5888.458371
12603,13118,10161,5888.489082
12604,13119,10161,5888.489082
12605,13120,10162,5888.522397
12606,13121,10163,5888.552556
12607,13122,10164,5888.586017
12608,13123,10165,5888.618228
12609,13124,10165,5888.618228
12610,13125,10166,5888.648773
12611,13126,10167,5888.681701
12612,13127,10167,5888.681701
12613,13128,10168,5888.733563
12614,13129,10169,5888.763216
12615,13130,10170,5888.794301
12616,13131,10171,5888.825586
12617,13132,10171,5888.825586
12618,13133,10172,5888.856731
12619,13134,10173,5888.889004
12620,13135,10174,5888.920802
12621,13136,10175,5888.952090
12622,13137,10175,5888.952090
12623,13138,10176,5888.984320
12624,13139,10177,5889.017455
12625,13140,10177,5889.017455
12626,13141,10178,5889.065785
12627,13142,10179,5889.097567
12628,13143,10180,5889.127808
12629,13144,10181,5889.161827
12630,13145,10181,5889.161827
12631,13146,10182,5889.194308
12632,13147,10183,5889.225266
12633,13148,10184,5889.257484
12634,13149,10185,5889.289458
12635,13150,10185,5889.289458
12636,13151,10186,5889.321958
12637,13152,10187,5889.352879
12638,13153,10187,5889.352879
12639,13154,10188,5889.401091
12640,13155,10189,5889.433405
12641,13156,10190,5889.466489
12642,13157,10191,5889.496530
12643,13158,10191,5889.496530
12644,13159,10192,5889.530713
12645,13160,10193,5889.562615
12646,13161,10194,5889.592466
12647,13162,10195,5889.624700
12648,13163,10195,5889.624700
12649,13164,10196,5889.656759
12650,13165,10197,5889.690000
12651,13166,10197,5889.690000
12652,13167,10198,5889.738113
12653,13168,10200,5889.773172
12654,13169,10200,5889.773172
12655,13170,10200,5889.773172
12656,13171,10201,5889.833194
12657,13172,10202,5889.864898
12658,13173,10203,5889.898781
12659,13174,10204,5889.927617
12660,13175,10205,5889.962478
12661,13176,10205,5889.962478
12662,13177,10206,5889.994395
12663,13178,10207,5890.025248
12664,13179,10207,5890.025248
12665,13180,10208,5890.073808
12666,13181,10210,5890.109561
12667,13182,10211,5890.137272
12668,13183,10212,5890.168864
12669,13184,10212,5890.168864
12670,13185,10212,5890.168864
12671,13186,10213,5890.233602
12672,13187,10214,5890.266578
12673,13188,10215,5890.297252
12674,13189,10215,5890.297252
12675,13190,10216,5890.328506
12676,13191,10217,5890.361239
12677,13192,10218,5890.393948
12678,13193,10218,5890.393948
12679,13194,10220,5890.442523
12680,13195,10221,5890.474784
12681,13196,10222,5890.503609
12682,13197,10222,5890.503609
12683,13198,10223,5890.537713
12684,13199,10224,5890.568900
12685,13200,10224,5890.568900
12686,13201,10225,5890.633620
12687,13202,10225,5890.633620
12688,13203,10226,5890.665825
12689,13204,10227,5890.697557
12690,13205,10228,5890.729804
12691,13206,10228,5890.729804
12692,13207,10229,5890.777676
12693,13208,10231,5890.810868
12694,13209,10232,5890.841342
12695,13210,10232,5890.841342
12696,13211,10233,5890.873980
12697,13212,10234,5890.907125
12698,13213,10235,5890.938026
12699,13214,10236,5890.969383
12700,13215,10236,5890.969383
12701,13216,10236,5890.969383
12702,13217,10237,5891.034848
12703,13218,10238,5891.066127
12704,13219,10238,5891.066127
12705,13220,10239,5891.112843
12706,13221,10241,5891.147016
12707,13222,10241,5891.147016
12708,13223,10242,5891.178101
12709,13224,10243,5891.208703
12710,13225,10244,5891.240367
12711,13226,10245,5891.272943
12712,13227,10246,5891.304922
12713,13228,10246,5891.304922
12714,13229,10247,5891.337631
12715,13230,10248,5891.370177
12716,13231,10248,5891.370177
12717,13232,10248,5891.370177
12718,13233,10249,5891.447463
12719,13234,10251,5891.483468
12720,13235,10251,5891.483468
12721,13236,10252,5891.513661
12722,13237,10253,5891.546774
12723,13238,10254,5891.575812
12724,13239,10255,5891.609912
12725,13240,10256,5891.640766
12726,13241,10256,5891.640766
12727,13242,10257,5891.673502
12728,13243,10258,5891.706133
12729,13244,10259,5891.739055
12730,13245,10259,5891.739055
12731,13246,10260,5891.785032
12732,13247,10261,5891.817259
12733,13248,10261,5891.817259
12734,13249,10262,5891.847988
12735,13250,10263,5891.881019
12736,13251,10264,5891.914163
12737,13252,10265,5891.945072
12738,13253,10265,5891.945072
12739,13254,10266,5891.977786
12740,13255,10267,5892.008819
12741,13256,10268,5892.041069
12742,13257,10269,5892.074127
12743,13258,10269,5892.074127
12744,13259,10270,5892.104341
12745,13260,10271,5892.152386
12746,13261,10271,5892.152386
12747,13262,10272,5892.184442
12748,13263,10273,5892.216235
12749,13264,10274,5892.247961
12750,13265,10275,5892.282085
12751,13266,10275,5892.282085
12752,13267,10276,5892.313016
12753,13268,10277,5892.345315
12754,13269,10278,5892.376797
12755,13270,10279,5892.409392
12756,13271,10279,5892.409392
12757,13272,10280,5892.442077
12758,13273,10281,5892.488656
12759,13274,10281,5892.488656
12760,13275,10282,5892.521373
12761,13276,10283,5892.554481
12762,13277,10284,5892.585267
12763,13278,10284,5892.585267
12764,13279,10285,5892.617859
12765,13280,10286,5892.649232
12766,13281,10287,5892.680201
12767,13282,10288,5892.712752
12768,13283,10288,5892.712752
12769,13284,10289,5892.746532
12770,13285,10290,5892.776664
12771,13286,10290,5892.776664
12772,13287,10291,5892.823842
12773,13288,10292,5892.857073
12774,13289,10293,5892.890775
12775,13290,10294,5892.922939
12776,13291,10294,5892.922939
12777,13292,10295,5892.953829
12778,13293,10296,5892.985384
12779,13294,10297,5893.019669
12780,13295,10298,5893.050628
12781,13296,10298,5893.050628
12782,13297,10299,5893.081923
12783,13298,10300,5893.113956
12784,13299,10300,5893.113956
12785,13300,10301,5893.161068
12786,13301,10302,5893.193858
12787,13302,10303,5893.225741
12788,13303,10304,5893.259358
12789,13304,10304,5893.259358
12790,13305,10305,5893.287705
12791,13306,10306,5893.322766
12792,13307,10307,5893.353755
12793,13308,10308,5893.386035
12794,13309,10308,5893.386035
12795,13310,10309,5893.418554
12796,13311,10310,5893.450158
12797,13312,10310,5893.450158
12798,13313,10311,5893.497932
12799,13314,10312,5893.528949
12800,13315,10313,5893.562231
12801,13316,10314,5893.594136
12802,13317,10314,5893.594136
12803,13318,10315,5893.625008
12804,13319,10316,5893.656569
12805,13320,10317,5893.689430
12806,13321,10318,5893.720746
12807,13322,10318,5893.720746
12808,13323,10319,5893.752519
12809,13324,10320,5893.783906
12810,13325,10321,5893.817588
12811,13326,10321,5893.817588
12812,13327,10322,5893.865395
12813,13328,10323,5893.898066
12814,13329,10324,5893.929441
12815,13330,10324,5893.929441
12816,13331,10325,5893.961591
12817,13332,10326,5893.994212
12818,13333,10327,5894.025632
12819,13334,10328,5894.057212
12820,13335,10328,5894.057212
12821,13336,10329,5894.090604
12822,13337,10330,5894.122874
12823,13338,10331,5894.153925
12824,13339,10331,5894.153925
12825,13340,10332,5894.201405
12826,13341,10333,5894.233973
12827,13342,10334,5894.264217
12828,13343,10334,5894.264217
12829,13344,10335,5894.296637
12830,13345,10336,5894.329885
12831,13346,10337,5894.360821
12832,13347,10338,5894.393423
12833,13348,10338,5894.393423
12834,13349,10339,5894.426427
12835,13350,10340,5894.457892
12836,13351,10341,5894.490289
12837,13352,10341,5894.490289
12838,13353,10342,5894.536354
12839,13354,10344,5894.571984
12840,13355,10344,5894.571984
12841,13356,10344,5894.571984
12842,13357,10345,5894.633550
12843,13358,10346,5894.666313
12844,13359,10347,5894.698091
12845,13360,10348,5894.728273
12846,13361,10348,5894.728273
12847,13362,10349,5894.760549
12848,13363,10350,5894.793915
12849,13364,10351,5894.825016
12850,13365,10351,5894.825016
12851,13366,10352,5894.873596
12852,13367,10354,5894.907460
12853,13368,10354,5894.907460
12854,13369,10355,5894.937002
12855,13370,10356,5894.971188
12856,13371,10356,5894.971188
12857,13372,10357,5895.035806
12858,13373,10358,5895.064936
12859,13374,10358,5895.064936
12860,13375,10359,5895.098578
12861,13376,10360,5895.128553
12862,13377,10361,5895.162256
12863,13378,10361,5895.162256
12864,13379,10362,5895.210248
12865,13380,10364,5895.243659
12866,13381,10364,5895.243659
12867,13382,10365,5895.272755
12868,13383,10366,5895.306286
12869,13384,10367,5895.337514
12870,13385,10368,5895.370036
12871,13386,10368,5895.370036
12872,13387,10368,5895.370036
12873,13388,10369,5895.432935
12874,13389,10370,5895.465293
12875,13390,10371,5895.496852
12876,13391,10371,5895.496852
12877,13392,10372,5895.546262
12878,13393,10374,5895.579683
12879,13394,10374,5895.579683
12880,13395,10375,5895.610049
12881,13396,10376,5895.640349
12882,13397,10377,5895.672654
12883,13398,10378,5895.705436
12884,13399,10378,5895.705436
12885,13400,10379,5895.738908
12886,13401,10380,5895.770936
12887,13402,10380,5895.770936
12888,13403,10381,5895.833313
12889,13404,10381,5895.833313
12890,13405,10382,5895.865152
12891,13406,10383,5895.915112
12892,13407,10383,5895.915112
12893,13408,10385,5895.946675
12894,13409,10386,5895.977651
12895,13410,10387,5896.010933
12896,13411,10388,5896.040335
12897,13412,10388,5896.040335
12898,13413,10389,5896.074267
12899,13414,10390,5896.104727
12900,13415,10391,5896.138105
12901,13416,10392,5896.168864
12902,13417,10392,5896.168864
12903,13418,10392,5896.168864
12904,13419,10393,5896.250671
12905,13420,10393,5896.250671
12906,13421,10395,5896.285295
12907,13422,10396,5896.314743
12908,13423,10397,5896.346038
12909,13424,10398,5896.377411
12910,13425,10398,5896.377411
12911,13426,10399,5896.409861
12912,13427,10400,5896.441611
12913,13428,10401,5896.474177
12914,13429,10402,5896.506554
12915,13430,10403,5896.536668
12916,13431,10403,5896.536668
12917,13432,10404,5896.584904
12918,13433,10404,5896.584904
12919,13434,10405,5896.616052
12920,13435,10406,5896.649899
12921,13436,10407,5896.682683
12922,13437,10408,5896.715452
12923,13438,10408,5896.715452
12924,13439,10409,5896.745584
12925,13440,10410,5896.778768
12926,13441,10411,5896.809644
12927,13442,10412,5896.841454
12928,13443,10412,5896.841454
12929,13444,10413,5896.871948
12930,13445,10414,5896.921649
12931,13446,10414,5896.921649
12932,13447,10415,5896.952403
12933,13448,10416,5896.985169
12934,13449,10417,5897.016918
12935,13450,10418,5897.049566
12936,13451,10418,5897.049566
12937,13452,10419,5897.080135
12938,13453,10420,5897.113597
12939,13454,10421,5897.145035
12940,13455,10422,5897.177220
12941,13456,10422,5897.177220
12942,13457,10423,5897.209812
12943,13458,10423,5897.209812
12944,13459,10424,5897.257221
12945,13460,10425,5897.288840
12946,13461,10426,5897.322268
12947,13462,10427,5897.355116
12948,13463,10427,5897.355116
12949,13464,10428,5897.385991
12950,13465,10429,5897.416740
12951,13466,10430,5897.448466
12952,13467,10431,5897.481812
12953,13468,10432,5897.512824
12954,13469,10432,5897.512824
12955,13470,10433,5897.545250
12956,13471,10434,5897.578054
12957,13472,10434,5897.578054
12958,13473,10435,5897.627252
12959,13474,10436,5897.659330
12960,13475,10437,5897.689735
12961,13476,10437,5897.689735
12962,13477,10438,5897.720575
12963,13478,10439,5897.755883
12964,13479,10440,5897.783856
12965,13480,10441,5897.816899
12966,13481,10442,5897.849073
12967,13482,10442,5897.849073
12968,13483,10443,5897.882099
12969,13484,10444,5897.914431
12970,13485,10444,5897.914431
12971,13486,10445,5897.962770
12972,13487,10446,5897.993370
12973,13488,10447,5898.025258
12974,13489,10447,5898.025258
12975,13490,10448,5898.056764
12976,13491,10449,5898.088752
12977,13492,10450,5898.121392
12978,13493,10451,5898.153483
12979,13494,10451,5898.153483
12980,13495,10452,5898.186209
12981,13496,10453,5898.217064
12982,13497,10454,5898.249892
12983,13498,10454,5898.249892
12984,13499,10455,5898.297941
12985,13500,10456,5898.329771
12986,13501,10457,5898.361411
12987,13502,10457,5898.361411
12988,13503,10458,5898.391920
12989,13504,10459,5898.425310
12990,13505,10460,5898.459496
12991,13506,10461,5898.488998
12992,13507,10461,5898.488998
12993,13508,10462,5898.520280
12994,13509,10463,5898.553155
12995,13510,10464,5898.585310
12996,13511,10464,5898.585310
12997,13512,10465,5898.634243
12998,13513,10466,5898.666405
12999,13514,10466,5898.666405
13000,13515,10467,5898.697339
13001,13516,10468,5898.729483
13002,13517,10469,5898.761919
13003,13518,10470,5898.793600
13004,13519,10471,5898.824370
13005,13520,10471,5898.824370
13006,13521,10472,5898.857038
13007,13522,10473,5898.890400
13008,13523,10474,5898.922618
13009,13524,10474,5898.922618
13010,13525,10475,5898.969303
13011,13526,10476,5899.001970
13012,13527,10476,5899.001970
13013,13528,10477,5899.032261
13014,13529,10478,5899.065940
13015,13530,10479,5899.097879
13016,13531,10480,5899.130515
13017,13532,10480,5899.130515
13018,13533,10481,5899.161523
13019,13534,10482,5899.193616
13020,13535,10483,5899.226394
13021,13536,10484,5899.257090
13022,13537,10484,5899.257090
13023,13538,10485,5899.290018
13024,13539,10487,5899.339504
13025,13540,10487,5899.339504
13026,13541,10488,5899.371312
13027,13542,10488,5899.371312
13028,13543,10489,5899.434332
13029,13544,10490,5899.466429
13030,13545,10490,5899.466429
13031,13546,10491,5899.497613
13032,13547,10492,5899.528673
13033,13548,10493,5899.559838
13034,13549,10494,5899.593357
13035,13550,10494,5899.593357
13036,13551,10495,5899.625452
13037,13552,10496,5899.673203
13038,13553,10496,5899.673203
13039,13554,10498,5899.709682
13040,13555,10499,5899.738386
13041,13556,10500,5899.768153
13042,13557,10500,5899.768153
13043,13558,10500,5899.768153
13044,13559,10501,5899.833095
13045,13560,10502,5899.867152
13046,13561,10503,5899.897659
13047,13562,10504,5899.929037
13048,13563,10504,5899.929037
13049,13564,10505,5899.961255
13050,13565,10506,5900.008971
13051,13566,10506,5900.008971
13052,13567,10508,5900.044886
13053,13568,10509,5900.072450
13054,13569,10510,5900.105824
13055,13570,10511,5900.137842
13056,13571,10511,5900.137842
13057,13572,10512,5900.170522
13058,13573,10512,5900.170522
13059,13574,10513,5900.234524
13060,13575,10514,5900.265012
13061,13576,10514,5900.265012
13062,13577,10515,5900.298325
13063,13578,10515,5900.298325
13064,13579,10516,5900.345043
13065,13580,10518,5900.379985
13066,13581,10519,5900.408597
13067,13582,10520,5900.441397
13068,13583,10520,5900.441397
13069,13584,10521,5900.472689
13070,13585,10522,5900.505622
13071,13586,10523,5900.538209
13072,13587,10524,5900.568948
13073,13588,10524,5900.568948
13074,13589,10524,5900.568948
13075,13590,10525,5900.632924
13076,13591,10525,5900.632924
13077,13592,10526,5900.681297
13078,13593,10528,5900.717872
13079,13594,10529,5900.745492
13080,13595,10530,5900.776102
13081,13596,10530,5900.776102
13082,13597,10531,5900.810150
13083,13598,10532,5900.843303
13084,13599,10533,5900.874049
13085,13600,10534,5900.905121
13086,13601,10535,5900.936581
13087,13602,10535,5900.936581
13088,13603,10536,5900.968173
13089,13604,10536,5900.968173
13090,13605,10536,5900.968173
13091,13606,10538,5901.053063
13092,13607,10539,5901.081865
13093,13608,10540,5901.111905
13094,13609,10541,5901.144600
13095,13610,10541,5901.144600
13096,13611,10542,5901.176361
13097,13612,10543,5901.209629
13098,13613,10544,5901.239465
13099,13614,10545,5901.273033
13100,13615,10545,5901.273033
13101,13616,10546,5901.304290
13102,13617,10547,5901.338859
13103,13618,10547,5901.338859
13104,13619,10548,5901.385563
13105,13620,10549,5901.418737
13106,13621,10550,5901.450243
13107,13622,10550,5901.450243
13108,13623,10551,5901.481821
13109,13624,10552,5901.513581
13110,13625,10553,5901.545927
13111,13626,10554,5901.578392
13112,13627,10555,5901.608548
13113,13628,10555,5901.608548
13114,13629,10556,5901.642142
13115,13630,10557,5901.672167
13116,13631,10557,5901.672167
13117,13632,10558,5901.721105
13118,13633,10559,5901.752832
13119,13634,10560,5901.786483
13120,13635,10560,5901.786483
13121,13636,10561,5901.816730
13122,13637,10562,5901.849713
13123,13638,10563,5901.882327
13124,13639,10564,5901.913066
13125,13640,10564,5901.913066
13126,13641,10565,5901.944048
13127,13642,10566,5901.979132
13128,13643,10567,5902.010177
13129,13644,10567,5902.010177
13130,13645,10568,5902.057109
13131,13646,10569,5902.091190
13132,13647,10570,5902.121705
13133,13648,10570,5902.121705
13134,13649,10571,5902.152071
13135,13650,10572,5902.184433
13136,13651,10573,5902.216898
13137,13652,10574,5902.248500
13138,13653,10574,5902.248500
13139,13654,10575,5902.281257
13140,13655,10576,5902.312926
13141,13656,10577,5902.346202
13142,13657,10577,5902.346202
13143,13658,10578,5902.392976
13144,13659,10579,5902.424768
13145,13660,10580,5902.456780
13146,13661,10580,5902.456780
13147,13662,10581,5902.489232
13148,13663,10582,5902.521118
13149,13664,10583,5902.552985
13150,13665,10584,5902.584801
13151,13666,10584,5902.584801
13152,13667,10585,5902.616223
13153,13668,10586,5902.649296
13154,13669,10587,5902.682904
13155,13670,10587,5902.682904
13156,13671,10588,5902.730024
13157,13672,10589,5902.762610
13158,13673,10589,5902.762610
13159,13674,10590,5902.792384
13160,13675,10591,5902.825860
13161,13676,10592,5902.856704
13162,13677,10593,5902.891168
13163,13678,10593,5902.891168
13164,13679,10594,5902.921924
13165,13680,10595,5902.954186
13166,13681,10596,5902.985378
13167,13682,10597,5903.018056
13168,13683,10597,5903.018056
13169,13684,10598,5903.050060
13170,13685,10599,5903.098434
13171,13686,10599,5903.098434
13172,13687,10600,5903.129664
13173,13688,10601,5903.161114
13174,13689,10602,5903.192511
13175,13690,10603,5903.223852
13176,13691,10603,5903.223852
13177,13692,10604,5903.258695
13178,13693,10605,5903.289172
13179,13694,10606,5903.321405
13180,13695,10607,5903.354753
13181,13696,10607,5903.354753
13182,13697,10608,5903.386394
13183,13698,10608,5903.386394
13184,13699,10609,5903.433948
13185,13700,10610,5903.465404
13186,13701,10611,5903.497883
13187,13702,10612,5903.530473
13188,13703,10613,5903.560859
13189,13704,10613,5903.560859
13190,13705,10614,5903.593176
13191,13706,10615,5903.627463
13192,13707,10616,5903.657892
13193,13708,10617,5903.689721
13194,13709,10617,5903.689721
13195,13710,10618,5903.720417
13196,13711,10618,5903.720417
13197,13712,10619,5903.770229
13198,13713,10620,5903.802187
13199,13714,10621,5903.834181
13200,13715,10622,5903.867719
13201,13716,10622,5903.867719
13202,13717,10623,5903.898231
13203,13718,10624,5903.930589
13204,13719,10625,5903.960872
13205,13720,10626,5903.993171
13206,13721,10626,5903.993171
13207,13722,10627,5904.025066
13208,13723,10628,5904.056854
13209,13724,10628,5904.056854
13210,13725,10629,5904.105134
13211,13726,10631,5904.138947
13212,13727,10632,5904.169920
13213,13728,10632,5904.169920
13214,13729,10632,5904.169920
13215,13730,10633,5904.232079
13216,13731,10634,5904.263726
13217,13732,10635,5904.298877
13218,13733,10636,5904.331417
13219,13734,10636,5904.331417
13220,13735,10637,5904.361956
13221,13736,10638,5904.393296
13222,13737,10638,5904.393296
13223,13738,10639,5904.441222
13224,13739,10641,5904.476774
13225,13740,10642,5904.506246
13226,13741,10643,5904.537256
13227,13742,10644,5904.568370
13228,13743,10644,5904.568370
13229,13744,10644,5904.568370
13230,13745,10645,5904.634459
13231,13746,10646,5904.665747
13232,13747,10647,5904.698668
13233,13748,10647,5904.698668
13234,13749,10648,5904.728876
13235,13750,10649,5904.761757
13236,13751,10649,5904.761757
13237,13752,10650,5904.809119
13238,13753,10652,5904.844032
13239,13754,10653,5904.873288
13240,13755,10654,5904.903534
13241,13756,10654,5904.903534
13242,13757,10655,5904.938956
13243,13758,10656,5904.971040
13244,13759,10656,5904.971040
13245,13760,10657,5905.033634
13246,13761,10657,5905.033634
13247,13762,10658,5905.065008
13248,13763,10659,5905.096529
13249,13764,10659,5905.096529
13250,13765,10660,5905.145231
13251,13766,10662,5905.181482
13252,13767,10663,5905.209408
13253,13768,10663,5905.209408
13254,13769,10664,5905.241428
13255,13770,10665,5905.273334
13256,13771,10666,5905.305755
13257,13772,10667,5905.337813
13258,13773,10668,5905.369355
13259,13774,10668,5905.369355
13260,13775,10668,5905.369355
13261,13776,10669,5905.434377
13262,13777,10669,5905.434377
13263,13778,10670,5905.483862
13264,13779,10672,5905.516400
13265,13780,10673,5905.546674
13266,13781,10673,5905.546674
13267,13782,10674,5905.578458
13268,13783,10675,5905.608631
13269,13784,10676,5905.641895
13270,13785,10677,5905.674453
13271,13786,10678,5905.704976
13272,13787,10678,5905.704976
13273,13788,10679,5905.737978
13274,13789,10680,5905.769165
13275,13790,10680,5905.769165
13276,13791,10680,5905.769165
13277,13792,10682,5905.852483
13278,13793,10683,5905.880991
13279,13794,10684,5905.913264
13280,13795,10684,5905.913264
13281,13796,10685,5905.944832
13282,13797,10686,5905.975518
13283,13798,10687,5906.008407
13284,13799,10688,5906.040796
13285,13800,10688,5906.040796
13286,13801,10689,5906.073835
13287,13802,10690,5906.105686
13288,13803,10690,5906.105686
13289,13804,10691,5906.155021
13290,13805,10692,5906.186242
13291,13806,10693,5906.217615
13292,13807,10693,5906.217615
13293,13808,10694,5906.250082
13294,13809,10695,5906.280660
13295,13810,10696,5906.313764
13296,13811,10697,5906.345231
13297,13812,10697,5906.345231
13298,13813,10698,5906.378253
13299,13814,10699,5906.408527
13300,13815,10700,5906.441012
13301,13816,10701,5906.472796
13302,13817,10701,5906.472796
13303,13818,10702,5906.520763
13304,13819,10703,5906.553982
13305,13820,10703,5906.553982
13306,13821,10704,5906.586439
13307,13822,10705,5906.616430
13308,13823,10706,5906.648899
13309,13824,10707,5906.681118
13310,13825,10707,5906.681118
13311,13826,10708,5906.714031
13312,13827,10709,5906.745970
13313,13828,10710,5906.777189
13314,13829,10711,5906.810904
13315,13830,10711,5906.810904
13316,13831,10712,5906.857894
13317,13832,10713,5906.890827
13318,13833,10714,5906.919236
13319,13834,10714,5906.919236
13320,13835,10715,5906.952938
13321,13836,10716,5906.985650
13322,13837,10717,5907.018566
13323,13838,10717,5907.018566
13324,13839,10718,5907.049806
13325,13840,10719,5907.081593
13326,13841,10720,5907.113515
13327,13842,10721,5907.144891
13328,13843,10721,5907.144891
13329,13844,10722,5907.192010
13330,13845,10723,5907.226155
13331,13846,10723,5907.226155
13332,13847,10724,5907.256625
13333,13848,10725,5907.290194
13334,13849,10726,5907.320203
13335,13850,10727,5907.353499
13336,13851,10727,5907.353499
13337,13852,10728,5907.386019
13338,13853,10729,5907.418358
13339,13854,10730,5907.448162
13340,13855,10731,5907.482377
13341,13856,10731,5907.482377
13342,13857,10732,5907.529107
13343,13858,10732,5907.529107
13344,13859,10733,5907.560971
13345,13860,10734,5907.592787
13346,13861,10735,5907.624075
13347,13862,10736,5907.659008
13348,13863,10736,5907.659008
13349,13864,10737,5907.690017
13350,13865,10738,5907.720217
13351,13866,10739,5907.754512
13352,13867,10740,5907.783966
13353,13868,10741,5907.816304
13354,13869,10741,5907.816304
13355,13870,10742,5907.867247
13356,13871,10742,5907.867247
13357,13872,10743,5907.896180
13358,13873,10744,5907.930328
13359,13874,10745,5907.962100
13360,13875,10746,5907.993042
13361,13876,10746,5907.993042
13362,13877,10747,5908.024889
13363,13878,10748,5908.058386
13364,13879,10749,5908.088747
13365,13880,10750,5908.122940
13366,13881,10750,5908.122940
13367,13882,10751,5908.154077
13368,13883,10752,5908.187145
13369,13884,10752,5908.187145
13370,13885,10753,5908.232028
13371,13886,10754,5908.263573
13372,13887,10755,5908.297882
13373,13888,10756,5908.328850
13374,13889,10757,5908.359954
13375,13890,10757,5908.359954
13376,13891,10758,5908.393825
13377,13892,10759,5908.425977
13378,13893,10760,5908.456601
13379,13894,10761,5908.489334
13380,13895,10761,5908.489334
13381,13896,10762,5908.522842
13382,13897,10762,5908.522842
13383,13898,10763,5908.568388
13384,13899,10764,5908.601331
13385,13900,10765,5908.632882
13386,13901,10766,5908.666866
13387,13902,10766,5908.666866
13388,13903,10767,5908.697303
13389,13904,10768,5908.729275
13390,13905,10769,5908.761235
13391,13906,10770,5908.791096
13392,13907,10771,5908.824936
13393,13908,10771,5908.824936
13394,13909,10772,5908.856769
13395,13910,10772,5908.856769
13396,13911,10773,5908.905318
13397,13912,10775,5908.941089
13398,13913,10776,5908.969698
13399,13914,10776,5908.969698
13400,13915,10776,5908.969698
13401,13916,10777,5909.033382
13402,13917,10778,5909.066698
13403,13918,10779,5909.098869
13404,13919,10780,5909.129644
13405,13920,10780,5909.129644
13406,13921,10781,5909.160642
13407,13922,10782,5909.192672
13408,13923,10782,5909.192672
13409,13924,10783,5909.240739
13410,13925,10785,5909.275238
13411,13926,10786,5909.305607
13412,13927,10787,5909.337902
13413,13928,10787,5909.337902
13414,13929,10788,5909.369756
13415,13930,10788,5909.369756
13416,13931,10789,5909.434232
13417,13932,10790,5909.465902
13418,13933,10791,5909.496442
13419,13934,10791,5909.496442
13420,13935,10792,5909.529177
13421,13936,10792,5909.529177
13422,13937,10793,5909.576865
13423,13938,10795,5909.611520
13424,13939,10796,5909.641332
13425,13940,10797,5909.672715
13426,13941,10797,5909.672715
13427,13942,10798,5909.704355
13428,13943,10799,5909.736612
13429,13944,10800,5909.768335
13430,13945,10800,5909.768335
13431,13946,10801,5909.832307
13432,13947,10801,5909.832307
13433,13948,10802,5909.864253
13434,13949,10803,5909.896738
13435,13950,10803,5909.896738
13436,13951,10805,5909.946210
13437,13952,10806,5909.978488
13438,13953,10807,5910.008456
13439,13954,10807,5910.008456
13440,13955,10808,5910.042231
13441,13956,10809,5910.074091
13442,13957,10810,5910.106839
13443,13958,10811,5910.136785
13444,13959,10811,5910.136785
13445,13960,10812,5910.170107
13446,13961,10812,5910.170107
13447,13962,10813,5910.234469
13448,13963,10813,5910.234469
13449,13964,10814,5910.280771
13450,13965,10816,5910.314898
13451,13966,10817,5910.346175
13452,13967,10817,5910.346175
13453,13968,10818,5910.377013
13454,13969,10819,5910.409892
13455,13970,10820,5910.440027
13456,13971,10821,5910.473432
13457,13972,10821,5910.473432
13458,13973,10822,5910.505570
13459,13974,10823,5910.536494
13460,13975,10824,5910.569467
13461,13976,10824,5910.569467
13462,13977,10824,5910.569467
13463,13978,10826,5910.651703
13464,13979,10827,5910.682372
13465,13980,10827,5910.682372
13466,13981,10828,5910.713418
13467,13982,10829,5910.746461
13468,13983,10830,5910.776613
13469,13984,10831,5910.811175
13470,13985,10831,5910.811175
13471,13986,10832,5910.841139
13472,13987,10833,5910.872901
13473,13988,10834,5910.905009
13474,13989,10834,5910.905009
13475,13990,10835,5910.952478
13476,13991,10836,5910.985527
13477,13992,10836,5910.985527
13478,13993,10837,5911.018611
13479,13994,10838,5911.050455
13480,13995,10839,5911.081405
13481,13996,10840,5911.114641
13482,13997,10841,5911.145578
13483,13998,10841,5911.145578
13484,13999,10842,5911.178663
13485,14000,10843,5911.208846
13486,14001,10844,5911.243407
13487,14002,10844,5911.243407
13488,14003,10845,5911.289516
13489,14004,10846,5911.322810
13490,14005,10847,5911.354314
13491,14006,10847,5911.354314
13492,14007,10848,5911.386377
13493,14008,10849,5911.417853
13494,14009,10850,5911.450580
13495,14010,10851,5911.482154
13496,14011,10851,5911.482154
13497,14012,10852,5911.514015
13498,14013,10853,5911.546873
13499,14014,10854,5911.577325
13500,14015,10854,5911.577325
13501,14016,10855,5911.625942
13502,14017,10856,5911.658598
13503,14018,10857,5911.688432
13504,14019,10857,5911.688432
13505,14020,10858,5911.721507
13506,14021,10859,5911.752272
13507,14022,10860,5911.785754
13508,14023,10861,5911.817928
13509,14024,10861,5911.817928
13510,14025,10862,5911.850766
13511,14026,10863,5911.880732
13512,14027,10864,5911.913307
13513,14028,10865,5911.945283
13514,14029,10865,5911.945283
13515,14030,10866,5911.994870
13516,14031,10867,5912.025576
13517,14032,10867,5912.025576
13518,14033,10868,5912.058108
13519,14034,10869,5912.089079
13520,14035,10870,5912.121280
13521,14036,10871,5912.153121
13522,14037,10871,5912.153121
13523,14038,10872,5912.185783
13524,14039,10873,5912.217005
13525,14040,10874,5912.247934
13526,14041,10875,5912.281534
13527,14042,10875,5912.281534
13528,14043,10876,5912.327795
13529,14044,10876,5912.327795
13530,14045,10877,5912.361788
13531,14046,10878,5912.392293
13532,14047,10879,5912.426284
13533,14048,10880,5912.457279
13534,14049,10881,5912.489750
13535,14050,10881,5912.489750
13536,14051,10882,5912.520696
13537,14052,10883,5912.553437
13538,14053,10884,5912.583462
13539,14054,10885,5912.618214
13540,14055,10885,5912.618214
13541,14056,10886,5912.665942
13542,14057,10886,5912.665942
13543,14058,10887,5912.697366
13544,14059,10888,5912.729399
13545,14060,10889,5912.762034
13546,14061,10890,5912.794419
13547,14062,10891,5912.824250
13548,14063,10891,5912.824250
13549,14064,10892,5912.856439
13550,14065,10893,5912.888225
13551,14066,10894,5912.921359
13552,14067,10895,5912.952059
13553,14068,10895,5912.952059
13554,14069,10896,5913.001170
13555,14070,10897,5913.032600
13556,14071,10897,5913.032600
13557,14072,10898,5913.066166
13558,14073,10899,5913.098043
13559,14074,10900,5913.131136
13560,14075,10901,5913.160138
13561,14076,10901,5913.160138
13562,14077,10902,5913.194559
13563,14078,10903,5913.224112
13564,14079,10904,5913.257952
13565,14080,10905,5913.289630
13566,14081,10905,5913.289630
13567,14082,10906,5913.338431
13568,14083,10907,5913.369489
13569,14084,10908,5913.372197
13570,14085,10908,5913.372197
13571,14086,10909,5913.433923
13572,14087,10910,5913.466468
13573,14088,10911,5913.497233
13574,14089,10911,5913.497233
13575,14090,10912,5913.530410
13576,14091,10913,5913.561061
13577,14092,10914,5913.593182
13578,14093,10915,5913.624809
13579,14094,10915,5913.624809
13580,14095,10916,5913.658654
13581,14096,10916,5913.658654
13582,14097,10917,5913.707370
13583,14098,10919,5913.739555
13584,14099,10920,5913.767971
13585,14100,10920,5913.767971
13586,14101,10921,5913.832407
13587,14102,10921,5913.832407
13588,14103,10922,5913.863838
13589,14104,10923,5913.896661
13590,14105,10924,5913.929484
13591,14106,10925,5913.960294
13592,14107,10925,5913.960294
13593,14108,10926,5913.994504
13594,14109,10926,5913.994504
13595,14110,10927,5914.041694
13596,14111,10929,5914.076825
13597,14112,10930,5914.105130
13598,14113,10931,5914.139139
13599,14114,10931,5914.139139
13600,14115,10932,5914.171006
13601,14116,10932,5914.171006
13602,14117,10933,5914.233461
13603,14118,10934,5914.265958
13604,14119,10935,5914.296760
13605,14120,10935,5914.296760
13606,14121,10936,5914.329072
13607,14122,10936,5914.329072
13608,14123,10937,5914.377081
13609,14124,10939,5914.410422
13610,14125,10940,5914.441643
13611,14126,10941,5914.473674
13612,14127,10942,5914.504163
13613,14128,10942,5914.504163
13614,14129,10943,5914.538492
13615,14130,10944,5914.569826
13616,14131,10944,5914.569826
13617,14132,10944,5914.569826
13618,14133,10945,5914.633588
13619,14134,10946,5914.664929
13620,14135,10946,5914.664929
13621,14136,10947,5914.714545
13622,14137,10949,5914.749673
13623,14138,10950,5914.778453
13624,14139,10951,5914.809137
13625,14140,10951,5914.809137
13626,14141,10952,5914.841409
13627,14142,10953,5914.871940
13628,14143,10954,5914.906614
13629,14144,10955,5914.939182
13630,14145,10955,5914.939182
13631,14146,10956,5914.968534
13632,14147,10956,5914.968534
13633,14148,10956,5914.968534
13634,14149,10957,5915.048356
13635,14150,10959,5915.085317
13636,14151,10960,5915.112165
13637,14152,10961,5915.145655
13638,14153,10961,5915.145655
13639,14154,10962,5915.176589
13640,14155,10963,5915.209739
13641,14156,10964,5915.241977
13642,14157,10965,5915.274241
13643,14158,10965,5915.274241
13644,14159,10966,5915.305125
13645,14160,10967,5915.336711
13646,14161,10968,5915.370043
13647,14162,10968,5915.370043
13648,14163,10968,5915.370043
13649,14164,10969,5915.452196
13650,14165,10970,5915.454647
13651,14166,10971,5915.481401
13652,14167,10972,5915.514259
13653,14168,10973,5915.546050
13654,14169,10974,5915.577358
13655,14170,10975,5915.608633
13656,14171,10975,5915.608633
13657,14172,10976,5915.640822
13658,14173,10977,5915.673476
13659,14174,10978,5915.704153
13660,14175,10978,5915.704153
13661,14176,10979,5915.753779
13662,14177,10980,5915.785344
13663,14178,10980,5915.785344
13664,14179,10981,5915.818303
13665,14180,10982,5915.848335
13666,14181,10983,5915.880886
13667,14182,10984,5915.912123
13668,14183,10985,5915.946136
13669,14184,10985,5915.946136
13670,14185,10986,5915.976271
13671,14186,10987,5916.009840
13672,14187,10988,5916.041805
13673,14188,10988,5916.041805
13674,14189,10989,5916.089898
13675,14190,10990,5916.120627
13676,14191,10990,5916.120627
13677,14192,10991,5916.154133
13678,14193,10992,5916.184821
13679,14194,10993,5916.217816
13680,14195,10994,5916.249250
13681,14196,10994,5916.249250
13682,14197,10995,5916.283050
13683,14198,10996,5916.312086
13684,14199,10997,5916.343797
13685,14200,10998,5916.375622
13686,14201,10998,5916.375622
13687,14202,10999,5916.424743
13688,14203,11000,5916.458559
13689,14204,11000,5916.458559
13690,14205,11001,5916.490431
13691,14206,11002,5916.521164
13692,14207,11003,5916.552354
13693,14208,11004,5916.586293
13694,14209,11004,5916.586293
13695,14210,11005,5916.619229
13696,14211,11006,5916.648204
13697,14212,11007,5916.682198
13698,14213,11008,5916.712523
13699,14214,11008,5916.712523
13700,14215,11009,5916.762224
13701,14216,11010,5916.794689
13702,14217,11010,5916.794689
13703,14218,11011,5916.824309
13704,14219,11012,5916.858135
13705,14220,11013,5916.890136
13706,14221,11014,5916.922228
13707,14222,11014,5916.922228
13708,14223,11015,5916.953799
13709,14224,11016,5916.984317
13710,14225,11017,5917.018423
13711,14226,11018,5917.048626
13712,14227,11018,5917.048626
13713,14228,11019,5917.080370
13714,14229,11020,5917.128823
13715,14230,11020,5917.128823
13716,14231,11021,5917.161692
13717,14232,11022,5917.193813
13718,14233,11023,5917.225481
13719,14234,11024,5917.256676
13720,14235,11024,5917.256676
13721,14236,11025,5917.290636
13722,14237,11026,5917.322269
13723,14238,11027,5917.354318
13724,14239,11028,5917.385517
13725,14240,11028,5917.385517
13726,14241,11029,5917.416912
13727,14242,11029,5917.416912
13728,14243,11030,5917.465816
13729,14244,11031,5917.498143
13730,14245,11032,5917.529665
13731,14246,11033,5917.562135
13732,14247,11034,5917.592471
13733,14248,11034,5917.592471
13734,14249,11035,5917.623705
13735,14250,11036,5917.655975
13736,14251,11037,5917.688772
13737,14252,11037,5917.688772
13738,14253,11038,5917.724935
13739,14254,11039,5917.754396
13740,14255,11040,5917.801230
13741,14256,11040,5917.801230
13742,14257,11041,5917.832968
13743,14258,11042,5917.863800
13744,14259,11043,5917.898960
13745,14260,11044,5917.929379
13746,14261,11044,5917.929379
13747,14262,11045,5917.960738
13748,14263,11046,5917.994597
13749,14264,11047,5918.026513
13750,14265,11048,5918.057014
13751,14266,11048,5918.057014
13752,14267,11049,5918.090385
13753,14268,11050,5918.136705
13754,14269,11050,5918.136705
13755,14270,11052,5918.173461
13756,14271,11052,5918.173461
13757,14272,11053,5918.232782
13758,14273,11054,5918.264984
13759,14274,11054,5918.264984
13760,14275,11055,5918.296177
13761,14276,11056,5918.328201
13762,14277,11057,5918.360854
13763,14278,11058,5918.393175
13764,14279,11058,5918.393175
13765,14280,11059,5918.426616
13766,14281,11059,5918.426616
13767,14282,11060,5918.473141
13768,14283,11062,5918.508441
13769,14284,11063,5918.536810
13770,14285,11064,5918.568444
13771,14286,11064,5918.568444
13772,14287,11064,5918.568444
13773,14288,11065,5918.633427
13774,14289,11066,5918.666217
13775,14290,11067,5918.695798
13776,14291,11068,5918.728914
13777,14292,11068,5918.728914
13778,14293,11069,5918.762135
13779,14294,11070,5918.791808
13780,14295,11070,5918.791808
13781,14296,11072,5918.845993
13782,14297,11073,5918.874112
13783,14298,11074,5918.904944
13784,14299,11075,5918.936663
13785,14300,11075,5918.936663
13786,14301,11076,5918.971613
13787,14302,11076,5918.971613
13788,14303,11077,5919.033203
13789,14304,11077,5919.033203
13790,14305,11078,5919.066497
13791,14306,11079,5919.095751
13792,14307,11080,5919.128368
13793,14308,11080,5919.128368
13794,14309,11081,5919.177551
13795,14310,11083,5919.212868
13796,14311,11084,5919.242169
13797,14312,11084,5919.242169
13798,14313,11085,5919.272531
13799,14314,11086,5919.305554
13800,14315,11087,5919.336679
13801,14316,11088,5919.370065
13802,14317,11088,5919.370065
13803,14318,11088,5919.370065
13804,14319,11089,5919.433067
13805,14320,11090,5919.465378
13806,14321,11090,5919.465378
13807,14322,11091,5919.515628
13808,14323,11093,5919.549367
13809,14324,11094,5919.576673
13810,14325,11094,5919.576673
13811,14326,11095,5919.610343
13812,14327,11096,5919.641165
13813,14328,11097,5919.673007
13814,14329,11098,5919.707248
13815,14330,11098,5919.707248
13816,14331,11099,5919.736995
13817,14332,11100,5919.770658
13818,14333,11100,5919.770658
13819,14334,11100,5919.770658
13820,14335,11101,5919.849242
13821,14336,11103,5919.884485
13822,14337,11104,5919.914121
13823,14338,11104,5919.914121
13824,14339,11105,5919.945589
13825,14340,11106,5919.976794
13826,14341,11107,5920.010372
13827,14342,11108,5920.040560
13828,14343,11108,5920.040560
13829,14344,11109,5920.073618
13830,14345,11110,5920.105134
13831,14346,11111,5920.136131
13832,14347,11111,5920.136131
13833,14348,11112,5920.188304
13834,14349,11113,5920.217737
13835,14350,11113,5920.217737
13836,14351,11114,5920.252214
13837,14352,11115,5920.280899
13838,14353,11116,5920.313817
13839,14354,11117,5920.345768
13840,14355,11118,5920.376561
13841,14356,11118,5920.376561
13842,14357,11119,5920.409614
13843,14358,11120,5920.441212
13844,14359,11121,5920.472844
13845,14360,11121,5920.472844
13846,14361,11122,5920.520115
13847,14362,11123,5920.552459
13848,14363,11124,5920.584804
13849,14364,11124,5920.584804
13850,14365,11125,5920.616041
13851,14366,11126,5920.647711
13852,14367,11127,5920.681810
13853,14368,11128,5920.713371
13854,14369,11128,5920.713371
13855,14370,11129,5920.744579
13856,14371,11130,5920.777177
13857,14372,11131,5920.810292
13858,14373,11132,5920.842781
13859,14374,11132,5920.842781
13860,14375,11133,5920.888996
13861,14376,11134,5920.921228
13862,14377,11134,5920.921228
13863,14378,11135,5920.952533
13864,14379,11136,5920.986065
13865,14380,11137,5921.015810
13866,14381,11138,5921.049881
13867,14382,11138,5921.049881
13868,14383,11139,5921.082349
13869,14384,11140,5921.112551
13870,14385,11141,5921.143873
13871,14386,11142,5921.177121
13872,14387,11142,5921.177121
13873,14388,11143,5921.225614
13874,14389,11143,5921.225614
13875,14390,11144,5921.257808
13876,14391,11145,5921.288512
13877,14392,11146,5921.320217
13878,14393,11147,5921.354493
13879,14394,11147,5921.354493
13880,14395,11148,5921.386137
13881,14396,11149,5921.419636
13882,14397,11150,5921.449894
13883,14398,11151,5921.481941
13884,14399,11152,5921.512538
13885,14400,11152,5921.512538
13886,14401,11153,5921.561960
13887,14402,11153,5921.561960
13888,14403,11154,5921.594982
13889,14404,11155,5921.625748
13890,14405,11156,5921.658568
13891,14406,11157,5921.689003
13892,14407,11157,5921.689003
13893,14408,11158,5921.721255
13894,14409,11159,5921.753701
13895,14410,11160,5921.785563
13896,14411,11161,5921.817087
13897,14412,11161,5921.817087
13898,14413,11162,5921.848880
13899,14414,11163,5921.897483
13900,14415,11163,5921.897483
13901,14416,11164,5921.928143
13902,14417,11165,5921.962329
13903,14418,11166,5921.993521
13904,14419,11167,5922.024155
13905,14420,11167,5922.024155
13906,14421,11168,5922.056388
13907,14422,11169,5922.088902
13908,14423,11170,5922.122495
13909,14424,11171,5922.152500
13910,14425,11171,5922.152500
13911,14426,11172,5922.187003
13912,14427,11173,5922.232938
13913,14428,11173,5922.232938
13914,14429,11174,5922.266199
13915,14430,11175,5922.296230
13916,14431,11176,5922.330800
13917,14432,11177,5922.360021
13918,14433,11177,5922.360021
13919,14434,11178,5922.394418
13920,14435,11179,5922.425173
13921,14436,11180,5922.457530
13922,14437,11181,5922.490412
13923,14438,11181,5922.490412
13924,14439,11182,5922.521811
13925,14440,11183,5922.554038
13926,14441,11183,5922.554038
13927,14442,11184,5922.600350
13928,14443,11185,5922.634234
13929,14444,11186,5922.665116
13930,14445,11186,5922.665116
13931,14446,11187,5922.697509
13932,14447,11188,5922.729062
13933,14448,11189,5922.761381
13934,14449,11190,5922.793312
13935,14450,11191,5922.825178
13936,14451,11191,5922.825178
13937,14452,11192,5922.857689
13938,14453,11193,5922.888850
13939,14454,11193,5922.888850
13940,14455,11194,5922.938381
13941,14456,11196,5922.972316
13942,14457,11196,5922.972316
13943,14458,11197,5923.034669
13944,14459,11197,5923.034669
13945,14460,11198,5923.065388
13946,14461,11199,5923.097573
13947,14462,11200,5923.130052
13948,14463,11201,5923.161037
13949,14464,11201,5923.161037
13950,14465,11202,5923.194049
13951,14466,11203,5923.225400
13952,14467,11203,5923.225400
13953,14468,11204,5923.273756
13954,14469,11206,5923.307988
13955,14470,11207,5923.337014
13956,14471,11207,5923.337014
13957,14472,11208,5923.369782
13958,14473,11208,5923.369782
13959,14474,11209,5923.433870
13960,14475,11210,5923.466552
13961,14476,11211,5923.497368
13962,14477,11211,5923.497368
13963,14478,11212,5923.528430
13964,14479,11213,5923.562001
13965,14480,11213,5923.562001
13966,14481,11214,5923.610038
13967,14482,11216,5923.643716
13968,14483,11217,5923.672914
13969,14484,11218,5923.703886
13970,14485,11218,5923.703886
13971,14486,11219,5923.736613
13972,14487,11220,5923.768295
13973,14488,11220,5923.768295
13974,14489,11221,5923.833764
13975,14490,11221,5923.833764
13976,14491,11222,5923.864938
13977,14492,11223,5923.896345
13978,14493,11223,5923.896345
13979,14494,11224,5923.946123
13980,14495,11226,5923.980735
13981,14496,11227,5924.009482
13982,14497,11227,5924.009482
13983,14498,11228,5924.041896
13984,14499,11229,5924.073870
13985,14500,11230,5924.105993
13986,14501,11231,5924.137248
13987,14502,11231,5924.137248
13988,14503,11232,5924.170073
13989,14504,11232,5924.170073
13990,14505,11233,5924.234964
13991,14506,11234,5924.266754
13992,14507,11234,5924.266754
13993,14508,11235,5924.313357
13994,14509,11236,5924.345129
13995,14510,11237,5924.347472
13996,14511,11238,5924.377386
13997,14512,11239,5924.409275
13998,14513,11240,5924.440999
13999,14514,11241,5924.471709
14000,14515,11241,5924.471709
14001,14516,11242,5924.505834
14002,14517,11243,5924.537715
14003,14518,11244,5924.569690
14004,14519,11244,5924.569690
14005,14520,11244,5924.569690
14006,14521,11245,5924.649371
14007,14522,11245,5924.649371
14008,14523,11247,5924.684754
14009,14524,11248,5924.713895
14010,14525,11249,5924.743948
14011,14526,11250,5924.778395
14012,14527,11250,5924.778395
14013,14528,11251,5924.809015
14014,14529,11252,5924.841420
14015,14530,11253,5924.874549
14016,14531,11254,5924.905272
14017,14532,11254,5924.905272
14018,14533,11255,5924.938834
14019,14534,11256,5924.986211
14020,14535,11256,5924.986211
14021,14536,11257,5925.017159
14022,14537,11258,5925.049723
14023,14538,11259,5925.081783
14024,14539,11260,5925.114191
14025,14540,11261,5925.144147
14026,14541,11261,5925.144147
14027,14542,11262,5925.176722
14028,14543,11263,5925.209049
14029,14544,11264,5925.240633
14030,14545,11264,5925.240633
14031,14546,11265,5925.273923
14032,14547,11266,5925.322634
14033,14548,11266,5925.322634
14034,14549,11267,5925.353707
14035,14550,11268,5925.384372
14036,14551,11269,5925.417519
14037,14552,11270,5925.448681
14038,14553,11271,5925.480131
14039,14554,11271,5925.480131
14040,14555,11272,5925.512617
14041,14556,11273,5925.545971
14042,14557,11274,5925.576953
14043,14558,11275,5925.608893
14044,14559,11275,5925.608893
14045,14560,11276,5925.657605
14046,14561,11276,5925.657605
14047,14562,11277,5925.688240
14048,14563,11278,5925.721052
14049,14564,11279,5925.753366
14050,14565,11280,5925.786843
14051,14566,11280,5925.786843
14052,14567,11281,5925.815953
14053,14568,11282,5925.847943
14054,14569,11283,5925.881871
14055,14570,11284,5925.915658
14056,14571,11284,5925.915658
14057,14572,11285,5925.945560
14058,14573,11286,5925.976671
14059,14574,11286,5925.976671
14060,14575,11287,5926.026522
14061,14576,11288,5926.056558
14062,14577,11289,5926.089584
14063,14578,11290,5926.121909
14064,14579,11290,5926.121909
14065,14580,11291,5926.153347
14066,14581,11292,5926.186982
14067,14582,11293,5926.219611
14068,14583,11294,5926.250860
14069,14584,11294,5926.250860
14070,14585,11295,5926.281048
14071,14586,11296,5926.312955
14072,14587,11296,5926.312955
14073,14588,11297,5926.362385
14074,14589,11298,5926.393060
14075,14590,11299,5926.424935
14076,14591,11300,5926.456264
14077,14592,11300,5926.456264
14078,14593,11301,5926.489222
14079,14594,11302,5926.522375
14080,14595,11303,5926.554349
14081,14596,11304,5926.584923
14082,14597,11304,5926.584923
14083,14598,11305,5926.617054
14084,14599,11306,5926.650647
14085,14600,11306,5926.650647
14086,14601,11307,5926.695101
14087,14602,11308,5926.728581
14088,14603,11309,5926.759740
14089,14604,11310,5926.793308
14090,14605,11310,5926.793308
14091,14606,11311,5926.825032
14092,14607,11312,5926.856656
14093,14608,11313,5926.889628
14094,14609,11314,5926.921670
14095,14610,11314,5926.921670
14096,14611,11315,5926.954514
14097,14612,11316,5926.985268
14098,14613,11316,5926.985268
14099,14614,11317,5927.034564
14100,14615,11318,5927.064889
14101,14616,11319,5927.097034
14102,14617,11320,5927.129843
14103,14618,11320,5927.129843
14104,14619,11321,5927.161847
14105,14620,11322,5927.193569
14106,14621,11323,5927.224333
14107,14622,11324,5927.256510
14108,14623,11325,5927.288499
14109,14624,11325,5927.288499
14110,14625,11326,5927.322283
14111,14626,11326,5927.322283
14112,14627,11327,5927.369976
14113,14628,11328,5927.400295
14114,14629,11329,5927.433159
14115,14630,11330,5927.465092
14116,14631,11330,5927.465092
14117,14632,11331,5927.498246
14118,14633,11332,5927.530769
14119,14634,11333,5927.561817
14120,14635,11334,5927.592095
14121,14636,11335,5927.625954
14122,14637,11335,5927.625954
14123,14638,11336,5927.658759
14124,14639,11337,5927.690620
14125,14640,11337,5927.690620
14126,14641,11339,5927.740513
14127,14642,11340,5927.769560
14128,14643,11340,5927.769560
14129,14644,11341,5927.833389
14130,14645,11341,5927.833389
14131,14646,11342,5927.863710
14132,14647,11343,5927.897322
14133,14648,11344,5927.929458
14134,14649,11345,5927.961488
14135,14650,11345,5927.961488
14136,14651,11346,5927.992304
14137,14652,11347,5928.025607
14138,14653,11347,5928.025607
14139,14654,11348,5928.074282
14140,14655,11350,5928.109187
14141,14656,11351,5928.136988
14142,14657,11352,5928.170555
14143,14658,11352,5928.170555
14144,14659,11352,5928.170555
14145,14660,11353,5928.231696
14146,14661,11354,5928.265432
14147,14662,11355,5928.297679
14148,14663,11355,5928.297679
14149,14664,11356,5928.329112
14150,14665,11357,5928.362003
14151,14666,11357,5928.362003
14152,14667,11358,5928.410528
14153,14668,11360,5928.443467
14154,14669,11361,5928.474750
14155,14670,11362,5928.504929
14156,14671,11362,5928.504929
14157,14672,11363,5928.536896
14158,14673,11364,5928.568127
14159,14674,11364,5928.568127
14160,14675,11365,5928.632670
14161,14676,11365,5928.632670
14162,14677,11366,5928.664472
14163,14678,11367,5928.697626
14164,14679,11367,5928.697626
14165,14680,11368,5928.746350
14166,14681,11370,5928.779594
14167,14682,11371,5928.808651
14168,14683,11372,5928.839646
14169,14684,11372,5928.839646
14170,14685,11373,5928.872943
14171,14686,11374,5928.906234
14172,14687,11375,5928.938113
14173,14688,11375,5928.938113
14174,14689,11376,5928.971618
14175,14690,11376,5928.971618
14176,14691,11377,5929.032974
14177,14692,11377,5929.032974
14178,14693,11378,5929.082335
14179,14694,11380,5929.117011
14180,14695,11381,5929.145876
14181,14696,11381,5929.145876
14182,14697,11382,5929.177225
14183,14698,11383,5929.210307
14184,14699,11384,5929.240974
14185,14700,11385,5929.274045
14186,14701,11386,5929.304648
14187,14702,11386,5929.304648
14188,14703,11387,5929.337051
14189,14704,11388,5929.369074
14190,14705,11388,5929.369074
14191,14706,11388,5929.369074
14192,14707,11390,5929.452184
14193,14708,11391,5929.481041
14194,14709,11391,5929.481041
14195,14710,11392,5929.512673
14196,14711,11393,5929.546076
14197,14712,11394,5929.577336
14198,14713,11395,5929.610348
14199,14714,11395,5929.610348
14200,14715,11396,5929.641516
14201,14716,11397,5929.673135
14202,14717,11398,5929.704495
14203,14718,11399,5929.737893
14204,14719,11399,5929.737893
14205,14720,11400,5929.786911
14206,14721,11401,5929.817113
14207,14722,11401,5929.817113
14208,14723,11402,5929.850727
14209,14724,11403,5929.880871
14210,14725,11404,5929.911917
14211,14726,11405,5929.945977
14212,14727,11405,5929.945977
14213,14728,11406,5929.976900
14214,14729,11407,5930.009339
14215,14730,11408,5930.041006
14216,14731,11409,5930.074176
14217,14732,11409,5930.074176
14218,14733,11410,5930.122040
14219,14734,11411,5930.153155
14220,14735,11411,5930.153155
14221,14736,11412,5930.186318
14222,14737,11413,5930.217666
14223,14738,11414,5930.249697
14224,14739,11415,5930.282852
14225,14740,11415,5930.282852
14226,14741,11416,5930.313147
14227,14742,11417,5930.345197
14228,14743,11418,5930.378204
14229,14744,11419,5930.409685
14230,14745,11419,5930.409685
14231,14746,11420,5930.458814
14232,14747,11421,5930.488872
14233,14748,11421,5930.488872
14234,14749,11422,5930.519978
14235,14750,11423,5930.554345
14236,14751,11424,5930.584379
14237,14752,11425,5930.617873
14238,14753,11425,5930.617873
14239,14754,11426,5930.649830
14240,14755,11427,5930.682059
14241,14756,11428,5930.713421
14242,14757,11429,5930.744784
14243,14758,11429,5930.744784
14244,14759,11430,5930.794227
14245,14760,11430,5930.794227
14246,14761,11431,5930.824549
14247,14762,11432,5930.856652
14248,14763,11433,5930.889493
14249,14764,11434,5930.921212
14250,14765,11434,5930.921212
14251,14766,11435,5930.953583
14252,14767,11436,5930.986629
14253,14768,11437,5931.015457
14254,14769,11438,5931.049045
14255,14770,11439,5931.081562
14256,14771,11439,5931.081562
14257,14772,11440,5931.130433
14258,14773,11440,5931.130433
14259,14774,11441,5931.159948
14260,14775,11442,5931.193815
14261,14776,11443,5931.226263
14262,14777,11444,5931.258914
14263,14778,11445,5931.287565
14264,14779,11445,5931.287565
14265,14780,11446,5931.320532
14266,14781,11447,5931.351967
14267,14782,11448,5931.383704
14268,14783,11449,5931.417280
14269,14784,11449,5931.417280
14270,14785,11450,5931.449252
14271,14786,11450,5931.449252
14272,14787,11451,5931.497433
14273,14788,11452,5931.527848
14274,14789,11453,5931.561116
14275,14790,11454,5931.594668
14276,14791,11455,5931.624486
14277,14792,11455,5931.624486
14278,14793,11456,5931.656601
14279,14794,11457,5931.689617
14280,14795,11458,5931.721388
14281,14796,11459,5931.752900
14282,14797,11459,5931.752900
14283,14798,11460,5931.786946
14284,14799,11460,5931.786946
14285,14800,11461,5931.833150
14286,14801,11462,5931.864765
14287,14802,11463,5931.897939
14288,14803,11464,5931.930109
14289,14804,11465,5931.960206
14290,14805,11465,5931.960206
14291,14806,11466,5931.993770
14292,14807,11467,5932.024954
14293,14808,11468,5932.057843
14294,14809,11469,5932.088742
14295,14810,11469,5932.088742
14296,14811,11470,5932.122407
14297,14812,11470,5932.122407
14298,14813,11471,5932.169794
14299,14814,11472,5932.202059
14300,14815,11473,5932.234219
14301,14816,11474,5932.264826
14302,14817,11475,5932.296894
14303,14818,11475,5932.296894
14304,14819,11476,5932.329668
14305,14820,11477,5932.361564
14306,14821,11478,5932.392425
14307,14822,11479,5932.424399
14308,14823,11479,5932.424399
14309,14824,11480,5932.456798
14310,14825,11481,5932.506152
14311,14826,11481,5932.506152
14312,14827,11483,5932.539505
14313,14828,11484,5932.570369
14314,14829,11484,5932.570369
14315,14830,11484,5932.570369
14316,14831,11485,5932.635630
14317,14832,11486,5932.665157
14318,14833,11487,5932.697738
14319,14834,11488,5932.728949
14320,14835,11489,5932.761982
14321,14836,11489,5932.761982
14322,14837,11490,5932.795098
14323,14838,11491,5932.839251
14324,14839,11491,5932.839251
14325,14840,11493,5932.874567
14326,14841,11494,5932.905569
14327,14842,11495,5932.935152
14328,14843,11496,5932.970328
14329,14844,11496,5932.970328
14330,14845,11496,5932.970328
14331,14846,11497,5933.033880
14332,14847,11498,5933.065609
14333,14848,11499,5933.098837
14334,14849,11499,5933.098837
14335,14850,11500,5933.129671
14336,14851,11501,5933.162261
14337,14852,11501,5933.162261
14338,14853,11502,5933.210923
14339,14854,11504,5933.245718
14340,14855,11505,5933.273573
14341,14856,11506,5933.304995
14342,14857,11506,5933.304995
14343,14858,11507,5933.336950
14344,14859,11508,5933.370120
14345,14860,11508,5933.370120
14346,14861,11509,5933.433785
14347,14862,11509,5933.433785
14348,14863,11510,5933.464333
14349,14864,11511,5933.497874
14350,14865,11511,5933.497874
14351,14866,11512,5933.545748
14352,14867,11514,5933.581199
14353,14868,11515,5933.608315
14354,14869,11515,5933.608315
14355,14870,11516,5933.643725
14356,14871,11517,5933.673610
14357,14872,11518,5933.704757
14358,14873,11519,5933.738132
14359,14874,11520,5933.769207
14360,14875,11520,5933.769207
14361,14876,11520,5933.769207
14362,14877,11521,5933.834338
14363,14878,11521,5933.834338
14364,14879,11522,5933.880575
14365,14880,11524,5933.916245
14366,14881,11525,5933.945912
14367,14882,11525,5933.945912
14368,14883,11526,5933.977175
14369,14884,11527,5934.009901
14370,14885,11528,5934.040394
14371,14886,11529,5934.074316
14372,14887,11529,5934.074316
14373,14888,11530,5934.105639
14374,14889,11531,5934.137554
14375,14890,11532,5934.171417
14376,14891,11532,5934.171417
14377,14892,11532,5934.171417
14378,14893,11534,5934.252714
14379,14894,11535,5934.282600
14380,14895,11535,5934.282600
14381,14896,11536,5934.312203
14382,14897,11537,5934.344843
14383,14898,11538,5934.377861
14384,14899,11539,5934.408772
14385,14900,11539,5934.408772
14386,14901,11540,5934.439961
14387,14902,11541,5934.475303
14388,14903,11542,5934.505428
14389,14904,11542,5934.505428
14390,14905,11543,5934.554580
14391,14906,11544,5934.585234
14392,14907,11545,5934.617384
14393,14908,11545,5934.617384
14394,14909,11546,5934.650210
14395,14910,11547,5934.681092
14396,14911,11548,5934.713878
14397,14912,11549,5934.745028
14398,14913,11549,5934.745028
14399,14914,11550,5934.778611
14400,14915,11551,5934.808707
14401,14916,11552,5934.842666
14402,14917,11553,5934.872860
14403,14918,11553,5934.872860
14404,14919,11554,5934.922672
14405,14920,11555,5934.952518
14406,14921,11555,5934.952518
14407,14922,11556,5934.986990
14408,14923,11557,5935.018056
14409,14924,11558,5935.048806
14410,14925,11559,5935.081576
14411,14926,11559,5935.081576
14412,14927,11560,5935.113635
14413,14928,11561,5935.146862
14414,14929,11562,5935.178747
14415,14930,11563,5935.209775
14416,14931,11563,5935.209775
14417,14932,11564,5935.258037
14418,14933,11565,5935.289046
14419,14934,11565,5935.289046
14420,14935,11566,5935.322409
14421,14936,11567,5935.351701
14422,14937,11568,5935.386432
14423,14938,11569,5935.416775
14424,14939,11569,5935.416775
14425,14940,11570,5935.449310
14426,14941,11571,5935.482201
14427,14942,11572,5935.513722
14428,14943,11573,5935.544169
14429,14944,11573,5935.544169
14430,14945,11574,5935.594023
14431,14946,11575,5935.624252
14432,14947,11575,5935.624252
14433,14948,11576,5935.656707
14434,14949,11577,5935.690354
14435,14950,11578,5935.722708
14436,14951,11579,5935.754731
14437,14952,11579,5935.754731
14438,14953,11580,5935.784070
14439,14954,11581,5935.819555
14440,14955,11582,5935.848185
14441,14956,11583,5935.880883
14442,14957,11583,5935.880883
14443,14958,11584,5935.929502
14444,14959,11585,5935.963084
14445,14960,11585,5935.963084
14446,14961,11586,5935.992675
14447,14962,11587,5936.026731
14448,14963,11588,5936.056004
14449,14964,11589,5936.089018
14450,14965,11589,5936.089018
14451,14966,11590,5936.122586
14452,14967,11591,5936.151980
14453,14968,11592,5936.185400
14454,14969,11593,5936.217825
14455,14970,11593,5936.217825
14456,14971,11594,5936.265766
14457,14972,11594,5936.265766
14458,14973,11595,5936.298121
14459,14974,11596,5936.331749
14460,14975,11597,5936.361688
14461,14976,11598,5936.393665
14462,14977,11599,5936.425011
14463,14978,11600,5936.456262
14464,14979,11600,5936.456262
14465,14980,11601,5936.490534
14466,14981,11602,5936.520947
14467,14982,11603,5936.554865
14468,14983,11604,5936.584764
14469,14984,11604,5936.584764
14470,14985,11605,5936.633584
14471,14986,11605,5936.633584
14472,14987,11606,5936.664918
14473,14988,11607,5936.697815
14474,14989,11608,5936.729608
14475,14990,11609,5936.761263
14476,14991,11610,5936.792478
14477,14992,11610,5936.792478
14478,14993,11611,5936.825672
14479,14994,11612,5936.859122
14480,14995,11613,5936.889916
14481,14996,11614,5936.920848
14482,14997,11614,5936.920848
14483,14998,11615,5936.969933
14484,14999,11615,5936.969933
14485,15000,11616,5937.000640
14486,15001,11617,5937.032429
14487,15002,11618,5937.065706
14488,15003,11619,5937.098427
14489,15004,11619,5937.098427
14490,15005,11620,5937.129647
14491,15006,11621,5937.160905
14492,15007,11622,5937.194709
14493,15008,11623,5937.225043
14494,15009,11623,5937.225043
14495,15010,11624,5937.256578
14496,15011,11625,5937.304489
14497,15012,11625,5937.304489
14498,15013,11627,5937.340819
14499,15014,11628,5937.370085
14500,15015,11628,5937.370085
14501,15016,11629,5937.433335
14502,15017,11629,5937.433335
14503,15018,11630,5937.464657
14504,15019,11631,5937.496565
14505,15020,11632,5937.530181
14506,15021,11633,5937.562602
14507,15022,11633,5937.562602
14508,15023,11634,5937.593004
14509,15024,11635,5937.640848
14510,15025,11635,5937.640848
14511,15026,11637,5937.674269
14512,15027,11638,5937.704907
14513,15028,11639,5937.736508
14514,15029,11640,5937.770384
14515,15030,11640,5937.770384
14516,15031,11640,5937.770384
14517,15032,11641,5937.832048
14518,15033,11642,5937.866374
14519,15034,11643,5937.897353
14520,15035,11643,5937.897353
14521,15036,11644,5937.928735
14522,15037,11645,5937.976737
14523,15038,11645,5937.976737
14524,15039,11647,5938.010756
14525,15040,11648,5938.041404
14526,15041,11649,5938.074540
14527,15042,11649,5938.074540
14528,15043,11650,5938.107503
14529,15044,11651,5938.137451
14530,15045,11652,5938.171049
14531,15046,11652,5938.171049
14532,15047,11653,5938.234170
14533,15048,11653,5938.234170
14534,15049,11654,5938.265641
14535,15050,11655,5938.312491
14536,15051,11655,5938.312491
14537,15052,11657,5938.347000
14538,15053,11658,5938.377214
14539,15054,11659,5938.409531
14540,15055,11660,5938.440413
14541,15056,11660,5938.440413
14542,15057,11661,5938.472590
14543,15058,11662,5938.505022
14544,15059,11663,5938.537377
14545,15060,11664,5938.570853
14546,15061,11664,5938.570853
14547,15062,11664,5938.570853
14548,15063,11665,5938.634048
14549,15064,11665,5938.634048
14550,15065,11666,5938.680840
14551,15066,11668,5938.716551
14552,15067,11669,5938.744948
14553,15068,11670,5938.776854
14554,15069,11670,5938.776854
14555,15070,11671,5938.809715
14556,15071,11672,5938.842017
14557,15072,11673,5938.874725
14558,15073,11674,5938.904898
14559,15074,11674,5938.904898
14560,15075,11675,5938.937220
14561,15076,11676,5938.967636
14562,15077,11676,5938.967636
14563,15078,11676,5938.967636
14564,15079,11678,5939.052740
14565,15080,11679,5939.082465
14566,15081,11680,5939.113035
14567,15082,11680,5939.113035
14568,15083,11681,5939.145946
14569,15084,11682,5939.176379
14570,15085,11683,5939.210043
14571,15086,11684,5939.242146
14572,15087,11684,5939.242146
14573,15088,11685,5939.273157
14574,15089,11686,5939.305845
14575,15090,11686,5939.305845
14576,15091,11687,5939.354450
14577,15092,11688,5939.385198
14578,15093,11689,5939.418362
14579,15094,11689,5939.418362
14580,15095,11690,5939.449892
14581,15096,11691,5939.480850
14582,15097,11692,5939.512933
14583,15098,11693,5939.544401
14584,15099,11694,5939.578123
14585,15100,11694,5939.578123
14586,15101,11695,5939.609067
14587,15102,11696,5939.642343
14588,15103,11696,5939.642343
14589,15104,11697,5939.688539
14590,15105,11698,5939.720953
14591,15106,11699,5939.755343
14592,15107,11699,5939.755343
14593,15108,11700,5939.785232
14594,15109,11701,5939.816657
14595,15110,11702,5939.850992
14596,15111,11703,5939.880954
14597,15112,11703,5939.880954
14598,15113,11704,5939.913125
14599,15114,11705,5939.945638
14600,15115,11706,5939.977811
14601,15116,11706,5939.977811
14602,15117,11707,5940.026781
14603,15118,11708,5940.058915
14604,15119,11709,5940.089447
14605,15120,11709,5940.089447
14606,15121,11710,5940.120972
14607,15122,11711,5940.154805
14608,15123,11712,5940.184742
14609,15124,11713,5940.218916
14610,15125,11714,5940.247036
14611,15126,11714,5940.247036
14612,15127,11715,5940.281879
14613,15128,11716,5940.314599
14614,15129,11717,5940.344721
14615,15130,11717,5940.344721
14616,15131,11718,5940.392866
14617,15132,11719,5940.426872
14618,15133,11719,5940.426872
14619,15134,11720,5940.457677
14620,15135,11721,5940.488678
14621,15136,11722,5940.521860
14622,15137,11723,5940.552679
14623,15138,11723,5940.552679
14624,15139,11724,5940.584937
14625,15140,11725,5940.617951
14626,15141,11726,5940.650638
14627,15142,11727,5940.681079
14628,15143,11727,5940.681079
14629,15144,11728,5940.730430
14630,15145,11729,5940.759998
14631,15146,11729,5940.759998
14632,15147,11730,5940.792945
14633,15148,11731,5940.825333
14634,15149,11732,5940.857469
14635,15150,11733,5940.887873
14636,15151,11733,5940.887873
14637,15152,11734,5940.919898
14638,15153,11735,5940.952684
14639,15154,11736,5940.986035
14640,15155,11737,5941.017165
14641,15156,11737,5941.017165
14642,15157,11738,5941.067577
14643,15158,11738,5941.067577
14644,15159,11739,5941.097322
14645,15160,11740,5941.129512
14646,15161,11741,5941.161742
14647,15162,11742,5941.192348
14648,15163,11743,5941.223985
14649,15164,11743,5941.223985
14650,15165,11744,5941.256631
14651,15166,11745,5941.289127
14652,15167,11746,5941.320970
14653,15168,11747,5941.352788
14654,15169,11747,5941.352788
14655,15170,11748,5941.400275
14656,15171,11748,5941.400275
14657,15172,11749,5941.433346
14658,15173,11750,5941.467282
14659,15174,11751,5941.497970
14660,15175,11752,5941.528659
14661,15176,11752,5941.528659
14662,15177,11753,5941.560258
14663,15178,11754,5941.594213
14664,15179,11755,5941.625326
14665,15180,11756,5941.657236
14666,15181,11756,5941.657236
14667,15182,11757,5941.688380
14668,15183,11758,5941.735849
14669,15184,11758,5941.735849
14670,15185,11760,5941.775032
14671,15186,11760,5941.775032
14672,15187,11761,5941.833793
14673,15188,11762,5941.866889
14674,15189,11762,5941.866889
14675,15190,11763,5941.897626
14676,15191,11764,5941.931395
14677,15192,11765,5941.961011
14678,15193,11766,5941.993487
14679,15194,11766,5941.993487
14680,15195,11767,5942.026164
14681,15196,11768,5942.056737
14682,15197,11768,5942.056737
14683,15198,11769,5942.104574
14684,15199,11771,5942.139626
14685,15200,11772,5942.169021
14686,15201,11772,5942.169021
14687,15202,11772,5942.169021
14688,15203,11773,5942.234417
14689,15204,11774,5942.265219
14690,15205,11775,5942.297839
14691,15206,11776,5942.328587
14692,15207,11776,5942.328587
14693,15208,11777,5942.360896
14694,15209,11778,5942.392582
14695,15210,11778,5942.392582
14696,15211,11779,5942.441345
14697,15212,11781,5942.476832
14698,15213,11782,5942.504515
14699,15214,11783,5942.536572
14700,15215,11783,5942.536572
14701,15216,11784,5942.568590
14702,15217,11784,5942.568590
14703,15218,11785,5942.633649
14704,15219,11786,5942.666211
14705,15220,11786,5942.666211
14706,15221,11787,5942.697354
14707,15222,11788,5942.728453
14708,15223,11788,5942.728453
14709,15224,11789,5942.776779
14710,15225,11791,5942.813113
14711,15226,11792,5942.841818
14712,15227,11793,5942.872692
14713,15228,11793,5942.872692
14714,15229,11794,5942.906806
14715,15230,11795,5942.936840
14716,15231,11796,5942.969543
14717,15232,11796,5942.969543
14718,15233,11796,5942.969543
14719,15234,11797,5943.032065
14720,15235,11798,5943.064228
14721,15236,11798,5943.064228
14722,15237,11799,5943.114732
14723,15238,11801,5943.148919
14724,15239,11802,5943.177101
14725,15240,11802,5943.177101
14726,15241,11803,5943.210125
14727,15242,11804,5943.242627
14728,15243,11805,5943.273922
14729,15244,11806,5943.306802
14730,15245,11806,5943.306802
14731,15246,11807,5943.337733
14732,15247,11808,5943.369712
14733,15248,11808,5943.369712
14734,15249,11808,5943.369712
14735,15250,11809,5943.449949
14736,15251,11811,5943.485848
14737,15252,11812,5943.514777
14738,15253,11812,5943.514777
14739,15254,11813,5943.544836
14740,15255,11814,5943.576181
14741,15256,11815,5943.608592
14742,15257,11816,5943.641395
14743,15258,11816,5943.641395
14744,15259,11817,5943.673146
14745,15260,11818,5943.704677
14746,15261,11819,5943.736189
14747,15262,11820,5943.769432
14748,15263,11820,5943.769432
14749,15264,11821,5943.816563
14750,15265,11822,5943.849015
14751,15266,11822,5943.849015
14752,15267,11823,5943.881239
14753,15268,11824,5943.915775
14754,15269,11825,5943.946467
14755,15270,11826,5943.978382
14756,15271,11827,5944.008199
14757,15272,11827,5944.008199
14758,15273,11828,5944.041349
14759,15274,11829,5944.073979
14760,15275,11830,5944.104351
14761,15276,11830,5944.104351
14762,15277,11831,5944.154261
14763,15278,11832,5944.186542
14764,15279,11832,5944.186542
14765,15280,11833,5944.215975
14766,15281,11834,5944.249708
14767,15282,11835,5944.282181
14768,15283,11836,5944.313942
14769,15284,11836,5944.313942
14770,15285,11837,5944.346401
14771,15286,11838,5944.376591
14772,15287,11839,5944.410006
14773,15288,11840,5944.442080
14774,15289,11840,5944.442080
14775,15290,11841,5944.489385
14776,15291,11842,5944.521275
14777,15292,11842,5944.521275
14778,15293,11843,5944.551863
14779,15294,11844,5944.587609
14780,15295,11845,5944.618518
14781,15296,11846,5944.649356
14782,15297,11846,5944.649356
14783,15298,11847,5944.680972
14784,15299,11848,5944.712579
14785,15300,11849,5944.745689
14786,15301,11850,5944.778450
14787,15302,11850,5944.778450
14788,15303,11851,5944.826414
14789,15304,11852,5944.856948
14790,15305,11852,5944.856948
14791,15306,11853,5944.888086
14792,15307,11854,5944.922301
14793,15308,11855,5944.952304
14794,15309,11856,5944.986764
14795,15310,11856,5944.986764
14796,15311,11857,5945.017826
14797,15312,11858,5945.049006
14798,15313,11859,5945.080937
14799,15314,11860,5945.112995
14800,15315,11860,5945.112995
14801,15316,11861,5945.161077
14802,15317,11862,5945.192524
14803,15318,11862,5945.192524
14804,15319,11863,5945.224109
14805,15320,11864,5945.256575
14806,15321,11865,5945.289775
14807,15322,11866,5945.322691
14808,15323,11866,5945.322691
14809,15324,11867,5945.354219
14810,15325,11868,5945.385549
14811,15326,11869,5945.415334
14812,15327,11870,5945.449523
14813,15328,11870,5945.449523
14814,15329,11871,5945.482453
14815,15330,11871,5945.482453
14816,15331,11872,5945.528654
14817,15332,11873,5945.561393
14818,15333,11874,5945.592278
14819,15334,11875,5945.624914
14820,15335,11875,5945.624914
14821,15336,11876,5945.657088
14822,15337,11877,5945.689862
14823,15338,11878,5945.721970
14824,15339,11879,5945.753269
14825,15340,11879,5945.753269
14826,15341,11880,5945.785229
14827,15342,11881,5945.815958
14828,15343,11881,5945.815958
14829,15344,11882,5945.867012
14830,15345,11883,5945.897286
14831,15346,11884,5945.929965
14832,15347,11885,5945.962526
14833,15348,11885,5945.962526
14834,15349,11886,5945.993665
14835,15350,11887,5946.025265
14836,15351,11888,5946.056015
14837,15352,11889,5946.088571
14838,15353,11889,5946.088571
14839,15354,11890,5946.122550
14840,15355,11891,5946.153157
14841,15356,11891,5946.153157
14842,15357,11892,5946.200254
14843,15358,11893,5946.234202
14844,15359,11894,5946.265973
14845,15360,11895,5946.297027
14846,15361,11895,5946.297027
14847,15362,11896,5946.327731
14848,15363,11897,5946.360288
14849,15364,11898,5946.394062
14850,15365,11899,5946.424754
14851,15366,11899,5946.424754
14852,15367,11900,5946.458620
14853,15368,11901,5946.489539
14854,15369,11901,5946.489539
14855,15370,11902,5946.536284
14856,15371,11904,5946.572684
14857,15372,11904,5946.572684
14858,15373,11905,5946.633437
14859,15374,11905,5946.633437
14860,15375,11906,5946.665607
14861,15376,11907,5946.696305
14862,15377,11908,5946.729519
14863,15378,11909,5946.760788
14864,15379,11909,5946.760788
14865,15380,11910,5946.792692
14866,15381,11911,5946.824973
14867,15382,11911,5946.824973
14868,15383,11912,5946.874302
14869,15384,11914,5946.907962
14870,15385,11915,5946.938089
14871,15386,11915,5946.938089
14872,15387,11916,5946.969754
14873,15388,11916,5946.969754
14874,15389,11917,5947.034346
14875,15390,11918,5947.066093
14876,15391,11919,5947.096686
14877,15392,11919,5947.096686
14878,15393,11920,5947.130036
14879,15394,11921,5947.161535
14880,15395,11921,5947.161535
14881,15396,11922,5947.211500
14882,15397,11924,5947.244106
14883,15398,11925,5947.274202
14884,15399,11925,5947.274202
14885,15400,11926,5947.304043
14886,15401,11927,5947.339553
14887,15402,11928,5947.369064
14888,15403,11928,5947.369064
14889,15404,11928,5947.369064
14890,15405,11929,5947.432480
14891,15406,11930,5947.464768
14892,15407,11931,5947.495769
14893,15408,11932,5947.528936
14894,15409,11932,5947.528936
14895,15410,11933,5947.576662
14896,15411,11935,5947.610537
14897,15412,11935,5947.610537
14898,15413,11936,5947.641641
14899,15414,11937,5947.673674
14900,15415,11938,5947.705258
14901,15416,11939,5947.736143
14902,15417,11939,5947.736143
14903,15418,11940,5947.768870
14904,15419,11940,5947.768870
14905,15420,11941,5947.833070
14906,15421,11942,5947.864431
14907,15422,11942,5947.864431
14908,15423,11943,5947.913037
14909,15424,11943,5947.913037
14910,15425,11945,5947.948891
14911,15426,11946,5947.976923
14912,15427,11947,5948.008988
14913,15428,11948,5948.041563
14914,15429,11949,5948.073178
14915,15430,11949,5948.073178
14916,15431,11950,5948.104529
14917,15432,11951,5948.136526
14918,15433,11952,5948.170700
14919,15434,11952,5948.170700
14920,15435,11952,5948.170700
14921,15436,11953,5948.249981
14922,15437,11953,5948.249981
14923,15438,11955,5948.284476
14924,15439,11956,5948.313667
14925,15440,11957,5948.345756
14926,15441,11958,5948.377690
14927,15442,11959,5948.409456
14928,15443,11959,5948.409456
14929,15444,11960,5948.442454
14930,15445,11961,5948.473995
14931,15446,11962,5948.504996
14932,15447,11963,5948.538457
14933,15448,11963,5948.538457
14934,15449,11964,5948.584657
14935,15450,11964,5948.584657
14936,15451,11965,5948.616554
14937,15452,11966,5948.651252
14938,15453,11967,5948.681310
14939,15454,11968,5948.715029
14940,15455,11968,5948.715029
14941,15456,11969,5948.745523
14942,15457,11970,5948.776698
14943,15458,11971,5948.809964
14944,15459,11972,5948.841590
14945,15460,11972,5948.841590
14946,15461,11973,5948.874464
14947,15462,11974,5948.922656
14948,15463,11974,5948.922656
14949,15464,11975,5948.952197
14950,15465,11976,5948.983963
14951,15466,11977,5949.018033
14952,15467,11978,5949.050611
14953,15468,11978,5949.050611
14954,15469,11979,5949.080993
14955,15470,11980,5949.112417
14956,15471,11981,5949.145865
14957,15472,11982,5949.175990
14958,15473,11982,5949.175990
14959,15474,11983,5949.210100
14960,15475,11984,5949.241142
14961,15476,11984,5949.241142
14962,15477,11985,5949.287436
14963,15478,11986,5949.322441
14964,15479,11987,5949.353445
14965,15480,11988,5949.385791
14966,15481,11988,5949.385791
14967,15482,11989,5949.416656
14968,15483,11990,5949.448820
14969,15484,11991,5949.481495
14970,15485,11992,5949.513000
14971,15486,11992,5949.513000
14972,15487,11993,5949.545216
14973,15488,11994,5949.576760
14974,15489,11994,5949.576760
14975,15490,11995,5949.623880
14976,15491,11996,5949.657895
14977,15492,11997,5949.690567
14978,15493,11997,5949.690567
14979,15494,11998,5949.721519
14980,15495,11999,5949.751578
14981,15496,12000,5949.784002
14982,15497,12001,5949.818676
14983,15498,12001,5949.818676
14984,15499,12002,5949.848473
14985,15500,12003,5949.881581
14986,15501,12004,5949.913778
14987,15502,12004,5949.913778
14988,15503,12005,5949.961134
14989,15504,12006,5949.993983
14990,15505,12007,5950.026811
14991,15506,12007,5950.026811
14992,15507,12008,5950.057952
14993,15508,12009,5950.090049
14994,15509,12010,5950.121921
14995,15510,12011,5950.155152
14996,15511,12011,5950.155152
14997,15512,12012,5950.185614
14998,15513,12013,5950.215963
14999,15514,12014,5950.247681
15000,15515,12014,5950.247681
15001,15516,12015,5950.297553
15002,15517,12016,5950.329679
15003,15518,12017,5950.361119
15004,15519,12017,5950.361119
15005,15520,12018,5950.393486
15006,15521,12019,5950.424877
15007,15522,12020,5950.457686
15008,15523,12021,5950.489086
15009,15524,12021,5950.489086
15010,15525,12022,5950.520074
15011,15526,12023,5950.552951
15012,15527,12024,5950.587054
15013,15528,12024,5950.587054
15014,15529,12025,5950.633273
15015,15530,12026,5950.666061
15016,15531,12027,5950.696753
15017,15532,12027,5950.696753
15018,15533,12028,5950.731145
15019,15534,12029,5950.763645
15020,15535,12030,5950.793019
15021,15536,12031,5950.824739
15022,15537,12031,5950.824739
15023,15538,12032,5950.856651
15024,15539,12033,5950.889754
15025,15540,12034,5950.920929
15026,15541,12035,5950.952841
15027,15542,12035,5950.952841
15028,15543,12036,5951.003208
15029,15544,12036,5951.003208
15030,15545,12037,5951.034848
15031,15546,12038,5951.064377
15032,15547,12039,5951.097787
15033,15548,12040,5951.130481
15034,15549,12041,5951.160714
15035,15550,12041,5951.160714
15036,15551,12042,5951.192439
15037,15552,12043,5951.223750
15038,15553,12044,5951.258060
15039,15554,12045,5951.288938
15040,15555,12045,5951.288938
15041,15556,12046,5951.336881
15042,15557,12047,5951.368448
15043,15558,12048,5951.370511
15044,15559,12048,5951.370511
15045,15560,12049,5951.433964
15046,15561,12050,5951.466119
15047,15562,12051,5951.497092
15048,15563,12051,5951.497092
15049,15564,12052,5951.529839
15050,15565,12053,5951.563289
15051,15566,12054,5951.594136
15052,15567,12055,5951.626191
15053,15568,12055,5951.626191
15054,15569,12056,5951.674313
15055,15570,12056,5951.674313
15056,15571,12058,5951.710498
15057,15572,12059,5951.738017
15058,15573,12060,5951.770569
15059,15574,12060,5951.770569
15060,15575,12061,5951.834139
15061,15576,12061,5951.834139
15062,15577,12062,5951.865607
15063,15578,12063,5951.895962
15064,15579,12064,5951.930986
15065,15580,12065,5951.962915
15066,15581,12065,5951.962915
15067,15582,12066,5952.010226
15068,15583,12066,5952.010226
15069,15584,12068,5952.045688
15070,15585,12069,5952.071948
15071,15586,12070,5952.106456
15072,15587,12071,5952.137353
15073,15588,12072,5952.170617
15074,15589,12072,5952.170617
15075,15590,12072,5952.170617
15076,15591,12073,5952.234349
15077,15592,12074,5952.264982
15078,15593,12075,5952.297718
15079,15594,12075,5952.297718
15080,15595,12076,5952.345453
15081,15596,12076,5952.345453
15082,15597,12078,5952.381478
15083,15598,12079,5952.410229
15084,15599,12080,5952.443591
15085,15600,12081,5952.473163
15086,15601,12082,5952.504972
15087,15602,12082,5952.504972
15088,15603,12083,5952.536382
15089,15604,12084,5952.569331
15090,15605,12084,5952.569331
15091,15606,12085,5952.634574
15092,15607,12085,5952.634574
15093,15608,12086,5952.665226
15094,15609,12086,5952.665226
15095,15610,12088,5952.716100
15096,15611,12089,5952.747469
15097,15612,12090,5952.778098
15098,15613,12091,5952.810299
15099,15614,12091,5952.810299
15100,15615,12092,5952.842860
15101,15616,12093,5952.872943
15102,15617,12094,5952.905245
15103,15618,12095,5952.937471
15104,15619,12095,5952.937471
15105,15620,12096,5952.971104
15106,15621,12096,5952.971104
15107,15622,12096,5952.971104
15108,15623,12097,5953.049891
15109,15624,12099,5953.083189
15110,15625,12100,5953.112402
15111,15626,12101,5953.144896
15112,15627,12101,5953.144896
15113,15628,12102,5953.177180
15114,15629,12103,5953.210556
15115,15630,12104,5953.241276
15116,15631,12105,5953.274486
15117,15632,12105,5953.274486
15118,15633,12106,5953.305766
15119,15634,12107,5953.338409
15120,15635,12107,5953.338409
15121,15636,12108,5953.386264
15122,15637,12109,5953.418208
15123,15638,12110,5953.448940
15124,15639,12111,5953.481601
15125,15640,12111,5953.481601
15126,15641,12112,5953.512571
15127,15642,12113,5953.544230
15128,15643,12114,5953.577853
15129,15644,12115,5953.610155
15130,15645,12115,5953.610155
15131,15646,12116,5953.641752
15132,15647,12117,5953.673793
15133,15648,12117,5953.673793
15134,15649,12118,5953.720455
15135,15650,12119,5953.752872
15136,15651,12120,5953.786022
15137,15652,12121,5953.815597
15138,15653,12121,5953.815597
15139,15654,12122,5953.850108
15140,15655,12123,5953.882365
15141,15656,12124,5953.912808
15142,15657,12125,5953.944678
15143,15658,12125,5953.944678
15144,15659,12126,5953.976235
15145,15660,12127,5954.009787
15146,15661,12127,5954.009787
15147,15662,12128,5954.056995
15148,15663,12129,5954.091058
15149,15664,12130,5954.120953
15150,15665,12131,5954.153275
15151,15666,12131,5954.153275
15152,15667,12132,5954.184743
15153,15668,12133,5954.217116
15154,15669,12134,5954.250391
15155,15670,12135,5954.281191
15156,15671,12135,5954.281191
15157,15672,12136,5954.311290
15158,15673,12137,5954.343964
15159,15674,12138,5954.378180
15160,15675,12138,5954.378180
15161,15676,12139,5954.423824
15162,15677,12140,5954.458908
15163,15678,12141,5954.488371
15164,15679,12141,5954.488371
15165,15680,12142,5954.520083
15166,15681,12143,5954.552852
15167,15682,12144,5954.585694
15168,15683,12144,5954.585694
15169,15684,12145,5954.619132
15170,15685,12146,5954.649849
15171,15686,12147,5954.680160
15172,15687,12148,5954.713185
15173,15688,12148,5954.713185
15174,15689,12149,5954.760069
15175,15690,12150,5954.793669
15176,15691,12150,5954.793669
15177,15692,12151,5954.825181
15178,15693,12152,5954.858079
15179,15694,12153,5954.889968
15180,15695,12154,5954.922352
15181,15696,12154,5954.922352
15182,15697,12155,5954.954470
15183,15698,12156,5954.984410
15184,15699,12157,5955.017112
15185,15700,12158,5955.048688
15186,15701,12158,5955.048688
15187,15702,12159,5955.097956
15188,15703,12160,5955.128357
15189,15704,12160,5955.128357
15190,15705,12161,5955.161203
15191,15706,12162,5955.192507
15192,15707,12163,5955.226050
15193,15708,12164,5955.256939
15194,15709,12164,5955.256939
15195,15710,12165,5955.289108
15196,15711,12166,5955.320207
15197,15712,12167,5955.354013
15198,15713,12168,5955.385569
15199,15714,12168,5955.385569
15200,15715,12169,5955.433052
15201,15716,12170,5955.464646
15202,15717,12170,5955.464646
15203,15718,12171,5955.497579
15204,15719,12172,5955.528739
15205,15720,12173,5955.562496
15206,15721,12173,5955.562496
15207,15722,12174,5955.595405
15208,15723,12175,5955.625811
15209,15724,12176,5955.657906
15210,15725,12177,5955.689753
15211,15726,12178,5955.721666
15212,15727,12178,5955.721666
15213,15728,12179,5955.769085
15214,15729,12180,5955.798877
15215,15730,12180,5955.798877
15216,15731,12181,5955.833750
15217,15732,12182,5955.866277
15218,15733,12183,5955.898639
15219,15734,12184,5955.929874
15220,15735,12184,5955.929874
15221,15736,12185,5955.962380
15222,15737,12186,5955.993365
15223,15738,12187,5956.026016
15224,15739,12188,5956.056247
15225,15740,12188,5956.056247
15226,15741,12189,5956.105554
15227,15742,12189,5956.105554
15228,15743,12191,5956.138810
15229,15744,12192,5956.168956
15230,15745,12192,5956.168956
15231,15746,12193,5956.232794
15232,15747,12193,5956.232794
15233,15748,12194,5956.265852
15234,15749,12195,5956.297397
15235,15750,12196,5956.329251
15236,15751,12197,5956.361135
15237,15752,12198,5956.393101
15238,15753,12198,5956.393101
15239,15754,12199,5956.425616
15240,15755,12199,5956.425616
15241,15756,12200,5956.473999
15242,15757,12202,5956.509109
15243,15758,12203,5956.537323
15244,15759,12204,5956.570821
15245,15760,12204,5956.570821
15246,15761,12204,5956.570821
15247,15762,12205,5956.632926
15248,15763,12206,5956.664061
15249,15764,12207,5956.696941
15250,15765,12208,5956.727807
15251,15766,12208,5956.727807
15252,15767,12209,5956.761144
15253,15768,12209,5956.761144
15254,15769,12210,5956.808995
15255,15770,12212,5956.843767
15256,15771,12213,5956.875084
15257,15772,12214,5956.905452
15258,15773,12215,5956.937350
15259,15774,12215,5956.937350
15260,15775,12216,5956.970051
15261,15776,12216,5956.970051
15262,15777,12217,5957.034048
15263,15778,12218,5957.065419
15264,15779,12218,5957.065419
15265,15780,12219,5957.095353
15266,15781,12220,5957.144480
15267,15782,12220,5957.144480
15268,15783,12222,5957.180148
15269,15784,12223,5957.208428
15270,15785,12224,5957.241232
15271,15786,12225,5957.273875
15272,15787,12226,5957.305019
15273,15788,12226,5957.305019
15274,15789,12227,5957.338512
15275,15790,12228,5957.367808
15276,15791,12228,5957.367808
15277,15792,12229,5957.432802
15278,15793,12229,5957.432802
15279,15794,12230,5957.481838
15280,15795,12230,5957.481838
15281,15796,12232,5957.516868
15282,15797,12233,5957.546053
15283,15798,12234,5957.577606
15284,15799,12235,5957.607786
15285,15800,12236,5957.641005
15286,15801,12236,5957.641005
15287,15802,12237,5957.673161
15288,15803,12238,5957.707019
15289,15804,12239,5957.738623
15290,15805,12240,5957.769473
15291,15806,12240,5957.769473
15292,15807,12240,5957.769473
15293,15808,12240,5957.769473
15294,15809,12242,5957.852013
15295,15810,12243,5957.881767
15296,15811,12244,5957.914078
15297,15812,12245,5957.946135
15298,15813,12245,5957.946135
15299,15814,12246,5957.977371
15300,15815,12247,5958.008294
15301,15816,12248,5958.041882
15302,15817,12249,5958.074613
15303,15818,12249,5958.074613
15304,15819,12250,5958.105417
15305,15820,12251,5958.137175
15306,15821,12251,5958.137175
15307,15822,12252,5958.186173
15308,15823,12253,5958.218156
15309,15824,12254,5958.250402
15310,15825,12255,5958.282538
15311,15826,12255,5958.282538
15312,15827,12256,5958.313490
15313,15828,12257,5958.345460
15314,15829,12258,5958.379008
15315,15830,12259,5958.411393
15316,15831,12259,5958.411393
15317,15832,12260,5958.441381
15318,15833,12261,5958.473990
15319,15834,12261,5958.473990
15320,15835,12262,5958.521457
15321,15836,12263,5958.553565
15322,15837,12264,5958.584702
15323,15838,12265,5958.617757
15324,15839,12265,5958.617757
15325,15840,12266,5958.647869
15326,15841,12267,5958.681297
15327,15842,12268,5958.713659
15328,15843,12269,5958.745477
15329,15844,12269,5958.745477
15330,15845,12270,5958.777762
15331,15846,12271,5958.807953
15332,15847,12271,5958.807953
15333,15848,12272,5958.856806
15334,15849,12273,5958.890891
15335,15850,12274,5958.921189
15336,15851,12275,5958.952581
15337,15852,12275,5958.952581
15338,15853,12276,5958.986055
15339,15854,12277,5959.018612
15340,15855,12278,5959.050509
15341,15856,12279,5959.080660
15342,15857,12279,5959.080660
15343,15858,12280,5959.114223
15344,15859,12281,5959.145990
15345,15860,12281,5959.145990
15346,15861,12282,5959.194486
15347,15862,12283,5959.225773
15348,15863,12284,5959.257210
15349,15864,12284,5959.257210
15350,15865,12285,5959.288690
15351,15866,12286,5959.322297
15352,15867,12287,5959.353846
15353,15868,12288,5959.386863
15354,15869,12289,5959.416147
15355,15870,12289,5959.416147
15356,15871,12290,5959.449002
15357,15872,12291,5959.481548
15358,15873,12291,5959.481548
15359,15874,12292,5959.529916
15360,15875,12293,5959.561365
15361,15876,12294,5959.592323
15362,15877,12294,5959.592323
15363,15878,12295,5959.624965
15364,15879,12296,5959.658935
15365,15880,12297,5959.690221
15366,15881,12298,5959.722990
15367,15882,12298,5959.722990
15368,15883,12299,5959.754144
15369,15884,12300,5959.786766
15370,15885,12301,5959.818599
15371,15886,12302,5959.850859
15372,15887,12302,5959.850859
15373,15888,12303,5959.896518
15374,15889,12304,5959.929512
15375,15890,12304,5959.929512
15376,15891,12305,5959.960943
15377,15892,12306,5959.992872
15378,15893,12307,5960.025529
15379,15894,12308,5960.056320
15380,15895,12308,5960.056320
15381,15896,12309,5960.089733
15382,15897,12310,5960.120607
15383,15898,12311,5960.152525
15384,15899,12312,5960.184615
15385,15900,12312,5960.184615
15386,15901,12313,5960.233482
15387,15902,12314,5960.265038
15388,15903,12314,5960.265038
15389,15904,12315,5960.297905
15390,15905,12316,5960.330567
15391,15906,12317,5960.363986
15392,15907,12318,5960.393310
15393,15908,12318,5960.393310
15394,15909,12319,5960.423692
15395,15910,12320,5960.457165
15396,15911,12321,5960.488078
15397,15912,12322,5960.520925
15398,15913,12322,5960.520925
15399,15914,12323,5960.569566
15400,15915,12323,5960.569566
15401,15916,12324,5960.602238
15402,15917,12325,5960.632583
15403,15918,12326,5960.665147
15404,15919,12327,5960.696403
15405,15920,12328,5960.727412
15406,15921,12328,5960.727412
15407,15922,12329,5960.761043
15408,15923,12330,5960.793701
15409,15924,12331,5960.825666
15410,15925,12331,5960.825666
15411,15926,12332,5960.858371
15412,15927,12333,5960.904197
15413,15928,12333,5960.904197
15414,15929,12335,5960.939419
15415,15930,12336,5960.969685
15416,15931,12336,5960.969685
15417,15932,12337,5961.035082
15418,15933,12337,5961.035082
15419,15934,12338,5961.065976
15420,15935,12339,5961.097299
15421,15936,12340,5961.128057
15422,15937,12341,5961.160849
15423,15938,12341,5961.160849
15424,15939,12342,5961.192931
15425,15940,12343,5961.240901
15426,15941,12343,5961.240901
15427,15942,12345,5961.276362
15428,15943,12346,5961.306800
15429,15944,12347,5961.338141
15430,15945,12348,5961.368550
15431,15946,12348,5961.368550
15432,15947,12348,5961.368550
15433,15948,12349,5961.434728
15434,15949,12350,5961.465663
15435,15950,12351,5961.496720
15436,15951,12351,5961.496720
15437,15952,12352,5961.529617
15438,15953,12353,5961.564012
15439,15954,12353,5961.564012
15440,15955,12355,5961.613643
15441,15956,12356,5961.644437
15442,15957,12357,5961.673344
15443,15958,12358,5961.706277
15444,15959,12358,5961.706277
15445,15960,12359,5961.738457
15446,15961,12360,5961.768651
15447,15962,12360,5961.768651
15448,15963,12361,5961.834438
15449,15964,12361,5961.834438
15450,15965,12362,5961.865659
15451,15966,12363,5961.895835
15452,15967,12363,5961.895835
15453,15968,12364,5961.944879
15454,15969,12366,5961.979127
15455,15970,12367,5962.009412
15456,15971,12368,5962.041069
15457,15972,12368,5962.041069
15458,15973,12369,5962.072893
15459,15974,12370,5962.104645
15460,15975,12371,5962.136559
15461,15976,12372,5962.168177
15462,15977,12372,5962.168177
15463,15978,12372,5962.168177
15464,15979,12373,5962.232801
15465,15980,12373,5962.232801
15466,15981,12374,5962.280988
15467,15982,12376,5962.318324
15468,15983,12377,5962.345393
15469,15984,12378,5962.376338
15470,15985,12378,5962.376338
15471,15986,12379,5962.409729
15472,15987,12380,5962.441735
15473,15988,12381,5962.473103
15474,15989,12382,5962.505814
15475,15990,12382,5962.505814
15476,15991,12383,5962.537663
15477,15992,12384,5962.569141
15478,15993,12384,5962.569141
15479,15994,12384,5962.569141
15480,15995,12386,5962.651719
15481,15996,12387,5962.681408
15482,15997,12388,5962.713123
15483,15998,12388,5962.713123
15484,15999,12389,5962.745175
15485,16000,12390,5962.778512
15486,16001,12391,5962.810224
15487,16002,12392,5962.840951
15488,16003,12392,5962.840951
15489,16004,12393,5962.873688
15490,16005,12394,5962.906141
15491,16006,12394,5962.906141
15492,16007,12395,5962.952221
15493,16008,12396,5962.985437
15494,16009,12397,5963.018389
15495,16010,12397,5963.018389
15496,16011,12398,5963.049738
15497,16012,12399,5963.081451
15498,16013,12400,5963.113555
15499,16014,12401,5963.146799
15500,16015,12402,5963.177967
15501,16016,12402,5963.177967
15502,16017,12403,5963.208190
15503,16018,12404,5963.239635
15504,16019,12405,5963.274223
15505,16020,12405,5963.274223
15506,16021,12406,5963.321836
15507,16022,12407,5963.352943
15508,16023,12407,5963.352943
15509,16024,12408,5963.386389
15510,16025,12409,5963.416003
15511,16026,12410,5963.448754
15512,16027,12411,5963.482942
15513,16028,12411,5963.482942
15514,16029,12412,5963.511917
15515,16030,12413,5963.544647
15516,16031,12414,5963.578006
15517,16032,12415,5963.610430
15518,16033,12415,5963.610430
15519,16034,12416,5963.659139
15520,16035,12417,5963.688991
15521,16036,12417,5963.688991
15522,16037,12418,5963.722564
15523,16038,12419,5963.756304
15524,16039,12420,5963.786642
15525,16040,12421,5963.818705
15526,16041,12421,5963.818705
15527,16042,12422,5963.849535
15528,16043,12423,5963.881761
15529,16044,12424,5963.914086
15530,16045,12425,5963.945316
15531,16046,12425,5963.945316
15532,16047,12426,5963.994342
15533,16048,12427,5964.023215
15534,16049,12427,5964.023215
15535,16050,12428,5964.055518
15536,16051,12429,5964.089729
15537,16052,12430,5964.119826
15538,16053,12430,5964.119826
15539,16054,12431,5964.153199
15540,16055,12432,5964.185424
15541,16056,12433,5964.217227
15542,16057,12434,5964.250358
15543,16058,12434,5964.250358
15544,16059,12435,5964.281302
15545,16060,12436,5964.330140
15546,16061,12436,5964.330140
15547,16062,12437,5964.362564
15548,16063,12438,5964.392422
15549,16064,12439,5964.425883
15550,16065,12440,5964.456858
15551,16066,12440,5964.456858
15552,16067,12441,5964.489186
15553,16068,12442,5964.521043
15554,16069,12443,5964.552624
15555,16070,12444,5964.584974
15556,16071,12445,5964.617367
15557,16072,12445,5964.617367
15558,16073,12446,5964.665141
15559,16074,12446,5964.665141
15560,16075,12447,5964.696151
15561,16076,12448,5964.728804
15562,16077,12449,5964.759590
15563,16078,12450,5964.794211
15564,16079,12450,5964.794211
15565,16080,12451,5964.824466
15566,16081,12452,5964.859003
15567,16082,12453,5964.888019
15568,16083,12454,5964.920545
15569,16084,12454,5964.920545
15570,16085,12455,5964.954728
15571,16086,12456,5965.002759
15572,16087,12456,5965.002759
15573,16088,12457,5965.034176
15574,16089,12458,5965.066408
15575,16090,12459,5965.096436
15576,16091,12460,5965.129277
15577,16092,12461,5965.161591
15578,16093,12461,5965.161591
15579,16094,12462,5965.192843
15580,16095,12463,5965.225745
15581,16096,12464,5965.258001
15582,16097,12465,5965.288917
15583,16098,12465,5965.288917
15584,16099,12466,5965.321972
15585,16100,12466,5965.321972
15586,16101,12467,5965.368655
15587,16102,12468,5965.400978
15588,16103,12469,5965.433781
15589,16104,12470,5965.466441
15590,16105,12470,5965.466441
15591,16106,12471,5965.497786
15592,16107,12472,5965.529897
15593,16108,12473,5965.559480
15594,16109,12474,5965.594287
15595,16110,12474,5965.594287
15596,16111,12475,5965.626485
15597,16112,12476,5965.656754
15598,16113,12476,5965.656754
15599,16114,12477,5965.704387
15600,16115,12479,5965.740957
15601,16116,12480,5965.769746
15602,16117,12480,5965.769746
15603,16118,12480,5965.769746
15604,16119,12481,5965.832348
15605,16120,12482,5965.865470
15606,16121,12483,5965.896813
15607,16122,12484,5965.930305
15608,16123,12485,5965.960686
15609,16124,12485,5965.960686
15610,16125,12486,5965.992482
15611,16126,12486,5965.992482
15612,16127,12487,5966.041225
15613,16128,12489,5966.076428
15614,16129,12490,5966.105693
15615,16130,12491,5966.137238
15616,16131,12491,5966.137238
15617,16132,12492,5966.169686
15618,16133,12492,5966.169686
15619,16134,12493,5966.233589
15620,16135,12494,5966.266296
15621,16136,12495,5966.296632
15622,16137,12495,5966.296632
15623,16138,12496,5966.329646
15624,16139,12496,5966.329646
15625,16140,12497,5966.377495
15626,16141,12499,5966.414671
15627,16142,12500,5966.443250
15628,16143,12501,5966.473241
15629,16144,12501,5966.473241
15630,16145,12502,5966.506376
15631,16146,12503,5966.537282
15632,16147,12504,5966.570679
15633,16148,12504,5966.570679
15634,16149,12504,5966.570679
15635,16150,12505,5966.634789
15636,16151,12506,5966.664758
15637,16152,12506,5966.664758
15638,16153,12507,5966.712047
15639,16154,12509,5966.747624
15640,16155,12510,5966.775924
15641,16156,12511,5966.809603
15642,16157,12511,5966.809603
15643,16158,12512,5966.841369
15644,16159,12513,5966.873841
15645,16160,12514,5966.906510
15646,16161,12515,5966.937426
15647,16162,12515,5966.937426
15648,16163,12516,5966.970563
15649,16164,12516,5966.970563
15650,16165,12517,5967.031912
15651,16166,12517,5967.031912
15652,16167,12518,5967.082299
15653,16168,12520,5967.115050
15654,16169,12520,5967.115050
15655,16170,12521,5967.146328
15656,16171,12522,5967.175837
15657,16172,12523,5967.208558
15658,16173,12524,5967.241709
15659,16174,12525,5967.272594
15660,16175,12525,5967.272594
15661,16176,12526,5967.303652
15662,16177,12527,5967.336724
15663,16178,12528,5967.368696
15664,16179,12528,5967.368696
15665,16180,12528,5967.368696
15666,16181,12529,5967.450512
15667,16182,12530,5967.453734
15668,16183,12531,5967.480004
15669,16184,12532,5967.514425
15670,16185,12533,5967.545189
15671,16186,12534,5967.576936
15672,16187,12534,5967.576936
15673,16188,12535,5967.608794
15674,16189,12536,5967.645045
15675,16190,12537,5967.677590
15676,16191,12538,5967.707619
15677,16192,12538,5967.707619
15678,16193,12539,5967.755605
15679,16194,12540,5967.785822
15680,16195,12541,5967.817931
15681,16196,12541,5967.817931
15682,16197,12542,5967.849550
15683,16198,12543,5967.881745
15684,16199,12544,5967.915633
15685,16200,12545,5967.948211
15686,16201,12545,5967.948211
15687,16202,12546,5967.979368
15688,16203,12547,5968.011450
15689,16204,12548,5968.042188
15690,16205,12548,5968.042188
15691,16206,12549,5968.089788
15692,16207,12550,5968.122642
15693,16208,12551,5968.156758
15694,16209,12552,5968.184673
15695,16210,12552,5968.184673
15696,16211,12553,5968.218224
15697,16212,12554,5968.251736
15698,16213,12555,5968.284620
15699,16214,12556,5968.315418
15700,16215,12557,5968.345390
15701,16216,12557,5968.345390
15702,16217,12558,5968.380129
15703,16218,12558,5968.380129
15704,16219,12559,5968.425056
15705,16220,12560,5968.457902
15706,16221,12561,5968.490793
15707,16222,12562,5968.520880
15708,16223,12563,5968.552764
15709,16224,12563,5968.552764
15710,16225,12564,5968.584538
15711,16226,12565,5968.618508
15712,16227,12566,5968.652057
15713,16228,12567,5968.681684
15714,16229,12567,5968.681684
15715,16230,12568,5968.712376
15716,16231,12569,5968.746590
15717,16232,12569,5968.746590
15718,16233,12570,5968.795307
15719,16234,12571,5968.824245
15720,16235,12572,5968.858272
15721,16236,12573,5968.889154
15722,16237,12573,5968.889154
15723,16238,12574,5968.922496
15724,16239,12575,5968.954492
15725,16240,12576,5968.987544
15726,16241,12577,5969.018005
15727,16242,12577,5969.018005
15728,16243,12578,5969.050796
15729,16244,12579,5969.082529
15730,16245,12580,5969.128651
15731,16246,12580,5969.128651
15732,16247,12581,5969.164519
15733,16248,12582,5969.194591
15734,16249,12583,5969.225675
15735,16250,12584,5969.258195
15736,16251,12584,5969.258195
15737,16252,12585,5969.290209
15738,16253,12586,5969.323483
15739,16254,12587,5969.354859
15740,16255,12588,5969.387424
15741,16256,12589,5969.416937
15742,16257,12589,5969.416937
15743,16258,12590,5969.465741
15744,16259,12590,5969.465741
15745,16260,12591,5969.498098
15746,16261,12592,5969.532043
15747,16262,12593,5969.564038
15748,16263,12594,5969.595410
15749,16264,12594,5969.595410
15750,16265,12595,5969.626931
15751,16266,12596,5969.658123
15752,16267,12597,5969.691351
15753,16268,12598,5969.723088
15754,16269,12599,5969.755743
15755,16270,12599,5969.755743
15756,16271,12600,5969.801490
15757,16272,12601,5969.833600
15758,16273,12601,5969.833600
15759,16274,12602,5969.866453
15760,16275,12603,5969.897892
15761,16276,12604,5969.930839
15762,16277,12605,5969.962672
15763,16278,12605,5969.962672
15764,16279,12606,5969.995171
15765,16280,12607,5970.024851
15766,16281,12608,5970.058101
15767,16282,12609,5970.088137
15768,16283,12609,5970.088137
15769,16284,12610,5970.139396
15770,16285,12612,5970.173848
15771,16286,12612,5970.173848
15772,16287,12612,5970.173848
15773,16288,12613,5970.234046
15774,16289,12614,5970.266644
15775,16290,12615,5970.299292
15776,16291,12616,5970.329476
15777,16292,12616,5970.329476
15778,16293,12617,5970.362909
15779,16294,12618,5970.395956
15780,16295,12619,5970.427875
15781,16296,12620,5970.456828
15782,16297,12620,5970.456828
15783,16298,12622,5970.510390
15784,16299,12623,5970.538396
15785,16300,12624,5970.568009
15786,16301,12624,5970.568009
15787,16302,12624,5970.568009
15788,16303,12625,5970.636563
15789,16304,12626,5970.666756
15790,16305,12627,5970.697005
15791,16306,12627,5970.697005
15792,16307,12628,5970.728769
15793,16308,12629,5970.762000
15794,16309,12630,5970.794688
15795,16310,12630,5970.794688
15796,16311,12631,5970.842463
15797,16312,12633,5970.875913
15798,16313,12634,5970.904089
15799,16314,12634,5970.904089
15800,16315,12635,5970.937560
15801,16316,12636,5970.968058
15802,16317,12636,5970.968058
15803,16318,12637,5971.033224
15804,16319,12637,5971.033224
15805,16320,12638,5971.065517
15806,16321,12639,5971.099259
15807,16322,12640,5971.129837
15808,16323,12640,5971.129837
15809,16324,12641,5971.176705
15810,16325,12643,5971.211735
15811,16326,12644,5971.241028
15812,16327,12644,5971.241028
15813,16328,12645,5971.274487
15814,16329,12646,5971.305310
15815,16330,12647,5971.337848
15816,16331,12648,5971.368605
15817,16332,12648,5971.368605
15818,16333,12648,5971.368605
15819,16334,12649,5971.432719
15820,16335,12650,5971.465616
15821,16336,12650,5971.465616
15822,16337,12651,5971.512454
15823,16338,12653,5971.547396
15824,16339,12654,5971.577439
15825,16340,12654,5971.577439
15826,16341,12655,5971.609668
15827,16342,12656,5971.642043
15828,16343,12657,5971.672736
15829,16344,12658,5971.703178
15830,16345,12658,5971.703178
15831,16346,12659,5971.736949
15832,16347,12660,5971.768906
15833,16348,12660,5971.768906
15834,16349,12660,5971.768906
15835,16350,12661,5971.850451
15836,16351,12663,5971.883346
15837,16352,12663,5971.883346
15838,16353,12664,5971.912137
15839,16354,12665,5971.946639
15840,16355,12666,5971.975841
15841,16356,12667,5972.011187
15842,16357,12667,5972.011187
15843,16358,12668,5972.041629
15844,16359,12669,5972.072809
15845,16360,12670,5972.106510
15846,16361,12671,5972.137661
15847,16362,12672,5972.168087
15848,16363,12672,5972.168087
15849,16364,12673,5972.216735
15850,16365,12673,5972.216735
15851,16366,12674,5972.249040
15852,16367,12675,5972.281647
15853,16368,12676,5972.313224
15854,16369,12677,5972.345096
15855,16370,12677,5972.345096
15856,16371,12678,5972.377635
15857,16372,12679,5972.409462
15858,16373,12680,5972.442234
15859,16374,12681,5972.473310
15860,16375,12681,5972.473310
15861,16376,12682,5972.506119
15862,16377,12683,5972.552097
15863,16378,12683,5972.552097
15864,16379,12684,5972.584758
15865,16380,12685,5972.618081
15866,16381,12686,5972.649893
15867,16382,12687,5972.681881
15868,16383,12688,5972.711848
15869,16384,12688,5972.711848
15870,16385,12689,5972.745905
15871,16386,12690,5972.777398
15872,16387,12691,5972.811055
15873,16388,12692,5972.840926
15874,16389,12692,5972.840926
15875,16390,12693,5972.890766
15876,16391,12693,5972.890766
15877,16392,12694,5972.920072
15878,16393,12695,5972.953131
15879,16394,12696,5972.986200
15880,16395,12697,5973.018919
15881,16396,12697,5973.018919
15882,16397,12698,5973.050233
15883,16398,12699,5973.080534
15884,16399,12700,5973.116544
15885,16400,12701,5973.146406
15886,16401,12701,5973.146406
15887,16402,12702,5973.177822
15888,16403,12703,5973.225281
15889,16404,12703,5973.225281
15890,16405,12704,5973.256362
15891,16406,12705,5973.291080
15892,16407,12706,5973.321002
15893,16408,12707,5973.354815
15894,16409,12708,5973.384719
15895,16410,12708,5973.384719
15896,16411,12709,5973.416914
15897,16412,12710,5973.449002
15898,16413,12711,5973.482594
15899,16414,12712,5973.513259
15900,16415,12712,5973.513259
15901,16416,12713,5973.562864
15902,16417,12714,5973.593269
15903,16418,12714,5973.593269
15904,16419,12715,5973.624642
15905,16420,12716,5973.658421
15906,16421,12717,5973.692670
15907,16422,12718,5973.722655
15908,16423,12718,5973.722655
15909,16424,12719,5973.753871
15910,16425,12720,5973.786005
15911,16426,12721,5973.818116
15912,16427,12722,5973.851849
15913,16428,12722,5973.851849
15914,16429,12723,5973.897051
15915,16430,12724,5973.928487
15916,16431,12724,5973.928487
15917,16432,12725,5973.961069
15918,16433,12726,5973.993486
15919,16434,12727,5974.026682
15920,16435,12728,5974.057238
15921,16436,12728,5974.057238
15922,16437,12729,5974.088124
15923,16438,12730,5974.121055
15924,16439,12731,5974.154249
15925,16440,12732,5974.186496
15926,16441,12733,5974.216408
15927,16442,12733,5974.216408
15928,16443,12734,5974.264833
15929,16444,12734,5974.264833
15930,16445,12735,5974.297577
15931,16446,12736,5974.330265
15932,16447,12737,5974.363605
15933,16448,12738,5974.393028
15934,16449,12738,5974.393028
15935,16450,12739,5974.425664
15936,16451,12740,5974.456981
15937,16452,12741,5974.489061
15938,16453,12742,5974.522515
15939,16454,12742,5974.522515
15940,16455,12743,5974.553668
15941,16456,12744,5974.600809
15942,16457,12744,5974.600809
15943,16458,12745,5974.634692
15944,16459,12746,5974.666002
15945,16460,12747,5974.698045
15946,16461,12748,5974.731234
15947,16462,12748,5974.731234
15948,16463,12749,5974.761044
15949,16464,12750,5974.793472
15950,16465,12751,5974.825440
15951,16466,12752,5974.857894
15952,16467,12752,5974.857894
15953,16468,12753,5974.889875
15954,16469,12754,5974.936467
15955,16470,12754,5974.936467
15956,16471,12756,5974.970552
15957,16472,12756,5974.970552
15958,16473,12757,5975.034584
15959,16474,12758,5975.065489
15960,16475,12758,5975.065489
15961,16476,12759,5975.096790
15962,16477,12760,5975.129214
15963,16478,12761,5975.161755
15964,16479,12762,5975.194721
15965,16480,12762,5975.194721
15966,16481,12763,5975.225816
15967,16482,12764,5975.272819
15968,16483,12764,5975.272819
15969,16484,12766,5975.309091
15970,16485,12767,5975.338166
15971,16486,12768,5975.369093
15972,16487,12768,5975.369093
15973,16488,12769,5975.432855
15974,16489,12769,5975.432855
15975,16490,12770,5975.463994
15976,16491,12771,5975.497617
15977,16492,12772,5975.530142
15978,16493,12773,5975.560657
15979,16494,12773,5975.560657
15980,16495,12774,5975.609929
15981,16496,12774,5975.609929
15982,16497,12776,5975.645384
15983,16498,12777,5975.676212
15984,16499,12778,5975.707010
15985,16500,12779,5975.738433
15986,16501,12779,5975.738433
15987,16502,12780,5975.768884
15988,16503,12780,5975.768884
15989,16504,12781,5975.833703
15990,16505,12782,5975.865732
15991,16506,12782,5975.865732
15992,16507,12783,5975.896916
15993,16508,12784,5975.929415
15994,16509,12784,5975.929415
15995,16510,12785,5975.977225
15996,16511,12787,5976.012849
15997,16512,12788,5976.041455
15998,16513,12789,5976.073209
15999,16514,12789,5976.073209
16000,16515,12790,5976.103891
16001,16516,12791,5976.137581
16002,16517,12792,5976.169416
16003,16518,12792,5976.169416
16004,16519,12792,5976.169416
16005,16520,12793,5976.231529
16006,16521,12794,5976.264369
16007,16522,12794,5976.264369
16008,16523,12795,5976.312433
16009,16524,12797,5976.349124
16010,16525,12798,5976.377975
16011,16526,12799,5976.408687
16012,16527,12799,5976.408687
16013,16528,12800,5976.441717
16014,16529,12801,5976.474364
16015,16530,12802,5976.505954
16016,16531,12803,5976.538648
16017,16532,12803,5976.538648
16018,16533,12804,5976.569636
16019,16534,12804,5976.569636
16020,16535,12804,5976.569636
16021,16536,12805,5976.650558
16022,16537,12807,5976.683007
16023,16538,12808,5976.713121
16024,16539,12809,5976.744931
16025,16540,12809,5976.744931
16026,16541,12810,5976.775696
16027,16542,12811,5976.810896
16028,16543,12812,5976.841943
16029,16544,12813,5976.872324
16030,16545,12813,5976.872324
16031,16546,12814,5976.904285
16032,16547,12815,5976.938432
16033,16548,12815,5976.938432
16034,16549,12816,5976.986158
16035,16550,12817,5977.016070
16036,16551,12818,5977.049341
16037,16552,12818,5977.049341
16038,16553,12819,5977.083085
16039,16554,12820,5977.111547
16040,16555,12821,5977.144885
16041,16556,12822,5977.176623
16042,16557,12823,5977.210205
16043,16558,12823,5977.210205
16044,16559,12824,5977.241066
16045,16560,12825,5977.273817
16046,16561,12825,5977.273817
16047,16562,12826,5977.320961
16048,16563,12827,5977.353603
16049,16564,12828,5977.385892
16050,16565,12829,5977.417048
16051,16566,12829,5977.417048
16052,16567,12830,5977.449328
16053,16568,12831,5977.482620
16054,16569,12832,5977.513027
16055,16570,12833,5977.544690
16056,16571,12833,5977.544690
16057,16572,12834,5977.577954
16058,16573,12835,5977.608653
16059,16574,12836,5977.641433
16060,16575,12836,5977.641433
16061,16576,12837,5977.687944
16062,16577,12838,5977.722163
16063,16578,12838,5977.722163
16064,16579,12839,5977.752455
16065,16580,12840,5977.784142
16066,16581,12841,5977.816915
16067,16582,12842,5977.849458
16068,16583,12842,5977.849458
16069,16584,12843,5977.881404
16070,16585,12844,5977.914133
16071,16586,12845,5977.944718
16072,16587,12846,5977.977069
16073,16588,12846,5977.977069
16074,16589,12847,5978.025642
16075,16590,12848,5978.058602
16076,16591,12848,5978.058602
16077,16592,12849,5978.087822
16078,16593,12850,5978.121614
16079,16594,12851,5978.151821
16080,16595,12852,5978.185108
16081,16596,12852,5978.185108
16082,16597,12853,5978.218654
16083,16598,12854,5978.250339
16084,16599,12855,5978.282694
16085,16600,12856,5978.314617
16086,16601,12856,5978.314617
16087,16602,12857,5978.362438
16088,16603,12858,5978.393671
16089,16604,12858,5978.393671
16090,16605,12859,5978.426346
16091,16606,12860,5978.456280
16092,16607,12861,5978.488394
16093,16608,12861,5978.488394
16094,16609,12862,5978.538045
16095,16610,12864,5978.573717
16096,16611,12864,5978.573717
16097,16612,12864,5978.573717
16098,16613,12865,5978.633774
16099,16614,12866,5978.666776
16100,16615,12867,5978.697850
16101,16616,12868,5978.731133
16102,16617,12868,5978.731133
16103,16618,12869,5978.761509
16104,16619,12870,5978.793749
16105,16620,12871,5978.824892
16106,16621,12871,5978.824892
16107,16622,12872,5978.873338
16108,16623,12874,5978.908854
16109,16624,12874,5978.908854
16110,16625,12875,5978.939195
16111,16626,12876,5978.970216
16112,16627,12876,5978.970216
16113,16628,12877,5979.034165
16114,16629,12878,5979.066653
16115,16630,12878,5979.066653
16116,16631,12879,5979.097229
16117,16632,12880,5979.130202
16118,16633,12881,5979.160173
16119,16634,12881,5979.160173
16120,16635,12882,5979.210323
16121,16636,12884,5979.244878
16122,16637,12884,5979.244878
16123,16638,12885,5979.275858
16124,16639,12886,5979.304083
16125,16640,12887,5979.337229
16126,16641,12888,5979.370012
16127,16642,12888,5979.370012
16128,16643,12888,5979.370012
16129,16644,12889,5979.432941
16130,16645,12890,5979.465851
16131,16646,12891,5979.497933
16132,16647,12892,5979.529656
16133,16648,12892,5979.529656
16134,16649,12893,5979.576996
16135,16650,12894,5979.608430
16136,16651,12895,5979.610499
16137,16652,12896,5979.641885
16138,16653,12897,5979.672185
16139,16654,12898,5979.706650
16140,16655,12899,5979.736487
16141,16656,12899,5979.736487
16142,16657,12900,5979.771501
16143,16658,12900,5979.771501
16144,16659,12901,5979.832476
16145,16660,12902,5979.865534
16146,16661,12902,5979.865534
16147,16662,12903,5979.913238
16148,16663,12903,5979.913238
16149,16664,12905,5979.949546
16150,16665,12906,5979.977696
16151,16666,12907,5980.009985
16152,16667,12908,5980.041007
16153,16668,12909,5980.072628
16154,16669,12909,5980.072628
16155,16670,12910,5980.105594
16156,16671,12911,5980.136847
16157,16672,12912,5980.170788
16158,16673,12912,5980.170788
16159,16674,12912,5980.170788
16160,16675,12913,5980.250408
16161,16676,12913,5980.250408
16162,16677,12915,5980.283818
16163,16678,12916,5980.314065
16164,16679,12917,5980.346378
16165,16680,12918,5980.377240
16166,16681,12918,5980.377240
16167,16682,12919,5980.408961
16168,16683,12920,5980.441727
16169,16684,12921,5980.473404
16170,16685,12922,5980.504537
16171,16686,12922,5980.504537
16172,16687,12923,5980.535612
16173,16688,12924,5980.584858
16174,16689,12924,5980.584858
16175,16690,12925,5980.617825
16176,16691,12926,5980.651400
16177,16692,12927,5980.682735
16178,16693,12928,5980.712543
16179,16694,12928,5980.712543
16180,16695,12929,5980.744407
16181,16696,12930,5980.776822
16182,16697,12931,5980.807494
16183,16698,12932,5980.841887
16184,16699,12932,5980.841887
16185,16700,12933,5980.872297
16186,16701,12933,5980.872297
16187,16702,12934,5980.921258
16188,16703,12935,5980.953629
16189,16704,12936,5980.984065
16190,16705,12937,5981.018740
16191,16706,12937,5981.018740
16192,16707,12938,5981.050004
16193,16708,12939,5981.080732
16194,16709,12940,5981.112797
16195,16710,12941,5981.145708
16196,16711,12941,5981.145708
16197,16712,12942,5981.176191
16198,16713,12943,5981.211087
16199,16714,12944,5981.242058
16200,16715,12944,5981.242058
16201,16716,12945,5981.289505
16202,16717,12946,5981.322283
16203,16718,12947,5981.352920
16204,16719,12947,5981.352920
16205,16720,12948,5981.384289
16206,16721,12949,5981.417354
16207,16722,12950,5981.449287
16208,16723,12951,5981.482207
16209,16724,12951,5981.482207
16210,16725,12952,5981.513286
16211,16726,12953,5981.544471
16212,16727,12954,5981.575616
16213,16728,12954,5981.575616
16214,16729,12955,5981.624868
16215,16730,12956,5981.657860
16216,16731,12956,5981.657860
16217,16732,12957,5981.689023
16218,16733,12958,5981.720976
16219,16734,12959,5981.753674
16220,16735,12960,5981.785606
16221,16736,12960,5981.785606
16222,16737,12961,5981.817913
16223,16738,12962,5981.849594
16224,16739,12963,5981.881748
16225,16740,12964,5981.911423
16226,16741,12964,5981.911423
16227,16742,12965,5981.959823
16228,16743,12966,5981.993073
16229,16744,12966,5981.993073
16230,16745,12967,5982.024166
16231,16746,12968,5982.056417
16232,16747,12969,5982.089818
16233,16748,12970,5982.121879
16234,16749,12970,5982.121879
16235,16750,12971,5982.152573
16236,16751,12972,5982.185212
16237,16752,12973,5982.217032
16238,16753,12974,5982.248070
16239,16754,12974,5982.248070
16240,16755,12975,5982.297287
16241,16756,12976,5982.328430
16242,16757,12976,5982.328430
16243,16758,12977,5982.362564
16244,16759,12978,5982.392249
16245,16760,12979,5982.426461
16246,16761,12980,5982.456727
16247,16762,12980,5982.456727
16248,16763,12981,5982.488418
16249,16764,12982,5982.521099
16250,16765,12983,5982.553752
16251,16766,12984,5982.584788
16252,16767,12984,5982.584788
16253,16768,12985,5982.633467
16254,16769,12986,5982.664325
16255,16770,12986,5982.664325
16256,16771,12987,5982.696969
16257,16772,12988,5982.729605
16258,16773,12989,5982.762609
16259,16774,12990,5982.795019
16260,16775,12990,5982.795019
16261,16776,12991,5982.825178
16262,16777,12992,5982.858714
16263,16778,12993,5982.889145
16264,16779,12994,5982.923096
16265,16780,12994,5982.923096
16266,16781,12995,5982.953610
16267,16782,12996,5983.000465
16268,16783,12996,5983.000465
16269,16784,12997,5983.032999
16270,16785,12998,5983.066591
16271,16786,12999,5983.097529
16272,16787,13000,5983.130607
16273,16788,13000,5983.130607
16274,16789,13001,5983.161656
16275,16790,13002,5983.208211
16276,16791,13002,5983.208211
16277,16792,13004,5983.244177
16278,16793,13005,5983.273339
16279,16794,13006,5983.304645
16280,16795,13007,5983.337835
16281,16796,13007,5983.337835
16282,16797,13008,5983.368803
16283,16798,13008,5983.368803
16284,16799,13009,5983.431506
16285,16800,13010,5983.465666
16286,16801,13010,5983.465666
16287,16802,13011,5983.512675
16288,16803,13011,5983.512675
16289,16804,13013,5983.547235
16290,16805,13014,5983.577631
16291,16806,13015,5983.609533
16292,16807,13016,5983.642561
16293,16808,13017,5983.672013
16294,16809,13017,5983.672013
16295,16810,13018,5983.707844
16296,16811,13019,5983.737235
16297,16812,13020,5983.769309
16298,16813,13020,5983.769309
16299,16814,13020,5983.769309
16300,16815,13021,5983.849116
16301,16816,13021,5983.849116
16302,16817,13023,5983.883272
16303,16818,13024,5983.912736
16304,16819,13025,5983.945487
16305,16820,13026,5983.977339
16306,16821,13026,5983.977339
16307,16822,13027,5984.008522
16308,16823,13028,5984.041778
16309,16824,13029,5984.073559
16310,16825,13030,5984.105471
16311,16826,13031,5984.138217
16312,16827,13031,5984.138217
16313,16828,13032,5984.184924
16314,16829,13032,5984.184924
16315,16830,13033,5984.217764
16316,16831,13034,5984.248704
16317,16832,13035,5984.279736
16318,16833,13036,5984.313763
16319,16834,13037,5984.346031
16320,16835,13037,5984.346031
16321,16836,13038,5984.379064
16322,16837,13039,5984.409856
16323,16838,13040,5984.440083
16324,16839,13041,5984.473171
16325,16840,13041,5984.473171
16326,16841,13042,5984.521961
16327,16842,13043,5984.552699
16328,16843,13043,5984.552699
16329,16844,13044,5984.585415
16330,16845,13045,5984.616588
16331,16846,13046,5984.649371
16332,16847,13046,5984.649371
16333,16848,13047,5984.683123
16334,16849,13048,5984.714588
16335,16850,13049,5984.743945
16336,16851,13050,5984.776124
16337,16852,13051,5984.808544
16338,16853,13051,5984.808544
16339,16854,13052,5984.841352
16340,16855,13052,5984.841352
16341,16856,13053,5984.890002
16342,16857,13054,5984.919933
16343,16858,13055,5984.951612
16344,16859,13056,5984.984657
16345,16860,13057,5985.017210
16346,16861,13057,5985.017210
16347,16862,13058,5985.050233
16348,16863,13059,5985.081809
16349,16864,13060,5985.111752
16350,16865,13061,5985.145566
16351,16866,13061,5985.145566
16352,16867,13062,5985.177986
16353,16868,13062,5985.177986
16354,16869,13063,5985.224947
16355,16870,13064,5985.256589
16356,16871,13065,5985.290127
16357,16872,13066,5985.321329
16358,16873,13066,5985.321329
16359,16874,13067,5985.353871
16360,16875,13068,5985.386845
16361,16876,13069,5985.416114
16362,16877,13070,5985.450585
16363,16878,13070,5985.450585
16364,16879,13071,5985.482404
16365,16880,13072,5985.512980
16366,16881,13072,5985.512980
16367,16882,13073,5985.562957
16368,16883,13074,5985.594662
16369,16884,13075,5985.625058
16370,16885,13076,5985.657959
16371,16886,13076,5985.657959
16372,16887,13077,5985.689143
16373,16888,13078,5985.721462
16374,16889,13079,5985.754170
16375,16890,13080,5985.786460
16376,16891,13080,5985.786460
16377,16892,13081,5985.817852
16378,16893,13082,5985.848550
16379,16894,13082,5985.848550
16380,16895,13083,5985.897682
16381,16896,13084,5985.929819
16382,16897,13085,5985.961530
16383,16898,13086,5985.994967
16384,16899,13086,5985.994967
16385,16900,13087,5986.024674
16386,16901,13088,5986.058232
16387,16902,13089,5986.091087
16388,16903,13090,5986.121396
16389,16904,13090,5986.121396
16390,16905,13091,5986.153968
16391,16906,13092,5986.185509
16392,16907,13092,5986.185509
16393,16908,13093,5986.232527
16394,16909,13094,5986.263795
16395,16910,13095,5986.297671
16396,16911,13096,5986.328167
16397,16912,13096,5986.328167
16398,16913,13097,5986.362324
16399,16914,13098,5986.394378
16400,16915,13099,5986.425365
16401,16916,13100,5986.457012
16402,16917,13100,5986.457012
16403,16918,13101,5986.489730
16404,16919,13102,5986.521602
16405,16920,13103,5986.554599
16406,16921,13103,5986.554599
16407,16922,13104,5986.601654
16408,16923,13105,5986.634738
16409,16924,13105,5986.634738
16410,16925,13106,5986.664134
16411,16926,13107,5986.696972
16412,16927,13108,5986.728997
16413,16928,13109,5986.761172
16414,16929,13110,5986.792287
16415,16930,13110,5986.792287
16416,16931,13111,5986.825104
16417,16932,13112,5986.857409
16418,16933,13113,5986.888076
16419,16934,13113,5986.888076
16420,16935,13114,5986.937437
16421,16936,13116,5986.972044
16422,16937,13116,5986.972044
16423,16938,13116,5986.972044
16424,16939,13117,5987.032709
16425,16940,13118,5987.066361
16426,16941,13119,5987.097162
16427,16942,13119,5987.097162
16428,16943,13120,5987.129406
16429,16944,13121,5987.161089
16430,16945,13122,5987.193844
16431,16946,13123,5987.225445
16432,16947,13123,5987.225445
16433,16948,13124,5987.274549
16434,16949,13126,5987.307610
16435,16950,13126,5987.307610
16436,16951,13127,5987.336719
16437,16952,13128,5987.368697
16438,16953,13128,5987.368697
16439,16954,13129,5987.432698
16440,16955,13129,5987.432698
16441,16956,13130,5987.465052
16442,16957,13131,5987.495470
16443,16958,13132,5987.530257
16444,16959,13133,5987.560320
16445,16960,13133,5987.560320
16446,16961,13134,5987.610147
16447,16962,13136,5987.642754
16448,16963,13136,5987.642754
16449,16964,13137,5987.673904
16450,16965,13138,5987.705223
16451,16966,13139,5987.737172
16452,16967,13140,5987.769250
16453,16968,13140,5987.769250
16454,16969,13140,5987.769250
16455,16970,13141,5987.833532
16456,16971,13142,5987.865108
16457,16972,13143,5987.898022
16458,16973,13143,5987.898022
16459,16974,13144,5987.944170
16460,16975,13145,5987.977215
16461,16976,13146,5987.979702
16462,16977,13147,5988.008403
16463,16978,13148,5988.041342
16464,16979,13149,5988.073732
16465,16980,13150,5988.103927
16466,16981,13150,5988.103927
16467,16982,13151,5988.136016
16468,16983,13152,5988.169825
16469,16984,13152,5988.169825
16470,16985,13153,5988.234369
16471,16986,13153,5988.234369
16472,16987,13154,5988.264018
16473,16988,13155,5988.312644
16474,16989,13156,5988.315217
16475,16990,13157,5988.345325
16476,16991,13158,5988.376893
16477,16992,13159,5988.409554
16478,16993,13160,5988.440835
16479,16994,13160,5988.440835
16480,16995,13161,5988.471638
16481,16996,13162,5988.506942
16482,16997,13163,5988.538173
16483,16998,13164,5988.569433
16484,16999,13164,5988.569433
16485,17000,13164,5988.569433
16486,17001,13165,5988.648523
16487,17002,13165,5988.648523
16488,17003,13167,5988.685809
16489,17004,13168,5988.712191
16490,17005,13169,5988.747068
16491,17006,13170,5988.778792
16492,17007,13170,5988.778792
16493,17008,13171,5988.810063
16494,17009,13172,5988.841156
16495,17010,13173,5988.873759
16496,17011,13174,5988.904083
16497,17012,13174,5988.904083
16498,17013,13175,5988.937647
16499,17014,13176,5988.984723
16500,17015,13176,5988.984723
16501,17016,13177,5989.015131
16502,17017,13178,5989.050229
16503,17018,13179,5989.080922
16504,17019,13179,5989.080922
16505,17020,13180,5989.114014
16506,17021,13181,5989.145361
16507,17022,13182,5989.177098
16508,17023,13183,5989.209271
16509,17024,13184,5989.240409
16510,17025,13184,5989.240409
16511,17026,13185,5989.274960
16512,17027,13185,5989.274960
16513,17028,13186,5989.322909
16514,17029,13187,5989.354098
16515,17030,13188,5989.387104
16516,17031,13189,5989.418672
16517,17032,13189,5989.418672
16518,17033,13190,5989.448526
16519,17034,13191,5989.481425
16520,17035,13192,5989.513132
16521,17036,13193,5989.546226
16522,17037,13193,5989.546226
16523,17038,13194,5989.578474
16524,17039,13195,5989.608617
16525,17040,13195,5989.608617
16526,17041,13196,5989.657890
16527,17042,13197,5989.688596
16528,17043,13198,5989.721113
16529,17044,13199,5989.752708
16530,17045,13200,5989.785127
16531,17046,13200,5989.785127
16532,17047,13201,5989.816986
16533,17048,13202,5989.851787
16534,17049,13203,5989.880423
16535,17050,13204,5989.913112
16536,17051,13204,5989.913112
16537,17052,13205,5989.945951
16538,17053,13205,5989.945951
16539,17054,13206,5989.993911
16540,17055,13207,5990.025132
16541,17056,13208,5990.057190
16542,17057,13209,5990.090636
16543,17058,13209,5990.090636
16544,17059,13210,5990.119846
16545,17060,13211,5990.152798
16546,17061,13212,5990.183991
16547,17062,13213,5990.217229
16548,17063,13213,5990.217229
16549,17064,13214,5990.249902
16550,17065,13215,5990.282374
16551,17066,13216,5990.315258
16552,17067,13216,5990.315258
16553,17068,13217,5990.360126
16554,17069,13218,5990.393688
16555,17070,13219,5990.425741
16556,17071,13219,5990.425741
16557,17072,13220,5990.457579
16558,17073,13221,5990.488557
16559,17074,13222,5990.522571
16560,17075,13223,5990.552725
16561,17076,13223,5990.552725
16562,17077,13224,5990.584040
16563,17078,13225,5990.618195
16564,17079,13226,5990.649597
16565,17080,13226,5990.649597
16566,17081,13227,5990.697138
16567,17082,13228,5990.729674
16568,17083,13229,5990.762935
16569,17084,13229,5990.762935
16570,17085,13230,5990.793310
16571,17086,13231,5990.824332
16572,17087,13232,5990.857899
16573,17088,13233,5990.888589
16574,17089,13233,5990.888589
16575,17090,13234,5990.920402
16576,17091,13235,5990.954431
16577,17092,13236,5990.985680
16578,17093,13236,5990.985680
16579,17094,13237,5991.032307
16580,17095,13238,5991.067491
16581,17096,13239,5991.097392
16582,17097,13239,5991.097392
16583,17098,13240,5991.128872
16584,17099,13241,5991.160010
16585,17100,13242,5991.192311
16586,17101,13243,5991.225960
16587,17102,13243,5991.225960
16588,17103,13244,5991.256566
16589,17104,13245,5991.289265
16590,17105,13246,5991.321963
16591,17106,13246,5991.321963
16592,17107,13247,5991.371017
16593,17108,13248,5991.400585
16594,17109,13248,5991.400585
16595,17110,13249,5991.432119
16596,17111,13250,5991.464058
16597,17112,13251,5991.497267
16598,17113,13252,5991.529798
16599,17114,13252,5991.529798
16600,17115,13253,5991.561349
16601,17116,13254,5991.594037
16602,17117,13255,5991.625256
16603,17118,13256,5991.658752
16604,17119,13256,5991.658752
16605,17120,13257,5991.705071
16606,17121,13258,5991.738481
16607,17122,13259,5991.741263
16608,17123,13260,5991.769624
16609,17124,13260,5991.769624
16610,17125,13261,5991.833317
16611,17126,13262,5991.866212
16612,17127,13262,5991.866212
16613,17128,13263,5991.896877
16614,17129,13264,5991.930279
16615,17130,13265,5991.962199
16616,17131,13266,5991.992936
16617,17132,13266,5991.992936
16618,17133,13267,5992.025494
16619,17134,13267,5992.025494
16620,17135,13268,5992.072649
16621,17136,13270,5992.107222
16622,17137,13271,5992.136832
16623,17138,13272,5992.172081
16624,17139,13272,5992.172081
16625,17140,13272,5992.172081
16626,17141,13273,5992.233100
16627,17142,13274,5992.265410
16628,17143,13275,5992.298675
16629,17144,13275,5992.298675
16630,17145,13276,5992.329652
16631,17146,13277,5992.361367
16632,17147,13277,5992.361367
16633,17148,13278,5992.407861
16634,17149,13280,5992.445866
16635,17150,13281,5992.473805
16636,17151,13282,5992.505544
16637,17152,13283,5992.536004
16638,17153,13283,5992.536004
16639,17154,13284,5992.569848
16640,17155,13284,5992.569848
16641,17156,13285,5992.633390
16642,17157,13285,5992.633390
16643,17158,13286,5992.666405
16644,17159,13287,5992.696059
16645,17160,13287,5992.696059
16646,17161,13288,5992.745364
16647,17162,13290,5992.781408
16648,17163,13291,5992.809743
16649,17164,13292,5992.841071
16650,17165,13292,5992.841071
16651,17166,13293,5992.872401
16652,17167,13294,5992.906740
16653,17168,13295,5992.937496
16654,17169,13296,5992.969441
16655,17170,13296,5992.969441
16656,17171,13296,5992.969441
16657,17172,13297,5993.034321
16658,17173,13297,5993.034321
16659,17174,13298,5993.082060
16660,17175,13300,5993.114932
16661,17176,13301,5993.145190
16662,17177,13302,5993.178669
16663,17178,13302,5993.178669
16664,17179,13303,5993.208829
16665,17180,13304,5993.242945
16666,17181,13305,5993.274182
16667,17182,13306,5993.304009
16668,17183,13306,5993.304009
16669,17184,13307,5993.336840
16670,17185,13308,5993.372713
16671,17186,13308,5993.372713
16672,17187,13308,5993.372713
16673,17188,13310,5993.452933
16674,17189,13311,5993.481464
16675,17190,13311,5993.481464
16676,17191,13312,5993.515119
16677,17192,13313,5993.544752
16678,17193,13314,5993.576891
16679,17194,13315,5993.608803
16680,17195,13316,5993.642474
16681,17196,13316,5993.642474
16682,17197,13317,5993.674210
16683,17198,13318,5993.705486
16684,17199,13319,5993.737834
16685,17200,13319,5993.737834
16686,17201,13320,5993.785723
16687,17202,13321,5993.818406
16688,17203,13321,5993.818406
16689,17204,13322,5993.849784
16690,17205,13323,5993.880830
16691,17206,13324,5993.913270
16692,17207,13325,5993.945520
16693,17208,13326,5993.978272
16694,17209,13326,5993.978272
16695,17210,13327,5994.008661
16696,17211,13328,5994.042890
16697,17212,13329,5994.074139
16698,17213,13329,5994.074139
16699,17214,13330,5994.121557
16700,17215,13331,5994.152487
16701,17216,13331,5994.152487
16702,17217,13332,5994.185447
16703,17218,13333,5994.218509
16704,17219,13334,5994.250454
16705,17220,13335,5994.282873
16706,17221,13336,5994.313145
16707,17222,13336,5994.313145
16708,17223,13337,5994.344450
16709,17224,13338,5994.375523
16710,17225,13339,5994.409129
16711,17226,13339,5994.409129
16712,17227,13340,5994.457702
16713,17228,13341,5994.488993
16714,17229,13341,5994.488993
16715,17230,13342,5994.520294
16716,17231,13343,5994.554992
16717,17232,13344,5994.585257
16718,17233,13345,5994.617023
16719,17234,13345,5994.617023
16720,17235,13346,5994.649822
16721,17236,13347,5994.681673
16722,17237,13348,5994.714542
16723,17238,13349,5994.747136
16724,17239,13349,5994.747136
16725,17240,13350,5994.793396
16726,17241,13351,5994.826856
16727,17242,13351,5994.826856
16728,17243,13352,5994.858604
16729,17244,13353,5994.888987
16730,17245,13354,5994.921769
16731,17246,13355,5994.952455
16732,17247,13355,5994.952455
16733,17248,13356,5994.985658
16734,17249,13357,5995.015698
16735,17250,13358,5995.049059
16736,17251,13359,5995.079912
16737,17252,13359,5995.079912
16738,17253,13360,5995.131282
16739,17254,13361,5995.161029
16740,17255,13361,5995.161029
16741,17256,13362,5995.193239
16742,17257,13363,5995.225822
16743,17258,13364,5995.257294
16744,17259,13365,5995.288937
16745,17260,13365,5995.288937
16746,17261,13366,5995.321044
16747,17262,13367,5995.352873
16748,17263,13368,5995.386794
16749,17264,13369,5995.416878
16750,17265,13369,5995.416878
16751,17266,13370,5995.449900
16752,17267,13370,5995.449900
16753,17268,13371,5995.496494
16754,17269,13372,5995.531219
16755,17270,13373,5995.559719
16756,17271,13374,5995.592672
16757,17272,13374,5995.592672
16758,17273,13375,5995.625408
16759,17274,13376,5995.657268
16760,17275,13377,5995.688896
16761,17276,13378,5995.721107
16762,17277,13379,5995.752336
16763,17278,13379,5995.752336
16764,17279,13380,5995.785488
16765,17280,13380,5995.785488
16766,17281,13381,5995.832901
16767,17282,13382,5995.865876
16768,17283,13383,5995.896442
16769,17284,13384,5995.930620
16770,17285,13385,5995.960336
16771,17286,13385,5995.960336
16772,17287,13386,5995.991774
16773,17288,13387,5996.024030
16774,17289,13388,5996.057380
16775,17290,13389,5996.088725
16776,17291,13389,5996.088725
16777,17292,13390,5996.120511
16778,17293,13390,5996.120511
16779,17294,13391,5996.168436
16780,17295,13392,5996.200357
16781,17296,13393,5996.231916
16782,17297,13394,5996.267036
16783,17298,13394,5996.267036
16784,17299,13395,5996.298127
16785,17300,13396,5996.328677
16786,17301,13397,5996.360991
16787,17302,13398,5996.393456
16788,17303,13399,5996.424790
16789,17304,13399,5996.424790
16790,17305,13400,5996.457243
16791,17306,13400,5996.457243
16792,17307,13401,5996.505822
16793,17308,13403,5996.539733
16794,17309,13404,5996.570390
16795,17310,13404,5996.570390
16796,17311,13404,5996.570390
16797,17312,13405,5996.632790
16798,17313,13406,5996.666223
16799,17314,13407,5996.697169
16800,17315,13408,5996.730844
16801,17316,13408,5996.730844
16802,17317,13409,5996.761913
16803,17318,13410,5996.793696
16804,17319,13410,5996.793696
16805,17320,13411,5996.840652
16806,17321,13413,5996.878301
16807,17322,13414,5996.904609
16808,17323,13415,5996.937762
16809,17324,13415,5996.937762
16810,17325,13416,5996.970363
16811,17326,13416,5996.970363
16812,17327,13417,5997.033503
16813,17328,13418,5997.066348
16814,17329,13418,5997.066348
16815,17330,13419,5997.096908
16816,17331,13420,5997.128516
16817,17332,13421,5997.160987
16818,17333,13421,5997.160987
16819,17334,13423,5997.212855
16820,17335,13424,5997.241524
16821,17336,13425,5997.271821
16822,17337,13425,5997.271821
16823,17338,13426,5997.305733
16824,17339,13427,5997.336109
16825,17340,13428,5997.368176
16826,17341,13428,5997.368176
16827,17342,13428,5997.368176
16828,17343,13429,5997.433764
16829,17344,13430,5997.465423
16830,17345,13431,5997.497068
16831,17346,13431,5997.497068
16832,17347,13432,5997.547050
16833,17348,13434,5997.580160
16834,17349,13434,5997.580160
16835,17350,13435,5997.608795
16836,17351,13436,5997.642937
16837,17352,13437,5997.673053
16838,17353,13438,5997.705790
16839,17354,13438,5997.705790
16840,17355,13439,5997.736841
16841,17356,13440,5997.768243
16842,17357,13440,5997.768243
16843,17358,13441,5997.833559
16844,17359,13441,5997.833559
16845,17360,13442,5997.881624
16846,17361,13443,5997.913742
16847,17362,13444,5997.916814
16848,17363,13445,5997.945411
16849,17364,13446,5997.978579
16850,17365,13447,5998.009743
16851,17366,13448,5998.041006
16852,17367,13448,5998.041006
16853,17368,13449,5998.073763
16854,17369,13450,5998.104904
16855,17370,13451,5998.137315
16856,17371,13452,5998.168884
16857,17372,13452,5998.168884
16858,17373,13452,5998.168884
16859,17374,13454,5998.251358
16860,17375,13454,5998.251358
16861,17376,13455,5998.281130
16862,17377,13456,5998.312142
16863,17378,13457,5998.344406
16864,17379,13458,5998.378821
16865,17380,13459,5998.408298
16866,17381,13459,5998.408298
16867,17382,13460,5998.441445
16868,17383,13461,5998.473953
16869,17384,13462,5998.507392
16870,17385,13462,5998.507392
16871,17386,13463,5998.554922
16872,17387,13464,5998.585660
16873,17388,13464,5998.585660
16874,17389,13465,5998.616641
16875,17390,13466,5998.649138
16876,17391,13467,5998.679341
16877,17392,13468,5998.712309
16878,17393,13468,5998.712309
16879,17394,13469,5998.746290
16880,17395,13470,5998.778323
16881,17396,13471,5998.809207
16882,17397,13472,5998.840536
16883,17398,13472,5998.840536
16884,17399,13473,5998.890089
16885,17400,13474,5998.921492
16886,17401,13474,5998.921492
16887,17402,13475,5998.954718
16888,17403,13476,5998.986189
16889,17404,13477,5999.016575
16890,17405,13478,5999.050045
16891,17406,13478,5999.050045
16892,17407,13479,5999.081261
16893,17408,13480,5999.115123
16894,17409,13481,5999.145315
16895,17410,13482,5999.176549
16896,17411,13482,5999.176549
16897,17412,13483,5999.208788
16898,17413,13483,5999.208788
16899,17414,13484,5999.259316
16900,17415,13485,5999.290164
16901,17416,13486,5999.320663
16902,17417,13487,5999.353404
16903,17418,13488,5999.386063
16904,17419,13488,5999.386063
16905,17420,13489,5999.416356
16906,17421,13490,5999.450187
16907,17422,13491,5999.481038
16908,17423,13492,5999.513435
16909,17424,13492,5999.513435
16910,17425,13493,5999.546383
16911,17426,13493,5999.546383
16912,17427,13494,5999.592773
16913,17428,13495,5999.624586
16914,17429,13496,5999.656968
16915,17430,13497,5999.690212
16916,17431,13498,5999.720704
16917,17432,13498,5999.720704
16918,17433,13499,5999.752838
16919,17434,13500,5999.785326
16920,17435,13501,5999.816583
16921,17436,13502,5999.849157
16922,17437,13502,5999.849157
16923,17438,13503,5999.881234
16924,17439,13503,5999.881234
16925,17440,13504,5999.928074
16926,17441,13505,5999.961335
16927,17442,13506,5999.992340
16928,17443,13507,6000.025412
16929,17444,13507,6000.025412
16930,17445,13508,6000.057682
16931,17446,13509,6000.088730
16932,17447,13510,6000.122311
16933,17448,13511,6000.153519
16934,17449,13511,6000.153519
16935,17450,13512,6000.185727
16936,17451,13513,6000.219196
16937,17452,13513,6000.219196
16938,17453,13514,6000.265900
16939,17454,13515,6000.297698
16940,17455,13516,6000.331062
16941,17456,13517,6000.362928
16942,17457,13517,6000.362928
16943,17458,13518,6000.393300
16944,17459,13519,6000.426187
16945,17460,13520,6000.457142
16946,17461,13521,6000.487491
16947,17462,13522,6000.521407
16948,17463,13522,6000.521407
16949,17464,13523,6000.553338
16950,17465,13523,6000.553338
16951,17466,13524,6000.600098
16952,17467,13525,6000.633441
16953,17468,13526,6000.665308
16954,17469,13527,6000.698690
16955,17470,13527,6000.698690
16956,17471,13528,6000.728900
16957,17472,13529,6000.760707
16958,17473,13530,6000.792323
16959,17474,13531,6000.825264
16960,17475,13531,6000.825264
16961,17476,13532,6000.856960
16962,17477,13533,6000.889056
16963,17478,13534,6000.921986
16964,17479,13534,6000.921986
16965,17480,13535,6000.969910
16966,17481,13536,6001.001502
16967,17482,13537,6001.033077
16968,17483,13537,6001.033077
16969,17484,13538,6001.065442
16970,17485,13539,6001.098312
16971,17486,13540,6001.128845
16972,17487,13541,6001.162894
16973,17488,13541,6001.162894
16974,17489,13542,6001.193249
16975,17490,13543,6001.224810
16976,17491,13544,6001.258242
16977,17492,13544,6001.258242
16978,17493,13545,6001.304704
16979,17494,13547,6001.340612
16980,17495,13548,6001.368055
16981,17496,13548,6001.368055
16982,17497,13548,6001.368055
16983,17498,13549,6001.431847
16984,17499,13550,6001.465038
16985,17500,13551,6001.498766
16986,17501,13551,6001.498766
16987,17502,13552,6001.529288
16988,17503,13553,6001.562840
16989,17504,13554,6001.594715
16990,17505,13554,6001.594715
16991,17506,13555,6001.641666
16992,17507,13557,6001.675937
16993,17508,13557,6001.675937
16994,17509,13558,6001.705905
16995,17510,13559,6001.736602
16996,17511,13560,6001.769726
16997,17512,13560,6001.769726
16998,17513,13561,6001.832984
16999,17514,13561,6001.832984
17000,17515,13562,6001.865327
17001,17516,13563,6001.896391
17002,17517,13564,6001.929430
17003,17518,13564,6001.929430
17004,17519,13565,6001.977847
17005,17520,13567,6002.013532
17006,17521,13567,6002.013532
17007,17522,13568,6002.041086
17008,17523,13569,6002.072879
17009,17524,13570,6002.105016
17010,17525,13571,6002.136459
17011,17526,13572,6002.168344
17012,17527,13572,6002.168344
17013,17528,13572,6002.168344
17014,17529,13573,6002.233849
17015,17530,13574,6002.267373
17016,17531,13574,6002.267373
17017,17532,13575,6002.314633
17018,17533,13577,6002.347680
17019,17534,13577,6002.347680
17020,17535,13578,6002.378905
17021,17536,13579,6002.410625
17022,17537,13580,6002.441896
17023,17538,13581,6002.473351
17024,17539,13581,6002.473351
17025,17540,13582,6002.504203
17026,17541,13583,6002.538706
17027,17542,13584,6002.568148
17028,17543,13584,6002.568148
17029,17544,13584,6002.568148
17030,17545,13585,6002.632364
17031,17546,13586,6002.681118
17032,17547,13587,6002.713194
17033,17548,13588,6002.715233
17034,17549,13589,6002.746077
17035,17550,13590,6002.777484
17036,17551,13591,6002.809633
17037,17552,13592,6002.840697
17038,17553,13592,6002.840697
17039,17554,13593,6002.871891
17040,17555,13594,6002.906173
17041,17556,13595,6002.937454
17042,17557,13596,6002.969678
17043,17558,13596,6002.969678
17044,17559,13596,6002.969678
17045,17560,13597,6003.049520
17046,17561,13598,6003.052413
17047,17562,13599,6003.080189
17048,17563,13600,6003.112223
17049,17564,13601,6003.144711
17050,17565,13602,6003.176803
17051,17566,13602,6003.176803
17052,17567,13603,6003.208483
17053,17568,13604,6003.240950
17054,17569,13605,6003.273386
17055,17570,13606,6003.304768
17056,17571,13606,6003.304768
17057,17572,13607,6003.354152
17058,17573,13607,6003.354152
17059,17574,13608,6003.385700
17060,17575,13609,6003.416234
17061,17576,13610,6003.448922
17062,17577,13611,6003.480687
17063,17578,13611,6003.480687
17064,17579,13612,6003.512084
17065,17580,13613,6003.546177
17066,17581,13614,6003.576625
17067,17582,13615,6003.611304
17068,17583,13615,6003.611304
17069,17584,13616,6003.642168
17070,17585,13617,6003.688543
17071,17586,13617,6003.688543
17072,17587,13618,6003.720887
17073,17588,13619,6003.751357
17074,17589,13620,6003.786934
17075,17590,13621,6003.816975
17076,17591,13621,6003.816975
17077,17592,13622,6003.849652
17078,17593,13623,6003.881441
17079,17594,13624,6003.913970
17080,17595,13625,6003.945656
17081,17596,13625,6003.945656
17082,17597,13626,6003.977231
17083,17598,13627,6004.024614
17084,17599,13627,6004.024614
17085,17600,13628,6004.057277
17086,17601,13629,6004.090388
17087,17602,13630,6004.120609
17088,17603,13631,6004.154656
17089,17604,13631,6004.154656
17090,17605,13632,6004.183676
17091,17606,13633,6004.216148
17092,17607,13634,6004.249908
17093,17608,13635,6004.283271
17094,17609,13635,6004.283271
17095,17610,13636,6004.312296
17096,17611,13637,6004.345010
17097,17612,13637,6004.345010
17098,17613,13638,6004.393005
17099,17614,13639,6004.425895
17100,17615,13640,6004.457199
17101,17616,13641,6004.489710
17102,17617,13641,6004.489710
17103,17618,13642,6004.519659
17104,17619,13643,6004.555111
17105,17620,13644,6004.585724
17106,17621,13645,6004.617158
17107,17622,13646,6004.649519
17108,17623,13646,6004.649519
17109,17624,13647,6004.680452
17110,17625,13647,6004.680452
17111,17626,13648,6004.728338
17112,17627,13649,6004.761206
17113,17628,13650,6004.793709
17114,17629,13651,6004.824385
17115,17630,13651,6004.824385
17116,17631,13652,6004.858300
17117,17632,13653,6004.888971
17118,17633,13654,6004.923153
17119,17634,13655,6004.952673
17120,17635,13655,6004.952673
17121,17636,13656,6004.986001
17122,17637,13657,6005.017063
17123,17638,13657,6005.017063
17124,17639,13658,6005.064992
17125,17640,13659,6005.097542
17126,17641,13660,6005.130322
17127,17642,13661,6005.162567
17128,17643,13661,6005.162567
17129,17644,13662,6005.193786
17130,17645,13663,6005.224610
17131,17646,13664,6005.258507
17132,17647,13665,6005.289330
17133,17648,13666,6005.320449
17134,17649,13666,6005.320449
17135,17650,13667,6005.352097
17136,17651,13667,6005.352097
17137,17652,13668,6005.401143
17138,17653,13669,6005.435158
17139,17654,13670,6005.465814
17140,17655,13671,6005.497464
17141,17656,13671,6005.497464
17142,17657,13672,6005.530504
17143,17658,13673,6005.562402
17144,17659,13674,6005.594479
17145,17660,13675,6005.628062
17146,17661,13675,6005.628062
17147,17662,13676,6005.656615
17148,17663,13677,6005.689708
17149,17664,13677,6005.689708
17150,17665,13678,6005.736276
17151,17666,13680,6005.771879
17152,17667,13680,6005.771879
17153,17668,13681,6005.832380
17154,17669,13681,6005.832380
17155,17670,13682,6005.866051
17156,17671,13683,6005.897444
17157,17672,13684,6005.929991
17158,17673,13685,6005.962502
17159,17674,13685,6005.962502
17160,17675,13686,6005.995432
17161,17676,13687,6006.025433
17162,17677,13688,6006.056502
17163,17678,13688,6006.056502
17164,17679,13690,6006.107883
17165,17680,13691,6006.136906
17166,17681,13692,6006.168813
17167,17682,13692,6006.168813
17168,17683,13692,6006.168813
17169,17684,13693,6006.232894
17170,17685,13694,6006.266168
17171,17686,13695,6006.297690
17172,17687,13695,6006.297690
17173,17688,13696,6006.329462
17174,17689,13697,6006.360058
17175,17690,13698,6006.393640
17176,17691,13698,6006.393640
17177,17692,13699,6006.440361
17178,17693,13701,6006.475321
17179,17694,13702,6006.506234
17180,17695,13702,6006.506234
17181,17696,13703,6006.537445
17182,17697,13704,6006.568850
17183,17698,13704,6006.568850
17184,17699,13705,6006.633295
17185,17700,13705,6006.633295
17186,17701,13706,6006.664696
17187,17702,13707,6006.697849
17188,17703,13708,6006.730366
17189,17704,13708,6006.730366
17190,17705,13709,6006.777518
17191,17706,13711,6006.812116
17192,17707,13711,6006.812116
17193,17708,13712,6006.842594
17194,17709,13713,6006.872575
17195,17710,13714,6006.906206
17196,17711,13715,6006.938525
17197,17712,13716,6006.969381
17198,17713,13716,6006.969381
17199,17714,13716,6006.969381
17200,17715,13717,6007.033773
17201,17716,13718,6007.065991
17202,17717,13718,6007.065991
17203,17718,13719,6007.113398
17204,17719,13721,6007.149560
17205,17720,13721,6007.149560
17206,17721,13722,6007.178488
17207,17722,13723,6007.208218
17208,17723,13724,6007.242190
17209,17724,13725,6007.272820
17210,17725,13725,6007.272820
17211,17726,13726,6007.305799
17212,17727,13727,6007.337735
17213,17728,13728,6007.369265
17214,17729,13728,6007.369265
17215,17730,13728,6007.369265
17216,17731,13729,6007.449676
17217,17732,13730,6007.481748
17218,17733,13731,6007.485006
17219,17734,13732,6007.512926
17220,17735,13733,6007.545843
17221,17736,13734,6007.577332
17222,17737,13735,6007.609072
17223,17738,13735,6007.609072
17224,17739,13736,6007.641535
17225,17740,13737,6007.673283
17226,17741,13738,6007.706815
17227,17742,13739,6007.738452
17228,17743,13739,6007.738452
17229,17744,13740,6007.785416
17230,17745,13741,6007.816904
17231,17746,13741,6007.816904
17232,17747,13742,6007.848759
17233,17748,13743,6007.880447
17234,17749,13744,6007.915503
17235,17750,13745,6007.945102
17236,17751,13745,6007.945102
17237,17752,13746,6007.977505
17238,17753,13747,6008.009893
17239,17754,13748,6008.042745
17240,17755,13749,6008.073514
17241,17756,13749,6008.073514
17242,17757,13750,6008.103523
17243,17758,13751,6008.153509
17244,17759,13751,6008.153509
17245,17760,13752,6008.185069
17246,17761,13753,6008.219083
17247,17762,13754,6008.248318
17248,17763,13754,6008.248318
17249,17764,13755,6008.284328
17250,17765,13756,6008.313924
17251,17766,13757,6008.346043
17252,17767,13758,6008.377301
17253,17768,13759,6008.409012
17254,17769,13759,6008.409012
17255,17770,13760,6008.442307
17256,17771,13760,6008.442307
17257,17772,13761,6008.490339
17258,17773,13762,6008.520518
17259,17774,13763,6008.554594
17260,17775,13764,6008.585113
17261,17776,13765,6008.617441
17262,17777,13765,6008.617441
17263,17778,13766,6008.649957
17264,17779,13767,6008.682045
17265,17780,13768,6008.714285
17266,17781,13769,6008.745106
17267,17782,13769,6008.745106
17268,17783,13770,6008.778319
17269,17784,13770,6008.778319
17270,17785,13771,6008.826494
17271,17786,13772,6008.856438
17272,17787,13773,6008.889891
17273,17788,13774,6008.920436
17274,17789,13774,6008.920436
17275,17790,13775,6008.952694
17276,17791,13776,6008.984731
17277,17792,13777,6009.016559
17278,17793,13778,6009.050177
17279,17794,13779,6009.080239
17280,17795,13779,6009.080239
17281,17796,13780,6009.117479
17282,17797,13780,6009.117479
17283,17798,13781,6009.162853
17284,17799,13782,6009.194834
17285,17800,13783,6009.225634
17286,17801,13784,6009.258639
17287,17802,13784,6009.258639
17288,17803,13785,6009.289035
17289,17804,13786,6009.320427
17290,17805,13787,6009.354043
17291,17806,13788,6009.384725
17292,17807,13789,6009.415756
17293,17808,13789,6009.415756
17294,17809,13790,6009.450021
17295,17810,13790,6009.450021
17296,17811,13791,6009.497326
17297,17812,13792,6009.530460
17298,17813,13793,6009.561533
17299,17814,13794,6009.592551
17300,17815,13794,6009.592551
17301,17816,13795,6009.625706
17302,17817,13796,6009.656924
17303,17818,13797,6009.688990
17304,17819,13798,6009.722899
17305,17820,13799,6009.753983
17306,17821,13799,6009.753983
17307,17822,13800,6009.785239
17308,17823,13801,6009.817654
17309,17824,13801,6009.817654
17310,17825,13802,6009.865578
17311,17826,13803,6009.897074
17312,17827,13804,6009.929956
17313,17828,13804,6009.929956
17314,17829,13805,6009.961456
17315,17830,13806,6009.993038
17316,17831,13807,6010.025407
17317,17832,13808,6010.058406
17318,17833,13809,6010.089376
17319,17834,13809,6010.089376
17320,17835,13810,6010.121880
17321,17836,13811,6010.154099
17322,17837,13811,6010.154099
17323,17838,13812,6010.201350
17324,17839,13813,6010.233680
17325,17840,13814,6010.266731
17326,17841,13814,6010.266731
17327,17842,13815,6010.298977
17328,17843,13816,6010.329783
17329,17844,13817,6010.361885
17330,17845,13818,6010.391402
17331,17846,13819,6010.425849
17332,17847,13819,6010.425849
17333,17848,13820,6010.455683
17334,17849,13821,6010.488811
17335,17850,13821,6010.488811
17336,17851,13822,6010.536859
17337,17852,13824,6010.572224
17338,17853,13824,6010.572224
17339,17854,13825,6010.633331
17340,17855,13825,6010.633331
17341,17856,13826,6010.664352
17342,17857,13827,6010.698695
17343,17858,13828,6010.727646
17344,17859,13829,6010.761580
17345,17860,13829,6010.761580
17346,17861,13830,6010.792907
17347,17862,13831,6010.824935
17348,17863,13831,6010.824935
17349,17864,13832,6010.874085
17350,17865,13834,6010.908597
17351,17866,13835,6010.938097
17352,17867,13836,6010.969216
17353,17868,13836,6010.969216
17354,17869,13836,6010.969216
17355,17870,13837,6011.034128
17356,17871,13838,6011.066135
17357,17872,13839,6011.096210
17358,17873,13839,6011.096210
17359,17874,13840,6011.128464
17360,17875,13841,6011.162051
17361,17876,13841,6011.162051
17362,17877,13842,6011.211007
17363,17878,13844,6011.244588
17364,17879,13845,6011.273481
17365,17880,13845,6011.273481
17366,17881,13846,6011.305131
17367,17882,13847,6011.337761
17368,17883,13848,6011.368882
17369,17884,13848,6011.368882
17370,17885,13848,6011.368882
17371,17886,13849,6011.433618
17372,17887,13850,6011.464721
17373,17888,13851,6011.496515
17374,17889,13852,6011.530824
17375,17890,13852,6011.530824
17376,17891,13853,6011.578082
17377,17892,13855,6011.611325
17378,17893,13855,6011.611325
17379,17894,13856,6011.640046
17380,17895,13857,6011.673008
17381,17896,13858,6011.704648
17382,17897,13859,6011.738356
17383,17898,13860,6011.768818
17384,17899,13860,6011.768818
17385,17900,13860,6011.768818
17386,17901,13861,6011.834020
17387,17902,13862,6011.866581
17388,17903,13862,6011.866581
17389,17904,13863,6011.914459
17390,17905,13865,6011.947626
17391,17906,13865,6011.947626
17392,17907,13866,6011.978096
17393,17908,13867,6012.010177
17394,17909,13868,6012.041668
17395,17910,13869,6012.074385
17396,17911,13869,6012.074385
17397,17912,13870,6012.105220
17398,17913,13871,6012.136831
17399,17914,13872,6012.169680
17400,17915,13872,6012.169680
17401,17916,13872,6012.169680
17402,17917,13873,6012.250674
17403,17918,13874,6012.280008
17404,17919,13875,6012.282541
17405,17920,13876,6012.314116
17406,17921,13877,6012.344328
17407,17922,13878,6012.379184
17408,17923,13878,6012.379184
17409,17924,13879,6012.410662
17410,17925,13880,6012.440731
17411,17926,13881,6012.471726
17412,17927,13882,6012.504039
17413,17928,13882,6012.504039
17414,17929,13883,6012.540091
17415,17930,13884,6012.586974
17416,17931,13884,6012.586974
17417,17932,13885,6012.618867
17418,17933,13886,6012.647833
17419,17934,13887,6012.679753
17420,17935,13888,6012.712314
17421,17936,13888,6012.712314
17422,17937,13889,6012.746383
17423,17938,13890,6012.777155
17424,17939,13891,6012.809870
17425,17940,13892,6012.841923
17426,17941,13893,6012.875154
17427,17942,13893,6012.875154
17428,17943,13894,6012.921813
17429,17944,13895,6012.952848
17430,17945,13895,6012.952848
17431,17946,13896,6012.985074
17432,17947,13897,6013.017394
17433,17948,13898,6013.050710
17434,17949,13899,6013.081677
17435,17950,13899,6013.081677
17436,17951,13900,6013.114876
17437,17952,13901,6013.144354
17438,17953,13902,6013.177636
17439,17954,13903,6013.211053
17440,17955,13903,6013.211053
17441,17956,13904,6013.241800
17442,17957,13905,6013.288065
17443,17958,13905,6013.288065
17444,17959,13906,6013.322908
17445,17960,13907,6013.354137
17446,17961,13908,6013.384678
17447,17962,13909,6013.416250
17448,17963,13909,6013.416250
17449,17964,13910,6013.448120
17450,17965,13911,6013.481563
17451,17966,13912,6013.512375
17452,17967,13913,6013.547156
17453,17968,13913,6013.547156
17454,17969,13914,6013.578578
17455,17970,13914,6013.578578
17456,17971,13915,6013.625076
17457,17972,13916,6013.657177
17458,17973,13917,6013.689490
17459,17974,13918,6013.721757
17460,17975,13918,6013.721757
17461,17976,13919,6013.753905
17462,17977,13920,6013.786403
17463,17978,13921,6013.815679
17464,17979,13922,6013.849170
17465,17980,13923,6013.883609
17466,17981,13923,6013.883609
17467,17982,13924,6013.913835
17468,17983,13924,6013.913835
17469,17984,13925,6013.961909
17470,17985,13926,6013.992681
17471,17986,13927,6014.026529
17472,17987,13928,6014.056248
17473,17988,13929,6014.088159
17474,17989,13929,6014.088159
17475,17990,13930,6014.120529
17476,17991,13931,6014.153036
17477,17992,13932,6014.185186
17478,17993,13933,6014.218332
17479,17994,13933,6014.218332
17480,17995,13934,6014.247712
17481,17996,13935,6014.296748
17482,17997,13935,6014.296748
17483,17998,13936,6014.329175
17484,17999,13937,6014.360868
17485,18000,13938,6014.392886
17486,18001,13939,6014.424557
17487,18002,13939,6014.424557
17488,18003,13940,6014.456625
17489,18004,13941,6014.488681
17490,18005,13942,6014.522188
17491,18006,13943,6014.551938
17492,18007,13943,6014.551938
17493,18008,13944,6014.583773
17494,18009,13944,6014.583773
17495,18010,13945,6014.633056
17496,18011,13946,6014.665156
17497,18012,13947,6014.695932
17498,18013,13948,6014.729846
17499,18014,13948,6014.729846
17500,18015,13949,6014.760891
17501,18016,13950,6014.792258
17502,18017,13951,6014.823806
17503,18018,13952,6014.857231
17504,18019,13952,6014.857231
17505,18020,13953,6014.890140
17506,18021,13954,6014.920471
17507,18022,13955,6014.952499
17508,18023,13955,6014.952499
17509,18024,13956,6015.002347
17510,18025,13957,6015.032076
17511,18026,13958,6015.065880
17512,18027,13958,6015.065880
17513,18028,13959,6015.098363
17514,18029,13960,6015.128015
17515,18030,13961,6015.161636
17516,18031,13962,6015.192525
17517,18032,13962,6015.192525
17518,18033,13963,6015.223291
17519,18034,13964,6015.257172
17520,18035,13965,6015.291453
17521,18036,13965,6015.291453
17522,18037,13966,6015.337862
17523,18038,13968,6015.371547
17524,18039,13968,6015.371547
17525,18040,13968,6015.371547
17526,18041,13969,6015.434115
17527,18042,13970,6015.465704
17528,18043,13971,6015.497674
17529,18044,13972,6015.528858
17530,18045,13972,6015.528858
17531,18046,13973,6015.561252
17532,18047,13974,6015.591913
17533,18048,13975,6015.625429
17534,18049,13975,6015.625429
17535,18050,13976,6015.674036
17536,18051,13978,6015.708453
17537,18052,13979,6015.737579
17538,18053,13979,6015.737579
17539,18054,13980,6015.769020
17540,18055,13980,6015.769020
17541,18056,13981,6015.833791
17542,18057,13982,6015.864787
17543,18058,13982,6015.864787
17544,18059,13983,6015.896461
17545,18060,13984,6015.932210
17546,18061,13985,6015.963856
17547,18062,13985,6015.963856
17548,18063,13986,6016.011310
17549,18064,13988,6016.046566
17550,18065,13988,6016.046566
17551,18066,13989,6016.075330
17552,18067,13990,6016.107322
17553,18068,13991,6016.142394
17554,18069,13992,6016.170912
17555,18070,13992,6016.170912
17556,18071,13992,6016.170912
17557,18072,13993,6016.235153
17558,18073,13994,6016.265383
17559,18074,13995,6016.297958
17560,18075,13995,6016.297958
17561,18076,13996,6016.345780
17562,18077,13998,6016.382256
17563,18078,13999,6016.408820
17564,18079,13999,6016.408820
17565,18080,14000,6016.441448
17566,18081,14001,6016.472575
17567,18082,14002,6016.506845
17568,18083,14003,6016.536570
17569,18084,14003,6016.536570
17570,18085,14004,6016.570724
17571,18086,14004,6016.570724
17572,18087,14005,6016.635150
17573,18088,14005,6016.635150
17574,18089,14006,6016.682054
17575,18090,14008,6016.715503
17576,18091,14009,6016.746028
17577,18092,14009,6016.746028
17578,18093,14010,6016.778027
17579,18094,14011,6016.808417
17580,18095,14012,6016.841392
17581,18096,14013,6016.873130
17582,18097,14013,6016.873130
17583,18098,14014,6016.906085
17584,18099,14015,6016.937818
17585,18100,14016,6016.969431
17586,18101,14016,6016.969431
17587,18102,14016,6016.969431
17588,18103,14017,6017.048230
17589,18104,14019,6017.083358
17590,18105,14019,6017.083358
17591,18106,14020,6017.113407
17592,18107,14021,6017.144571
17593,18108,14022,6017.177812
17594,18109,14023,6017.209769
17595,18110,14024,6017.241122
17596,18111,14024,6017.241122
17597,18112,14025,6017.272269
17598,18113,14026,6017.306453
17599,18114,14027,6017.338053
17600,18115,14027,6017.338053
17601,18116,14028,6017.388446
17602,18117,14029,6017.419804
17603,18118,14029,6017.419804
17604,18119,14030,6017.450212
17605,18120,14031,6017.481323
17606,18121,14032,6017.513305
17607,18122,14033,6017.545888
17608,18123,14033,6017.545888
17609,18124,14034,6017.578079
17610,18125,14035,6017.609956
17611,18126,14036,6017.640255
17612,18127,14037,6017.673555
17613,18128,14037,6017.673555
17614,18129,14038,6017.720092
17615,18130,14039,6017.754104
17616,18131,14039,6017.754104
17617,18132,14040,6017.784489
17618,18133,14041,6017.816364
17619,18134,14042,6017.848618
17620,18135,14043,6017.880907
17621,18136,14044,6017.912052
17622,18137,14044,6017.912052
17623,18138,14045,6017.944922
17624,18139,14046,6017.978263
17625,18140,14047,6018.010025
17626,18141,14047,6018.010025
17627,18142,14048,6018.058538
17628,18143,14049,6018.089296
17629,18144,14049,6018.089296
17630,18145,14050,6018.121818
17631,18146,14051,6018.153686
17632,18147,14052,6018.186895
17633,18148,14053,6018.217188
17634,18149,14053,6018.217188
17635,18150,14054,6018.250163
17636,18151,14055,6018.281138
17637,18152,14056,6018.312398
17638,18153,14057,6018.346082
17639,18154,14057,6018.346082
17640,18155,14058,6018.394750
17641,18156,14059,6018.424965
17642,18157,14059,6018.424965
17643,18158,14060,6018.455918
17644,18159,14061,6018.487957
17645,18160,14062,6018.520310
17646,18161,14063,6018.553021
17647,18162,14063,6018.553021
17648,18163,14064,6018.584043
17649,18164,14065,6018.616130
17650,18165,14066,6018.649183
17651,18166,14067,6018.682349
17652,18167,14067,6018.682349
17653,18168,14068,6018.711471
17654,18169,14069,6018.761107
17655,18170,14069,6018.761107
17656,18171,14070,6018.791937
17657,18172,14071,6018.824794
17658,18173,14072,6018.857222
17659,18174,14073,6018.889781
17660,18175,14073,6018.889781
17661,18176,14074,6018.922464
17662,18177,14075,6018.952371
17663,18178,14076,6018.986180
17664,18179,14077,6019.017933
17665,18180,14077,6019.017933
17666,18181,14078,6019.050246
17667,18182,14078,6019.050246
17668,18183,14079,6019.099239
17669,18184,14080,6019.129344
17670,18185,14081,6019.159768
17671,18186,14082,6019.193533
17672,18187,14082,6019.193533
17673,18188,14083,6019.224988
17674,18189,14084,6019.258509
17675,18190,14085,6019.289845
17676,18191,14086,6019.322259
17677,18192,14086,6019.322259
17678,18193,14087,6019.354321
17679,18194,14088,6019.383869
17680,18195,14088,6019.383869
17681,18196,14089,6019.433666
17682,18197,14090,6019.466465
17683,18198,14091,6019.497830
17684,18199,14092,6019.531030
17685,18200,14093,6019.560911
17686,18201,14093,6019.560911
17687,18202,14094,6019.593450
17688,18203,14095,6019.626358
17689,18204,14096,6019.658541
17690,18205,14097,6019.689187
17691,18206,14097,6019.689187
17692,18207,14098,6019.720334
17693,18208,14098,6019.720334
17694,18209,14099,6019.771755
17695,18210,14100,6019.802202
17696,18211,14101,6019.833402
17697,18212,14102,6019.866678
17698,18213,14102,6019.866678
17699,18214,14103,6019.897713
17700,18215,14104,6019.928243
17701,18216,14105,6019.961239
17702,18217,14106,6019.993979
17703,18218,14107,6020.025122
17704,18219,14107,6020.025122
17705,18220,14108,6020.056391
17706,18221,14108,6020.056391
17707,18222,14109,6020.104929
17708,18223,14111,6020.142753
17709,18224,14112,6020.168428
17710,18225,14112,6020.168428
17711,18226,14113,6020.232318
17712,18227,14113,6020.232318
17713,18228,14114,6020.266655
17714,18229,14115,6020.297984
17715,18230,14116,6020.328805
17716,18231,14117,6020.360100
17717,18232,14117,6020.360100
17718,18233,14118,6020.394611
17719,18234,14119,6020.425127
17720,18235,14119,6020.425127
17721,18236,14120,6020.472509
17722,18237,14122,6020.508196
17723,18238,14123,6020.536227
17724,18239,14123,6020.536227
17725,18240,14124,6020.569902
17726,18241,14124,6020.569902
17727,18242,14125,6020.632613
17728,18243,14126,6020.665359
17729,18244,14126,6020.665359
17730,18245,14127,6020.696771
17731,18246,14128,6020.730065
17732,18247,14129,6020.761655
17733,18248,14129,6020.761655
17734,18249,14130,6020.810872
17735,18250,14132,6020.845421
17736,18251,14133,6020.874515
17737,18252,14133,6020.874515
17738,18253,14134,6020.905805
17739,18254,14135,6020.936327
17740,18255,14136,6020.969693
17741,18256,14136,6020.969693
17742,18257,14136,6020.969693
17743,18258,14137,6021.035010
17744,18259,14138,6021.065397
17745,18260,14139,6021.096981
17746,18261,14139,6021.096981
17747,18262,14140,6021.148524
17748,18263,14142,6021.178551
17749,18264,14143,6021.209098
17750,18265,14144,6021.240388
17751,18266,14144,6021.240388
17752,18267,14145,6021.272579
17753,18268,14146,6021.304479
17754,18269,14147,6021.336650
17755,18270,14148,6021.368358
17756,18271,14148,6021.368358
17757,18272,14148,6021.368358
17758,18273,14149,6021.433734
17759,18274,14149,6021.433734
17760,18275,14150,6021.483368
17761,18276,14152,6021.515607
17762,18277,14153,6021.546055
17763,18278,14154,6021.577157
17764,18279,14154,6021.577157
17765,18280,14155,6021.609691
17766,18281,14156,6021.640433
17767,18282,14157,6021.672600
17768,18283,14158,6021.704356
17769,18284,14158,6021.704356
17770,18285,14159,6021.736771
17771,18286,14160,6021.770427
17772,18287,14160,6021.770427
17773,18288,14160,6021.770427
17774,18289,14162,6021.852330
17775,18290,14163,6021.881708
17776,18291,14163,6021.881708
17777,18292,14164,6021.912119
17778,18293,14165,6021.944817
17779,18294,14166,6021.978031
17780,18295,14167,6022.009477
17781,18296,14168,6022.039531
17782,18297,14168,6022.039531
17783,18298,14169,6022.072842
17784,18299,14170,6022.106266
17785,18300,14171,6022.139387
17786,18301,14171,6022.139387
17787,18302,14172,6022.186585
17788,18303,14173,6022.217592
17789,18304,14173,6022.217592
17790,18305,14174,6022.250299
17791,18306,14175,6022.280995
17792,18307,14176,6022.313610
17793,18308,14177,6022.346619
17794,18309,14177,6022.346619
17795,18310,14178,6022.376774
17796,18311,14179,6022.408890
17797,18312,14180,6022.440906
17798,18313,14181,6022.474726
17799,18314,14181,6022.474726
17800,18315,14182,6022.522074
17801,18316,14183,6022.552975
17802,18317,14183,6022.552975
17803,18318,14184,6022.586411
17804,18319,14185,6022.617878
17805,18320,14186,6022.647739
17806,18321,14187,6022.681129
17807,18322,14187,6022.681129
17808,18323,14188,6022.714438
17809,18324,14189,6022.746524
17810,18325,14190,6022.776658
17811,18326,14191,6022.808550
17812,18327,14191,6022.808550
17813,18328,14192,6022.856495
17814,18329,14193,6022.888997
17815,18330,14193,6022.888997
17816,18331,14194,6022.922683
17817,18332,14195,6022.953185
17818,18333,14196,6022.986068
17819,18334,14197,6023.018517
17820,18335,14197,6023.018517
17821,18336,14198,6023.048980
17822,18337,14199,6023.082036
17823,18338,14200,6023.114063
17824,18339,14201,6023.146314
17825,18340,14201,6023.146314
17826,18341,14202,6023.192620
17827,18342,14203,6023.224478
17828,18343,14203,6023.224478
17829,18344,14204,6023.256825
17830,18345,14205,6023.289151
17831,18346,14206,6023.321518
17832,18347,14207,6023.352559
17833,18348,14207,6023.352559
17834,18349,14208,6023.385776
17835,18350,14209,6023.416673
17836,18351,14210,6023.449295
17837,18352,14211,6023.482734
17838,18353,14211,6023.482734
17839,18354,14212,6023.531262
17840,18355,14213,6023.560800
17841,18356,14213,6023.560800
17842,18357,14214,6023.592949
17843,18358,14215,6023.625959
17844,18359,14216,6023.657996
17845,18360,14216,6023.657996
17846,18361,14217,6023.689907
17847,18362,14218,6023.721743
17848,18363,14219,6023.751895
17849,18364,14220,6023.784426
17850,18365,14220,6023.784426
17851,18366,14221,6023.818320
17852,18367,14222,6023.849038
17853,18368,14222,6023.849038
17854,18369,14223,6023.895934
17855,18370,14224,6023.930860
17856,18371,14225,6023.962281
17857,18372,14226,6023.992817
17858,18373,14226,6023.992817
17859,18374,14227,6024.024657
17860,18375,14228,6024.056491
17861,18376,14229,6024.088462
17862,18377,14230,6024.120788
17863,18378,14231,6024.151860
17864,18379,14231,6024.151860
17865,18380,14232,6024.184688
17866,18381,14232,6024.184688
17867,18382,14233,6024.232877
17868,18383,14234,6024.265360
17869,18384,14235,6024.296906
17870,18385,14236,6024.329233
17871,18386,14236,6024.329233
17872,18387,14237,6024.361171
17873,18388,14238,6024.392994
17874,18389,14239,6024.426259
17875,18390,14240,6024.457654
17876,18391,14241,6024.489190
17877,18392,14241,6024.489190
17878,18393,14242,6024.519501
17879,18394,14243,6024.569014
17880,18395,14243,6024.569014
17881,18396,14244,6024.600408
17882,18397,14245,6024.633383
17883,18398,14246,6024.664428
17884,18399,14247,6024.696932
17885,18400,14247,6024.696932
17886,18401,14248,6024.728033
17887,18402,14249,6024.761449
17888,18403,14250,6024.793699
17889,18404,14251,6024.825169
17890,18405,14251,6024.825169
17891,18406,14252,6024.858154
17892,18407,14253,6024.904403
17893,18408,14253,6024.904403
17894,18409,14255,6024.941760
17895,18410,14256,6024.969873
17896,18411,14256,6024.969873
17897,18412,14257,6025.033120
17898,18413,14257,6025.033120
17899,18414,14258,6025.066327
17900,18415,14259,6025.096597
17901,18416,14260,6025.128045
17902,18417,14261,6025.161171
17903,18418,14261,6025.161171
17904,18419,14262,6025.191927
17905,18420,14263,6025.242381
17906,18421,14263,6025.242381
17907,18422,14265,6025.274744
17908,18423,14266,6025.304557
17909,18424,14267,6025.336732
17910,18425,14268,6025.368556
17911,18426,14268,6025.368556
17912,18427,14268,6025.368556
17913,18428,14269,6025.433863
17914,18429,14270,6025.465416
17915,18430,14271,6025.497182
17916,18431,14271,6025.497182
17917,18432,14272,6025.527008
17918,18433,14273,6025.576273
17919,18434,14273,6025.576273
17920,18435,14275,6025.614473
17921,18436,14276,6025.643395
17922,18437,14277,6025.672572
17923,18438,14278,6025.706078
17924,18439,14278,6025.706078
17925,18440,14279,6025.736581
17926,18441,14280,6025.770574
17927,18442,14280,6025.770574
17928,18443,14280,6025.770574
17929,18444,14281,6025.834256
17930,18445,14282,6025.866738
17931,18446,14283,6025.897068
17932,18447,14283,6025.897068
17933,18448,14284,6025.945334
17934,18449,14286,6025.980438
17935,18450,14287,6026.009384
17936,18451,14287,6026.009384
17937,18452,14288,6026.043833
17938,18453,14289,6026.071766
17939,18454,14290,6026.106267
17940,18455,14291,6026.137286
17941,18456,14291,6026.137286
17942,18457,14292,6026.170015
17943,18458,14292,6026.170015
17944,18459,14293,6026.232485
17945,18460,14293,6026.232485
17946,18461,14294,6026.282497
17947,18462,14296,6026.316468
17948,18463,14297,6026.345579
17949,18464,14297,6026.345579
17950,18465,14298,6026.377624
17951,18466,14299,6026.409837
17952,18467,14300,6026.441493
17953,18468,14301,6026.474573
17954,18469,14302,6026.503843
17955,18470,14302,6026.503843
17956,18471,14303,6026.536693
17957,18472,14304,6026.567881
17958,18473,14304,6026.567881
17959,18474,14304,6026.567881
17960,18475,14306,6026.650784
17961,18476,14307,6026.681173
17962,18477,14308,6026.712175
17963,18478,14308,6026.712175
17964,18479,14309,6026.745358
17965,18480,14310,6026.775587
17966,18481,14311,6026.808921
17967,18482,14312,6026.841205
17968,18483,14312,6026.841205
17969,18484,14313,6026.873906
17970,18485,14314,6026.906570
17971,18486,14314,6026.906570
17972,18487,14315,6026.953994
17973,18488,14316,6026.986723
17974,18489,14317,6027.018075
17975,18490,14318,6027.047587
17976,18491,14318,6027.047587
17977,18492,14319,6027.081769
17978,18493,14320,6027.114425
17979,18494,14321,6027.143511
17980,18495,14322,6027.176070
17981,18496,14322,6027.176070
17982,18497,14323,6027.209590
17983,18498,14324,6027.240984
17984,18499,14324,6027.240984
17985,18500,14325,6027.289842
17986,18501,14326,6027.321159
17987,18502,14327,6027.353524
17988,18503,14327,6027.353524
17989,18504,14328,6027.384679
17990,18505,14329,6027.418289
17991,18506,14330,6027.448797
17992,18507,14331,6027.483443
17993,18508,14331,6027.483443
17994,18509,14332,6027.513434
17995,18510,14333,6027.544568
17996,18511,14334,6027.577333
17997,18512,14335,6027.609025
17998,18513,14335,6027.609025
17999,18514,14336,6027.657777
18000,18515,14337,6027.689682
18001,18516,14337,6027.689682
18002,18517,14338,6027.722520
18003,18518,14339,6027.755474
18004,18519,14340,6027.785540
18005,18520,14341,6027.817410
18006,18521,14342,6027.848310
18007,18522,14342,6027.848310
18008,18523,14343,6027.881224
18009,18524,14344,6027.913328
18010,18525,14345,6027.945398
18011,18526,14345,6027.945398
18012,18527,14346,6027.993135
18013,18528,14347,6028.024755
18014,18529,14347,6028.024755
18015,18530,14348,6028.057519
18016,18531,14349,6028.088457
18017,18532,14350,6028.124323
18018,18533,14351,6028.153924
18019,18534,14352,6028.185185
18020,18535,14352,6028.185185
18021,18536,14353,6028.218060
18022,18537,14354,6028.249122
18023,18538,14355,6028.281309
18024,18539,14355,6028.281309
18025,18540,14356,6028.330891
18026,18541,14357,6028.361959
18027,18542,14358,6028.393446
18028,18543,14358,6028.393446
18029,18544,14359,6028.425675
18030,18545,14360,6028.459200
18031,18546,14361,6028.490362
18032,18547,14362,6028.520240
18033,18548,14362,6028.520240
18034,18549,14363,6028.554323
18035,18550,14364,6028.585741
18036,18551,14365,6028.617291
18037,18552,14365,6028.617291
18038,18553,14366,6028.665880
18039,18554,14367,6028.698189
18040,18555,14368,6028.728544
18041,18556,14368,6028.728544
18042,18557,14369,6028.760365
18043,18558,14370,6028.792377
18044,18559,14371,6028.823932
18045,18560,14372,6028.857436
18046,18561,14372,6028.857436
18047,18562,14373,6028.890544
18048,18563,14374,6028.922359
18049,18564,14375,6028.951490
18050,18565,14375,6028.951490
18051,18566,14376,6029.002483
18052,18567,14377,6029.035506
18053,18568,14377,6029.035506
18054,18569,14378,6029.066836
18055,18570,14379,6029.099077
18056,18571,14380,6029.131756
18057,18572,14381,6029.161939
18058,18573,14384,6029.257990
18059,18574,14385,6029.289726
18060,18575,14386,6029.321002
18061,18576,14386,6029.321002
18062,18577,14387,6029.369805
18063,18578,14388,6029.401132
18064,18579,14388,6029.401132
18065,18580,14389,6029.434038
18066,18581,14390,6029.463811
18067,18582,14391,6029.497091
18068,18583,14392,6029.528736
18069,18584,14392,6029.528736
18070,18585,14393,6029.561362
18071,18586,14394,6029.593640
18072,18587,14395,6029.625106
18073,18588,14396,6029.659015
18074,18589,14396,6029.659015
18075,18590,14397,6029.704930
18076,18591,14398,6029.736739
18077,18592,14399,6029.739369
18078,18593,14400,6029.769987
18079,18594,14400,6029.769987
18080,18595,14401,6029.834325
18081,18596,14402,6029.864313
18082,18597,14402,6029.864313
18083,18598,14403,6029.896881
18084,18599,14404,6029.928097
18085,18600,14405,6029.961402
18086,18601,14406,6029.993471
18087,18602,14406,6029.993471
18088,18603,14407,6030.040826
18089,18604,14407,6030.040826
18090,18605,14409,6030.075338
18091,18606,14410,6030.104236
18092,18607,14411,6030.137540
18093,18608,14412,6030.169230
18094,18609,14412,6030.169230
18095,18610,14412,6030.169230
18096,18611,14413,6030.232720
18097,18612,14414,6030.265139
18098,18613,14415,6030.297255
18099,18614,14416,6030.328209
18100,18615,14416,6030.328209
18101,18616,14417,6030.380281
18102,18617,14417,6030.380281
18103,18618,14419,6030.414720
18104,18619,14420,6030.442448
18105,18620,14421,6030.474015
18106,18621,14422,6030.505497
18107,18622,14423,6030.536283
18108,18623,14423,6030.536283
18109,18624,14424,6030.568516
18110,18625,14424,6030.568516
18111,18626,14425,6030.633933
18112,18627,14426,6030.665194
18113,18628,14426,6030.665194
18114,18629,14427,6030.714714
18115,18630,14427,6030.714714
18116,18631,14429,6030.748588
18117,18632,14430,6030.778477
18118,18633,14431,6030.810385
18119,18634,14432,6030.841937
18120,18635,14432,6030.841937
18121,18636,14433,6030.872565
18122,18637,14434,6030.903447
18123,18638,14435,6030.936763
18124,18639,14436,6030.969128
18125,18640,14436,6030.969128
18126,18641,14436,6030.969128
18127,18642,14437,6031.033869
18128,18643,14437,6031.033869
18129,18644,14439,6031.082942
18130,18645,14440,6031.115152
18131,18646,14441,6031.145123
18132,18647,14442,6031.177762
18133,18648,14442,6031.177762
18134,18649,14443,6031.210189
18135,18650,14444,6031.242219
18136,18651,14445,6031.275130
18137,18652,14446,6031.304526
18138,18653,14447,6031.336280
18139,18654,14447,6031.336280
18140,18655,14448,6031.368676
18141,18656,14448,6031.368676
18142,18657,14448,6031.368676
18143,18658,14450,6031.450871
18144,18659,14451,6031.481719
18145,18660,14452,6031.514089
18146,18661,14452,6031.514089
18147,18662,14453,6031.544165
18148,18663,14454,6031.576769
18149,18664,14455,6031.610131
18150,18665,14456,6031.640872
18151,18666,14456,6031.640872
18152,18667,14457,6031.673463
18153,18668,14458,6031.703838
18154,18669,14458,6031.703838
18155,18670,14459,6031.752813
18156,18671,14460,6031.784362
18157,18672,14461,6031.817624
18158,18673,14462,6031.848969
18159,18674,14463,6031.880179
18160,18675,14463,6031.880179
18161,18676,14464,6031.913709
18162,18677,14465,6031.947956
18163,18678,14466,6031.977222
18164,18679,14467,6032.008995
18165,18680,14467,6032.008995
18166,18681,14468,6032.040413
18167,18682,14468,6032.040413
18168,18683,14469,6032.089750
18169,18684,14470,6032.121037
18170,18685,14471,6032.154465
18171,18686,14472,6032.186270
18172,18687,14473,6032.217270
18173,18688,14473,6032.217270
18174,18689,14474,6032.248557
18175,18690,14475,6032.281201
18176,18691,14476,6032.313437
18177,18692,14477,6032.346293
18178,18693,14477,6032.346293
18179,18694,14478,6032.379031
18180,18695,14479,6032.424730
18181,18696,14479,6032.424730
18182,18697,14480,6032.457815
18183,18698,14481,6032.487750
18184,18699,14482,6032.522509
18185,18700,14483,6032.552419
18186,18701,14483,6032.552419
18187,18702,14484,6032.585700
18188,18703,14485,6032.618428
18189,18704,14486,6032.648763
18190,18705,14487,6032.680404
18191,18706,14487,6032.680404
18192,18707,14488,6032.712626
18193,18708,14489,6032.747804
18194,18709,14489,6032.747804
18195,18710,14490,6032.796055
18196,18711,14491,6032.824458
18197,18712,14492,6032.857529
18198,18713,14492,6032.857529
18199,18714,14493,6032.889274
18200,18715,14494,6032.923826
18201,18716,14495,6032.954018
18202,18717,14496,6032.986005
18203,18718,14497,6033.016938
18204,18719,14497,6033.016938
18205,18720,14498,6033.048498
18206,18721,14499,6033.081148
18207,18722,14499,6033.081148
18208,18723,14500,6033.129908
18209,18724,14501,6033.161517
18210,18725,14502,6033.193478
18211,18726,14502,6033.193478
18212,18727,14503,6033.225362
18213,18728,14504,6033.258392
18214,18729,14505,6033.289729
18215,18730,14506,6033.321820
18216,18731,14506,6033.321820
18217,18732,14507,6033.352906
18218,18733,14508,6033.385617
18219,18734,14509,6033.417463
18220,18735,14509,6033.417463
18221,18736,14510,6033.465303
18222,18737,14511,6033.497802
18223,18738,14512,6033.528244
18224,18739,14512,6033.528244
18225,18740,14513,6033.560331
18226,18741,14514,6033.592346
18227,18742,14515,6033.626927
18228,18743,14516,6033.656299
18229,18744,14516,6033.656299
18230,18745,14517,6033.689067
18231,18746,14518,6033.721348
18232,18747,14519,6033.754365
18233,18748,14519,6033.754365
18234,18749,14520,6033.801788
18235,18750,14521,6033.833173
18236,18751,14522,6033.864911
18237,18752,14522,6033.864911
18238,18753,14523,6033.897899
18239,18754,14524,6033.927779
18240,18755,14525,6033.961817
18241,18756,14526,6033.994633
18242,18757,14526,6033.994633
18243,18758,14527,6034.024757
18244,18759,14528,6034.057770
18245,18760,14529,6034.090474
18246,18761,14529,6034.090474
18247,18762,14530,6034.136110
18248,18763,14532,6034.170697
18249,18764,14532,6034.170697
18250,18765,14532,6034.170697
18251,18766,14533,6034.232994
18252,18767,14534,6034.265820
18253,18768,14535,6034.297977
18254,18769,14536,6034.328993
18255,18770,14536,6034.328993
18256,18771,14537,6034.362016
18257,18772,14538,6034.394473
18258,18773,14539,6034.425626
18259,18774,14539,6034.425626
18260,18775,14540,6034.471909
18261,18776,14542,6034.507545
18262,18777,14543,6034.537884
18263,18778,14543,6034.537884
18264,18779,14544,6034.569304
18265,18780,14544,6034.569304
18266,18781,14545,6034.633690
18267,18782,14546,6034.664880
18268,18783,14546,6034.664880
18269,18784,14547,6034.697997
18270,18785,14548,6034.729566
18271,18786,14549,6034.761663
18272,18787,14550,6034.793321
18273,18788,14550,6034.793321
18274,18789,14551,6034.841237
18275,18790,14552,6034.872532
18276,18791,14553,6034.874928
18277,18792,14554,6034.904707
18278,18793,14555,6034.938089
18279,18794,14556,6034.967811
18280,18795,14556,6034.967811
18281,18796,14556,6034.967811
18282,18797,14557,6035.032524
18283,18798,14558,6035.064625
18284,18799,14559,6035.095793
18285,18800,14560,6035.130909
18286,18801,14560,6035.130909
18287,18802,14561,6035.177458
18288,18803,14563,6035.210827
18289,18804,14563,6035.210827
18290,18805,14564,6035.240119
18291,18806,14565,6035.274197
18292,18807,14566,6035.306913
18293,18808,14567,6035.337269
18294,18809,14567,6035.337269
18295,18810,14568,6035.369346
18296,18811,14568,6035.369346
18297,18812,14569,6035.433467
18298,18813,14570,6035.466259
18299,18814,14570,6035.466259
18300,18815,14571,6035.514085
18301,18816,14572,6035.546122
18302,18817,14573,6035.549606
18303,18818,14574,6035.577587
18304,18819,14575,6035.609916
18305,18820,14576,6035.640585
18306,18821,14577,6035.672523
18307,18822,14578,6035.704636
18308,18823,14578,6035.704636
18309,18824,14579,6035.736743
18310,18825,14580,6035.769550
18311,18826,14580,6035.769550
18312,18827,14580,6035.769550
18313,18828,14581,6035.850833
18314,18829,14583,6035.884837
18315,18830,14583,6035.884837
18316,18831,14584,6035.914312
18317,18832,14585,6035.945343
18318,18833,14586,6035.978033
18319,18834,14587,6036.011435
18320,18835,14588,6036.043030
18321,18836,14588,6036.043030
18322,18837,14589,6036.074854
18323,18838,14590,6036.105378
18324,18839,14591,6036.137600
18325,18840,14591,6036.137600
18326,18841,14592,6036.186907
18327,18842,14593,6036.217211
18328,18843,14594,6036.249126
18329,18844,14594,6036.249126
18330,18845,14595,6036.281165
18331,18846,14596,6036.313337
18332,18847,14597,6036.347535
18333,18848,14598,6036.376181
18334,18849,14599,6036.410777
18335,18850,14599,6036.410777
18336,18851,14600,6036.440827
18337,18852,14601,6036.475132
18338,18853,14602,6036.506870
18339,18854,14602,6036.506870
18340,18855,14603,6036.552646
18341,18856,14604,6036.586580
18342,18857,14605,6036.618914
18343,18858,14605,6036.618914
18344,18859,14606,6036.650893
18345,18860,14607,6036.682916
18346,18861,14608,6036.715398
18347,18862,14609,6036.745824
18348,18863,14610,6036.779302
18349,18864,14610,6036.779302
18350,18865,14611,6036.809705
18351,18866,14612,6036.843742
18352,18867,14612,6036.843742
18353,18868,14613,6036.888796
18354,18869,14614,6036.924014
18355,18870,14615,6036.954980
18356,18871,14616,6036.987362
18357,18872,14616,6036.987362
18358,18873,14617,6037.017929
18359,18874,14618,6037.049069
18360,18875,14619,6037.081510
18361,18876,14620,6037.113109
18362,18877,14621,6037.145847
18363,18878,14621,6037.145847
18364,18879,14622,6037.179078
18365,18880,14623,6037.225383
18366,18881,14623,6037.225383
18367,18882,14624,6037.256208
18368,18883,14625,6037.289613
18369,18884,14626,6037.321201
18370,18885,14627,6037.354129
18371,18886,14627,6037.354129
18372,18887,14628,6037.384323
18373,18888,14629,6037.418483
18374,18889,14630,6037.450395
18375,18890,14631,6037.483304
18376,18891,14631,6037.483304
18377,18892,14632,6037.512847
18378,18893,14633,6037.564046
18379,18894,14633,6037.564046
18380,18895,14634,6037.595066
18381,18896,14635,6037.625719
18382,18897,14636,6037.659768
18383,18898,14637,6037.689197
18384,18899,14637,6037.689197
18385,18900,14638,6037.721210
18386,18901,14639,6037.753502
18387,18902,14640,6037.788345
18388,18903,14641,6037.819877
18389,18904,14642,6037.851967
18390,18905,14642,6037.851967
18391,18906,14643,6037.898130
18392,18907,14644,6037.930775
18393,18908,14644,6037.930775
18394,18909,14645,6037.963516
18395,18910,14646,6037.996779
18396,18911,14647,6038.027836
18397,18912,14648,6038.058576
18398,18913,14649,6038.089039
18399,18914,14649,6038.089039
18400,18915,14650,6038.121748
18401,18916,14651,6038.154738
18402,18917,14652,6038.187423
18403,18918,14653,6038.219569
18404,18919,14653,6038.219569
18405,18920,14654,6038.266088
18406,18921,14655,6038.297591
18407,18922,14655,6038.297591
18408,18923,14656,6038.331034
18409,18924,14657,6038.361815
18410,18925,14658,6038.394943
18411,18926,14659,6038.426333
18412,18927,14659,6038.426333
18413,18928,14660,6038.457761
18414,18929,14661,6038.488240
18415,18930,14662,6038.522194
18416,18931,14663,6038.552752
18417,18932,14663,6038.552752
18418,18933,14664,6038.614232
18419,18934,14665,6038.636382
18420,18935,14666,6038.667057
18421,18936,14667,6038.699702
18422,18937,14667,6038.699702
18423,18938,14668,6038.730444
18424,18939,14669,6038.761890
18425,18940,14670,6038.795290
18426,18941,14671,6038.825359
18427,18942,14671,6038.825359
18428,18943,14672,6038.858621
18429,18944,14673,6038.893044
18430,18945,14673,6038.893044
18431,18946,14674,6038.939408
18432,18947,14676,6038.971996
18433,18948,14676,6038.971996
18434,18949,14676,6038.971996
18435,18950,14677,6039.034794
18436,18951,14678,6039.065596
18437,18952,14679,6039.098421
18438,18953,14680,6039.129975
18439,18954,14680,6039.129975
18440,18955,14681,6039.161339
18441,18956,14682,6039.195095
18442,18957,14683,6039.226822
18443,18958,14683,6039.226822
18444,18959,14684,6039.273786
18445,18960,14686,6039.307626
18446,18961,14686,6039.307626
18447,18962,14687,6039.338204
18448,18963,14688,6039.370625
18449,18964,14688,6039.370625
18450,18965,14689,6039.434759
18451,18966,14689,6039.434759
18452,18967,14690,6039.467290
18453,18968,14691,6039.499720
18454,18969,14692,6039.530684
18455,18970,14693,6039.562676
18456,18971,14693,6039.562676
18457,18972,14694,6039.610367
18458,18973,14696,6039.643999
18459,18974,14696,6039.643999
18460,18975,14697,6039.673159
18461,18976,14698,6039.708321
18462,18977,14699,6039.742417
18463,18978,14700,6039.771177
18464,18979,14700,6039.771177
18465,18980,14700,6039.771177
18466,18981,14701,6039.834488
18467,18982,14702,6039.866883
18468,18983,14703,6039.897324
18469,18984,14703,6039.897324
18470,18985,14704,6039.931409
18471,18986,14704,6039.931409
18472,18987,14706,6039.984213
18473,18988,14707,6040.012002
18474,18989,14708,6040.042456
18475,18990,14708,6040.042456
18476,18991,14709,6040.074650
18477,18992,14710,6040.104922
18478,18993,14711,6040.136354
18479,18994,14712,6040.170953
18480,18995,14712,6040.170953
18481,18996,14712,6040.170953
18482,18997,14713,6040.233681
18483,18998,14714,6040.265912
18484,18999,14714,6040.265912
18485,19000,14715,6040.312765
18486,19001,14717,6040.351592
18487,19002,14718,6040.379051
18488,19003,14718,6040.379051
18489,19004,14719,6040.409193
18490,19005,14720,6040.442907
18491,19006,14721,6040.475167
18492,19007,14722,6040.508224
18493,19008,14723,6040.538875
18494,19009,14723,6040.538875
18495,19010,14724,6040.570252
18496,19011,14724,6040.570252
18497,19012,14724,6040.570252
18498,19013,14725,6040.651610
18499,19014,14727,6040.687407
18500,19015,14728,6040.715666
18501,19016,14728,6040.715666
18502,19017,14729,6040.747570
18503,19018,14730,6040.779739
18504,19019,14731,6040.809121
18505,19020,14732,6040.843829
18506,19021,14732,6040.843829
18507,19022,14733,6040.873410
18508,19023,14734,6040.905634
18509,19024,14735,6040.937387
18510,19025,14735,6040.937387
18511,19026,14736,6040.987449
18512,19027,14737,6041.020205
18513,19028,14738,6041.049254
18514,19029,14738,6041.049254
18515,19030,14739,6041.082256
18516,19031,14740,6041.114040
18517,19032,14741,6041.147533
18518,19033,14742,6041.179331
18519,19034,14742,6041.179331
18520,19035,14743,6041.209058
18521,19036,14744,6041.241594
18522,19037,14745,6041.275180
18523,19038,14745,6041.275180
18524,19039,14746,6041.323508
18525,19040,14747,6041.356177
18526,19041,14747,6041.356177
18527,19042,14748,6041.385179
18528,19043,14749,6041.420221
18529,19044,14750,6041.449424
18530,19045,14750,6041.449424
18531,19046,14751,6041.483808
18532,19047,14752,6041.514946
18533,19048,14753,6041.547658
18534,19049,14754,6041.579591
18535,19050,14754,6041.579591
18536,19051,14755,6041.612046
18537,19052,14756,6041.643016
18538,19053,14756,6041.643016
18539,19054,14757,6041.691996
18540,19055,14758,6041.723150
18541,19056,14759,6041.754676
18542,19057,14760,6041.787948
18543,19058,14760,6041.787948
18544,19059,14761,6041.817218
18545,19060,14762,6041.849123
18546,19061,14763,6041.881686
18547,19062,14764,6041.915531
18548,19063,14765,6041.945492
18549,19064,14765,6041.945492
18550,19065,14766,6041.977063
18551,19066,14766,6041.977063
18552,19067,14767,6042.025986
18553,19068,14768,6042.059558
18554,19069,14769,6042.091283
18555,19070,14770,6042.121813
18556,19071,14771,6042.154977
18557,19072,14771,6042.154977
18558,19073,14772,6042.186214
18559,19074,14773,6042.219287
18560,19075,14774,6042.252284
18561,19076,14775,6042.281646
18562,19077,14775,6042.281646
18563,19078,14776,6042.312943
18564,19079,14777,6042.361099
18565,19080,14777,6042.361099
18566,19081,14778,6042.395121
18567,19082,14779,6042.427000
18568,19083,14780,6042.458702
18569,19084,14781,6042.489706
18570,19085,14781,6042.489706
18571,19086,14782,6042.521500
18572,19087,14783,6042.553650
18573,19088,14784,6042.587053
18574,19089,14785,6042.618824
18575,19090,14786,6042.648646
18576,19091,14786,6042.648646
18577,19092,14787,6042.697318
18578,19093,14787,6042.697318
18579,19094,14788,6042.730746
18580,19095,14789,6042.760255
18581,19096,14790,6042.794792
18582,19097,14791,6042.826493
18583,19098,14792,6042.857103
18584,19099,14792,6042.857103
18585,19100,14793,6042.888652
18586,19101,14794,6042.922023
18587,19102,14795,6042.956213
18588,19103,14796,6042.985821
18589,19104,14796,6042.985821
18590,19105,14797,6043.034769
18591,19106,14798,6043.064449
18592,19107,14798,6043.064449
18593,19108,14799,6043.096797
18594,19109,14800,6043.130298
18595,19110,14801,6043.161672
18596,19111,14802,6043.194021
18597,19112,14802,6043.194021
18598,19113,14803,6043.224402
18599,19114,14804,6043.256963
18600,19115,14805,6043.293269
18601,19116,14806,6043.324442
18602,19117,14806,6043.324442
18603,19118,14807,6043.370526
18604,19119,14808,6043.402094
18605,19120,14808,6043.402094
18606,19121,14809,6043.432384
18607,19122,14810,6043.465129
18608,19123,14811,6043.498069
18609,19124,14812,6043.530631
18610,19125,14812,6043.530631
18611,19126,14813,6043.561166
18612,19127,14814,6043.590904
18613,19128,14815,6043.626857
18614,19129,14816,6043.658309
18615,19130,14816,6043.658309
18616,19131,14817,6043.689522
18617,19132,14818,6043.738206
18618,19133,14818,6043.738206
18619,19134,14820,6043.771282
18620,19135,14820,6043.771282
18621,19136,14821,6043.832462
18622,19137,14822,6043.867108
18623,19138,14822,6043.867108
18624,19139,14823,6043.899095
18625,19140,14824,6043.930165
18626,19141,14825,6043.962452
18627,19142,14826,6043.995072
18628,19143,14827,6044.024592
18629,19144,14827,6044.024592
18630,19145,14828,6044.073350
18631,19146,14828,6044.073350
18632,19147,14830,6044.108992
18633,19148,14831,6044.138907
18634,19149,14832,6044.171646
18635,19150,14832,6044.171646
18636,19151,14832,6044.171646
18637,19152,14833,6044.234451
18638,19153,14834,6044.267618
18639,19154,14835,6044.298421
18640,19155,14836,6044.330056
18641,19156,14837,6044.360768
18642,19157,14837,6044.360768
18643,19158,14838,6044.408415
18644,19159,14839,6044.441446
18645,19160,14840,6044.443871
18646,19161,14841,6044.472432
18647,19162,14842,6044.506039
18648,19163,14843,6044.536653
18649,19164,14844,6044.571434
18650,19165,14844,6044.571434
18651,19166,14844,6044.571434
18652,19167,14845,6044.634609
18653,19168,14846,6044.665896
18654,19169,14847,6044.698415
18655,19170,14847,6044.698415
18656,19171,14848,6044.744015
18657,19172,14848,6044.744015
18658,19173,14850,6044.783226
18659,19174,14851,6044.808897
18660,19175,14852,6044.842650
18661,19176,14853,6044.874612
18662,19177,14854,6044.905606
18663,19178,14854,6044.905606
18664,19179,14855,6044.937606
18665,19180,14856,6044.968774
18666,19181,14856,6044.968774
18667,19182,14857,6045.033896
18668,19183,14857,6045.033896
18669,19184,14858,6045.083102
18670,19185,14860,6045.115635
18671,19186,14860,6045.115635
18672,19187,14861,6045.144611
18673,19188,14862,6045.177524
18674,19189,14863,6045.209634
18675,19190,14864,6045.240523
18676,19191,14865,6045.273197
18677,19192,14865,6045.273197
18678,19193,14866,6045.305985
18679,19194,14867,6045.340524
18680,19195,14868,6045.368345
18681,19196,14868,6045.368345
18682,19197,14868,6045.368345
18683,19198,14869,6045.448209
18684,19199,14869,6045.448209
18685,19200,14871,6045.483737
18686,19201,14872,6045.516491
18687,19202,14873,6045.546466
18688,19203,14874,6045.578301
18689,19204,14874,6045.578301
18690,19205,14875,6045.609878
18691,19206,14876,6045.643325
18692,19207,14877,6045.674086
18693,19208,14878,6045.704722
18694,19209,14878,6045.704722
18695,19210,14879,6045.736849
18696,19211,14880,6045.785126
18697,19212,14880,6045.785126
18698,19213,14881,6045.819571
18699,19214,14882,6045.848964
18700,19215,14883,6045.882332
18701,19216,14884,6045.913336
18702,19217,14884,6045.913336
18703,19218,14885,6045.944120
18704,19219,14886,6045.979960
18705,19220,14887,6046.008102
18706,19221,14888,6046.040001
18707,19222,14888,6046.040001
18708,19223,14889,6046.075032
18709,19224,14889,6046.075032
18710,19225,14890,6046.123283
18711,19226,14891,6046.153504
18712,19227,14892,6046.185687
18713,19228,14893,6046.217720
18714,19229,14894,6046.249052
18715,19230,14894,6046.249052
18716,19231,14895,6046.281033
18717,19232,14896,6046.313548
18718,19233,14897,6046.346579
18719,19234,14898,6046.377154
18720,19235,14898,6046.377154
18721,19236,14899,6046.408160
18722,19237,14899,6046.408160
18723,19238,14900,6046.456953
18724,19239,14901,6046.489764
18725,19240,14902,6046.521894
18726,19241,14903,6046.554858
18727,19242,14904,6046.585209
18728,19243,14904,6046.585209
18729,19244,14905,6046.616628
18730,19245,14906,6046.650310
18731,19246,14907,6046.679761
18732,19247,14908,6046.714573
18733,19248,14908,6046.714573
18734,19249,14909,6046.746125
18735,19250,14909,6046.746125
18736,19251,14910,6046.793494
18737,19252,14911,6046.824747
18738,19253,14912,6046.857437
18739,19254,14913,6046.888965
18740,19255,14914,6046.922291
18741,19256,14914,6046.922291
18742,19257,14915,6046.955187
18743,19258,14916,6046.987071
18744,19259,14917,6047.018039
18745,19260,14918,6047.050909
18746,19261,14918,6047.050909
18747,19262,14919,6047.081857
18748,19263,14920,6047.114512
18749,19264,14920,6047.114512
18750,19265,14921,6047.160366
18751,19266,14922,6047.194134
18752,19267,14923,6047.225881
18753,19268,14924,6047.258520
18754,19269,14924,6047.258520
18755,19270,14925,6047.289713
18756,19271,14926,6047.321969
18757,19272,14927,6047.354176
18758,19273,14928,6047.385781
18759,19274,14929,6047.416509
18760,19275,14929,6047.416509
18761,19276,14930,6047.450756
18762,19277,14930,6047.450756
18763,19278,14931,6047.498177
18764,19279,14932,6047.529578
18765,19280,14933,6047.561041
18766,19281,14934,6047.594318
18767,19282,14935,6047.624827
18768,19283,14935,6047.624827
18769,19284,14936,6047.658984
18770,19285,14937,6047.690792
18771,19286,14938,6047.722468
18772,19287,14939,6047.754987
18773,19288,14939,6047.754987
18774,19289,14940,6047.786388
18775,19290,14941,6047.833422
18776,19291,14941,6047.833422
18777,19292,14942,6047.867579
18778,19293,14943,6047.898516
18779,19294,14944,6047.928849
18780,19295,14945,6047.961151
18781,19296,14945,6047.961151
18782,19297,14946,6047.991626
18783,19298,14947,6048.026121
18784,19299,14948,6048.057673
18785,19300,14949,6048.089874
18786,19301,14949,6048.089874
18787,19302,14950,6048.121205
18788,19303,14951,6048.168938
18789,19304,14951,6048.168938
18790,19305,14952,6048.201270
18791,19306,14953,6048.234790
18792,19307,14954,6048.266752
18793,19308,14954,6048.266752
18794,19309,14955,6048.298895
18795,19310,14956,6048.328353
18796,19311,14957,6048.361824
18797,19312,14958,6048.396173
18798,19313,14959,6048.426812
18799,19314,14959,6048.426812
18800,19315,14960,6048.458176
18801,19316,14960,6048.458176
18802,19317,14961,6048.506680
18803,19318,14963,6048.542996
18804,19319,14964,6048.570379
18805,19320,14964,6048.570379
18806,19321,14965,6048.633203
18807,19322,14965,6048.633203
18808,19323,14966,6048.664710
18809,19324,14967,6048.698087
18810,19325,14968,6048.729563
18811,19326,14969,6048.762720
18812,19327,14969,6048.762720
18813,19328,14970,6048.793088
18814,19329,14971,6048.826305
18815,19330,14971,6048.826305
18816,19331,14973,6048.876653
18817,19332,14974,6048.906264
18818,19333,14975,6048.936683
18819,19334,14976,6048.968675
18820,19335,14976,6048.968675
18821,19336,14976,6048.968675
18822,19337,14977,6049.033157
18823,19338,14978,6049.066489
18824,19339,14979,6049.097773
18825,19340,14979,6049.097773
18826,19341,14980,6049.129869
18827,19342,14981,6049.162647
18828,19343,14981,6049.162647
18829,19344,14982,6049.208509
18830,19345,14984,6049.246177
18831,19346,14985,6049.274466
18832,19347,14986,6049.304214
18833,19348,14986,6049.304214
18834,19349,14987,6049.337000
18835,19350,14988,6049.371018
18836,19351,14988,6049.371018
18837,19352,14989,6049.432616
18838,19353,14989,6049.432616
18839,19354,14990,6049.465686
18840,19355,14991,6049.497981
18841,19356,14991,6049.497981
18842,19357,14992,6049.544690
18843,19358,14994,6049.580816
18844,19359,14995,6049.612703
18845,19360,14996,6049.640140
18846,19361,14996,6049.640140
18847,19362,14997,6049.673874
18848,19363,14998,6049.706772
18849,19364,14999,6049.736452
18850,19365,15000,6049.768446
18851,19366,15000,6049.768446
18852,19367,15000,6049.768446
18853,19368,15001,6049.834588
18854,19369,15001,6049.834588
18855,19370,15002,6049.881153
18856,19371,15004,6049.919275
18857,19372,15005,6049.947981
18858,19373,15005,6049.947981
18859,19374,15006,6049.976109
18860,19375,15007,6050.010470
18861,19376,15008,6050.043508
18862,19377,15009,6050.074091
18863,19378,15010,6050.105145
18864,19379,15010,6050.105145
18865,19380,15011,6050.138396
18866,19381,15012,6050.170708
18867,19382,15012,6050.170708
18868,19383,15012,6050.170708
18869,19384,15014,6050.252859
18870,19385,15015,6050.280639
18871,19386,15016,6050.312555
18872,19387,15016,6050.312555
18873,19388,15017,6050.345870
18874,19389,15018,6050.377885
18875,19390,15019,6050.408174
18876,19391,15019,6050.408174
18877,19392,15020,6050.443903
18878,19393,15021,6050.472942
18879,19394,15022,6050.506712
18880,19395,15023,6050.537305
18881,19396,15023,6050.537305
18882,19397,15024,6050.584956
18883,19398,15025,6050.619099
18884,19399,15025,6050.619099
18885,19400,15026,6050.651863
18886,19401,15027,6050.681529
18887,19402,15028,6050.712159
18888,19403,15029,6050.745062
18889,19404,15030,6050.777264
18890,19405,15030,6050.777264
18891,19406,15031,6050.808513
18892,19407,15032,6050.842783
18893,19408,15033,6050.872840
18894,19409,15033,6050.872840
18895,19410,15034,6050.922619
18896,19411,15035,6050.952890
18897,19412,15035,6050.952890
18898,19413,15036,6050.984922
18899,19414,15037,6051.018279
18900,19415,15038,6051.049141
18901,19416,15039,6051.082886
18902,19417,15039,6051.082886
18903,19418,15040,6051.113359
18904,19419,15041,6051.144809
18905,19420,15042,6051.177852
18906,19421,15043,6051.209596
18907,19422,15043,6051.209596
18908,19423,15044,6051.256701
18909,19424,15045,6051.290363
18910,19425,15046,6051.320615
18911,19426,15046,6051.320615
18912,19427,15047,6051.352116
18913,19428,15048,6051.385900
18914,19429,15049,6051.416305
18915,19430,15050,6051.452134
18916,19431,15050,6051.452134
18917,19432,15051,6051.481083
18918,19433,15052,6051.513224
18919,19434,15053,6051.544604
18920,19435,15053,6051.544604
18921,19436,15054,6051.592336
18922,19437,15055,6051.623602
18923,19438,15056,6051.657397
18924,19439,15056,6051.657397
18925,19440,15057,6051.689321
18926,19441,15058,6051.722770
18927,19442,15059,6051.754522
18928,19443,15060,6051.783702
18929,19444,15060,6051.783702
18930,19445,15061,6051.815843
18931,19446,15062,6051.848349
18932,19447,15063,6051.881867
18933,19448,15063,6051.881867
18934,19449,15064,6051.929949
18935,19450,15065,6051.961758
18936,19451,15066,6051.992654
18937,19452,15066,6051.992654
18938,19453,15067,6052.025137
18939,19454,15068,6052.056747
18940,19455,15069,6052.094453
18941,19456,15070,6052.120859
18942,19457,15070,6052.120859
18943,19458,15071,6052.152413
18944,19459,15072,6052.184208
18945,19460,15073,6052.218518
18946,19461,15073,6052.218518
18947,19462,15074,6052.264060
18948,19463,15075,6052.297062
18949,19464,15076,6052.330935
18950,19465,15076,6052.330935
18951,19466,15077,6052.360365
18952,19467,15078,6052.393447
18953,19468,15079,6052.423576
18954,19469,15080,6052.457259
18955,19470,15080,6052.457259
18956,19471,15081,6052.489131
18957,19472,15082,6052.523724
18958,19473,15083,6052.554791
18959,19474,15084,6052.585691
18960,19475,15084,6052.585691
18961,19476,15085,6052.633843
18962,19477,15086,6052.664643
18963,19478,15086,6052.664643
18964,19479,15087,6052.697084
18965,19480,15088,6052.728247
18966,19481,15089,6052.761908
18967,19482,15090,6052.794016
18968,19483,15090,6052.794016
18969,19484,15091,6052.826211
18970,19485,15092,6052.858309
18971,19486,15093,6052.889009
18972,19487,15094,6052.920703
18973,19488,15094,6052.920703
18974,19489,15095,6052.968184
18975,19490,15095,6052.968184
18976,19491,15096,6053.001981
18977,19492,15097,6053.034533
18978,19493,15098,6053.065626
18979,19494,15099,6053.099160
18980,19495,15100,6053.128989
18981,19496,15100,6053.128989
18982,19497,15101,6053.162386
18983,19498,15102,6053.195479
18984,19499,15103,6053.226049
18985,19500,15104,6053.256845
18986,19501,15104,6053.256845
18987,19502,15105,6053.306772
18988,19503,15106,6053.337964
18989,19504,15107,6053.340956
18990,19505,15108,6053.371100
18991,19506,15108,6053.371100
18992,19507,15109,6053.433791
18993,19508,15110,6053.465894
18994,19509,15110,6053.465894
18995,19510,15111,6053.496652
18996,19511,15112,6053.530305
18997,19512,15113,6053.561188
18998,19513,15114,6053.593916
18999,19514,15114,6053.593916
19000,19515,15115,6053.641181
19001,19516,15115,6053.641181
19002,19517,15117,6053.674278
19003,19518,15118,6053.706700
19004,19519,15119,6053.738756
19005,19520,15120,6053.769266
19006,19521,15120,6053.769266
19007,19522,15120,6053.769266
19008,19523,15121,6053.832746
19009,19524,15122,6053.865444
19010,19525,15123,6053.898474
19011,19526,15123,6053.898474
19012,19527,15124,6053.929083
19013,19528,15125,6053.976464
19014,19529,15125,6053.976464
19015,19530,15127,6054.012722
19016,19531,15128,6054.042870
19017,19532,15129,6054.074163
19018,19533,15130,6054.104962
19019,19534,15130,6054.104962
19020,19535,15131,6054.137500
19021,19536,15132,6054.170080
19022,19537,15132,6054.170080
19023,19538,15133,6054.235059
19024,19539,15133,6054.235059
19025,19540,15134,6054.263522
19026,19541,15135,6054.298026
19027,19542,15135,6054.298026
19028,19543,15136,6054.344904
19029,19544,15138,6054.380506
19030,19545,15139,6054.407601
19031,19546,15140,6054.441973
19032,19547,15140,6054.441973
19033,19548,15141,6054.473708
19034,19549,15142,6054.506416
19035,19550,15143,6054.539378
19036,19551,15144,6054.571192
19037,19552,15144,6054.571192
19038,19553,15144,6054.571192
19039,19554,15145,6054.632749
19040,19555,15145,6054.632749
19041,19556,15146,6054.687065
19042,19557,15148,6054.718683
19043,19558,15149,6054.746341
19044,19559,15150,6054.778645
19045,19560,15150,6054.778645
19046,19561,15151,6054.809992
19047,19562,15152,6054.843395
19048,19563,15153,6054.875447
19049,19564,15154,6054.907256
19050,19565,15154,6054.907256
19051,19566,15155,6054.937161
19052,19567,15156,6054.971335
19053,19568,15156,6054.971335
19054,19569,15156,6054.971335
19055,19570,15158,6055.055433
19056,19571,15159,6055.082165
19057,19572,15160,6055.114798
19058,19573,15161,6055.146140
19059,19574,15161,6055.146140
19060,19575,15162,6055.178636
19061,19576,15163,6055.210029
19062,19577,15164,6055.243458
19063,19578,15165,6055.275223
19064,19579,15165,6055.275223
19065,19580,15166,6055.306086
19066,19581,15167,6055.354063
19067,19582,15167,6055.354063
19068,19583,15168,6055.385082
19069,19584,15169,6055.419792
19070,19585,15170,6055.451300
19071,19586,15170,6055.451300
19072,19587,15171,6055.484156
19073,19588,15172,6055.514250
19074,19589,15173,6055.546245
19075,19590,15174,6055.578387
19076,19591,15174,6055.578387
19077,19592,15175,6055.611131
19078,19593,15176,6055.640505
19079,19594,15176,6055.640505
19080,19595,15177,6055.688576
19081,19596,15178,6055.722436
19082,19597,15179,6055.753370
19083,19598,15180,6055.785174
19084,19599,15180,6055.785174
19085,19600,15181,6055.818004
19086,19601,15182,6055.850032
19087,19602,15183,6055.886400
19088,19603,15184,6055.914941
19089,19604,15184,6055.914941
19090,19605,15185,6055.947325
19091,19606,15186,6055.978445
19092,19607,15187,6056.011388
19093,19608,15187,6056.011388
19094,19609,15188,6056.056028
19095,19610,15189,6056.088968
19096,19611,15190,6056.120700
19097,19612,15190,6056.120700
19098,19613,15191,6056.153381
19099,19614,15192,6056.185405
19100,19615,15193,6056.217077
19101,19616,15194,6056.251417
19102,19617,15194,6056.251417
19103,19618,15195,6056.281172
19104,19619,15196,6056.313136
19105,19620,15197,6056.346187
19106,19621,15197,6056.346187
19107,19622,15198,6056.392748
19108,19623,15199,6056.425444
19109,19624,15200,6056.457702
19110,19625,15200,6056.457702
19111,19626,15201,6056.488867
19112,19627,15202,6056.522189
19113,19628,15203,6056.553492
19114,19629,15204,6056.584533
19115,19630,15204,6056.584533
19116,19631,15205,6056.620261
19117,19632,15206,6056.648517
19118,19633,15207,6056.679894
19119,19634,15207,6056.679894
19120,19635,15208,6056.731360
19121,19636,15209,6056.763421
19122,19637,15210,6056.792568
19123,19638,15210,6056.792568
19124,19639,15211,6056.827651
19125,19640,15212,6056.858060
19126,19641,15213,6056.890406
19127,19642,15214,6056.921131
19128,19643,15214,6056.921131
19129,19644,15215,6056.953910
19130,19645,15216,6056.987999
19131,19646,15217,6057.016949
19132,19647,15217,6057.016949
19133,19648,15218,6057.064495
19134,19649,15219,6057.098361
19135,19650,15220,6057.129845
19136,19651,15220,6057.129845
19137,19652,15221,6057.162531
19138,19653,15222,6057.192343
19139,19654,15223,6057.226152
19140,19655,15224,6057.256866
19141,19656,15224,6057.256866
19142,19657,15225,6057.289659
19143,19658,15226,6057.324450
19144,19659,15227,6057.354432
19145,19660,15227,6057.354432
19146,19661,15228,6057.401988
19147,19662,15229,6057.435237
19148,19663,15230,6057.466653
19149,19664,15230,6057.466653
19150,19665,15231,6057.496900
19151,19666,15232,6057.530208
19152,19667,15233,6057.562213
19153,19668,15234,6057.592438
19154,19669,15234,6057.592438
19155,19670,15235,6057.625514
19156,19671,15236,6057.658399
19157,19672,15237,6057.690429
19158,19673,15238,6057.720790
19159,19674,15238,6057.720790
19160,19675,15240,6057.772565
19161,19676,15240,6057.772565
19162,19677,15240,6057.772565
19163,19678,15241,6057.833838
19164,19679,15242,6057.865408
19165,19680,15243,6057.899458
19166,19681,15244,6057.928702
19167,19682,15244,6057.928702
19168,19683,15245,6057.962367
19169,19684,15246,6057.994110
19170,19685,15247,6058.025953
19171,19686,15248,6058.058951
19172,19687,15248,6058.058951
19173,19688,15249,6058.105148
19174,19689,15250,6058.137123
19175,19690,15251,6058.140624
19176,19691,15252,6058.168909
19177,19692,15252,6058.168909
19178,19693,15253,6058.234773
19179,19694,15254,6058.266269
19180,19695,15254,6058.266269
19181,19696,15255,6058.295627
19182,19697,15256,6058.330113
19183,19698,15257,6058.362287
19184,19699,15258,6058.392790
19185,19700,15258,6058.392790
19186,19701,15259,6058.440383
19187,19702,15261,6058.474778
19188,19703,15261,6058.474778
19189,19704,15262,6058.504858
19190,19705,15263,6058.537603
19191,19706,15264,6058.570336
19192,19707,15264,6058.570336
19193,19708,15264,6058.570336
19194,19709,15265,6058.633378
19195,19710,15266,6058.664862
19196,19711,15267,6058.698482
19197,19712,15268,6058.729986
19198,19713,15268,6058.729986
19199,19714,15269,6058.776768
19200,19715,15270,6058.809210
19201,19716,15271,6058.811421
19202,19717,15272,6058.840826
19203,19718,15273,6058.873835
19204,19719,15274,6058.905965
19205,19720,15275,6058.936516
19206,19721,15275,6058.936516
19207,19722,15276,6058.968777
19208,19723,15276,6058.968777
19209,19724,15277,6059.034287
19210,19725,15278,6059.066285
19211,19726,15278,6059.066285
19212,19727,15279,6059.112568
19213,19728,15280,6059.146231
19214,19729,15281,6059.148520
19215,19730,15282,6059.177898
19216,19731,15283,6059.211664
19217,19732,15284,6059.241128
19218,19733,15285,6059.272681
19219,19734,15285,6059.272681
19220,19735,15286,6059.305188
19221,19736,15287,6059.337476
19222,19737,15288,6059.367916
19223,19738,15288,6059.367916
19224,19739,15288,6059.367916
19225,19740,15289,6059.434113
19226,19741,15289,6059.434113
19227,19742,15291,6059.484186
19228,19743,15292,6059.515027
19229,19744,15293,6059.546593
19230,19745,15294,6059.578567
19231,19746,15295,6059.608694
19232,19747,15295,6059.608694
19233,19748,15296,6059.641526
19234,19749,15297,6059.672842
19235,19750,15298,6059.703645
19236,19751,15299,6059.736955
19237,19752,15299,6059.736955
19238,19753,15300,6059.770221
19239,19754,15300,6059.770221
19240,19755,15300,6059.770221
19241,19756,15302,6059.851467
19242,19757,15303,6059.882422
19243,19758,15304,6059.913182
19244,19759,15305,6059.946249
19245,19760,15305,6059.946249
19246,19761,15306,6059.976913
19247,19762,15307,6060.009638
19248,19763,15308,6060.043816
19249,19764,15309,6060.074673
19250,19765,15309,6060.074673
19251,19766,15310,6060.105522
19252,19767,15310,6060.105522
19253,19768,15311,6060.153030
19254,19769,15312,6060.185432
19255,19770,15313,6060.217016
19256,19771,15314,6060.249131
19257,19772,15314,6060.249131
19258,19773,15315,6060.281733
19259,19774,15316,6060.313840
19260,19775,15317,6060.345824
19261,19776,15318,6060.377220
19262,19777,15318,6060.377220
19263,19778,15319,6060.409316
19264,19779,15320,6060.441507
19265,19780,15320,6060.441507
19266,19781,15321,6060.490278
19267,19782,15322,6060.521469
19268,19783,15323,6060.554053
19269,19784,15324,6060.586398
19270,19785,15325,6060.615959
19271,19786,15325,6060.615959
19272,19787,15326,6060.650703
19273,19788,15327,6060.681022
19274,19789,15328,6060.714629
19275,19790,15329,6060.744790
19276,19791,15329,6060.744790
19277,19792,15330,6060.779150
19278,19793,15330,6060.779150
19279,19794,15331,6060.825984
19280,19795,15332,6060.857811
19281,19796,15333,6060.890181
19282,19797,15334,6060.921483
19283,19798,15334,6060.921483
19284,19799,15335,6060.954031
19285,19800,15336,6060.987647
19286,19801,15337,6061.020458
19287,19802,15338,6061.049278
19288,19803,15338,6061.049278
19289,19804,15339,6061.080314
19290,19805,15340,6061.113701
19291,19806,15340,6061.113701
19292,19807,15341,6061.161830
19293,19808,15342,6061.194459
19294,19809,15343,6061.225772
19295,19810,15344,6061.257384
19296,19811,15344,6061.257384
19297,19812,15345,6061.288549
19298,19813,15346,6061.323008
19299,19814,15347,6061.355658
19300,19815,15348,6061.384989
19301,19816,15348,6061.384989
19302,19817,15349,6061.418009
19303,19818,15350,6061.451790
19304,19819,15351,6061.483749
19305,19820,15351,6061.483749
19306,19821,15352,6061.529886
19307,19822,15353,6061.560927
19308,19823,15354,6061.592628
19309,19824,15354,6061.592628
19310,19825,15355,6061.625626
19311,19826,15356,6061.658528
19312,19827,15357,6061.692006
19313,19828,15358,6061.721522
19314,19829,15358,6061.721522
19315,19830,15359,6061.754411
19316,19831,15360,6061.784618
19317,19832,15361,6061.818293
19318,19833,15361,6061.818293
19319,19834,15362,6061.866568
19320,19835,15363,6061.898767
19321,19836,15364,6061.929345
19322,19837,15365,6061.960723
19323,19838,15365,6061.960723
19324,19839,15366,6061.994686
19325,19840,15367,6062.026189
19326,19841,15368,6062.058669
19327,19842,15369,6062.090276
19328,19843,15369,6062.090276
19329,19844,15370,6062.120647
19330,19845,15371,6062.153648
19331,19846,15371,6062.153648
19332,19847,15372,6062.200849
19333,19848,15373,6062.235643
19334,19849,15374,6062.266048
19335,19850,15374,6062.266048
19336,19851,15375,6062.297754
19337,19852,15376,6062.330369
19338,19853,15377,6062.361706
19339,19854,15378,6062.394112
19340,19855,15379,6062.425178
19341,19856,15379,6062.425178
19342,19857,15380,6062.456159
19343,19858,15381,6062.489020
19344,19859,15381,6062.489020
19345,19860,15382,6062.538072
19346,19861,15384,6062.574759
19347,19862,15384,6062.574759
19348,19863,15384,6062.574759
19349,19864,15385,6062.634873
19350,19865,15386,6062.664665
19351,19866,15387,6062.696251
19352,19867,15388,6062.729009
19353,19868,15388,6062.729009
19354,19869,15389,6062.761921
19355,19870,15390,6062.792648
19356,19871,15391,6062.827348
19357,19872,15391,6062.827348
19358,19873,15392,6062.872687
19359,19874,15394,6062.909897
19360,19875,15395,6062.937527
19361,19876,15395,6062.937527
19362,19877,15396,6062.969320
19363,19878,15396,6062.969320
19364,19879,15397,6063.034411
19365,19880,15398,6063.064978
19366,19881,15399,6063.095642
19367,19882,15399,6063.095642
19368,19883,15400,6063.130091
19369,19884,15401,6063.161669
19370,19885,15402,6063.193611
19371,19886,15402,6063.193611
19372,19887,15403,6063.241021
19373,19888,15405,6063.276282
19374,19889,15405,6063.276282
19375,19890,15406,6063.305313
19376,19891,15407,6063.338714
19377,19892,15408,6063.370506
19378,19893,15408,6063.370506
19379,19894,15409,6063.432484
19380,19895,15409,6063.432484
19381,19896,15410,6063.465164
19382,19897,15411,6063.496365
19383,19898,15412,6063.530737
19384,19899,15412,6063.530737
19385,19900,15413,6063.578370
19386,19901,15415,6063.612987
19387,19902,15416,6063.640893
19388,19903,15416,6063.640893
19389,19904,15417,6063.674366
19390,19905,15418,6063.706397
19391,19906,15419,6063.738036
19392,19907,15420,6063.769195
19393,19908,15420,6063.769195
19394,19909,15420,6063.769195
19395,19910,15421,6063.834448
19396,19911,15422,6063.864451
19397,19912,15422,6063.864451
19398,19913,15423,6063.912391
19399,19914,15425,6063.947428
19400,19915,15426,6063.976932
19401,19916,15426,6063.976932
19402,19917,15427,6064.008391
19403,19918,15428,6064.041340
19404,19919,15429,6064.071888
19405,19920,15430,6064.104688
19406,19921,15430,6064.104688
19407,19922,15431,6064.138075
19408,19923,15432,6064.168308
19409,19924,15432,6064.168308
19410,19925,15432,6064.168308
19411,19926,15433,6064.249019
19412,19927,15434,6064.282940
19413,19928,15435,6064.286157
19414,19929,15436,6064.312308
19415,19930,15437,6064.346853
19416,19931,15438,6064.380002
19417,19932,15439,6064.410134
19418,19933,15439,6064.410134
19419,19934,15440,6064.440527
19420,19935,15441,6064.475083
19421,19936,15442,6064.506068
19422,19937,15443,6064.536728
19423,19938,15443,6064.536728
19424,19939,15444,6064.585482
19425,19940,15445,6064.618229
19426,19941,15445,6064.618229
19427,19942,15446,6064.649367
19428,19943,15447,6064.681495
19429,19944,15448,6064.714021
19430,19945,15449,6064.746496
19431,19946,15449,6064.746496
19432,19947,15450,6064.777628
19433,19948,15451,6064.810613
19434,19949,15452,6064.841601
19435,19950,15453,6064.873346
19436,19951,15453,6064.873346
19437,19952,15454,6064.905498
19438,19953,15455,6064.952518
19439,19954,15455,6064.952518
19440,19955,15456,6064.986223
19441,19956,15457,6065.019203
19442,19957,15458,6065.049515
19443,19958,15458,6065.049515
19444,19959,15459,6065.083773
19445,19960,15460,6065.113263
19446,19961,15461,6065.144412
19447,19962,15462,6065.177672
19448,19963,15463,6065.208680
19449,19964,15463,6065.208680
19450,19965,15464,6065.240793
19451,19966,15465,6065.289456
19452,19967,15465,6065.289456
19453,19968,15466,6065.325207
19454,19969,15467,6065.355403
19455,19970,15468,6065.385855
19456,19971,15469,6065.417382
19457,19972,15469,6065.417382
19458,19973,15470,6065.449200
19459,19974,15471,6065.480944
19460,19975,15472,6065.514229
19461,19976,15473,6065.545421
19462,19977,15473,6065.545421
19463,19978,15474,6065.577440
19464,19979,15475,6065.624677
19465,19980,15475,6065.624677
19466,19981,15476,6065.656644
19467,19982,15477,6065.688501
19468,19983,15478,6065.722156
19469,19984,15479,6065.753149
19470,19985,15479,6065.753149
19471,19986,15480,6065.785774
19472,19987,15481,6065.818749
19473,19988,15482,6065.847196
19474,19989,15483,6065.881306
19475,19990,15483,6065.881306
19476,19991,15484,6065.914209
19477,19992,15484,6065.914209
19478,19993,15485,6065.961178
19479,19994,15486,6065.998412
19480,19995,15487,6066.026464
19481,19996,15488,6066.057265
19482,19997,15488,6066.057265
19483,19998,15489,6066.088428
19484,19999,15490,6066.120292
19485,20000,15491,6066.151882
19486,20001,15492,6066.186083
19487,20002,15493,6066.216313
19488,20003,15493,6066.216313
19489,20004,15494,6066.249248
19490,20005,15494,6066.249248
19491,20006,15495,6066.296595
19492,20007,15496,6066.329259
19493,20008,15497,6066.359834
19494,20009,15498,6066.394854
19495,20010,15499,6066.425585
19496,20011,15499,6066.425585
19497,20012,15500,6066.457378
19498,20013,15501,6066.488910
19499,20014,15502,6066.521243
19500,20015,15503,6066.552994
19501,20016,15503,6066.552994
19502,20017,15504,6066.585877
19503,20018,15505,6066.619857
19504,20019,15505,6066.619857
19505,20020,15506,6066.663983
19506,20021,15507,6066.695233
19507,20022,15508,6066.729068
19508,20023,15508,6066.729068
19509,20024,15509,6066.761154
19510,20025,15510,6066.793574
19511,20026,15511,6066.823753
19512,20027,15512,6066.857421
19513,20028,15513,6066.889355
19514,20029,15513,6066.889355
19515,20030,15514,6066.920860
19516,20031,15515,6066.955241
19517,20032,15515,6066.955241
19518,20033,15516,6067.000451
19519,20034,15517,6067.033250
19520,20035,15518,6067.066803
19521,20036,15518,6067.066803
19522,20037,15519,6067.097616
19523,20038,15520,6067.129346
19524,20039,15521,6067.161623
19525,20040,15522,6067.194247
19526,20041,15522,6067.194247
19527,20042,15523,6067.226508
19528,20043,15524,6067.256692
19529,20044,15525,6067.290186
19530,20045,15525,6067.290186
19531,20046,15526,6067.338302
19532,20047,15528,6067.371732
19533,20048,15528,6067.371732
19534,20049,15528,6067.371732
19535,20050,15529,6067.431497
19536,20051,15530,6067.465430
19537,20052,15531,6067.494978
19538,20053,15532,6067.530407
19539,20054,15532,6067.530407
19540,20055,15533,6067.561167
19541,20056,15534,6067.593295
19542,20057,15535,6067.625432
19543,20058,15535,6067.625432
19544,20059,15536,6067.673868
19545,20060,15538,6067.707155
19546,20061,15538,6067.707155
19547,20062,15539,6067.738801
19548,20063,15540,6067.769296
19549,20064,15540,6067.769296
19550,20065,15541,6067.832589
19551,20066,15542,6067.865715
19552,20067,15542,6067.865715
19553,20068,15543,6067.897033
19554,20069,15544,6067.927510
19555,20070,15545,6067.963991
19556,20071,15545,6067.963991
19557,20072,15546,6068.008174
19558,20073,15548,6068.042106
19559,20074,15549,6068.072453
19560,20075,15549,6068.072453
19561,20076,15550,6068.104408
19562,20077,15551,6068.136525
19563,20078,15552,6068.167893
19564,20079,15552,6068.167893
19565,20080,15552,6068.167893
19566,20081,15553,6068.232383
19567,20082,15554,6068.265933
19568,20083,15555,6068.297929
19569,20084,15556,6068.330586
19570,20085,15556,6068.330586
19571,20086,15558,6068.381373
19572,20087,15559,6068.408376
19573,20088,15559,6068.408376
19574,20089,15560,6068.439059
19575,20090,15561,6068.473224
19576,20091,15562,6068.505774
19577,20092,15563,6068.536646
19578,20093,15563,6068.536646
19579,20094,15564,6068.569304
19580,20095,15564,6068.569304
19581,20096,15565,6068.632911
19582,20097,15566,6068.666782
19583,20098,15566,6068.666782
19584,20099,15567,6068.712767
19585,20100,15568,6068.745006
19586,20101,15569,6068.747050
19587,20102,15570,6068.776803
19588,20103,15571,6068.809040
19589,20104,15572,6068.841213
19590,20105,15573,6068.871918
19591,20106,15573,6068.871918
19592,20107,15574,6068.903856
19593,20108,15575,6068.935760
19594,20109,15576,6068.967968
19595,20110,15576,6068.967968
19596,20111,15576,6068.967968
19597,20112,15577,6069.052160
19598,20113,15577,6069.052160
19599,20114,15579,6069.082711
19600,20115,15580,6069.114792
19601,20116,15581,6069.145502
19602,20117,15582,6069.178289
19603,20118,15582,6069.178289
19604,20119,15583,6069.208382
19605,20120,15584,6069.240448
19606,20121,15585,6069.271692
19607,20122,15586,6069.305067
19608,20123,15586,6069.305067
19609,20124,15587,6069.336583
19610,20125,15588,6069.387123
19611,20126,15588,6069.387123
19612,20127,15589,6069.417191
19613,20128,15590,6069.450597
19614,20129,15591,6069.481703
19615,20130,15592,6069.512144
19616,20131,15592,6069.512144
19617,20132,15593,6069.545615
19618,20133,15594,6069.580233
19619,20134,15595,6069.609521
19620,20135,15596,6069.640186
19621,20136,15596,6069.640186
19622,20137,15597,6069.674693
19623,20138,15597,6069.674693
19624,20139,15598,6069.722482
19625,20140,15599,6069.752559
19626,20141,15600,6069.785338
19627,20142,15601,6069.816463
19628,20143,15602,6069.849107
19629,20144,15602,6069.849107
19630,20145,15603,6069.880877
19631,20146,15604,6069.913683
19632,20147,15605,6069.945452
19633,20148,15606,6069.976508
19634,20149,15606,6069.976508
19635,20150,15607,6070.007834
19636,20151,15607,6070.007834
19637,20152,15608,6070.058054
19638,20153,15609,6070.089272
19639,20154,15610,6070.120432
19640,20155,15611,6070.152887
19641,20156,15611,6070.152887
19642,20157,15612,6070.186575
19643,20158,15613,6070.217606
19644,20159,15614,6070.249857
19645,20160,15615,6070.281826
19646,20161,15616,6070.313272
19647,20162,15616,6070.313272
19648,20163,15617,6070.345420
19649,20164,15618,6070.377638
19650,20165,15618,6070.377638
19651,20166,15619,6070.424627
19652,20167,15620,6070.458069
19653,20168,15621,6070.489556
19654,20169,15622,6070.520627
19655,20170,15622,6070.520627
19656,20171,15623,6070.552749
19657,20172,15624,6070.584459
19658,20173,15625,6070.617987
19659,20174,15626,6070.648678
19660,20175,15626,6070.648678
19661,20176,15627,6070.679813
19662,20177,15628,6070.712261
19663,20178,15628,6070.712261
19664,20179,15629,6070.759601
19665,20180,15630,6070.792082
19666,20181,15631,6070.825007
19667,20182,15632,6070.856249
19668,20183,15632,6070.856249
19669,20184,15633,6070.890305
19670,20185,15634,6070.921565
19671,20186,15635,6070.953110
19672,20187,15636,6070.985152
19673,20188,15636,6070.985152
19674,20189,15637,6071.015842
19675,20190,15638,6071.050614
19676,20191,15638,6071.050614
19677,20192,15639,6071.096273
19678,20193,15640,6071.127431
19679,20194,15641,6071.160976
19680,20195,15642,6071.191931
19681,20196,15642,6071.191931
19682,20197,15643,6071.224728
19683,20198,15644,6071.256297
19684,20199,15645,6071.289853
19685,20200,15646,6071.321412
19686,20201,15646,6071.321412
19687,20202,15647,6071.353227
19688,20203,15648,6071.384857
19689,20204,15648,6071.384857
19690,20205,15649,6071.433126
19691,20206,15650,6071.464940
19692,20207,15651,6071.495967
19693,20208,15652,6071.531384
19694,20209,15652,6071.531384
19695,20210,15653,6071.559992
19696,20211,15654,6071.592355
19697,20212,15655,6071.626116
19698,20213,15656,6071.657996
19699,20214,15656,6071.657996
19700,20215,15657,6071.688364
19701,20216,15658,6071.720462
19702,20217,15658,6071.720462
19703,20218,15659,6071.768275
19704,20219,15660,6071.801896
19705,20220,15661,6071.833534
19706,20221,15662,6071.864382
19707,20222,15662,6071.864382
19708,20223,15663,6071.897004
19709,20224,15664,6071.927915
19710,20225,15665,6071.961477
19711,20226,15666,6071.993049
19712,20227,15666,6071.993049
19713,20228,15667,6072.024005
19714,20229,15668,6072.058631
19715,20230,15669,6072.088857
19716,20231,15669,6072.088857
19717,20232,15670,6072.137700
19718,20233,15672,6072.173368
19719,20234,15672,6072.173368
19720,20235,15672,6072.173368
19721,20236,15673,6072.232287
19722,20237,15674,6072.265545
19723,20238,15675,6072.298862
19724,20239,15676,6072.329454
19725,20240,15676,6072.329454
19726,20241,15677,6072.363083
19727,20242,15678,6072.393342
19728,20243,15679,6072.425578
19729,20244,15679,6072.425578
19730,20245,15680,6072.473232
19731,20246,15682,6072.507311
19732,20247,15683,6072.535613
19733,20248,15683,6072.535613
19734,20249,15684,6072.568923
19735,20250,15684,6072.568923
19736,20251,15685,6072.632845
19737,20252,15685,6072.632845
19738,20253,15686,6072.667143
19739,20254,15687,6072.696173
19740,20255,15688,6072.727388
19741,20256,15689,6072.762095
19742,20257,15689,6072.762095
19743,20258,15690,6072.808785
19744,20259,15691,6072.841712
19745,20260,15692,6072.844484
19746,20261,15693,6072.870608
19747,20262,15694,6072.905496
19748,20263,15695,6072.938076
19749,20264,15696,6072.968393
19750,20265,15696,6072.968393
19751,20266,15696,6072.968393
19752,20267,15697,6073.032780
19753,20268,15698,6073.066995
19754,20269,15699,6073.099191
19755,20270,15699,6073.099191
19756,20271,15700,6073.144589
19757,20272,15701,6073.177618
19758,20273,15702,6073.180290
19759,20274,15703,6073.209363
19760,20275,15704,6073.242575
19761,20276,15705,6073.272341
19762,20277,15706,6073.304996
19763,20278,15706,6073.304996
19764,20279,15707,6073.337078
19765,20280,15708,6073.368641
19766,20281,15708,6073.368641
19767,20282,15709,6073.433707
19768,20283,15709,6073.433707
19769,20284,15710,6073.480971
19770,20285,15711,6073.513368
19771,20286,15712,6073.515816
19772,20287,15713,6073.545067
19773,20288,15714,6073.576452
19774,20289,15715,6073.608517
19775,20290,15716,6073.642100
19776,20291,15716,6073.642100
19777,20292,15717,6073.673665
19778,20293,15718,6073.704034
19779,20294,15719,6073.737234
19780,20295,15720,6073.770368
19781,20296,15720,6073.770368
19782,20297,15720,6073.770368
19783,20298,15720,6073.770368
19784,20299,15721,6073.850923
19785,20300,15723,6073.882930
19786,20301,15724,6073.913962
19787,20302,15725,6073.944460
19788,20303,15726,6073.976411
19789,20304,15726,6073.976411
19790,20305,15727,6074.009297
19791,20306,15728,6074.041829
19792,20307,15729,6074.072701
19793,20308,15730,6074.103808
19794,20309,15730,6074.103808
19795,20310,15731,6074.136686
19796,20311,15731,6074.136686
19797,20312,15732,6074.184957
19798,20313,15733,6074.219559
19799,20314,15734,6074.249171
19800,20315,15735,6074.281852
19801,20316,15735,6074.281852
19802,20317,15736,6074.312645
19803,20318,15737,6074.344763
19804,20319,15738,6074.379190
19805,20320,15739,6074.411612
19806,20321,15740,6074.439897
19807,20322,15740,6074.439897
19808,20323,15741,6074.472370
19809,20324,15741,6074.472370
19810,20325,15742,6074.522294
19811,20326,15743,6074.551849
19812,20327,15744,6074.585399
19813,20328,15745,6074.616467
19814,20329,15745,6074.616467
19815,20330,15746,6074.649509
19816,20331,15747,6074.680414
19817,20332,15748,6074.712186
19818,20333,15749,6074.745077
19819,20334,15749,6074.745077
19820,20335,15750,6074.777710
19821,20336,15751,6074.810032
19822,20337,15751,6074.810032
19823,20338,15752,6074.856611
19824,20339,15753,6074.889495
19825,20340,15754,6074.921910
19826,20341,15755,6074.952522
19827,20342,15755,6074.952522
19828,20343,15756,6074.984743
19829,20344,15757,6075.018336
19830,20345,15758,6075.050106
19831,20346,15758,6075.050106
19832,20347,15759,6075.082787
19833,20348,15760,6075.112700
19834,20349,15761,6075.145527
19835,20350,15761,6075.145527
19836,20351,15762,6075.192279
19837,20352,15763,6075.225708
19838,20353,15764,6075.258509
19839,20354,15764,6075.258509
19840,20355,15765,6075.289068
19841,20356,15766,6075.321993
19842,20357,15767,6075.353679
19843,20358,15768,6075.386231
19844,20359,15768,6075.386231
19845,20360,15769,6075.417832
19846,20361,15770,6075.449499
19847,20362,15771,6075.480765
19848,20363,15772,6075.512685
19849,20364,15772,6075.512685
19850,20365,15773,6075.561358
19851,20366,15774,6075.592919
19852,20367,15774,6075.592919
19853,20368,15775,6075.625754
19854,20369,15776,6075.656663
19855,20370,15777,6075.691481
19856,20371,15778,6075.720592
19857,20372,15779,6075.753337
19858,20373,15779,6075.753337
19859,20374,15780,6075.784242
19860,20375,15781,6075.816880
19861,20376,15782,6075.848948
19862,20377,15782,6075.848948
19863,20378,15783,6075.897524
19864,20379,15784,6075.930109
19865,20380,15784,6075.930109
19866,20381,15785,6075.960770
19867,20382,15786,6075.995181
19868,20383,15787,6076.024418
19869,20384,15788,6076.058012
19870,20385,15788,6076.058012
19871,20386,15789,6076.088282
19872,20387,15790,6076.120091
19873,20388,15791,6076.151943
19874,20389,15792,6076.186202
19875,20390,15792,6076.186202
19876,20391,15793,6076.231853
19877,20392,15794,6076.264943
19878,20393,15794,6076.264943
19879,20394,15795,6076.296833
19880,20395,15796,6076.328161
19881,20396,15797,6076.361999
19882,20397,15798,6076.391986
19883,20398,15798,6076.391986
19884,20399,15799,6076.425625
19885,20400,15800,6076.457710
19886,20401,15801,6076.487917
19887,20402,15802,6076.520927
19888,20403,15802,6076.520927
19889,20404,15803,6076.568202
19890,20405,15803,6076.568202
19891,20406,15804,6076.600415
19892,20407,15805,6076.632436
19893,20408,15806,6076.663778
19894,20409,15807,6076.697146
19895,20410,15808,6076.727414
19896,20411,15808,6076.727414
19897,20412,15809,6076.761418
19898,20413,15810,6076.794272
19899,20414,15811,6076.823462
19900,20415,15812,6076.857698
19901,20416,15812,6076.857698
19902,20417,15813,6076.906578
19903,20418,15814,6076.937113
19904,20419,15815,6076.940044
19905,20420,15816,6076.968004
19906,20421,15816,6076.968004
19907,20422,15817,6077.032080
19908,20423,15818,6077.064698
19909,20424,15818,6077.064698
19910,20425,15819,6077.098101
19911,20426,15820,6077.128985
19912,20427,15821,6077.160744
19913,20428,15822,6077.192526
19914,20429,15822,6077.192526
19915,20430,15823,6077.224719
19916,20431,15824,6077.273200
19917,20432,15825,6077.275724
19918,20433,15826,6077.305277
19919,20434,15827,6077.337156
19920,20435,15828,6077.368874
19921,20436,15828,6077.368874
19922,20437,15828,6077.368874
19923,20438,15829,6077.433383
19924,20439,15830,6077.464823
19925,20440,15831,6077.498261
19926,20441,15832,6077.528621
19927,20442,15833,6077.559697
19928,20443,15833,6077.559697
19929,20444,15834,6077.610659
19930,20445,15834,6077.610659
19931,20446,15836,6077.647146
19932,20447,15837,6077.674381
19933,20448,15838,6077.705782
19934,20449,15839,6077.739213
19935,20450,15839,6077.739213
19936,20451,15840,6077.769728
19937,20452,15840,6077.769728
19938,20453,15841,6077.833086
19939,20454,15842,6077.865117
19940,20455,15842,6077.865117
19941,20456,15843,6077.897241
19942,20457,15844,6077.946664
19943,20458,15844,6077.946664
19944,20459,15846,6077.981061
19945,20460,15847,6078.010071
19946,20461,15848,6078.042170
19947,20462,15849,6078.073240
19948,20463,15849,6078.073240
19949,20464,15850,6078.106075
19950,20465,15851,6078.138287
19951,20466,15852,6078.170420
19952,20467,15852,6078.170420
19953,20468,15853,6078.232521
19954,20469,15853,6078.232521
19955,20470,15854,6078.280572
19956,20471,15854,6078.280572
19957,20472,15856,6078.315126
19958,20473,15857,6078.346158
19959,20474,15858,6078.378095
19960,20475,15859,6078.409995
19961,20476,15859,6078.409995
19962,20477,15860,6078.441982
19963,20478,15861,6078.473689
19964,20479,15862,6078.506032
19965,20480,15863,6078.537228
19966,20481,15863,6078.537228
19967,20482,15864,6078.570362
19968,20483,15864,6078.570362
19969,20484,15864,6078.570362
19970,20485,15866,6078.650332
19971,20486,15867,6078.682692
19972,20487,15868,6078.713505
19973,20488,15869,6078.744416
19974,20489,15869,6078.744416
19975,20490,15870,6078.776417
19976,20491,15871,6078.809233
19977,20492,15872,6078.841709
19978,20493,15873,6078.871462
19979,20494,15873,6078.871462
19980,20495,15874,6078.905044
19981,20496,15874,6078.905044
19982,20497,15875,6078.953183
19983,20498,15876,6078.984990
19984,20499,15877,6079.018192
19985,20500,15878,6079.049904
19986,20501,15878,6079.049904
19987,20502,15879,6079.082483
19988,20503,15880,6079.112495
19989,20504,15881,6079.146355
19990,20505,15882,6079.176609
19991,20506,15882,6079.176609
19992,20507,15883,6079.208586
19993,20508,15884,6079.240965
19994,20509,15885,6079.272446
19995,20510,15885,6079.272446
19996,20511,15886,6079.321584
19997,20512,15887,6079.352468
19998,20513,15888,6079.384782
19999,20514,15888,6079.384782
20000,20515,15889,6079.418236
20001,20516,15890,6079.448530
20002,20517,15891,6079.480723
20003,20518,15892,6079.514565
20004,20519,15892,6079.514565
20005,20520,15893,6079.545315
20006,20521,15894,6079.575811
20007,20522,15895,6079.609632
20008,20523,15895,6079.609632
20009,20524,15896,6079.655572
20010,20525,15897,6079.687698
20011,20526,15898,6079.721255
20012,20527,15898,6079.721255
20013,20528,15899,6079.753919
20014,20529,15900,6079.784819
20015,20530,15901,6079.818486
20016,20531,15902,6079.850555
20017,20532,15902,6079.850555
20018,20533,15903,6079.880529
20019,20534,15904,6079.912386
20020,20535,15905,6079.944820
20021,20536,15905,6079.944820
20022,20537,15906,6079.993497
20023,20538,15907,6080.024444
20024,20539,15908,6080.056885
20025,20540,15908,6080.056885
20026,20541,15909,6080.089786
20027,20542,15910,6080.121973
20028,20543,15911,6080.153404
20029,20544,15912,6080.183614
20030,20545,15912,6080.183614
20031,20546,15913,6080.216272
20032,20547,15914,6080.248339
20033,20548,15915,6080.281043
20034,20549,15915,6080.281043
20035,20550,15916,6080.328468
20036,20551,15917,6080.362125
20037,20552,15917,6080.362125
20038,20553,15918,6080.394019
20039,20554,15919,6080.424232
20040,20555,15920,6080.457289
20041,20556,15921,6080.490126
20042,20557,15921,6080.490126
20043,20558,15922,6080.521687
20044,20559,15923,6080.552167
20045,20560,15924,6080.584485
20046,20561,15925,6080.616962
20047,20562,15925,6080.616962
20048,20563,15926,6080.666084
20049,20564,15927,6080.696699
20050,20565,15927,6080.696699
20051,20566,15928,6080.729182
20052,20567,15929,6080.761955
20053,20568,15930,6080.793225
20054,20569,15931,6080.825658
20055,20570,15931,6080.825658
20056,20571,15932,6080.857824
20057,20572,15933,6080.889623
20058,20573,15934,6080.921295
20059,20574,15935,6080.953712
20060,20575,15935,6080.953712
20061,20576,15936,6080.985918
20062,20577,15936,6080.985918
20063,20578,15937,6081.035155
20064,20579,15938,6081.064412
20065,20580,15939,6081.096559
20066,20581,15940,6081.129318
20067,20582,15941,6081.162273
20068,20583,15941,6081.162273
20069,20584,15942,6081.191933
20070,20585,15943,6081.223814
20071,20586,15944,6081.257667
20072,20587,15945,6081.288730
20073,20588,15945,6081.288730
20074,20589,15946,6081.319489
20075,20590,15947,6081.367958
20076,20591,15947,6081.367958
20077,20592,15948,6081.400122
20078,20593,15949,6081.433667
20079,20594,15950,6081.464708
20080,20595,15951,6081.496717
20081,20596,15951,6081.496717
20082,20597,15952,6081.529724
20083,20598,15953,6081.559490
20084,20599,15954,6081.593563
20085,20600,15955,6081.625681
20086,20601,15955,6081.625681
20087,20602,15956,6081.658301
20088,20603,15956,6081.658301
20089,20604,15957,6081.706504
20090,20605,15959,6081.739001
20091,20606,15960,6081.770928
20092,20607,15960,6081.770928
20093,20608,15960,6081.770928
20094,20609,15961,6081.833007
20095,20610,15962,6081.864659
20096,20611,15963,6081.896059
20097,20612,15964,6081.929507
20098,20613,15965,6081.960193
20099,20614,15965,6081.960193
20100,20615,15966,6081.991726
20101,20616,15966,6081.991726
20102,20617,15967,6082.039564
20103,20618,15969,6082.076919
20104,20619,15970,6082.105644
20105,20620,15971,6082.137719
20106,20621,15971,6082.137719
20107,20622,15972,6082.168421
20108,20623,15972,6082.168421
20109,20624,15973,6082.234364
20110,20625,15974,6082.265500
20111,20626,15975,6082.296942
20112,20627,15975,6082.296942
20113,20628,15976,6082.329054
20114,20629,15976,6082.329054
20115,20630,15977,6082.376657
20116,20631,15979,6082.412335
20117,20632,15980,6082.442606
20118,20633,15981,6082.473773
20119,20634,15981,6082.473773
20120,20635,15982,6082.504494
20121,20636,15983,6082.536443
20122,20637,15984,6082.569663
20123,20638,15984,6082.569663
20124,20639,15984,6082.569663
20125,20640,15985,6082.633260
20126,20641,15986,6082.665308
20127,20642,15987,6082.695998
20128,20643,15987,6082.695998
20129,20644,15988,6082.745540
20130,20645,15990,6082.780597
20131,20646,15991,6082.808637
20132,20647,15991,6082.808637
20133,20648,15992,6082.840041
20134,20649,15993,6082.873769
20135,20650,15994,6082.904091
20136,20651,15995,6082.936704
20137,20652,15995,6082.936704
20138,20653,15996,6082.968431
20139,20654,15996,6082.968431
20140,20655,15997,6083.033726
20141,20656,15997,6083.033726
20142,20657,15998,6083.083655
20143,20658,16000,6083.116200
20144,20659,16001,6083.144710
20145,20660,16001,6083.144710
20146,20661,16002,6083.177929
20147,20662,16003,6083.208466
20148,20663,16004,6083.242124
20149,20664,16005,6083.274481
20150,20665,16005,6083.274481
20151,20666,16006,6083.304021
20152,20667,16007,6083.337269
20153,20668,16008,6083.368343
20154,20669,16008,6083.368343
20155,20670,16008,6083.368343
20156,20671,16010,6083.450107
20157,20672,16010,6083.450107
20158,20673,16011,6083.482582
20159,20674,16012,6083.513696
20160,20675,16013,6083.543965
20161,20676,16014,6083.578092
20162,20677,16014,6083.578092
20163,20678,16015,6083.608517
20164,20679,16016,6083.642889
20165,20680,16017,6083.673995
20166,20681,16018,6083.704825
20167,20682,16018,6083.704825
20168,20683,16019,6083.753724
20169,20684,16020,6083.784956
20170,20685,16020,6083.784956
20171,20686,16021,6083.817077
20172,20687,16022,6083.850431
20173,20688,16023,6083.881475
20174,20689,16024,6083.912708
20175,20690,16024,6083.912708
20176,20691,16025,6083.943631
20177,20692,16026,6083.978801
20178,20693,16027,6084.010251
20179,20694,16028,6084.043370
20180,20695,16028,6084.043370
20181,20696,16029,6084.091192
20182,20697,16030,6084.120295
20183,20698,16030,6084.120295
20184,20699,16031,6084.152192
20185,20700,16032,6084.186339
20186,20701,16033,6084.218230
20187,20702,16034,6084.250099
20188,20703,16034,6084.250099
20189,20704,16035,6084.285813
20190,20705,16036,6084.313695
20191,20706,16037,6084.346126
20192,20707,16038,6084.377162
20193,20708,16038,6084.377162
20194,20709,16039,6084.410045
20195,20710,16040,6084.458185
20196,20711,16040,6084.458185
20197,20712,16041,6084.488022
20198,20713,16042,6084.523510
20199,20714,16043,6084.553721
20200,20715,16044,6084.585548
20201,20716,16044,6084.585548
20202,20717,16045,6084.632279
20203,20718,16046,6084.664211
20204,20719,16046,6084.664211
20205,20720,16047,6084.696468
20206,20721,16048,6084.728384
20207,20722,16049,6084.761267
20208,20723,16050,6084.792137
20209,20724,16050,6084.792137
20210,20725,16051,6084.826118
20211,20726,16052,6084.858099
20212,20727,16053,6084.889435
20213,20728,16054,6084.920688
20214,20729,16054,6084.920688
20215,20730,16055,6084.969527
20216,20731,16056,6084.999797
20217,20732,16056,6084.999797
20218,20733,16057,6085.032039
20219,20734,16058,6085.064456
20220,20735,16059,6085.097522
20221,20736,16060,6085.130570
20222,20737,16060,6085.130570
20223,20738,16061,6085.161723
20224,20739,16062,6085.193338
20225,20740,16063,6085.225709
20226,20741,16064,6085.256744
20227,20742,16064,6085.256744
20228,20743,16065,6085.305119
20229,20744,16065,6085.305119
20230,20745,16067,6085.341577
20231,20746,16068,6085.369675
20232,20747,16068,6085.369675
20233,20748,16069,6085.434463
20234,20749,16069,6085.434463
20235,20750,16070,6085.466287
20236,20751,16071,6085.497905
20237,20752,16072,6085.530545
20238,20753,16073,6085.562157
20239,20754,16074,6085.594680
20240,20755,16074,6085.594680
20241,20756,16075,6085.642094
20242,20757,16076,6085.673283
20243,20758,16077,6085.676582
20244,20759,16078,6085.703994
20245,20760,16079,6085.737561
20246,20761,16080,6085.770650
20247,20762,16080,6085.770650
20248,20763,16080,6085.770650
20249,20764,16081,6085.833271
20250,20765,16082,6085.864411
20251,20766,16083,6085.897789
20252,20767,16084,6085.928919
20253,20768,16084,6085.928919
20254,20769,16085,6085.978240
20255,20770,16086,6086.006819
20256,20771,16087,6086.009386
20257,20772,16088,6086.042854
20258,20773,16089,6086.072937
20259,20774,16090,6086.105046
20260,20775,16091,6086.135622
20261,20776,16091,6086.135622
20262,20777,16092,6086.169247
20263,20778,16092,6086.169247
20264,20779,16093,6086.234101
20265,20780,16094,6086.263879
20266,20781,16094,6086.263879
20267,20782,16095,6086.296567
20268,20783,16095,6086.296567
20269,20784,16096,6086.344026
20270,20785,16098,6086.379458
20271,20786,16099,6086.409091
20272,20787,16100,6086.440396
20273,20788,16100,6086.440396
20274,20789,16101,6086.473551
20275,20790,16102,6086.507039
20276,20791,16103,6086.538317
20277,20792,16104,6086.568915
20278,20793,16104,6086.568915
20279,20794,16104,6086.568915
20280,20795,16105,6086.632793
20281,20796,16105,6086.632793
20282,20797,16106,6086.682131
20283,20798,16108,6086.716756
20284,20799,16109,6086.745968
20285,20800,16110,6086.776382
20286,20801,16110,6086.776382
20287,20802,16111,6086.809020
20288,20803,16112,6086.840684
20289,20804,16113,6086.872861
20290,20805,16113,6086.872861
20291,20806,16114,6086.905897
20292,20807,16115,6086.936430
20293,20808,16116,6086.969658
20294,20809,16116,6086.969658
20295,20810,16116,6086.969658
20296,20811,16118,6087.051244
20297,20812,16119,6087.082142
20298,20813,16119,6087.082142
20299,20814,16120,6087.113846
20300,20815,16121,6087.144525
20301,20816,16122,6087.175877
20302,20817,16123,6087.209872
20303,20818,16123,6087.209872
20304,20819,16124,6087.242353
20305,20820,16125,6087.273008
20306,20821,16126,6087.305825
20307,20822,16126,6087.305825
20308,20823,16127,6087.352571
20309,20824,16128,6087.383373
20310,20825,16129,6087.416839
20311,20826,16130,6087.447641
20312,20827,16130,6087.447641
20313,20828,16131,6087.480304
20314,20829,16132,6087.513909
20315,20830,16133,6087.545469
20316,20831,16134,6087.576256
20317,20832,16134,6087.576256
20318,20833,16135,6087.609251
20319,20834,16136,6087.640398
20320,20835,16136,6087.640398
20321,20836,16137,6087.688769
20322,20837,16138,6087.722222
20323,20838,16139,6087.754463
20324,20839,16139,6087.754463
20325,20840,16140,6087.784314
20326,20841,16141,6087.819202
20327,20842,16142,6087.849415
20328,20843,16143,6087.881493
20329,20844,16143,6087.881493
20330,20845,16144,6087.912782
20331,20846,16145,6087.944659
20332,20847,16146,6087.976832
20333,20848,16147,6088.010688
20334,20849,16147,6088.010688
20335,20850,16148,6088.058173
20336,20851,16149,6088.089482
20337,20852,16149,6088.089482
20338,20853,16150,6088.122374
20339,20854,16151,6088.154823
20340,20855,16152,6088.184238
20341,20856,16153,6088.217210
20342,20857,16153,6088.217210
20343,20858,16154,6088.249125
20344,20859,16155,6088.283541
20345,20860,16156,6088.315889
20346,20861,16157,6088.345659
20347,20862,16157,6088.345659
20348,20863,16158,6088.394062
20349,20864,16159,6088.424942
20350,20865,16159,6088.424942
20351,20866,16160,6088.456946
20352,20867,16161,6088.488676
20353,20868,16162,6088.520983
20354,20869,16163,6088.553168
20355,20870,16163,6088.553168
20356,20871,16164,6088.586197
20357,20872,16165,6088.617385
20358,20873,16166,6088.649829
20359,20874,16167,6088.680139
20360,20875,16167,6088.680139
20361,20876,16168,6088.729000
20362,20877,16169,6088.761681
20363,20878,16169,6088.761681
20364,20879,16170,6088.793801
20365,20880,16171,6088.826798
20366,20881,16172,6088.857685
20367,20882,16173,6088.890843
20368,20883,16173,6088.890843
20369,20884,16174,6088.920281
20370,20885,16175,6088.952922
20371,20886,16176,6088.985678
20372,20887,16177,6089.018281
20373,20888,16177,6089.018281
20374,20889,16178,6089.065949
20375,20890,16179,6089.097084
20376,20891,16179,6089.097084
20377,20892,16180,6089.129298
20378,20893,16181,6089.162074
20379,20894,16182,6089.193220
20380,20895,16183,6089.226454
20381,20896,16183,6089.226454
20382,20897,16184,6089.256058
20383,20898,16185,6089.290437
20384,20899,16186,6089.322505
20385,20900,16187,6089.353824
20386,20901,16187,6089.353824
20387,20902,16188,6089.400593
20388,20903,16189,6089.432488
20389,20904,16189,6089.432488
20390,20905,16190,6089.466914
20391,20906,16191,6089.497538
20392,20907,16192,6089.530213
20393,20908,16193,6089.560570
20394,20909,16193,6089.560570
20395,20910,16194,6089.594085
20396,20911,16195,6089.626112
20397,20912,16196,6089.658169
20398,20913,16197,6089.688990
20399,20914,16197,6089.688990
20400,20915,16198,6089.719379
20401,20916,16199,6089.768911
20402,20917,16200,6089.771510
20403,20918,16200,6089.771510
20404,20919,16201,6089.832979
20405,20920,16202,6089.863551
20406,20921,16203,6089.897272
20407,20922,16203,6089.897272
20408,20923,16204,6089.928214
20409,20924,16205,6089.962427
20410,20925,16206,6089.993958
20411,20926,16207,6090.025728
20412,20927,16207,6090.025728
20413,20928,16208,6090.057269
20414,20929,16209,6090.104113
20415,20930,16209,6090.104113
20416,20931,16211,6090.142553
20417,20932,16212,6090.168955
20418,20933,16212,6090.168955
20419,20934,16213,6090.232190
20420,20935,16213,6090.232190
20421,20936,16214,6090.264687
20422,20937,16215,6090.297561
20423,20938,16216,6090.327619
20424,20939,16217,6090.359639
20425,20940,16217,6090.359639
20426,20941,16218,6090.391426
20427,20942,16218,6090.391426
20428,20943,16219,6090.441633
20429,20944,16221,6090.474901
20430,20945,16222,6090.505586
20431,20946,16223,6090.536196
20432,20947,16224,6090.568171
20433,20948,16224,6090.568171
20434,20949,16224,6090.568171
20435,20950,16225,6090.634793
20436,20951,16226,6090.665446
20437,20952,16227,6090.696029
20438,20953,16227,6090.696029
20439,20954,16228,6090.730133
20440,20955,16229,6090.776323
20441,20956,16229,6090.776323
20442,20957,16231,6090.810387
20443,20958,16232,6090.841320
20444,20959,16233,6090.873285
20445,20960,16234,6090.903877
20446,20961,16234,6090.903877
20447,20962,16235,6090.935844
20448,20963,16236,6090.969273
20449,20964,16236,6090.969273
20450,20965,16237,6091.032390
20451,20966,16237,6091.032390
20452,20967,16238,6091.064838
20453,20968,16238,6091.064838
20454,20969,16239,6091.113905
20455,20970,16241,6091.148839
20456,20971,16242,6091.178057
20457,20972,16243,6091.210009
20458,20973,16244,6091.239627
20459,20974,16244,6091.239627
20460,20975,16245,6091.274097
20461,20976,16246,6091.303853
20462,20977,16247,6091.337352
20463,20978,16248,6091.367506
20464,20979,16248,6091.367506
20465,20980,16248,6091.367506
20466,20981,16248,6091.367506
20467,20982,16249,6091.450123
20468,20983,16251,6091.483460
20469,20984,16252,6091.510514
20470,20985,16253,6091.544836
20471,20986,16253,6091.544836
20472,20987,16254,6091.577852
20473,20988,16255,6091.608435
20474,20989,16256,6091.641121
20475,20990,16257,6091.672645
20476,20991,16258,6091.703462
20477,20992,16259,6091.735562
20478,20993,16259,6091.735562
20479,20994,16260,6091.767850
20480,20995,16260,6091.767850
20481,20996,16260,6091.767850
20482,20997,16262,6091.851688
20483,20998,16263,6091.881640
20484,20999,16264,6091.914770
20485,21000,16264,6091.914770
20486,21001,16265,6091.946461
20487,21002,16266,6091.977848
20488,21003,16267,6092.008426
20489,21004,16268,6092.039516
20490,21005,16268,6092.039516
20491,21006,16269,6092.074164
20492,21007,16270,6092.105227
20493,21008,16270,6092.105227
20494,21009,16271,6092.151621
20495,21010,16272,6092.184313
20496,21011,16273,6092.216149
20497,21012,16274,6092.250200
20498,21013,16275,6092.280112
20499,21014,16275,6092.280112
20500,21015,16276,6092.312972
20501,21016,16277,6092.345441
20502,21017,16278,6092.376943
20503,21018,16278,6092.376943
20504,21019,16279,6092.409198
20505,21020,16280,6092.440473
20506,21021,16280,6092.440473
20507,21022,16281,6092.490327
20508,21023,16282,6092.520562
20509,21024,16283,6092.553686
20510,21025,16284,6092.584353
20511,21026,16284,6092.584353
20512,21027,16285,6092.615496
20513,21028,16286,6092.648925
20514,21029,16287,6092.680943
20515,21030,16288,6092.714580
20516,21031,16288,6092.714580
20517,21032,16289,6092.745434
20518,21033,16290,6092.778630
20519,21034,16290,6092.778630
20520,21035,16291,6092.824437
20521,21036,16292,6092.859196
20522,21037,16293,6092.887066
20523,21038,16294,6092.921627
20524,21039,16294,6092.921627
20525,21040,16295,6092.955868
20526,21041,16296,6092.985930
20527,21042,16297,6093.017162
20528,21043,16298,6093.048212
20529,21044,16298,6093.048212
20530,21045,16299,6093.080709
20531,21046,16300,6093.113242
20532,21047,16300,6093.113242
20533,21048,16301,6093.162122
20534,21049,16302,6093.194605
20535,21050,16303,6093.226615
20536,21051,16303,6093.226615
20537,21052,16304,6093.257099
20538,21053,16305,6093.289705
20539,21054,16306,6093.319052
20540,21055,16307,6093.352816
20541,21056,16308,6093.384064
20542,21057,16308,6093.384064
20543,21058,16309,6093.416732
20544,21059,16310,6093.449657
20545,21060,16311,6093.480787
20546,21061,16311,6093.480787
20547,21062,16312,6093.528169
20548,21063,16313,6093.560273
20549,21064,16313,6093.560273
20550,21065,16314,6093.593206
20551,21066,16315,6093.624935
20552,21067,16316,6093.657954
20553,21068,16317,6093.690062
20554,21069,16318,6093.719553
20555,21070,16318,6093.719553
20556,21071,16319,6093.752526
20557,21072,16320,6093.785816
20558,21073,16321,6093.818340
20559,21074,16321,6093.818340
20560,21075,16322,6093.865144
20561,21076,16323,6093.896933
20562,21077,16323,6093.896933
20563,21078,16324,6093.927712
20564,21079,16325,6093.960749
20565,21080,16326,6093.993191
20566,21081,16327,6094.025818
20567,21082,16327,6094.025818
20568,21083,16328,6094.057340
20569,21084,16329,6094.089429
20570,21085,16330,6094.121729
20571,21086,16331,6094.152710
20572,21087,16331,6094.152710
20573,21088,16332,6094.201371
20574,21089,16333,6094.232878
20575,21090,16333,6094.232878
20576,21091,16334,6094.265083
20577,21092,16335,6094.298055
20578,21093,16336,6094.330422
20579,21094,16337,6094.359617
20580,21095,16337,6094.359617
20581,21096,16338,6094.393483
20582,21097,16339,6094.425741
20583,21098,16340,6094.456852
20584,21099,16341,6094.488484
20585,21100,16341,6094.488484
20586,21101,16342,6094.537627
20587,21102,16342,6094.537627
20588,21103,16344,6094.571201
20589,21104,16344,6094.571201
20590,21105,16345,6094.632529
20591,21106,16346,6094.666546
20592,21107,16347,6094.696319
20593,21108,16347,6094.696319
20594,21109,16348,6094.730085
20595,21110,16349,6094.761481
20596,21111,16350,6094.794858
20597,21112,16350,6094.794858
20598,21113,16351,6094.827259
20599,21114,16352,6094.873766
20600,21115,16352,6094.873766
20601,21116,16354,6094.906988
20602,21117,16355,6094.936803
20603,21118,16356,6094.968722
20604,21119,16356,6094.968722
20605,21120,16357,6095.031479
20606,21121,16357,6095.031479
20607,21122,16358,6095.065605
20608,21123,16359,6095.097869
20609,21124,16360,6095.129991
20610,21125,16361,6095.161477
20611,21126,16361,6095.161477
20612,21127,16362,6095.192452
20613,21128,16362,6095.192452
20614,21129,16363,6095.241120
20615,21130,16365,6095.279102
20616,21131,16366,6095.305863
20617,21132,16367,6095.338136
20618,21133,16367,6095.338136
20619,21134,16368,6095.370689
20620,21135,16368,6095.370689
20621,21136,16369,6095.434127
20622,21137,16370,6095.465646
20623,21138,16371,6095.496602
20624,21139,16371,6095.496602
20625,21140,16372,6095.528117
20626,21141,16372,6095.528117
20627,21142,16373,6095.576192
20628,21143,16375,6095.614752
20629,21144,16376,6095.642205
20630,21145,16377,6095.672693
20631,21146,16378,6095.705191
20632,21147,16378,6095.705191
20633,21148,16379,6095.737261
20634,21149,16380,6095.770382
20635,21150,16380,6095.770382
20636,21151,16381,6095.833249
20637,21152,16381,6095.833249
20638,21153,16382,6095.865910
20639,21154,16382,6095.865910
20640,21155,16383,6095.913253
20641,21156,16385,6095.948959
20642,21157,16386,6095.977426
20643,21158,16387,6096.008900
20644,21159,16387,6096.008900
20645,21160,16388,6096.040654
20646,21161,16389,6096.073748
20647,21162,16390,6096.104356
20648,21163,16391,6096.137036
20649,21164,16391,6096.137036
20650,21165,16392,6096.168403
20651,21166,16392,6096.168403
20652,21167,16392,6096.168403
20653,21168,16393,6096.248219
20654,21169,16395,6096.284229
20655,21170,16396,6096.312569
20656,21171,16397,6096.346221
20657,21172,16397,6096.346221
20658,21173,16398,6096.377089
20659,21174,16399,6096.409581
20660,21175,16400,6096.442413
20661,21176,16401,6096.472455
20662,21177,16401,6096.472455
20663,21178,16402,6096.508369
20664,21179,16403,6096.538019
20665,21180,16403,6096.538019
20666,21181,16404,6096.584703
20667,21182,16405,6096.617806
20668,21183,16406,6096.650139
20669,21184,16406,6096.650139
20670,21185,16407,6096.681780
20671,21186,16408,6096.714403
20672,21187,16409,6096.746192
20673,21188,16410,6096.776756
20674,21189,16410,6096.776756
20675,21190,16411,6096.808123
20676,21191,16412,6096.840241
20677,21192,16413,6096.873727
20678,21193,16414,6096.906611
20679,21194,16414,6096.906611
20680,21195,16415,6096.952874
20681,21196,16416,6096.984477
20682,21197,16416,6096.984477
20683,21198,16417,6097.018385
20684,21199,16418,6097.049931
20685,21200,16419,6097.080574
20686,21201,16420,6097.114755
20687,21202,16420,6097.114755
20688,21203,16421,6097.144504
20689,21204,16422,6097.178451
20690,21205,16423,6097.211137
20691,21206,16424,6097.241208
20692,21207,16424,6097.241208
20693,21208,16425,6097.288940
20694,21209,16426,6097.320806
20695,21210,16426,6097.320806
20696,21211,16427,6097.351998
20697,21212,16428,6097.385071
20698,21213,16429,6097.416955
20699,21214,16430,6097.448449
20700,21215,16430,6097.448449
20701,21216,16431,6097.480267
20702,21217,16432,6097.511863
20703,21218,16433,6097.544718
20704,21219,16434,6097.575563
20705,21220,16434,6097.575563
20706,21221,16435,6097.625614
20707,21222,16435,6097.625614
20708,21223,16436,6097.657102
20709,21224,16437,6097.689591
20710,21225,16438,6097.721628
20711,21226,16439,6097.754285
20712,21227,16440,6097.785192
20713,21228,16440,6097.785192
20714,21229,16441,6097.816674
20715,21230,16442,6097.850290
20716,21231,16443,6097.882438
20717,21232,16444,6097.912338
20718,21233,16444,6097.912338
20719,21234,16445,6097.960597
20720,21235,16445,6097.960597
20721,21236,16446,6097.992871
20722,21237,16447,6098.024671
20723,21238,16448,6098.055614
20724,21239,16449,6098.088451
20725,21240,16450,6098.119650
20726,21241,16450,6098.119650
20727,21242,16451,6098.152705
20728,21243,16452,6098.185185
20729,21244,16453,6098.217203
20730,21245,16454,6098.250078
20731,21246,16454,6098.250078
20732,21247,16455,6098.295222
20733,21248,16456,6098.328844
20734,21249,16456,6098.328844
20735,21250,16457,6098.360851
20736,21251,16458,6098.393815
20737,21252,16459,6098.426281
20738,21253,16460,6098.456894
20739,21254,16460,6098.456894
20740,21255,16461,6098.488220
20741,21256,16462,6098.523824
20742,21257,16463,6098.553762
20743,21258,16464,6098.585246
20744,21259,16464,6098.585246
20745,21260,16465,6098.616599
20746,21261,16466,6098.664007
20747,21262,16466,6098.664007
20748,21263,16467,6098.697645
20749,21264,16468,6098.729054
20750,21265,16469,6098.761400
20751,21266,16470,6098.792719
20752,21267,16470,6098.792719
20753,21268,16471,6098.824917
20754,21269,16472,6098.857267
20755,21270,16473,6098.888273
20756,21271,16474,6098.920913
20757,21272,16474,6098.920913
20758,21273,16475,6098.953016
20759,21274,16476,6098.999958
20760,21275,16476,6098.999958
20761,21276,16477,6099.033078
20762,21277,16478,6099.065513
20763,21278,16479,6099.096497
20764,21279,16480,6099.128595
20765,21280,16480,6099.128595
20766,21281,16481,6099.162489
20767,21282,16482,6099.193040
20768,21283,16483,6099.224996
20769,21284,16484,6099.258627
20770,21285,16484,6099.258627
20771,21286,16485,6099.287628
20772,21287,16485,6099.287628
20773,21288,16486,6099.336971
20774,21289,16488,6099.373912
20775,21290,16488,6099.373912
20776,21291,16489,6099.432494
20777,21292,16490,6099.464325
20778,21293,16490,6099.464325
20779,21294,16491,6099.495731
20780,21295,16492,6099.529329
20781,21296,16493,6099.562169
20782,21297,16494,6099.592434
20783,21298,16494,6099.592434
20784,21299,16495,6099.626444
20785,21300,16495,6099.626444
20786,21301,16496,6099.672490
20787,21302,16498,6099.707046
20788,21303,16499,6099.737799
20789,21304,16500,6099.768860
20790,21305,16500,6099.768860
20791,21306,16500,6099.768860
20792,21307,16501,6099.832851
20793,21308,16502,6099.866744
20794,21309,16503,6099.896313
20795,21310,16503,6099.896313
20796,21311,16504,6099.928931
20797,21312,16505,6099.961395
20798,21313,16505,6099.961395
20799,21314,16506,6100.009658
20800,21315,16508,6100.043095
20801,21316,16509,6100.071637
20802,21317,16510,6100.105570
20803,21318,16510,6100.105570
20804,21319,16511,6100.136076
20805,21320,16512,6100.169968
20806,21321,16512,6100.169968
20807,21322,16513,6100.233421
20808,21323,16513,6100.233421
20809,21324,16514,6100.265030
20810,21325,16515,6100.297299
20811,21326,16515,6100.297299
20812,21327,16516,6100.344591
20813,21328,16518,6100.378722
20814,21329,16519,6100.410219
20815,21330,16520,6100.441663
20816,21331,16520,6100.441663
20817,21332,16521,6100.473706
20818,21333,16522,6100.504018
20819,21334,16523,6100.537514
20820,21335,16524,6100.570323
20821,21336,16524,6100.570323
20822,21337,16524,6100.570323
20823,21338,16525,6100.634036
20824,21339,16526,6100.664120
20825,21340,16526,6100.664120
20826,21341,16527,6100.712047
20827,21342,16529,6100.746734
20828,21343,16530,6100.776709
20829,21344,16530,6100.776709
20830,21345,16531,6100.809237
20831,21346,16532,6100.841600
20832,21347,16533,6100.872449
20833,21348,16534,6100.905288
20834,21349,16534,6100.905288
20835,21350,16535,6100.937781
20836,21351,16536,6100.969659
20837,21352,16536,6100.969659
20838,21353,16536,6100.969659
20839,21354,16537,6101.050162
20840,21355,16539,6101.084381
20841,21356,16539,6101.084381
20842,21357,16540,6101.115248
20843,21358,16541,6101.144724
20844,21359,16542,6101.177719
20845,21360,16543,6101.209296
20846,21361,16544,6101.240958
20847,21362,16544,6101.240958
20848,21363,16545,6101.272033
20849,21364,16546,6101.305443
20850,21365,16547,6101.337491
20851,21366,16547,6101.337491
20852,21367,16548,6101.385792
20853,21368,16549,6101.415883
20854,21369,16549,6101.415883
20855,21370,16550,6101.450434
20856,21371,16551,6101.480442
20857,21372,16552,6101.512462
20858,21373,16553,6101.549208
20859,21374,16554,6101.577475
20860,21375,16554,6101.577475
20861,21376,16555,6101.608493
20862,21377,16556,6101.642410
20863,21378,16557,6101.671957
20864,21379,16557,6101.671957
20865,21380,16558,6101.720785
20866,21381,16559,6101.753344
20867,21382,16559,6101.753344
20868,21383,16560,6101.785163
20869,21384,16561,6101.818125
20870,21385,16562,6101.850971
20871,21386,16563,6101.880564
20872,21387,16563,6101.880564
20873,21388,16564,6101.912217
20874,21389,16565,6101.944316
20875,21390,16566,6101.979970
20876,21391,16567,6102.011052
20877,21392,16567,6102.011052
20878,21393,16568,6102.057349
20879,21394,16569,6102.088402
20880,21395,16569,6102.088402
20881,21396,16570,6102.122788
20882,21397,16571,6102.154315
20883,21398,16572,6102.184315
20884,21399,16572,6102.184315
20885,21400,16573,6102.218157
20886,21401,16574,6102.251105
20887,21402,16575,6102.281038
20888,21403,16576,6102.314507
20889,21404,16576,6102.314507
20890,21405,16577,6102.345576
20891,21406,16578,6102.376674
20892,21407,16578,6102.376674
20893,21408,16579,6102.425810
20894,21409,16580,6102.456343
20895,21410,16581,6102.490372
20896,21411,16582,6102.521183
20897,21412,16582,6102.521183
20898,21413,16583,6102.551652
20899,21414,16584,6102.585298
20900,21415,16585,6102.616611
20901,21416,16586,6102.649062
20902,21417,16586,6102.649062
20903,21418,16587,6102.681996
20904,21419,16588,6102.713287
20905,21420,16588,6102.713287
20906,21421,16589,6102.761726
20907,21422,16590,6102.791515
20908,21423,16591,6102.825475
20909,21424,16592,6102.856632
20910,21425,16592,6102.856632
20911,21426,16593,6102.888826
20912,21427,16594,6102.922122
20913,21428,16595,6102.953729
20914,21429,16596,6102.984557
20915,21430,16596,6102.984557
20916,21431,16597,6103.016485
20917,21432,16598,6103.050741
20918,21433,16598,6103.050741
20919,21434,16599,6103.097154
20920,21435,16600,6103.128769
20921,21436,16601,6103.162001
20922,21437,16602,6103.193058
20923,21438,16602,6103.193058
20924,21439,16603,6103.224600
20925,21440,16604,6103.256787
20926,21441,16605,6103.289674
20927,21442,16606,6103.320803
20928,21443,16606,6103.320803
20929,21444,16607,6103.353505
20930,21445,16608,6103.384291
20931,21446,16608,6103.384291
20932,21447,16609,6103.432293
20933,21448,16610,6103.466381
20934,21449,16611,6103.497302
20935,21450,16612,6103.530696
20936,21451,16612,6103.530696
20937,21452,16613,6103.561168
20938,21453,16614,6103.594743
20939,21454,16615,6103.626851
20940,21455,16616,6103.657077
20941,21456,16616,6103.657077
20942,21457,16617,6103.688442
20943,21458,16618,6103.720939
20944,21459,16618,6103.720939
20945,21460,16619,6103.770635
20946,21461,16620,6103.801755
20947,21462,16621,6103.833373
20948,21463,16622,6103.864562
20949,21464,16622,6103.864562
20950,21465,16623,6103.898013
20951,21466,16624,6103.930128
20952,21467,16625,6103.962146
20953,21468,16626,6103.992394
20954,21469,16626,6103.992394
20955,21470,16627,6104.024599
20956,21471,16628,6104.058963
20957,21472,16629,6104.088875
20958,21473,16629,6104.088875
20959,21474,16630,6104.137015
20960,21475,16632,6104.171373
20961,21476,16632,6104.171373
20962,21477,16632,6104.171373
20963,21478,16633,6104.231656
20964,21479,16634,6104.264672
20965,21480,16635,6104.296775
20966,21481,16636,6104.328939
20967,21482,16636,6104.328939
20968,21483,16637,6104.360624
20969,21484,16638,6104.392320
20970,21485,16639,6104.424678
20971,21486,16639,6104.424678
20972,21487,16640,6104.473859
20973,21488,16642,6104.508684
20974,21489,16643,6104.537342
20975,21490,16643,6104.537342
20976,21491,16644,6104.572130
20977,21492,16644,6104.572130
20978,21493,16645,6104.633562
20979,21494,16646,6104.664452
20980,21495,16646,6104.664452
20981,21496,16647,6104.697482
20982,21497,16648,6104.729320
20983,21498,16649,6104.762116
20984,21499,16649,6104.762116
20985,21500,16650,6104.811748
20986,21501,16652,6104.845028
20987,21502,16653,6104.873658
20988,21503,16653,6104.873658
20989,21504,16654,6104.905885
20990,21505,16655,6104.936937
20991,21506,16656,6104.969746
20992,21507,16656,6104.969746
20993,21508,16656,6104.969746
20994,21509,16657,6105.033612
20995,21510,16658,6105.067259
20996,21511,16659,6105.098736
20997,21512,16659,6105.098736
20998,21513,16660,6105.146163
20999,21514,16662,6105.180796
21000,21515,16663,6105.208480
21001,21516,16664,6105.241440
21002,21517,16664,6105.241440
21003,21518,16665,6105.275277
21004,21519,16666,6105.309416
21005,21520,16667,6105.339918
21006,21521,16668,6105.370558
21007,21522,16668,6105.370558
21008,21523,16668,6105.370558
21009,21524,16669,6105.433819
21010,21525,16669,6105.433819
21011,21526,16670,6105.480481
21012,21527,16672,6105.519990
21013,21528,16673,6105.546326
21014,21529,16674,6105.578729
21015,21530,16674,6105.578729
21016,21531,16675,6105.610508
21017,21532,16676,6105.643366
21018,21533,16677,6105.674629
21019,21534,16678,6105.706185
21020,21535,16678,6105.706185
21021,21536,16679,6105.738856
21022,21537,16680,6105.771604
21023,21538,16680,6105.771604
21024,21539,16680,6105.771604
21025,21540,16682,6105.855567
21026,21541,16683,6105.882956
21027,21542,16683,6105.882956
21028,21543,16684,6105.914635
21029,21544,16685,6105.947587
21030,21545,16686,6105.979479
21031,21546,16687,6106.011776
21032,21547,16687,6106.011776
21033,21548,16688,6106.043040
21034,21549,16689,6106.077039
21035,21550,16690,6106.107978
21036,21551,16691,6106.137868
21037,21552,16691,6106.137868
21038,21553,16692,6106.189098
21039,21554,16692,6106.189098
21040,21555,16694,6106.251517
21041,21556,16695,6106.281787
21042,21557,16695,6106.281787
21043,21558,16696,6106.313430
21044,21559,16697,6106.346529
21045,21560,16698,6106.379848
21046,21561,16698,6106.379848
21047,21562,16699,6106.414995
21048,21563,16700,6106.442908
21049,21564,16701,6106.475842
21050,21565,16701,6106.475842
21051,21566,16702,6106.529091
21052,21567,16703,6106.558646
21053,21568,16704,6106.591796
21054,21569,16705,6106.622768
21055,21570,16705,6106.622768
21056,21571,16706,6106.668339
21057,21572,16707,6106.700862
21058,21573,16708,6106.731351
21059,21574,16709,6106.755344
21060,21575,16710,6106.795969
21061,21576,16711,6106.824955
21062,21577,16711,6106.824955
21063,21578,16712,6106.872210
21064,21579,16713,6106.904433
21065,21580,16714,6106.934964
21066,21581,16714,6106.934964
21067,21582,16715,6106.965979
21068,21583,16716,6106.997619
21069,21584,16717,6107.028433
21070,21585,16718,6107.060221
21071,21586,16718,6107.060221
21072,21587,16719,6107.092265
21073,21588,16720,6107.123953
21074,21589,16721,6107.156198
21075,21590,16721,6107.156198
21076,21591,16722,6107.204345
21077,21592,16723,6107.235813
21078,21593,16723,6107.235813
21079,21594,16724,6107.267907
21080,21595,16725,6107.299806
21081,21596,16726,6107.331684
21082,21597,16726,6107.331684
21083,21598,16727,6107.362899
21084,21599,16728,6107.393932
21085,21600,16729,6107.425880
21086,21601,16730,6107.457381
21087,21602,16730,6107.457381
21088,21603,16731,6107.489699
21089,21604,16732,6107.521404
21090,21605,16732,6107.521404
21091,21606,16733,6107.567514
21092,21607,16734,6107.599624
21093,21608,16735,6107.631241
21094,21609,16735,6107.631241
21095,21610,16736,6107.663024
21096,21611,16737,6107.695131
21097,21612,16738,6107.726298
21098,21613,16738,6107.726298
21099,21614,16739,6107.757891
21100,21615,16740,6107.789908
21101,21616,16741,6107.821360
21102,21617,16742,6107.852688
21103,21618,16742,6107.852688
21104,21619,16743,6107.900137
21105,21620,16743,6107.900137
21106,21621,16744,6107.931563
21107,21622,16745,6107.964837
21108,21623,16746,6107.999758
21109,21624,16746,6107.999758
21110,21625,16747,6108.044156
21111,21626,16748,6108.077307
21112,21627,16749,6108.092781
21113,21628,16750,6108.127579
21114,21629,16751,6108.159564
21115,21630,16751,6108.159564
21116,21631,16752,6108.191200
21117,21632,16752,6108.191200
21118,21633,16753,6108.244398
21119,21634,16754,6108.277934
21120,21635,16755,6108.307914
21121,21636,16755,6108.307914
21122,21637,16756,6108.344501
21123,21638,16757,6108.377676
21124,21639,16758,6108.396135
21125,21640,16759,6108.428321
21126,21641,16760,6108.460482
21127,21642,16760,6108.460482
21128,21643,16761,6108.493181
21129,21644,16762,6108.527765
21130,21645,16762,6108.527765
21131,21646,16763,6108.577781
21132,21647,16764,6108.610337
21133,21648,16764,6108.610337
21134,21649,16765,6108.645087
21135,21650,16766,6108.675894
21136,21651,16767,6108.699301
21137,21652,16767,6108.699301
21138,21653,16768,6108.741775
21139,21654,16769,6108.761635
21140,21655,16770,6108.797575
21141,21656,16771,6108.828331
21142,21657,16771,6108.828331
21143,21658,16772,6108.859205
21144,21659,16772,6108.859205
21145,21660,16773,6108.910139
21146,21661,16773,6108.910139
21147,21662,16775,6108.985453
21148,21663,16776,6109.001371
21149,21664,16777,6109.044381
21150,21665,16777,6109.044381
21151,21666,16778,6109.076531
21152,21667,16779,6109.109392
21153,21668,16780,6109.144872
21154,21669,16781,6109.161205
21155,21670,16782,6109.193827
21156,21671,16782,6109.193827
21157,21672,16783,6109.242484
21158,21673,16784,6109.273554
21159,21674,16785,6109.276053
21160,21675,16786,6109.311386
21161,21676,16787,6109.342553
21162,21677,16788,6109.374278
21163,21678,16788,6109.374278
21164,21679,16788,6109.374278
21165,21680,16789,6109.443760
21166,21681,16789,6109.443760
21167,21682,16790,6109.477135
21168,21683,16791,6109.506865
21169,21684,16792,6109.543808
21170,21685,16792,6109.543808
21171,21686,16793,6109.576096
21172,21687,16793,6109.576096
21173,21688,16795,6109.643693
21174,21689,16796,6109.660355
21175,21690,16797,6109.679237
21176,21691,16798,6109.710548
21177,21692,16799,6109.744246
21178,21693,16799,6109.744246
21179,21694,16800,6109.777455
21180,21695,16800,6109.777455
21181,21696,16801,6109.842972
21182,21697,16801,6109.842972
21183,21698,16802,6109.877090
21184,21699,16803,6109.911956
21185,21700,16803,6109.911956
21186,21701,16804,6109.959673
21187,21702,16806,6109.993435
21188,21703,16807,6110.010597
21189,21704,16808,6110.043295
21190,21705,16808,6110.043295
21191,21706,16809,6110.077393
21192,21707,16810,6110.109924
21193,21708,16811,6110.143131
21194,21709,16811,6110.143131
21195,21710,16812,6110.177314
21196,21711,16812,6110.177314
21197,21712,16812,6110.177314
21198,21713,16813,6110.243908
21199,21714,16813,6110.243908
21200,21715,16814,6110.294131
21201,21716,16815,6110.327215
21202,21717,16817,6110.358181
21203,21718,16818,6110.377461
21204,21719,16818,6110.377461
21205,21720,16819,6110.426917
21206,21721,16820,6110.443202
21207,21722,16821,6110.478782
21208,21723,16822,6110.509853
21209,21724,16822,6110.509853
21210,21725,16823,6110.544224
21211,21726,16824,6110.578216
21212,21727,16824,6110.578216
21213,21728,16824,6110.578216
21214,21729,16826,6110.663607
21215,21730,16826,6110.663607
21216,21731,16827,6110.694514
21217,21732,16828,6110.726508
21218,21733,16829,6110.759784
21219,21734,16830,6110.790893
21220,21735,16830,6110.790893
21221,21736,16831,6110.822982
21222,21737,16832,6110.854528
21223,21738,16833,6110.885388
21224,21739,16834,6110.911113
21225,21740,16834,6110.911113
21226,21741,16835,6110.975300
21227,21742,16836,6110.995428
21228,21743,16837,6111.026624
21229,21744,16838,6111.052184
21230,21745,16838,6111.052184
21231,21746,16839,6111.096398
21232,21747,16839,6111.096398
21233,21748,16840,6111.130159
21234,21749,16841,6111.161726
21235,21750,16842,6111.181125
21236,21751,16843,6111.210638
21237,21752,16844,6111.245595
21238,21753,16844,6111.245595
21239,21754,16845,6111.288762
21240,21755,16846,6111.326510
21241,21756,16846,6111.326510
21242,21757,16847,6111.365263
21243,21758,16848,6111.393940
21244,21759,16849,6111.427128
21245,21760,16850,6111.450762
21246,21761,16850,6111.450762
21247,21762,16851,6111.487099
21248,21763,16852,6111.517630
21249,21764,16853,6111.547345
21250,21765,16853,6111.547345
21251,21766,16854,6111.585671
21252,21767,16855,6111.614878
21253,21768,16855,6111.614878
21254,21769,16856,6111.661795
21255,21770,16857,6111.697114
21256,21771,16857,6111.697114
21257,21772,16858,6111.735325
21258,21773,16859,6111.765451
21259,21774,16860,6111.795274
21260,21775,16861,6111.831806
21261,21776,16861,6111.831806
21262,21777,16862,6111.860110
21263,21778,16863,6111.885161
21264,21779,16864,6111.915112
21265,21780,16865,6111.951588
21266,21781,16865,6111.951588
21267,21782,16866,6111.998006
21268,21783,16867,6112.028455
21269,21784,16867,6112.028455
21270,21785,16868,6112.072904
21271,21786,16869,6112.094417
21272,21787,16870,6112.131906
21273,21788,16871,6112.155022
21274,21789,16872,6112.185118
21275,21790,16872,6112.185118
21276,21791,16873,6112.229687
21277,21792,16874,6112.260710
21278,21793,16875,6112.283076
21279,21794,16875,6112.283076
21280,21795,16875,6112.283076
21281,21796,16876,6112.345423
21282,21797,16877,6112.381039
21283,21798,16878,6112.395662
21284,21799,16879,6112.432036
21285,21800,16879,6112.432036
21286,21801,16880,6112.469639
21287,21802,16881,6112.493960
21288,21803,16882,6112.528202
21289,21804,16883,6112.560795
21290,21805,16883,6112.560795
21291,21806,16884,6112.592414
21292,21807,16885,6112.624767
21293,21808,16885,6112.624767
21294,21809,16886,6112.674074
21295,21810,16887,6112.705122
21296,21811,16888,6112.731466
21297,21812,16889,6112.762345
21298,21813,16889,6112.762345
21299,21814,16890,6112.794576
21300,21815,16890,6112.794576
21301,21816,16891,6112.839739
21302,21817,16892,6112.863495
21303,21818,16893,6112.890523
21304,21819,16894,6112.926336
21305,21820,16895,6112.957314
21306,21821,16895,6112.957314
21307,21822,16896,6112.994332
21308,21823,16896,6112.994332
21309,21824,16897,6113.043415
21310,21825,16898,6113.069068
21311,21826,16899,6113.099500
21312,21827,16900,6113.130206
21313,21828,16900,6113.130206
21314,21829,16901,6113.162441
21315,21830,16902,6113.197429
21316,21831,16903,6113.228400
21317,21832,16904,6113.259262
21318,21833,16904,6113.259262
21319,21834,16905,6113.293687
21320,21835,16906,6113.328629
21321,21836,16906,6113.328629
21322,21837,16907,6113.379153
21323,21838,16907,6113.379153
21324,21839,16908,6113.411837
21325,21840,16909,6113.446376
21326,21841,16910,6113.478335
21327,21842,16911,6113.511685
21328,21843,16912,6113.531744
21329,21844,16913,6113.562183
21330,21845,16913,6113.562183
21331,21846,16914,6113.595541
21332,21847,16915,6113.628221
21333,21848,16916,6113.662159
21334,21849,16916,6113.662159
21335,21850,16917,6113.712199
21336,21851,16917,6113.712199
21337,21852,16919,6113.761862
21338,21853,16920,6113.778614
21339,21854,16920,6113.778614
21340,21855,16920,6113.778614
21341,21856,16921,6113.845611
21342,21857,16922,6113.878979
21343,21858,16923,6113.912094
21344,21859,16923,6113.912094
21345,21860,16925,6113.962183
21346,21861,16925,6113.962183
21347,21862,16926,6114.000837
21348,21863,16926,6114.000837
21349,21864,16927,6114.046100
21350,21865,16928,6114.078518
21351,21866,16930,6114.111878
21352,21867,16930,6114.111878
21353,21868,16931,6114.146515
21354,21869,16932,6114.177197
21355,21870,16932,6114.177197
21356,21871,16932,6114.177197
21357,21872,16933,6114.244838
21358,21873,16934,6114.277966
21359,21874,16935,6114.311330
21360,21875,16935,6114.311330
21361,21876,16936,6114.344641
21362,21877,16937,6114.377636
21363,21878,16937,6114.377636
21364,21879,16938,6114.425860
21365,21880,16940,6114.457496
21366,21881,16941,6114.488765
21367,21882,16941,6114.488765
21368,21883,16943,6114.536759
21369,21884,16943,6114.536759
21370,21885,16944,6114.584419
21371,21886,16944,6114.584419
21372,21887,16944,6114.584419
21373,21888,16945,6114.648012
21374,21889,16946,6114.680277
21375,21890,16947,6114.711597
21376,21891,16947,6114.711597
21377,21892,16948,6114.759800
21378,21893,16949,6114.775586
21379,21894,16951,6114.811499
21380,21895,16951,6114.811499
21381,21896,16952,6114.848345
21382,21897,16953,6114.884668
21383,21898,16954,6114.907246
21384,21899,16954,6114.907246
21385,21900,16955,6114.949455
21386,21901,16956,6114.973482
21387,21902,16956,6114.973482
21388,21903,16956,6114.973482
21389,21904,16957,6115.043137
21390,21905,16958,6115.091144
21391,21906,16958,6115.091144
21392,21907,16960,6115.139211
21393,21908,16961,6115.155804
21394,21909,16962,6115.186907
21395,21910,16963,6115.218436
21396,21911,16963,6115.218436
21397,21912,16964,6115.250430
21398,21913,16965,6115.282683
21399,21914,16966,6115.314072
21400,21915,16967,6115.346169
21401,21916,16967,6115.346169
21402,21917,16968,6115.378731
21403,21918,16968,6115.378731
21404,21919,16968,6115.378731
21405,21920,16970,6115.463285
21406,21921,16971,6115.495564
21407,21922,16971,6115.495564
21408,21923,16972,6115.521579
21409,21924,16973,6115.551611
21410,21925,16974,6115.579213
21411,21926,16975,6115.612525
21412,21927,16976,6115.645216
21413,21928,16976,6115.645216
21414,21929,16977,6115.679274
21415,21930,16978,6115.709407
21416,21931,16978,6115.709407
21417,21932,16979,6115.754443
21418,21933,16980,6115.792513
21419,21934,16981,6115.821245
21420,21935,16981,6115.821245
21421,21936,16982,6115.859754
21422,21937,16983,6115.882680
21423,21938,16983,6115.882680
21424,21939,16985,6115.945248
21425,21940,16985,6115.945248
21426,21941,16986,6115.976609
21427,21942,16987,6116.017878
21428,21943,16988,6116.046770
21429,21944,16988,6116.046770
21430,21945,16989,6116.095866
21431,21946,16990,6116.121301
21432,21947,16990,6116.121301
21433,21948,16991,6116.159219
21434,21949,16992,6116.195279
21435,21950,16993,6116.220077
21436,21951,16993,6116.220077
21437,21952,16994,6116.252095
21438,21953,16995,6116.280824
21439,21954,16995,6116.280824
21440,21955,16996,6116.327055
21441,21956,16997,6116.358968
21442,21957,16998,6116.389744
21443,21958,16999,6116.413025
21444,21959,16999,6116.413025
21445,21960,17000,6116.458582
21446,21961,17000,6116.458582
21447,21962,17001,6116.505449
21448,21963,17002,6116.537326
21449,21964,17003,6116.568032
21450,21965,17003,6116.568032
21451,21966,17004,6116.598957
21452,21967,17005,6116.630346
21453,21968,17006,6116.662565
21454,21969,17007,6116.692637
21455,21970,17007,6116.692637
21456,21971,17008,6116.723198
21457,21972,17009,6116.755460
21458,21973,17010,6116.792891
21459,21974,17010,6116.792891
21460,21975,17011,6116.838082
21461,21976,17012,6116.868719
21462,21977,17012,6116.868719
21463,21978,17013,6116.899199
21464,21979,17014,6116.928571
21465,21980,17015,6116.959736
21466,21981,17016,6116.991668
21467,21982,17016,6116.991668
21468,21983,17017,6117.022015
21469,21984,17018,6117.054881
21470,21985,17019,6117.092496
21471,21986,17019,6117.092496
21472,21987,17020,6117.138632
21473,21988,17021,6117.169329
21474,21989,17021,6117.169329
21475,21990,17022,6117.200869
21476,21991,17023,6117.232544
21477,21992,17024,6117.264185
21478,21993,17024,6117.264185
21479,21994,17025,6117.295463
21480,21995,17026,6117.326676
21481,21996,17027,6117.358299
21482,21997,17028,6117.392859
21483,21998,17028,6117.392859
21484,21999,17029,6117.423532
21485,22000,17029,6117.423532
21486,22001,17030,6117.476913
21487,22002,17031,6117.507853
21488,22003,17032,6117.537943
21489,22004,17032,6117.537943
21490,22005,17033,6117.577118
21491,22006,17034,6117.608836
21492,22007,17035,6117.628430
21493,22008,17036,6117.659849
21494,22009,17037,6117.691261
21495,22010,17037,6117.691261
21496,22011,17038,6117.723224
21497,22012,17039,6117.759500
21498,22013,17039,6117.759500
21499,22014,17040,6117.807073
21500,22015,17041,6117.838475
21501,22016,17042,6117.869320
21502,22017,17042,6117.869320
21503,22018,17043,6117.900499
21504,22019,17044,6117.932158
21505,22020,17045,6117.963744
21506,22021,17045,6117.963744
21507,22022,17046,6117.994773
21508,22023,17047,6118.026530
21509,22024,17048,6118.057915
21510,22025,17048,6118.057915
21511,22026,17049,6118.104408
21512,22027,17049,6118.104408
21513,22028,17050,6118.150753
21514,22029,17051,6118.180847
21515,22030,17052,6118.199708
21516,22031,17053,6118.243227
21517,22032,17054,6118.278283
21518,22033,17054,6118.278283
21519,22034,17055,6118.308865
21520,22035,17056,6118.343412
21521,22036,17057,6118.375096
21522,22037,17057,6118.375096
21523,22038,17058,6118.406596
21524,22039,17059,6118.436827
21525,22040,17060,6118.467827
21526,22041,17060,6118.467827
21527,22042,17061,6118.514316
21528,22043,17062,6118.543840
21529,22044,17064,6118.575690
21530,22045,17064,6118.575690
21531,22046,17064,6118.575690
21532,22047,17065,6118.637291
21533,22048,17066,6118.677223
21534,22049,17066,6118.677223
21535,22050,17067,6118.708771
21536,22051,17068,6118.739356
21537,22052,17069,6118.770925
21538,22053,17070,6118.800712
21539,22054,17070,6118.800712
21540,22055,17071,6118.844652
21541,22056,17072,6118.877386
21542,22057,17073,6118.893387
21543,22058,17074,6118.908572
21544,22059,17075,6118.946214
21545,22060,17076,6118.977011
21546,22061,17076,6118.977011
21547,22062,17076,6118.977011
21548,22063,17077,6119.039412
21549,22064,17078,6119.077092
21550,22065,17078,6119.077092
21551,22066,17079,6119.108818
21552,22067,17080,6119.139583
21553,22068,17080,6119.139583
21554,22069,17081,6119.187276
21555,22070,17083,6119.228667
21556,22071,17084,6119.244158
21557,22072,17085,6119.276102
21558,22073,17086,6119.306982
21559,22074,17086,6119.306982
21560,22075,17087,6119.344349
21561,22076,17088,6119.375493
21562,22077,17088,6119.375493
21563,22078,17089,6119.436598
21564,22079,17089,6119.436598
21565,22080,17090,6119.467879
21566,22081,17090,6119.467879
21567,22082,17091,6119.526398
21568,22083,17092,6119.557967
21569,22084,17094,6119.589527
21570,22085,17095,6119.618982
21571,22086,17095,6119.618982
21572,22087,17096,6119.650436
21573,22088,17097,6119.697364
21574,22089,17097,6119.697364
21575,22090,17098,6119.728406
21576,22091,17099,6119.759138
21577,22092,17100,6119.789838
21578,22093,17101,6119.819681
21579,22094,17102,6119.850444
21580,22095,17102,6119.850444
21581,22096,17103,6119.893681
21582,22097,17104,6119.925189
21583,22098,17105,6119.955840
21584,22099,17106,6119.987257
21585,22100,17106,6119.987257
21586,22101,17107,6120.018118
21587,22102,17108,6120.061749
21588,22103,17108,6120.061749
21589,22104,17109,6120.092856
21590,22105,17110,6120.123404
21591,22106,17111,6120.160313
21592,22107,17111,6120.160313
21593,22108,17112,6120.193382
21594,22109,17113,6120.223577
21595,22110,17114,6120.253678
21596,22111,17114,6120.253678
21597,22112,17115,6120.293086
21598,22113,17116,6120.323716
21599,22114,17117,6120.355618
21600,22115,17117,6120.355618
21601,22116,17118,6120.394613
21602,22117,17119,6120.426918
21603,22118,17120,6120.461868
21604,22119,17120,6120.461868
21605,22120,17121,6120.494982
21606,22121,17122,6120.524348
21607,22122,17123,6120.559270
21608,22123,17123,6120.559270
21609,22124,17124,6120.593895
21610,22125,17125,6120.627428
21611,22126,17126,6120.660164
21612,22127,17126,6120.660164
21613,22128,17127,6120.693237
21614,22129,17128,6120.732774
21615,22130,17129,6120.761405
21616,22131,17129,6120.761405
21617,22132,17130,6120.795931
21618,22133,17131,6120.827644
21619,22134,17131,6120.827644
21620,22135,17132,6120.862891
21621,22136,17133,6120.891753
21622,22137,17134,6120.928461
21623,22138,17135,6120.961825
21624,22139,17135,6120.961825
21625,22140,17136,6120.997675
21626,22141,17137,6121.028060
21627,22142,17137,6121.028060
21628,22143,17138,6121.077202
21629,22144,17139,6121.111684
21630,22145,17139,6121.111684
21631,22146,17140,6121.146005
21632,22147,17141,6121.163483
21633,22148,17142,6121.195261
21634,22149,17143,6121.228464
21635,22150,17144,6121.261751
21636,22151,17144,6121.261751
21637,22152,17145,6121.296731
21638,22153,17146,6121.328465
21639,22154,17146,6121.328465
21640,22155,17147,6121.362434
21641,22156,17148,6121.411823
21642,22157,17148,6121.411823
21643,22158,17149,6121.445889
21644,22159,17150,6121.477513
21645,22160,17151,6121.511804
21646,22161,17151,6121.511804
21647,22162,17153,6121.562336
21648,22163,17153,6121.562336
21649,22164,17154,6121.596634
21650,22165,17155,6121.628230
21651,22166,17156,6121.661594
21652,22167,17156,6121.661594
21653,22168,17157,6121.696730
21654,22169,17157,6121.696730
21655,22170,17158,6121.745216
21656,22171,17159,6121.778764
21657,22172,17160,6121.795070
21658,22173,17160,6121.795070
21659,22174,17161,6121.846547
21660,22175,17162,6121.877995
21661,22176,17163,6121.912684
21662,22177,17163,6121.912684
21663,22178,17165,6121.961957
21664,22179,17165,6121.961957
21665,22180,17166,6121.995091
21666,22181,17167,6122.027636
21667,22182,17168,6122.062308
21668,22183,17168,6122.062308
21669,22184,17169,6122.111901
21670,22185,17169,6122.111901
21671,22186,17171,6122.161813
21672,22187,17172,6122.178865
21673,22188,17172,6122.178865
21674,22189,17172,6122.178865
21675,22190,17173,6122.245689
21676,22191,17174,6122.278119
21677,22192,17175,6122.311980
21678,22193,17175,6122.311980
21679,22194,17176,6122.345784
21680,22195,17177,6122.376472
21681,22196,17178,6122.394785
21682,22197,17178,6122.394785
21683,22198,17179,6122.444524
21684,22199,17181,6122.491011
21685,22200,17182,6122.513811
21686,22201,17182,6122.513811
21687,22202,17183,6122.544791
21688,22203,17184,6122.575614
21689,22204,17184,6122.575614
21690,22205,17185,6122.641518
21691,22206,17186,6122.671922
21692,22207,17186,6122.671922
21693,22208,17187,6122.712116
21694,22209,17188,6122.728969
21695,22210,17188,6122.728969
21696,22211,17189,6122.780325
21697,22212,17191,6122.828600
21698,22213,17192,6122.843633
21699,22214,17193,6122.878852
21700,22215,17193,6122.878852
21701,22216,17194,6122.912121
21702,22217,17195,6122.944852
21703,22218,17196,6122.974528
21704,22219,17196,6122.974528
21705,22220,17196,6122.974528
21706,22221,17197,6123.044383
21707,22222,17198,6123.069088
21708,22223,17198,6123.069088
21709,22224,17198,6123.069088
21710,22225,17199,6123.128083
21711,22226,17200,6123.161959
21712,22227,17202,6123.195243
21713,22228,17203,6123.212034
21714,22229,17204,6123.244640
21715,22230,17204,6123.244640
21716,22231,17205,6123.278788
21717,22232,17206,6123.312049
21718,22233,17207,6123.345296
21719,22234,17208,6123.378515
21720,22235,17208,6123.378515
21721,22236,17208,6123.378515
21722,22237,17208,6123.378515
21723,22238,17209,6123.461886
21724,22239,17211,6123.511868
21725,22240,17212,6123.529524
21726,22241,17213,6123.547133
21727,22242,17214,6123.578255
21728,22243,17215,6123.612850
21729,22244,17215,6123.612850
21730,22245,17216,6123.652716
21731,22246,17217,6123.683602
21732,22247,17218,6123.713766
21733,22248,17218,6123.713766
21734,22249,17219,6123.744553
21735,22250,17220,6123.778516
21736,22251,17220,6123.778516
21737,22252,17220,6123.778516
21738,22253,17221,6123.861135
21739,22254,17223,6123.895758
21740,22255,17223,6123.895758
21741,22256,17225,6123.945143
21742,22257,17225,6123.945143
21743,22258,17226,6123.979772
21744,22259,17227,6124.012260
21745,22260,17228,6124.044993
21746,22261,17229,6124.078310
21747,22262,17229,6124.078310
21748,22263,17230,6124.111804
21749,22264,17231,6124.155908
21750,22265,17231,6124.155908
21751,22266,17232,6124.193861
21752,22267,17233,6124.220681
21753,22268,17234,6124.250718
21754,22269,17235,6124.281598
21755,22270,17235,6124.281598
21756,22271,17236,6124.315922
21757,22272,17237,6124.345395
21758,22273,17238,6124.377413
21759,22274,17239,6124.408895
21760,22275,17240,6124.440929
21761,22276,17240,6124.440929
21762,22277,17241,6124.489920
21763,22278,17242,6124.520556
21764,22279,17242,6124.520556
21765,22280,17243,6124.554495
21766,22281,17244,6124.587727
21767,22282,17245,6124.617658
21768,22283,17246,6124.648395
21769,22284,17246,6124.648395
21770,22285,17247,6124.680593
21771,22286,17248,6124.714604
21772,22287,17249,6124.745447
21773,22288,17250,6124.777843
21774,22289,17250,6124.777843
21775,22290,17251,6124.824154
21776,22291,17252,6124.857293
21777,22292,17252,6124.857293
21778,22293,17253,6124.888456
21779,22294,17254,6124.921554
21780,22295,17255,6124.951904
21781,22296,17256,6124.985506
21782,22297,17256,6124.985506
21783,22298,17257,6125.017922
21784,22299,17258,6125.051320
21785,22300,17259,6125.083019
21786,22301,17260,6125.114649
21787,22302,17260,6125.114649
21788,22303,17261,6125.162488
21789,22304,17262,6125.195603
21790,22305,17262,6125.195603
21791,22306,17263,6125.226935
21792,22307,17264,6125.257936
21793,22308,17265,6125.289328
21794,22309,17266,6125.323012
21795,22310,17267,6125.352407
21796,22311,17267,6125.352407
21797,22312,17268,6125.384282
21798,22313,17269,6125.418218
21799,22314,17270,6125.451409
21800,22315,17271,6125.480796
21801,22316,17271,6125.480796
21802,22317,17272,6125.529923
21803,22318,17273,6125.561438
21804,22319,17273,6125.561438
21805,22320,17274,6125.593190
21806,22321,17275,6125.624332
21807,22322,17276,6125.657737
21808,22323,17277,6125.689314
21809,22324,17277,6125.689314
21810,22325,17278,6125.723060
21811,22326,17279,6125.752894
21812,22327,17280,6125.784107
21813,22328,17281,6125.816754
21814,22329,17281,6125.816754
21815,22330,17282,6125.863527
21816,22331,17283,6125.896926
21817,22332,17283,6125.896926
21818,22333,17284,6125.929190
21819,22334,17285,6125.961377
21820,22335,17286,6125.992896
21821,22336,17287,6126.024443
21822,22337,17287,6126.024443
21823,22338,17288,6126.055716
21824,22339,17289,6126.089750
21825,22340,17290,6126.121491
21826,22341,17291,6126.154035
21827,22342,17291,6126.154035
21828,22343,17292,6126.201349
21829,22344,17293,6126.233965
21830,22345,17293,6126.233965
21831,22346,17294,6126.265444
21832,22347,17295,6126.297823
21833,22348,17296,6126.329211
21834,22349,17297,6126.362490
21835,22350,17297,6126.362490
21836,22351,17298,6126.391607
21837,22352,17299,6126.424189
21838,22353,17300,6126.457571
21839,22354,17301,6126.490278
21840,22355,17301,6126.490278
21841,22356,17302,6126.537527
21842,22357,17303,6126.568902
21843,22358,17304,6126.571882
21844,22359,17304,6126.571882
21845,22360,17305,6126.633611
21846,22361,17306,6126.666411
21847,22362,17307,6126.696680
21848,22363,17307,6126.696680
21849,22364,17308,6126.729485
21850,22365,17309,6126.761742
21851,22366,17310,6126.793352
21852,22367,17311,6126.825383
21853,22368,17311,6126.825383
21854,22369,17312,6126.873274
21855,22370,17313,6126.905409
21856,22371,17314,6126.908032
21857,22372,17315,6126.937590
21858,22373,17316,6126.969346
21859,22374,17316,6126.969346
21860,22375,17317,6127.034360
21861,22376,17317,6127.034360
21862,22377,17318,6127.065725
21863,22378,17319,6127.097726
21864,22379,17320,6127.129219
21865,22380,17321,6127.162369
21866,22381,17321,6127.162369
21867,22382,17322,6127.192948
21868,22383,17324,6127.243383
21869,22384,17324,6127.243383
21870,22385,17325,6127.273796
21871,22386,17326,6127.305561
21872,22387,17327,6127.336607
21873,22388,17328,6127.368376
21874,22389,17328,6127.368376
21875,22390,17328,6127.368376
21876,22391,17329,6127.436194
