timestamp,frame,x1,y1,x2,y2,confidence
0.0427,23985,624,340,682,362,53
0.0688,23986,623,343,685,361,54
0.0943,23987,628,347,686,361,60
0.1215,23988,630,342,688,356,60
0.1469,23989,630,342,688,356,60
0.1736,23990,635,341,690,355,60
0.1996,23991,633,345,693,358,63
0.2250,23992,635,346,695,358,63
0.2499,23993,638,344,696,356,63
0.2754,23994,639,344,699,358,63
0.3017,23995,639,344,699,358,63
0.3277,23996,637,347,701,360,63
0.3522,23997,637,347,701,360,63
0.3802,23998,641,345,703,357,63
0.4049,23999,641,344,705,356,63
0.4304,24000,642,346,706,358,65
0.4565,24001,644,346,708,360,65
0.4823,24002,646,344,708,358,65
0.5078,24003,646,344,708,358,65
0.5354,24004,647,345,710,359,64
0.5625,24005,647,348,711,360,64
0.5882,24006,649,346,711,358,64
0.6131,24007,650,344,713,358,63
0.6395,24008,650,344,713,358,63
0.6648,24009,652,347,714,361,63
0.6915,24010,652,347,714,361,63
0.7175,24011,654,347,716,361,61
0.7434,24012,655,345,717,359,63
0.7701,24013,656,346,718,360,63
0.7934,24014,655,348,719,362,61
0.8205,24015,655,348,719,362,61
0.8477,24016,658,347,720,361,60
0.8726,24017,658,343,720,359,62
0.8995,24018,663,343,721,361,66
0.9260,24019,664,343,722,363,68
0.9505,24020,663,340,725,362,72
0.9784,24021,663,340,725,362,72
1.0026,24022,667,340,727,363,72
1.0284,24023,664,342,730,364,70
1.0573,24024,664,342,730,364,70
1.0835,24025,670,340,732,364,72
1.1106,24026,672,338,733,362,71
1.1333,24027,670,338,735,364,70
1.1596,24028,676,339,738,365,72
1.1860,24029,676,339,738,365,72
1.2117,24030,677,337,738,363,73
1.2391,24031,675,336,739,364,73
1.2647,24032,677,336,741,364,73
1.2897,24033,677,337,741,365,74
1.3163,24034,680,335,742,363,72
1.3455,24035,680,335,742,363,72
1.3725,24036,682,336,744,364,73
1.3982,24037,682,336,744,364,73
1.4234,24038,680,336,744,366,74
1.4506,24039,683,335,746,363,72
1.4754,24040,681,333,747,363,72
1.5011,24041,685,335,747,365,73
1.5249,24042,683,335,749,365,72
1.5516,24043,683,335,749,365,72
1.5784,24044,691,333,750,363,72
1.6042,24045,696,335,750,363,70
1.6294,24046,699,338,751,362,64
1.6549,24047,700,337,755,358,51
1.6816,24048,700,337,755,358,51
1.7059,24049,707,335,759,353,54
1.7059,24049,678,336,718,370,32
1.7318,24050,705,337,763,355,55
1.7318,24050,681,338,725,373,32
1.7580,24051,705,337,763,355,55
1.7580,24051,681,338,725,373,32
1.7843,24052,710,340,767,356,65
1.8099,24053,711,338,770,356,64
1.8365,24054,711,338,773,356,66
1.8604,24055,712,339,776,357,68
1.8875,24056,712,339,776,357,68
1.9144,24057,715,341,779,357,67
1.9405,24058,719,340,781,356,67
1.9662,24059,722,342,784,358,66
1.9914,24060,724,344,786,358,67
2.0176,24061,724,344,786,358,67
2.0435,24062,728,343,788,357,66
2.0722,24063,727,343,789,357,66
2.0974,24064,727,343,789,357,66
2.1240,24065,734,344,792,358,66
2.1495,24066,732,344,792,358,66
2.1737,24067,732,344,794,358,67
2.1998,24068,737,345,796,359,65
2.2250,24069,737,345,796,359,65
2.2513,24070,737,346,798,360,64
2.2790,24071,737,346,799,358,66
2.3034,24072,738,346,800,358,66
2.3297,24073,740,346,800,359,65
2.3574,24074,740,346,800,359,65
2.3889,24075,740,346,802,360,65
2.4097,24076,741,346,803,360,65
2.4358,24077,741,346,803,360,65
2.4616,24078,742,348,804,360,65
2.4872,24079,742,348,804,360,65
2.5137,24080,743,345,806,359,66
2.5403,24081,744,346,806,360,66
2.5644,24082,744,348,806,360,63
2.5916,24083,744,348,806,360,63
2.6180,24084,748,347,808,360,65
2.6436,24085,749,347,809,360,66
2.6694,24086,750,349,810,363,60
2.6945,24087,750,349,810,363,60
2.7225,24088,750,349,810,363,59
2.7468,24089,752,346,810,360,65
2.7735,24090,751,348,811,362,62
2.7998,24091,751,348,811,362,62
2.8250,24092,749,350,811,364,39
2.8514,24093,751,347,813,361,64
2.8772,24094,751,347,813,361,64
2.9037,24095,752,351,814,365,37
2.9295,24096,752,351,814,365,37
2.9570,24097,752,350,814,364,43
2.9822,24098,756,347,816,361,65
3.0088,24099,756,348,816,362,61
3.0335,24100,755,350,817,366,35
3.0595,24101,755,350,817,366,35
3.0855,24102,756,350,818,364,56
3.1123,24103,757,349,819,363,60
3.1368,24104,757,349,819,363,60
3.1644,24105,757,350,819,364,48
3.1893,24106,758,350,820,364,43
3.2156,24107,758,348,820,362,63
3.2402,24108,759,350,821,364,56
3.2656,24109,759,350,821,364,56
3.2938,24110,759,350,821,364,56
3.3185,24111,758,350,822,364,46
3.3446,24112,761,349,822,363,57
3.3716,24113,762,351,820,365,44
3.3974,24114,762,351,820,365,44
3.4232,24115,774,345,810,379,66
3.4474,24116,778,342,810,379,71
3.4748,24117,778,342,810,379,71
3.4997,24118,768,345,814,389,74
3.5271,24119,758,349,816,399,77
3.5527,24120,750,349,818,403,75
3.5783,24121,740,352,816,404,74
3.6047,24122,732,358,812,408,67
3.6321,24123,732,358,812,408,67
3.6564,24124,725,382,785,410,54
3.6829,24125,725,382,785,410,54
3.7086,24126,698,394,764,410,67
3.7339,24127,698,394,764,410,67
3.7603,24128,686,395,756,415,68
3.7850,24129,675,396,753,416,65
3.8113,24130,664,398,750,416,59
3.8385,24131,664,398,750,416,59
3.8638,24132,655,403,725,419,64
3.8903,24133,647,407,717,422,66
3.9148,24134,641,407,711,423,66
3.9416,24135,634,403,688,431,75
3.9654,24136,634,403,688,431,75
3.9926,24137,617,404,683,432,72
4.0192,24138,602,410,682,438,68
4.0437,24139,590,417,670,439,72
4.0695,24140,590,417,670,439,72
4.0959,24141,590,417,670,439,72
4.1216,24142,569,422,641,445,75
4.1486,24143,560,424,634,446,72
4.1724,24144,560,424,634,446,72
4.2013,24145,553,424,639,446,74
4.2269,24146,546,424,636,448,74
4.2529,24147,539,424,631,450,70
4.2766,24148,533,422,627,450,72
4.3054,24149,533,422,627,450,72
4.3300,24150,527,427,619,451,64
4.3558,24151,522,432,610,454,69
4.3815,24152,517,431,607,453,69
4.4077,24153,517,431,607,453,69
4.4343,24154,513,433,601,453,69
4.4605,24155,508,437,592,455,70
4.4860,24156,505,438,591,456,71
4.5120,24157,505,438,591,456,71
4.5376,24158,500,440,574,455,70
4.5638,24159,497,440,575,456,69
4.5896,24160,494,442,566,458,69
4.6154,24161,491,444,555,458,69
4.6408,24162,491,444,555,458,69
4.6674,24163,487,442,553,458,71
4.6924,24164,484,444,552,458,70
4.7215,24165,482,445,549,459,68
4.7446,24166,479,444,545,460,69
4.7716,24167,479,444,545,460,69
4.7959,24168,476,445,543,459,69
4.8225,24169,473,445,542,461,67
4.8479,24170,473,445,542,461,67
4.8739,24171,471,446,538,461,64
4.9004,24172,468,446,538,461,63
4.9258,24173,467,446,540,462,61
4.9525,24174,464,446,550,462,52
4.9771,24175,464,446,550,462,52
5.0038,24176,462,447,533,463,48
5.0295,24177,460,446,530,462,52
5.0556,24178,457,447,531,463,46
5.0819,24179,455,449,521,465,39
5.1062,24180,455,449,521,465,39
5.1330,24181,453,447,530,463,38
5.1590,24182,452,449,521,465,57
5.1840,24183,452,449,521,465,57
5.2098,24184,449,450,519,466,66
5.2372,24185,448,450,516,466,64
5.2621,24186,446,449,513,465,58
5.2885,24187,444,447,513,466,67
5.3129,24188,444,447,513,466,67
5.3394,24189,438,449,500,466,70
5.3666,24190,431,442,510,464,50
6.0128,24215,359,446,418,464,68
6.0405,24216,352,445,417,464,70
6.0662,24217,345,446,416,464,63
6.0923,24218,338,446,419,463,52
6.1172,24219,338,446,419,463,52
6.1430,24220,332,446,417,464,32
6.1694,24221,329,446,419,464,32
8.6301,24316,236,450,281,470,70
8.6563,24317,237,446,279,478,76
8.6563,24317,253,447,315,471,33
8.6814,24318,238,442,281,482,79
8.7065,24319,237,439,276,485,78
8.7335,24320,237,439,276,485,78
8.7605,24321,236,438,276,488,76
8.7865,24322,236,437,276,491,76
8.8101,24323,236,437,270,493,76
8.8357,24324,234,439,269,495,78
8.8620,24325,234,439,269,495,78
8.8878,24326,234,439,269,495,78
8.9148,24327,232,439,261,500,76
8.9397,24328,232,439,261,500,76
8.9676,24329,232,440,262,502,76
8.9932,24330,232,439,266,503,76
9.0194,24331,231,438,272,505,76
9.0435,24332,230,437,273,507,75
9.0703,24333,230,437,273,507,75
9.0961,24334,229,438,275,508,75
9.1222,24335,228,438,272,510,73
9.1484,24336,228,434,278,510,74
9.1733,24337,228,441,271,511,74
9.1986,24338,228,441,271,511,74
9.2248,24339,228,441,268,513,72
9.2500,24340,227,438,272,514,74
9.2785,24341,227,438,272,514,74
9.3038,24342,227,438,272,514,73
9.3303,24343,226,435,273,515,74
9.3557,24344,226,440,271,516,73
9.3816,24345,226,438,270,518,71
9.4063,24346,226,438,270,518,71
9.4336,24347,225,447,266,519,68
9.4595,24348,226,443,268,519,67
9.4836,24349,225,442,270,520,70
9.5094,24350,225,441,269,521,72
9.5365,24351,225,441,269,521,72
9.5614,24352,226,446,266,522,63
9.5858,24353,230,469,255,523,68
9.6128,24354,230,469,255,523,68
9.6399,24355,230,467,252,525,57
9.6656,24356,231,467,246,527,56
9.6656,24356,244,448,270,470,42
9.6904,24357,231,470,246,530,54
9.6904,24357,238,451,271,471,39
9.7160,24358,232,471,247,533,51
9.7160,24358,232,457,268,476,49
9.7415,24359,232,471,247,533,51
9.7415,24359,232,457,268,476,49
9.7670,24360,231,474,246,532,52
9.7670,24360,232,458,267,476,50
9.7929,24361,231,471,248,531,54
9.7929,24361,232,456,263,484,41
9.8183,24362,230,475,246,529,54
9.8183,24362,232,456,262,480,35
9.8439,24363,231,482,246,530,54
9.8439,24363,233,454,262,478,40
9.8695,24364,231,482,246,530,54
9.8695,24364,233,454,262,478,40
9.8950,24365,228,482,245,528,55
9.8950,24365,233,454,258,478,34
9.9225,24366,230,481,246,529,52
9.9225,24366,233,454,255,480,31
9.9483,24367,230,481,246,529,52
9.9483,24367,233,454,255,480,31
9.9756,24368,228,484,244,528,53
10.0026,24369,231,481,244,527,47
10.0258,24370,230,485,244,525,46
10.0530,24371,231,484,244,526,46
10.0784,24372,231,484,244,526,46
10.1043,24373,231,487,244,525,43
10.1322,24374,231,488,244,524,43
10.1554,24375,231,488,244,524,43
10.1802,24376,232,486,244,523,45
10.2078,24377,232,486,244,523,45
10.2324,24378,231,492,244,524,43
10.2595,24379,231,492,244,524,43
10.2856,24380,232,478,244,522,42
10.3114,24381,231,493,243,523,36
10.3114,24381,255,536,269,562,33
10.3371,24382,231,484,244,522,38
10.3638,24383,230,475,244,523,32
10.3895,24384,230,476,244,522,33
10.4142,24385,230,476,244,522,33
10.4404,24386,229,472,244,522,34
10.4667,24387,230,477,244,522,34
10.4925,24388,230,472,244,522,35
10.5187,24389,255,536,271,564,35
10.5434,24390,255,536,271,564,35
10.5703,24391,227,478,245,522,34
10.5986,24392,226,476,247,520,44
10.6222,24393,226,476,247,520,44
10.6496,24394,254,540,273,568,55
10.6496,24394,305,535,316,565,48
10.6496,24394,225,479,245,517,40
10.6754,24395,254,544,278,566,56
10.6754,24395,304,535,317,563,50
10.6754,24395,224,483,247,517,43
10.6999,24396,254,548,284,562,43
10.6999,24396,227,488,244,522,35
10.6999,24396,232,506,243,554,30
10.7259,24397,229,506,242,554,51
10.7535,24398,229,506,242,554,51
10.7794,24399,227,522,242,556,63
10.7794,24399,229,499,246,541,39
10.7794,24399,178,526,187,562,31
10.8057,24400,225,510,243,556,57
10.8313,24401,224,512,243,558,49
10.8566,24402,226,513,246,555,44
10.8812,24403,226,513,246,555,44
10.9088,24404,225,512,245,553,32
10.9872,24407,222,515,242,548,31
11.0127,24408,256,540,290,564,49
11.0127,24408,220,517,238,546,38
11.0382,24409,257,539,285,567,46
11.0382,24409,221,526,241,550,35
11.0637,24410,264,540,283,572,41
11.4799,24426,246,496,262,518,31
11.5061,24427,246,492,262,518,53
11.5321,24428,244,489,265,517,65
11.5574,24429,243,484,263,518,68
11.5834,24430,243,484,263,518,68
11.6085,24431,241,481,263,517,73
11.6333,24432,240,478,263,517,75
11.6594,24433,240,478,263,517,75
11.6851,24434,240,478,263,517,75
11.7105,24435,238,472,263,516,77
11.7358,24436,237,470,262,516,77
11.7623,24437,237,470,262,516,77
11.7889,24438,237,468,262,516,77
11.8157,24439,236,465,262,516,78
11.8420,24440,236,464,262,516,78
11.8666,24441,236,462,263,516,79
11.8932,24442,235,460,263,516,77
11.9196,24443,235,460,263,516,77
11.9451,24444,234,459,263,516,79
11.9717,24445,234,459,263,516,79
11.9967,24446,234,457,264,516,78
12.0226,24447,233,455,265,515,79
12.0492,24448,233,453,264,515,78
12.0737,24449,233,453,264,515,78
12.0985,24450,232,451,264,512,80
12.1244,24451,232,451,264,512,80
12.1499,24452,231,450,264,512,79
12.1775,24453,231,449,263,513,80
12.2032,24454,230,448,264,512,79
12.2296,24455,230,446,264,512,79
12.2561,24456,230,446,264,512,79
12.2816,24457,230,446,263,513,79
12.3077,24458,233,446,263,510,74
12.3345,24459,233,446,263,510,74
12.3624,24460,232,444,261,494,67
12.3624,24460,239,479,269,515,32
12.3866,24461,230,440,258,492,71
12.4115,24462,230,436,260,490,75
12.4362,24463,228,434,262,490,77
12.4636,24464,228,434,262,490,77
12.4885,24465,228,434,262,490,77
12.5147,24466,229,428,264,488,76
12.5400,24467,230,425,266,487,78
12.5669,24468,231,423,268,484,77
12.5922,24469,231,423,268,484,77
12.6182,24470,232,421,269,489,77
12.6434,24471,232,420,270,490,76
12.6713,24472,232,420,270,490,76
12.6961,24473,232,418,272,490,76
12.7228,24474,232,416,272,482,75
12.7467,24475,232,414,274,484,75
12.7735,24476,232,414,274,484,75
12.7984,24477,233,412,274,480,75
12.8245,24478,232,412,275,488,76
12.8505,24479,232,410,276,484,76
12.8747,24480,232,410,276,484,76
12.8999,24481,232,408,278,483,77
12.9262,24482,232,408,278,483,77
12.9539,24483,232,408,278,484,77
12.9792,24484,232,408,278,484,77
13.0056,24485,239,412,281,464,76
13.0312,24486,241,418,288,464,72
13.0582,24487,239,418,293,454,71
13.0847,24488,238,418,298,453,63
13.1089,24489,238,418,301,462,64
13.1376,24490,238,418,301,462,64
13.1634,24491,238,416,306,456,69
13.1885,24492,236,416,309,454,70
13.2137,24493,237,414,313,448,72
13.2393,24494,237,414,316,446,73
13.2645,24495,237,414,316,446,73
13.2914,24496,237,414,316,446,73
13.3167,24497,243,412,322,438,70
13.3430,24498,243,412,322,438,70
13.3700,24499,241,412,323,441,73
13.3969,24500,245,411,325,443,71
13.4200,24501,246,411,327,437,72
13.4446,24502,247,411,328,435,72
13.4719,24503,247,411,328,435,72
13.4985,24504,248,410,330,432,73
13.5264,24505,247,410,332,432,73
13.5505,24506,248,410,333,432,72
13.5762,24507,253,411,334,429,72
13.6027,24508,254,410,336,428,72
13.6285,24509,254,410,336,428,72
13.6533,24510,255,410,336,428,71
13.6801,24511,255,410,336,428,71
13.7061,24512,254,410,338,428,72
13.7334,24513,255,409,338,427,72
13.7581,24514,258,410,340,426,71
13.7835,24515,258,409,340,426,71
13.8086,24516,258,409,340,426,71
13.8374,24517,258,409,341,425,71
13.8653,24518,258,409,342,425,71
13.8924,24519,258,409,342,425,71
13.9168,24520,261,409,343,425,70
13.9406,24521,261,409,343,425,70
13.9670,24522,260,409,344,425,71
13.9927,24523,260,409,345,425,70
14.0183,24524,260,409,345,425,70
14.0465,24525,261,408,346,424,70
14.0703,24526,261,408,346,424,70
14.0969,24527,262,408,346,424,69
14.1227,24528,265,408,348,424,70
14.1545,24529,266,408,348,424,70
14.1784,24530,266,408,348,424,70
14.2048,24531,266,408,348,424,70
14.2312,24532,267,408,350,424,70
14.2586,24533,269,408,349,424,70
14.2839,24534,280,409,348,425,67
14.3086,24535,285,407,348,429,70
14.3344,24536,285,407,348,429,70
14.3611,24537,301,404,352,432,74
14.3611,24537,275,405,323,433,32
14.3863,24538,301,404,352,432,74
14.3863,24538,275,405,323,433,32
14.4126,24539,304,403,356,435,76
14.4381,24540,304,403,361,436,76
14.4652,24541,306,405,363,437,76
14.4903,24542,308,406,366,438,74
14.5158,24543,310,407,369,439,77
14.5416,24544,310,407,369,439,77
14.5670,24545,310,407,371,441,77
14.5938,24546,302,407,373,441,78
14.6190,24547,303,408,374,442,78
14.6448,24548,303,408,374,442,78
14.6739,24549,296,405,376,443,77
14.6985,24550,299,406,378,444,77
14.7235,24551,299,406,378,444,77
14.7513,24552,300,405,380,445,76
14.7768,24553,302,406,381,446,76
14.8040,24554,303,405,383,446,75
14.8295,24555,304,404,384,446,75
14.8550,24556,305,404,384,448,76
14.8818,24557,305,404,384,448,76
14.9071,24558,304,404,386,448,78
14.9344,24559,307,404,387,449,78
14.9601,24560,308,403,387,449,79
14.9856,24561,308,404,388,450,78
15.0115,24562,308,404,388,450,78
15.0386,24563,309,403,389,451,78
15.0618,24564,310,403,390,451,79
15.0884,24565,310,403,390,451,79
15.1140,24566,310,404,391,452,78
15.1393,24567,310,404,392,452,78
15.1661,24568,311,404,393,452,76
15.1912,24569,312,406,393,453,75
15.2173,24570,312,406,393,453,75
15.2436,24571,313,406,394,454,76
15.2698,24572,313,406,395,454,75
15.2963,24573,315,406,396,454,75
15.3217,24574,315,406,396,454,75
15.3478,24575,315,406,396,454,75
15.3736,24576,316,407,397,455,74
15.3988,24577,316,407,397,455,74
15.4245,24578,316,407,397,455,74
15.4514,24579,317,407,398,455,74
15.4779,24580,318,408,398,456,74
15.5040,24581,321,410,399,456,69
15.5286,24582,319,407,399,455,72
15.5550,24583,319,407,399,455,72
15.5805,24584,348,423,402,451,69
15.6073,24585,349,424,404,451,68
15.6329,24586,351,435,408,449,59
15.6569,24587,345,431,411,449,51
15.6837,24588,347,436,416,448,42
15.7087,24589,347,436,416,448,42
15.7347,24590,348,436,418,448,44
15.7596,24591,348,436,418,448,44
15.7867,24592,349,436,422,448,51
15.8116,24593,351,436,424,448,54
15.8373,24594,356,436,427,448,54
15.8638,24595,355,435,429,449,57
15.8886,24596,355,435,429,449,57
15.9181,24597,362,436,430,448,58
15.9441,24598,360,435,432,449,59
15.9698,24599,364,436,434,448,61
15.9944,24600,369,436,436,448,61
16.0194,24601,369,436,436,448,61
16.0451,24602,369,436,437,448,64
16.0714,24603,368,436,438,448,65
16.0967,24604,368,436,438,448,65
16.1237,24605,372,436,439,448,67
16.1490,24606,372,436,440,448,66
16.1753,24607,368,436,442,448,65
16.2056,24608,371,436,443,448,65
16.2303,24609,370,436,444,448,64
16.2563,24610,370,436,444,448,64
16.2823,24611,372,436,445,448,63
16.3115,24612,374,436,446,448,63
16.3343,24613,374,436,446,448,62
16.3585,24614,374,436,447,448,61
16.3852,24615,374,436,447,448,61
16.4105,24616,371,435,448,449,61
16.4363,24617,369,435,448,449,63
16.4627,24618,369,435,448,449,63
16.4885,24619,369,435,448,449,63
16.5147,24620,372,435,450,448,63
16.5396,24621,370,435,451,449,63
16.5654,24622,370,434,452,448,64
16.5916,24623,370,434,452,448,64
16.6205,24624,371,434,452,450,63
16.6459,24625,371,434,453,450,63
16.6722,24626,372,434,453,450,63
16.6964,24627,370,434,452,452,66
16.7236,24628,370,434,452,452,66
16.7483,24629,371,434,454,450,64
16.7739,24630,370,434,454,452,64
16.7995,24631,370,434,454,452,64
16.8258,24632,371,434,454,452,67
16.8523,24633,371,434,455,453,68
16.8766,24634,371,434,455,453,68
16.9034,24635,372,434,456,452,67
16.9286,24636,372,434,456,452,67
16.9548,24637,372,434,456,453,68
16.9812,24638,372,433,457,453,68
17.0063,24639,372,434,457,454,67
17.0313,24640,372,434,458,454,66
17.0584,24641,372,434,458,454,66
17.0854,24642,373,434,458,454,68
17.1099,24643,373,434,458,454,69
17.1379,24644,373,434,458,454,69
17.1620,24645,373,433,459,454,69
17.1895,24646,373,433,460,455,69
17.2145,24647,374,433,460,454,64
17.2398,24648,373,433,461,454,65
17.2654,24649,373,433,461,454,65
17.2922,24650,373,433,461,454,65
17.3189,24651,374,433,461,455,66
17.3462,24652,373,432,461,456,68
17.3705,24653,374,432,462,456,67
17.3963,24654,374,432,462,456,70
17.4228,24655,374,432,462,456,70
17.4481,24656,376,432,463,456,69
17.4743,24657,376,432,463,456,69
17.5014,24658,376,432,463,456,69
17.5275,24659,374,432,463,456,66
17.5547,24660,376,432,463,456,65
17.5789,24661,376,432,464,456,70
17.6046,24662,376,432,464,457,71
17.6296,24663,376,432,464,457,71
17.6565,24664,378,432,464,456,67
17.6827,24665,378,432,464,456,67
17.7077,24666,376,432,464,457,67
17.7325,24667,381,432,464,452,61
17.7577,24668,381,432,464,452,61
17.7843,24669,377,432,464,456,63
17.8106,24670,377,432,464,458,72
17.8361,24671,377,432,464,458,72
17.8613,24672,375,432,464,458,73
17.8885,24673,376,432,465,458,72
17.9136,24674,378,432,465,458,70
17.9390,24675,378,432,465,458,70
17.9658,24676,377,430,466,458,72
17.9919,24677,381,430,468,456,69
18.0195,24678,381,430,469,456,67
18.0435,24679,386,430,469,452,67
18.0701,24680,386,430,469,452,67
18.0936,24681,386,430,469,452,67
18.1196,24682,385,428,470,452,72
18.1460,24683,384,428,471,452,73
18.1735,24684,384,428,471,452,73
18.1980,24685,382,428,472,454,74
18.2244,24686,384,427,472,452,74
18.2491,24687,386,427,472,451,73
18.2739,24688,384,427,472,452,74
18.3000,24689,384,427,472,452,74
18.3273,24690,385,427,473,451,74
18.3531,24691,386,426,474,450,74
18.3793,24692,385,427,473,451,75
18.4036,24693,383,427,472,454,76
18.4312,24694,383,427,472,454,76
18.4551,24695,385,427,473,453,75
18.4813,24696,385,427,473,453,75
18.5085,24697,385,426,473,453,75
18.5363,24698,386,426,474,452,75
18.5613,24699,386,425,474,453,75
18.5871,24700,388,426,474,452,76
18.6117,24701,386,425,475,453,76
18.6370,24702,386,425,475,453,76
18.6635,24703,388,425,475,453,76
18.6896,24704,388,425,475,453,76
18.7135,24705,388,425,476,453,76
18.7402,24706,388,425,476,453,76
18.7663,24707,389,425,476,453,76
18.7916,24708,390,424,476,452,74
18.8185,24709,390,424,476,452,74
18.8438,24710,389,424,477,452,74
18.8714,24711,389,425,476,453,76
18.8974,24712,390,424,477,452,75
18.9230,24713,391,425,477,453,75
18.9481,24714,391,425,477,453,75
18.9735,24715,391,424,477,454,77
18.9986,24716,391,425,476,454,76
19.0252,24717,390,425,477,453,76
19.0514,24718,391,425,476,454,76
19.0766,24719,390,425,477,455,76
19.1032,24720,390,425,477,455,76
19.1297,24721,390,425,477,455,77
19.1540,24722,390,425,477,455,77
19.1816,24723,391,425,477,455,77
19.2066,24724,391,424,478,456,76
19.2345,24725,392,424,478,456,77
19.2574,24726,391,424,478,456,77
19.2844,24727,392,425,478,455,75
19.3103,24728,392,425,478,455,75
19.3377,24729,392,425,478,455,75
19.3634,24730,394,424,478,454,75
19.3891,24731,394,424,478,456,76
19.4144,24732,394,424,479,456,77
19.4404,24733,394,424,479,456,77
19.4658,24734,393,425,478,457,78
19.4912,24735,394,424,479,456,77
19.5181,24736,394,424,479,456,77
19.5449,24737,395,424,480,456,78
19.5697,24738,396,424,479,456,77
19.5964,24739,395,424,480,456,78
19.6225,24740,398,424,480,456,77
19.6478,24741,398,424,480,456,77
19.6735,24742,397,424,480,457,78
19.6997,24743,398,424,480,456,78
19.7256,24744,398,424,480,457,78
19.7502,24745,399,424,480,456,78
19.7760,24746,399,424,480,456,78
19.8035,24747,399,424,480,456,77
19.8285,24748,400,424,480,456,78
19.8544,24749,400,424,480,456,78
19.8804,24750,401,424,480,456,78
19.9074,24751,401,423,480,457,79
19.9314,24752,403,423,481,455,78
19.9560,24753,402,422,481,456,78
19.9829,24754,402,422,481,456,78
20.0086,24755,402,422,481,456,78
20.0343,24756,403,422,482,454,77
20.0615,24757,402,422,482,456,77
20.0855,24758,404,421,482,455,77
20.1124,24759,404,421,482,455,77
20.1374,24760,404,422,482,454,76
20.1631,24761,404,421,482,453,77
20.1887,24762,404,421,482,453,77
20.2143,24763,405,421,482,453,77
20.2404,24764,405,421,482,453,77
20.2667,24765,406,421,483,453,77
20.2916,24766,406,420,483,452,78
20.3180,24767,406,420,483,452,78
20.3435,24768,406,420,483,452,77
20.3716,24769,406,420,483,452,78
20.3968,24770,406,420,484,452,78
20.4233,24771,406,420,484,452,78
20.4494,24772,406,420,484,452,78
20.4752,24773,406,420,484,452,78
20.4999,24774,406,420,484,452,78
20.5263,24775,406,420,484,452,78
20.5530,24776,407,420,484,452,78
20.5799,24777,406,420,485,452,78
20.6049,24778,407,419,485,453,78
20.6300,24779,408,419,485,453,78
20.6565,24780,408,419,485,453,78
20.6818,24781,407,420,485,452,78
20.7089,24782,407,419,485,453,78
20.7338,24783,408,419,485,453,77
20.7597,24784,408,419,485,453,77
20.7866,24785,408,419,485,453,77
20.8119,24786,410,418,485,454,78
20.8384,24787,408,419,486,453,78
20.8629,24788,408,419,486,453,78
20.8899,24789,410,418,485,453,78
20.9161,24790,410,418,486,453,78
20.9414,24791,410,419,485,454,78
20.9669,24792,411,419,486,454,77
20.9924,24793,411,419,486,454,77
21.0196,24794,411,418,486,454,78
21.0458,24795,412,418,486,454,77
21.0716,24796,412,418,486,454,79
21.0957,24797,412,418,486,454,78
21.1224,24798,412,418,486,454,78
21.1495,24799,411,418,487,454,79
21.1747,24800,413,418,487,453,78
21.2002,24801,413,418,487,453,78
21.2271,24802,413,418,487,454,78
21.2540,24803,413,418,488,453,78
21.2779,24804,413,418,488,453,78
21.3047,24805,415,418,488,454,78
21.3289,24806,415,418,488,454,78
21.3568,24807,413,418,488,454,78
21.3825,24808,413,418,488,454,79
21.4080,24809,413,418,488,454,78
21.4335,24810,413,419,488,455,78
21.4597,24811,414,419,488,455,77
21.4848,24812,414,419,488,455,77
21.5101,24813,412,420,489,456,78
21.5365,24814,412,420,489,456,78
21.5651,24815,414,420,490,458,79
21.5909,24816,414,420,490,460,78
21.6175,24817,416,420,490,460,77
21.6435,24818,417,421,490,461,77
21.6677,24819,417,421,490,461,77
21.6934,24820,417,421,490,461,77
21.7198,24821,414,422,490,462,75
21.7473,24822,416,422,491,461,74
21.7723,24823,416,422,491,461,74
21.7978,24824,415,422,491,462,74
21.8232,24825,415,422,491,462,74
21.8489,24826,414,423,490,461,74
21.8754,24827,414,422,492,460,73
21.9014,24828,414,422,492,460,73
21.9271,24829,416,423,492,460,72
21.9529,24830,414,424,491,462,72
21.9785,24831,416,423,493,460,72
22.0038,24832,416,423,493,460,72
22.0298,24833,416,423,493,460,72
22.0570,24834,417,423,494,459,72
22.0823,24835,417,423,494,459,72
22.1083,24836,418,423,494,458,72
22.1354,24837,419,423,494,458,72
22.1594,24838,419,423,494,458,72
22.1863,24839,419,423,494,457,72
22.2099,24840,419,423,494,457,72
22.2386,24841,418,424,494,456,71
22.2622,24842,418,424,494,456,71
22.2890,24843,419,424,494,454,69
22.3135,24844,418,425,494,457,67
22.3392,24845,419,425,495,457,68
22.3651,24846,419,425,495,457,68
22.3904,24847,420,426,495,458,67
22.4172,24848,419,426,496,458,65
22.4428,24849,420,425,496,457,64
22.4689,24850,420,425,496,457,64
22.4954,24851,420,425,496,457,64
22.5201,24852,421,426,497,455,59
22.5468,24853,423,426,498,452,57
22.5732,24854,423,426,498,452,57
22.5989,24855,422,426,498,454,59
22.6255,24856,422,426,498,454,59
22.6528,24857,423,426,499,453,61
22.6755,24858,423,426,499,453,61
22.7023,24859,423,426,499,453,61
22.7275,24860,424,426,500,452,58
22.7544,24861,424,426,500,452,60
22.7776,24862,423,426,500,452,61
22.8047,24863,423,426,500,452,61
22.8305,24864,423,426,500,452,61
22.8577,24865,423,427,501,451,60
22.8823,24866,423,427,501,451,60
22.9085,24867,423,427,501,451,60
22.9358,24868,425,428,502,450,58
22.9597,24869,427,428,502,450,59
22.9878,24870,433,428,502,444,58
23.0127,24871,428,428,502,448,58
23.0384,24872,428,428,502,448,58
23.0665,24873,433,428,502,444,59
23.0914,24874,426,428,502,450,58
23.1163,24875,426,428,503,448,59
23.1416,24876,428,428,503,448,58
23.1691,24877,428,428,503,448,58
23.1954,24878,435,428,503,442,57
23.2199,24879,436,427,504,441,58
23.2471,24880,436,427,504,441,58
23.2745,24881,433,428,504,442,58
23.2998,24882,434,428,504,442,57
23.3253,24883,434,428,504,442,57
23.3535,24884,433,428,505,442,57
23.3792,24885,433,428,505,442,57
23.4051,24886,434,428,505,442,58
23.4333,24887,435,428,504,442,59
23.4576,24888,436,428,504,442,62
23.4856,24889,436,428,504,442,62
23.5117,24890,434,427,505,443,62
23.5373,24891,434,427,505,443,62
23.5634,24892,435,428,505,442,61
23.5894,24893,435,428,505,442,61
23.6158,24894,432,428,506,444,61
23.6416,24895,434,428,506,442,59
23.6680,24896,436,428,506,442,59
23.6933,24897,437,428,506,442,57
23.7191,24898,438,428,506,442,59
23.7479,24899,438,428,506,442,59
23.7715,24900,442,427,507,441,63
23.7995,24901,439,428,507,442,63
23.8268,24902,435,428,508,442,62
23.8527,24903,436,428,508,442,60
23.8786,24904,437,428,508,442,59
23.9053,24905,437,428,508,442,59
23.9316,24906,436,428,508,442,58
23.9588,24907,436,428,508,442,58
23.9844,24908,427,428,508,448,58
24.0104,24909,435,427,509,443,59
24.0373,24910,436,428,510,442,58
24.0623,24911,436,428,510,442,60
24.0879,24912,435,427,510,443,59
24.1148,24913,435,427,510,443,59
24.1399,24914,433,428,510,444,60
24.1677,24915,437,428,510,442,60
24.1925,24916,436,428,511,442,60
24.2199,24917,437,428,510,442,62
24.2443,24918,437,428,510,442,62
24.2740,24919,436,427,510,442,62
24.2979,24920,438,426,510,442,64
24.3254,24921,438,426,510,442,64
24.3505,24922,438,426,510,442,64
24.3765,24923,440,426,510,442,65
24.4026,24924,436,426,511,444,65
24.4273,24925,440,427,511,443,63
24.4556,24926,436,427,512,443,63
24.4826,24927,436,427,512,443,63
24.5068,24928,437,426,512,444,63
24.5341,24929,438,426,512,444,63
24.5624,24930,437,427,512,444,63
24.5885,24931,439,427,513,444,65
24.6151,24932,439,427,513,444,65
24.6408,24933,443,427,512,443,66
24.6647,24934,448,427,514,443,66
24.6897,24935,448,427,514,443,66
24.7171,24936,446,427,513,443,66
24.7427,24937,447,427,514,443,67
24.7705,24938,446,426,514,444,67
24.7946,24939,445,427,515,443,67
24.8204,24940,448,426,514,444,68
24.8467,24941,448,426,514,444,68
24.8730,24942,448,427,515,443,67
24.8988,24943,444,427,514,445,67
24.9229,24944,449,428,514,444,66
24.9229,24944,426,429,476,451,30
24.9503,24945,449,428,514,444,66
24.9503,24945,426,429,476,451,30
24.9771,24946,451,427,514,445,69
25.0020,24947,450,427,514,445,69
25.0276,24948,450,426,514,446,70
25.0541,24949,450,426,514,446,70
25.0816,24950,452,426,515,446,69
25.1067,24951,450,425,514,445,70
25.1325,24952,451,424,515,446,71
25.1571,24953,452,424,515,446,72
25.1837,24954,452,424,515,446,72
25.2092,24955,453,425,516,446,70
25.2367,24956,452,425,516,447,72
25.2599,24957,454,426,516,446,70
25.2871,24958,454,426,516,446,70
25.3141,24959,454,426,516,447,70
25.3396,24960,457,426,516,448,73
25.3656,24961,456,424,516,448,73
25.3913,24962,456,424,516,448,73
25.4173,24963,455,424,516,448,73
25.4453,24964,456,424,516,448,74
25.4683,24965,452,424,516,448,74
25.4950,24966,454,424,518,448,75
25.5206,24967,454,424,518,448,75
25.5466,24968,456,423,518,449,76
25.5724,24969,460,422,518,449,76
25.5974,24970,458,424,520,449,75
25.6253,24971,458,424,520,449,75
25.6515,24972,459,425,520,449,76
25.6771,24973,460,424,520,450,76
25.7032,24974,458,424,520,450,76
25.7293,24975,458,424,520,450,76
25.7554,24976,458,426,520,450,76
25.7812,24977,460,426,522,450,76
25.8063,24978,460,426,522,450,77
25.8320,24979,459,426,522,450,76
25.8576,24980,459,426,522,450,76
25.8837,24981,460,426,522,450,77
25.9092,24982,462,426,523,450,77
25.9345,24983,458,426,524,450,76
25.9633,24984,458,426,524,450,76
25.9880,24985,461,426,524,450,77
26.0123,24986,460,426,524,450,77
26.0377,24987,459,426,523,450,77
26.0644,24988,459,426,523,450,77
26.0922,24989,459,426,523,450,77
26.1177,24990,461,426,523,451,77
26.1427,24991,460,426,523,452,76
26.1687,24992,458,427,524,451,75
26.1948,24993,454,426,525,452,75
26.2214,24994,454,426,525,452,75
26.2471,24995,457,426,525,452,75
26.2753,24996,461,426,526,452,75
26.2985,24997,458,427,526,452,74
26.3252,24998,458,427,526,452,74
26.3512,24999,452,428,527,452,73
26.3767,25000,455,428,526,452,73
26.4017,25001,455,428,526,452,73
26.4278,25002,456,428,527,452,73
26.4547,25003,452,428,527,452,73
26.4827,25004,452,428,527,452,73
26.5067,25005,460,428,528,452,73
26.5327,25006,454,428,528,452,72
26.5592,25007,454,428,528,452,72
26.5865,25008,458,428,529,452,73
26.6123,25009,461,428,529,452,73
26.6370,25010,470,426,530,452,74
26.6632,25011,470,426,530,452,74
26.6913,25012,466,428,530,452,73
26.7150,25013,464,428,530,452,73
26.7412,25014,470,427,530,453,74
26.7676,25015,470,427,530,453,74
26.7942,25016,468,427,530,451,74
26.8203,25017,462,426,530,450,73
26.8442,25018,460,427,531,449,72
26.8705,25019,460,427,531,449,72
26.8970,25020,460,427,531,449,72
26.9225,25021,462,431,534,449,61
26.9490,25022,464,433,535,449,62
26.9742,25023,456,429,536,449,60
26.9995,25024,456,429,536,449,60
27.0262,25025,463,434,537,448,56
27.0512,25026,463,434,538,448,49
27.0771,25027,464,434,538,448,48
27.1037,25028,464,434,538,448,48
27.1282,25029,465,434,538,448,47
27.1555,25030,462,434,538,448,45
27.1798,25031,464,434,539,448,44
27.2079,25032,465,435,540,447,41
27.2338,25033,465,435,540,447,41
27.2577,25034,467,436,540,448,39
27.2862,25035,467,436,540,448,39
27.3142,25036,460,434,540,448,50
27.3404,25037,460,434,540,448,50
27.3661,25038,469,436,541,448,48
27.3914,25039,467,436,541,448,47
27.4177,25040,470,436,541,448,40
27.4435,25041,470,436,541,448,40
27.4696,25042,474,436,542,448,35
27.4982,25043,472,436,542,447,39
27.5227,25044,466,436,542,447,39
27.5464,25045,468,436,543,447,36
27.5742,25046,469,436,544,447,36
27.5986,25047,469,436,544,447,36
27.6248,25048,470,436,544,447,34
27.6515,25049,466,435,544,447,34
27.6767,25050,466,435,544,447,34
27.7063,25051,466,435,544,447,34
27.7305,25052,470,436,544,447,36
27.7559,25053,471,435,545,447,43
27.7802,25054,468,436,544,447,51
27.8055,25055,468,436,544,447,51
27.8323,25056,465,436,544,448,55
27.8569,25057,466,436,545,448,52
27.8832,25058,467,436,546,448,47
27.9100,25059,474,435,546,447,52
27.9366,25060,474,435,546,447,52
27.9624,25061,469,435,547,447,54
27.9882,25062,473,434,548,448,61
28.0145,25063,468,434,548,448,62
28.0393,25064,468,434,548,448,62
28.0660,25065,476,434,549,448,63
28.0914,25066,474,434,548,448,63
28.1188,25067,468,433,550,449,65
28.1438,25068,468,433,550,449,65
28.1711,25069,466,433,550,449,65
28.1959,25070,468,434,550,448,65
28.2214,25071,470,433,550,449,64
28.2459,25072,471,433,550,449,64
28.2737,25073,471,433,550,449,64
28.2983,25074,473,433,550,449,66
28.3255,25075,472,433,551,449,65
28.3498,25076,474,433,552,449,65
28.3803,25077,474,433,552,449,65
28.4038,25078,472,433,552,449,66
28.4305,25079,475,433,552,449,65
28.4555,25080,473,433,552,449,66
28.4822,25081,473,433,552,449,66
28.5088,25082,474,433,552,449,65
28.5364,25083,475,432,553,450,65
28.5631,25084,473,432,553,450,65
28.5894,25085,475,432,553,450,66
28.6141,25086,474,432,553,450,66
28.6415,25087,474,432,553,450,66
28.6679,25088,473,432,554,450,65
28.6946,25089,474,432,554,450,68
28.7197,25090,474,432,554,450,68
28.7467,25091,472,432,554,450,66
28.7714,25092,473,432,554,450,68
28.7989,25093,477,432,555,450,65
28.8243,25094,476,432,554,450,64
28.8512,25095,476,432,554,450,64
28.8784,25096,472,431,554,449,65
28.9053,25097,487,429,553,449,65
28.9296,25098,478,428,554,450,71
28.9559,25099,481,428,554,450,72
28.9811,25100,486,427,554,452,72
29.0075,25101,486,427,554,452,72
29.0341,25102,489,427,555,453,73
29.0586,25103,489,427,555,453,73
29.0846,25104,491,427,555,453,74
29.1125,25105,493,426,555,452,75
29.1375,25106,484,425,556,451,74
29.1632,25107,484,424,556,452,74
29.1886,25108,484,424,558,452,74
29.2147,25109,484,424,558,452,74
29.2398,25110,482,423,558,453,74
29.2669,25111,486,423,558,453,74
29.2923,25112,486,423,558,453,74
29.3187,25113,485,422,559,453,74
29.3437,25114,485,422,559,453,74
29.3716,25115,487,422,559,454,74
29.3959,25116,486,421,560,453,74
29.4225,25117,486,421,560,453,74
29.4490,25118,488,421,560,453,74
29.4740,25119,491,421,559,453,74
29.4994,25120,486,420,560,452,74
29.5258,25121,493,420,561,453,75
29.5512,25122,493,420,561,453,75
29.5774,25123,495,420,561,452,75
29.6033,25124,496,419,561,453,75
29.6302,25125,496,419,562,453,75
29.6552,25126,496,419,562,453,75
29.6812,25127,494,419,562,453,76
29.7073,25128,494,419,562,453,76
29.7326,25129,497,420,562,452,76
29.7588,25130,497,420,562,452,76
29.7867,25131,496,419,562,453,76
29.8122,25132,496,419,562,453,76
29.8366,25133,497,419,563,453,76
29.8632,25134,495,419,563,453,76
29.8876,25135,495,419,563,453,76
29.9136,25136,501,419,563,453,76
29.9404,25137,497,418,563,454,75
29.9657,25138,497,419,563,453,75
29.9897,25139,496,418,563,454,75
30.0162,25140,496,418,563,454,75
30.0428,25141,502,418,564,452,76
30.0684,25142,499,418,563,453,75
30.0944,25143,499,418,563,453,75
30.1212,25144,499,418,563,453,75
30.1471,25145,493,418,563,454,75
30.1727,25146,493,418,563,454,75
30.1979,25147,497,418,563,454,75
30.2246,25148,497,418,563,454,75
30.2525,25149,494,418,564,454,75
30.2777,25150,490,418,564,454,76
30.3037,25151,487,418,563,456,77
30.3285,25152,486,418,564,456,77
30.3543,25153,486,418,564,456,77
30.3800,25154,488,417,564,455,75
30.4058,25155,493,416,565,456,76
30.4315,25156,493,416,565,456,76
30.4567,25157,490,415,565,457,76
30.4822,25158,493,414,565,456,76
30.5080,25159,497,414,565,455,76
30.5345,25160,496,414,565,456,77
30.5596,25161,496,414,565,456,77
30.5873,25162,497,414,566,456,76
30.6140,25163,500,413,566,455,76
30.6391,25164,500,413,566,455,76
30.6645,25165,501,413,566,455,76
30.6896,25166,499,413,566,455,76
30.7165,25167,499,413,566,455,76
30.7415,25168,498,412,567,456,77
30.7688,25169,498,412,567,456,77
30.7937,25170,498,412,566,456,77
30.8201,25171,501,412,567,456,77
30.8473,25172,499,412,567,456,77
30.8721,25173,499,412,567,456,77
30.8963,25174,499,412,567,456,77
30.9239,25175,498,413,566,457,77
30.9495,25176,498,413,568,458,79
30.9752,25177,502,413,568,459,79
31.0012,25178,503,413,568,459,79
31.0252,25179,498,412,570,460,80
31.0522,25180,498,412,570,460,80
31.0772,25181,497,411,569,461,81
31.1041,25182,497,411,569,461,81
31.1315,25183,496,412,570,460,80
31.1555,25184,496,411,570,459,80
31.1813,25185,495,411,571,460,80
31.2074,25186,496,410,571,460,80
31.2333,25187,496,410,571,460,80
31.2584,25188,495,410,571,460,80
31.2854,25189,495,410,571,460,80
31.3092,25190,496,410,572,460,80
31.3363,25191,493,410,572,460,80
31.3613,25192,493,410,572,460,80
31.3883,25193,495,410,572,460,80
31.4147,25194,496,409,573,459,80
31.4400,25195,497,409,573,459,80
31.4668,25196,497,409,573,459,80
31.4918,25197,497,409,574,459,80
31.5183,25198,498,409,574,458,80
31.5451,25199,498,408,574,458,80
31.5698,25200,498,408,574,458,80
31.5963,25201,499,408,575,456,80
31.6237,25202,499,408,575,457,80
31.6471,25203,499,407,575,457,80
31.6772,25204,499,407,575,457,80
31.7033,25205,499,407,575,457,80
31.7283,25206,500,408,575,456,80
31.7539,25207,500,407,576,457,80
31.7787,25208,501,408,575,456,80
31.8042,25209,501,408,575,456,80
31.8297,25210,500,407,576,457,80
31.8565,25211,502,408,576,456,80
31.8812,25212,501,407,576,457,80
31.9069,25213,502,407,576,457,80
31.9357,25214,502,407,576,457,80
31.9620,25215,502,406,577,456,80
31.9878,25216,502,406,576,456,80
32.0125,25217,504,406,576,456,79
32.0395,25218,503,406,577,456,80
32.0653,25219,503,406,577,456,80
32.0898,25220,503,406,577,456,80
32.1152,25221,502,406,576,458,80
32.1430,25222,502,406,576,458,80
32.1687,25223,504,406,576,456,79
32.1970,25224,503,406,576,458,79
32.2224,25225,504,405,577,457,78
32.2484,25226,505,405,576,457,78
32.2752,25227,505,405,576,457,78
32.2995,25228,504,405,576,459,79
32.3255,25229,505,404,577,456,77
32.3532,25230,509,403,576,455,77
32.3764,25231,517,402,577,454,76
32.4032,25232,517,402,577,454,76
32.4279,25233,520,402,576,454,76
32.4546,25234,517,401,577,455,76
32.4798,25235,517,401,577,455,76
32.5059,25236,517,401,577,455,76
32.5314,25237,522,401,576,453,77
32.5575,25238,523,401,577,453,78
32.5835,25239,529,400,577,452,78
32.6105,25240,529,400,577,452,78
32.6364,25241,528,400,578,452,78
32.6625,25242,528,400,577,452,78
32.6896,25243,528,400,578,452,78
32.7162,25244,528,399,578,453,78
32.7414,25245,522,400,578,454,78
32.7676,25246,522,400,578,454,78
32.7926,25247,530,400,578,452,78
32.8200,25248,527,399,579,453,78
32.8464,25249,527,399,579,453,78
32.8735,25250,528,399,578,453,78
32.8999,25251,522,400,578,454,78
32.9245,25252,524,399,578,454,79
32.9500,25253,522,399,578,454,78
32.9774,25254,522,399,578,454,78
33.0030,25255,522,399,578,454,78
33.0282,25256,526,399,578,454,77
33.0554,25257,521,399,579,455,78
33.0799,25258,525,398,579,454,78
33.1060,25259,525,398,579,454,78
33.1344,25260,529,398,579,454,78
33.1584,25261,523,398,579,454,78
33.1847,25262,523,398,579,454,78
33.2114,25263,527,398,579,454,77
33.2375,25264,529,398,579,454,77
33.2632,25265,529,399,579,453,77
33.2882,25266,532,398,580,453,78
33.3136,25267,532,398,580,453,78
33.3392,25268,526,398,580,454,77
33.3677,25269,525,398,579,454,78
33.3919,25270,527,398,579,454,77
33.4172,25271,522,398,580,454,78
33.4433,25272,522,398,580,454,78
33.4695,25273,522,398,580,454,78
33.4946,25274,524,398,580,454,77
33.5223,25275,524,398,580,454,77
33.5496,25276,520,398,580,455,78
33.5747,25277,527,398,579,454,78
33.6023,25278,525,398,579,454,77
33.6276,25279,514,397,578,457,77
33.6526,25280,515,396,577,456,77
33.6803,25281,515,396,577,456,77
33.7056,25282,519,396,575,454,75
33.7315,25283,527,396,575,452,75
33.7582,25284,526,396,576,452,75
33.7841,25285,531,396,575,452,74
33.8084,25286,531,396,575,452,74
33.8351,25287,533,395,575,453,75
33.8599,25288,538,394,574,452,74
33.8877,25289,538,394,574,452,74
33.9129,25290,538,394,574,452,75
33.9386,25291,530,394,574,454,76
33.9635,25292,536,394,574,453,75
33.9895,25293,536,394,574,453,74
34.0156,25294,536,394,574,453,74
34.0398,25295,538,394,574,452,73
34.0667,25296,536,394,574,454,73
34.0925,25297,535,393,573,453,73
34.1171,25298,532,393,574,454,73
34.1445,25299,532,393,574,454,73
34.1695,25300,538,392,574,452,72
34.1955,25301,528,392,574,454,73
34.2220,25302,528,392,574,454,73
34.2477,25303,534,392,574,454,72
34.2748,25304,538,391,574,453,73
34.3004,25305,540,390,574,452,72
34.3243,25306,536,390,574,454,73
34.3515,25307,536,390,574,454,73
34.3771,25308,537,390,575,454,72
34.4032,25309,538,391,574,453,72
34.4286,25310,543,390,575,452,73
34.4539,25311,543,390,575,452,72
34.4786,25312,543,390,575,452,72
34.5053,25313,543,390,575,452,72
34.5325,25314,546,390,576,450,74
34.5576,25315,546,390,576,450,74
34.5830,25316,540,392,578,454,72
34.6103,25317,537,394,581,456,72
34.6343,25318,544,395,584,453,74
34.6615,25319,544,396,586,448,73
34.6875,25320,544,396,586,448,73
34.7136,25321,543,396,588,441,73
34.7393,25322,542,396,590,438,71
34.7642,25323,541,396,593,438,71
34.7900,25324,541,396,595,436,71
34.8157,25325,541,396,595,436,71
34.8411,25326,541,396,597,432,72
34.8677,25327,540,395,598,435,72
34.8933,25328,540,395,598,435,72
34.9190,25329,540,394,599,436,74
34.9455,25330,540,394,600,434,75
34.9712,25331,538,394,602,438,75
34.9966,25332,538,394,602,438,76
35.0233,25333,538,394,602,438,76
35.0498,25334,538,394,604,436,76
35.0763,25335,537,394,605,436,74
35.1013,25336,537,394,606,436,72
35.1264,25337,537,394,607,433,73
35.1533,25338,537,394,607,433,73
35.1786,25339,536,394,608,434,74
35.2056,25340,540,393,608,427,72
35.2304,25341,540,393,608,427,72
35.2577,25342,536,394,609,432,74
35.2824,25343,536,393,610,434,74
35.3077,25344,536,393,610,432,74
35.3324,25345,536,393,611,433,74
35.3596,25346,536,393,611,433,74
35.3849,25347,536,393,611,432,75
35.4115,25348,536,393,612,432,75
35.4381,25349,535,393,613,433,77
35.4615,25350,535,392,613,432,75
35.4885,25351,535,392,613,432,75
35.5136,25352,534,392,614,432,75
35.5394,25353,533,393,613,433,76
35.5677,25354,533,393,613,433,76
35.5935,25355,534,392,614,430,74
35.6184,25356,533,393,615,431,74
35.6463,25357,532,393,614,431,75
35.6715,25358,532,393,614,431,75
35.6971,25359,532,393,614,431,75
35.7241,25360,536,392,616,426,72
35.7515,25361,536,392,616,425,73
35.7770,25362,536,392,616,425,73
35.8036,25363,538,392,618,422,73
35.8271,25364,538,392,618,422,73
35.8542,25365,537,392,617,423,73
35.8792,25366,536,392,618,422,73
35.9035,25367,536,392,618,422,73
35.9299,25368,548,392,618,418,73
35.9552,25369,547,393,618,419,74
35.9821,25370,555,392,619,418,74
36.0077,25371,541,393,619,419,73
36.0328,25372,537,393,619,420,73
36.0599,25373,537,393,619,420,73
36.0876,25374,537,393,619,420,73
36.1135,25375,541,393,621,419,72
36.1367,25376,540,393,620,421,70
36.1624,25377,544,393,622,417,71
36.1884,25378,544,393,622,417,71
36.2144,25379,543,394,621,418,71
36.2394,25380,543,394,621,418,71
36.2667,25381,546,393,622,417,71
36.2911,25382,548,393,622,417,71
36.3174,25383,546,394,622,417,69
36.3427,25384,546,394,623,417,70
36.3686,25385,546,394,623,417,70
36.3953,25386,548,394,624,416,68
36.4222,25387,548,394,624,416,69
36.4478,25388,552,394,624,414,69
36.4717,25389,552,394,624,414,69
36.4983,25390,553,394,624,414,68
36.5241,25391,553,394,624,414,68
36.5484,25392,556,396,624,412,65
36.5755,25393,556,396,624,412,65
36.6028,25394,548,396,624,414,64
36.6288,25395,550,396,624,412,65
36.6527,25396,553,396,625,412,65
36.6795,25397,546,396,626,414,66
36.7043,25398,546,396,626,414,66
36.7304,25399,546,396,626,414,66
36.7575,25400,548,395,626,413,64
36.7823,25401,555,396,627,410,61
36.8076,25402,556,396,627,410,61
36.8344,25403,556,396,628,410,61
36.8584,25404,556,396,628,410,61
36.8855,25405,556,396,628,410,61
36.9096,25406,558,396,628,410,60
36.9371,25407,558,396,628,410,60
36.9635,25408,557,396,629,410,59
36.9886,25409,556,396,628,410,61
37.0132,25410,558,397,629,410,60
37.0400,25411,558,397,629,410,60
37.0672,25412,555,397,629,411,57
37.0934,25413,557,397,629,410,59
37.1183,25414,556,397,630,411,57
37.1439,25415,559,398,629,410,58
37.1704,25416,559,398,629,410,58
37.1956,25417,557,398,630,410,59
37.2212,25418,556,398,630,410,54
37.2472,25419,562,398,630,410,55
37.2732,25420,562,398,630,410,55
37.2997,25421,562,398,630,410,55
37.3249,25422,560,398,630,410,52
37.3523,25423,560,398,630,410,50
37.3759,25424,560,398,630,410,50
37.4020,25425,563,398,630,410,50
37.4284,25426,563,398,631,410,48
37.4546,25427,562,398,630,410,50
37.4788,25428,567,399,631,409,47
37.5052,25429,567,399,631,409,47
37.5312,25430,562,398,630,410,43
37.5572,25431,546,400,631,412,41
37.5824,25432,544,400,631,412,41
37.6087,25433,544,400,631,412,41
37.6344,25434,545,400,631,412,45
37.6604,25435,545,400,631,412,40
37.6853,25436,562,398,632,410,41
37.7119,25437,562,398,632,410,41
37.7369,25438,556,399,632,411,44
37.7635,25439,557,400,633,410,44
37.7882,25440,556,399,632,411,45
37.8144,25441,558,399,632,411,46
37.8399,25442,558,399,632,411,46
37.8675,25443,563,399,632,411,52
37.8937,25444,565,399,632,411,58
37.9198,25445,566,398,632,412,60
37.9449,25446,566,398,632,412,60
37.9713,25447,569,399,633,413,62
37.9970,25448,568,399,634,413,64
38.0234,25449,569,399,635,414,63
38.0489,25450,569,399,635,414,63
38.0748,25451,566,398,636,414,63
38.1004,25452,566,399,636,415,64
38.1258,25453,571,399,637,415,64
38.1522,25454,568,399,638,415,64
38.1767,25455,569,399,638,415,65
38.2038,25456,569,399,638,415,65
38.2297,25457,568,399,638,416,64
38.2558,25458,567,399,639,416,64
38.2823,25459,567,399,639,416,64
38.3087,25460,567,399,639,417,64
38.3359,25461,565,399,639,417,64
38.3596,25462,569,399,640,417,64
38.3865,25463,566,399,640,417,64
38.4117,25464,566,399,640,417,64
38.4374,25465,568,399,640,417,64
38.4635,25466,569,400,641,418,64
38.4883,25467,565,400,641,418,64
38.5166,25468,569,399,641,417,65
38.5411,25469,569,399,641,417,65
38.5675,25470,569,399,641,418,67
38.5927,25471,570,399,642,418,68
38.6176,25472,570,400,642,418,68
38.6445,25473,570,400,642,418,68
38.6702,25474,571,400,641,418,69
38.6954,25475,572,400,642,418,70
38.7203,25476,572,400,642,418,70
38.7464,25477,568,399,642,419,71
38.7732,25478,570,399,642,419,70
38.7973,25479,573,399,642,419,71
38.8236,25480,573,399,642,419,70
38.8553,25481,573,399,642,419,70
38.8796,25482,571,399,642,419,70
38.9050,25483,574,398,642,420,70
38.9291,25484,568,398,642,420,69
38.9545,25485,568,399,643,419,71
38.9799,25486,568,399,643,419,71
39.0054,25487,569,400,643,420,71
39.0320,25488,568,400,644,420,71
39.0575,25489,568,400,644,420,71
39.0835,25490,570,400,644,420,71
39.1091,25491,570,400,644,420,71
39.1403,25492,574,400,644,420,71
39.1655,25493,570,400,644,420,73
39.1912,25494,575,400,645,420,72
39.2159,25495,575,400,645,420,72
39.2415,25496,575,400,645,420,72
39.2669,25497,573,400,645,420,72
39.2916,25498,578,400,646,420,71
39.3178,25499,578,400,646,420,71
39.3438,25500,572,400,646,421,72
39.3693,25501,570,401,646,421,72
39.3948,25502,572,401,646,421,72
39.4215,25503,572,401,646,421,72
39.4485,25504,572,401,646,421,73
39.4755,25505,568,400,646,421,73
39.5019,25506,571,401,647,421,73
39.5254,25507,569,401,647,421,72
39.5513,25508,569,401,647,421,72
39.5797,25509,568,400,646,421,72
39.6044,25510,570,400,646,422,73
39.6286,25511,572,400,646,422,72
39.6547,25512,572,400,646,422,72
39.6813,25513,572,400,646,422,72
39.7049,25514,574,400,646,422,72
39.7311,25515,576,399,646,423,70
39.7573,25516,576,399,646,423,70
39.7849,25517,570,399,646,423,72
39.8093,25518,576,399,647,423,72
39.8353,25519,568,398,648,424,73
39.8605,25520,574,398,648,424,73
39.8874,25521,574,398,648,424,73
39.9132,25522,574,399,648,425,73
39.9383,25523,576,399,648,425,73
39.9627,25524,569,399,649,425,74
39.9901,25525,569,399,649,425,74
40.0181,25526,569,398,649,426,73
40.0401,25527,572,398,650,426,73
40.0677,25528,572,398,650,426,73
40.0926,25529,572,398,650,426,73
40.1204,25530,567,398,649,426,73
40.1448,25531,569,399,650,426,73
40.1698,25532,570,400,650,426,73
40.1954,25533,569,399,651,426,73
40.2223,25534,569,399,651,426,73
40.2489,25535,570,399,650,427,73
40.2742,25536,570,400,650,426,73
40.2998,25537,570,399,650,427,73
40.3252,25538,572,399,651,427,73
40.3515,25539,572,399,651,427,73
40.3767,25540,570,399,651,427,73
40.4025,25541,573,400,651,426,73
40.4305,25542,573,400,651,426,73
40.4560,25543,571,399,651,427,73
40.4816,25544,571,399,651,427,73
40.5062,25545,568,399,651,427,73
40.5323,25546,576,399,652,427,73
40.5586,25547,576,399,652,427,73
40.5848,25548,573,399,651,427,73
40.6097,25549,570,399,652,427,73
40.6358,25550,589,400,653,428,73
40.6604,25551,576,398,652,428,74
40.6864,25552,576,398,652,428,74
40.7122,25553,576,398,652,428,73
40.7377,25554,576,398,652,428,73
40.7628,25555,588,400,652,428,73
40.7895,25556,578,398,652,428,73
40.8171,25557,576,399,652,427,73
40.8425,25558,574,398,652,428,74
40.8676,25559,574,398,652,428,74
40.8935,25560,574,398,652,428,74
40.9205,25561,597,398,653,424,70
40.9469,25562,596,399,654,423,69
40.9719,25563,601,400,655,424,72
40.9974,25564,602,401,656,425,74
41.0234,25565,602,401,656,425,74
41.0497,25566,602,400,656,426,75
41.0776,25567,600,399,657,427,75
41.1016,25568,600,399,657,427,75
41.1277,25569,600,398,658,428,75
41.1537,25570,601,398,658,430,76
41.1812,25571,602,397,658,431,77
41.2045,25572,602,397,658,431,76
41.2305,25573,602,397,658,431,76
41.2564,25574,601,396,659,431,77
41.2827,25575,601,396,659,431,77
41.3076,25576,603,394,660,432,76
41.3344,25577,605,394,661,432,77
41.3598,25578,605,394,661,432,77
41.3862,25579,607,393,661,431,77
41.4115,25580,604,393,662,431,76
41.4386,25581,604,393,662,431,76
41.4646,25582,608,392,662,430,77
41.4897,25583,605,390,663,430,77
41.5159,25584,607,391,663,429,76
41.5411,25585,607,390,663,429,77
41.5669,25586,607,390,663,429,77
41.5940,25587,605,389,663,429,77
41.6198,25588,610,388,664,428,77
41.6455,25589,610,388,664,428,76
41.6704,25590,610,388,664,428,76
41.6976,25591,610,388,664,428,76
41.7227,25592,611,387,665,427,77
41.7486,25593,611,387,665,428,77
41.7745,25594,611,387,665,428,77
41.8016,25595,611,387,666,427,77
41.8250,25596,605,386,666,428,77
41.8520,25597,608,385,667,427,77
41.8761,25598,606,386,666,427,77
41.9033,25599,606,386,666,427,77
41.9287,25600,609,386,667,426,76
41.9545,25601,606,385,668,427,76
41.9803,25602,607,385,667,427,77
42.0060,25603,606,386,668,426,76
42.0317,25604,606,386,668,426,76
42.0578,25605,610,385,668,426,75
42.0831,25606,605,382,666,426,74
42.1113,25607,605,382,666,426,74
42.1355,25608,615,380,663,424,73
42.1619,25609,620,378,659,424,71
42.1884,25610,626,377,656,424,68
42.2136,25611,630,376,654,426,61
42.2391,25612,630,376,654,426,61
42.2664,25613,632,375,653,427,57
42.2926,25614,634,374,654,428,57
42.3188,25615,637,372,655,428,61
42.3436,25616,635,371,655,427,65
42.3698,25617,635,371,655,427,65
42.3943,25618,635,370,657,428,69
42.4206,25619,634,368,658,428,72
42.4457,25620,634,368,658,428,72
42.4727,25621,633,366,658,428,72
42.4963,25622,634,366,658,426,72
42.5225,25623,632,365,658,425,74
42.5479,25624,632,364,658,426,74
42.5734,25625,632,364,658,426,74
42.5996,25626,632,363,658,425,74
42.6258,25627,631,363,657,425,74
42.6512,25628,630,362,658,423,75
42.6756,25629,630,362,658,422,75
42.7016,25630,630,362,658,422,75
42.7287,25631,630,362,658,420,75
42.7528,25632,629,360,657,420,75
42.7817,25633,629,360,657,420,75
42.8072,25634,629,360,657,418,74
42.8356,25635,627,360,657,416,73
42.8582,25636,621,364,653,416,73
42.8853,25637,616,372,656,408,76
42.9102,25638,616,372,656,408,76
42.9379,25639,610,374,658,406,70
42.9637,25640,604,376,660,392,62
42.9889,25641,599,376,661,390,60
43.0144,25642,594,376,663,392,63
43.0400,25643,594,376,663,392,63
43.0653,25644,590,373,649,394,70
43.0914,25645,585,369,641,395,76
43.1164,25646,585,369,641,395,76
43.1429,25647,578,366,644,394,74
43.1696,25648,570,368,644,396,74
43.1943,25649,563,367,647,399,73
43.2200,25650,557,374,636,403,71
43.2464,25651,557,374,636,403,71
43.2727,25652,551,375,633,405,73
43.2991,25653,546,376,630,406,73
43.3234,25654,541,377,627,407,72
43.3496,25655,537,376,625,408,75
43.3768,25656,537,376,625,408,75
43.4013,25657,532,376,622,410,76
43.4260,25658,528,377,620,411,75
43.4527,25659,528,377,620,411,75
43.4792,25660,525,376,619,412,75
43.5049,25661,522,378,614,414,75
43.5317,25662,518,378,610,414,76
43.5559,25663,515,379,607,415,75
43.5812,25664,515,379,607,415,75
43.6090,25665,512,380,604,416,75
43.6361,25666,509,382,599,418,74
43.6605,25667,506,386,594,418,73
43.6876,25668,504,384,594,420,73
43.7128,25669,504,384,594,420,73
43.7392,25670,500,385,591,420,71
43.7635,25671,496,383,590,421,69
43.7890,25672,496,383,590,421,69
43.8166,25673,495,385,587,422,71
43.8423,25674,493,388,585,422,69
43.8675,25675,491,387,584,423,71
43.8934,25676,488,388,580,424,68
43.9186,25677,488,388,580,424,68
43.9467,25678,485,400,551,424,70
43.9719,25679,483,395,562,425,67
43.9980,25680,481,391,573,425,66
44.0226,25681,479,390,573,426,69
44.0486,25682,479,390,573,426,69
44.0744,25683,478,390,572,426,70
44.1020,25684,479,404,530,434,76
44.1275,25685,479,404,530,434,76
44.1538,25686,473,400,526,438,80
44.1791,25687,465,398,528,438,78
44.2051,25688,458,397,528,443,77
44.2312,25689,451,406,521,449,77
44.2563,25690,451,406,521,449,77
44.2838,25691,442,410,510,450,77
44.3098,25692,433,409,502,452,77
44.3372,25693,425,413,499,454,70
44.3632,25694,418,420,495,456,71
44.3880,25695,418,420,495,456,71
44.4137,25696,412,427,494,457,72
44.4400,25697,406,426,494,458,75
44.4672,25698,400,430,493,460,76
44.4920,25699,400,430,493,460,76
44.5191,25700,396,433,491,461,76
44.5442,25701,391,441,478,463,75
44.5699,25702,387,445,469,465,72
44.5951,25703,383,445,468,466,69
44.6212,25704,383,445,468,466,69
44.6473,25705,379,447,460,467,71
44.6726,25706,375,448,457,468,72
44.6985,25707,372,449,454,469,73
44.7243,25708,368,450,453,470,73
44.7492,25709,368,450,453,470,73
44.7764,25710,365,450,449,470,74
44.8018,25711,365,450,449,470,74
44.8284,25712,363,451,439,471,75
44.8546,25713,360,452,436,472,76
44.8802,25714,360,452,436,472,76
44.9053,25715,354,453,433,473,74
44.9301,25716,352,454,432,474,71
44.9565,25717,352,454,432,474,71
44.9829,25718,349,455,425,475,72
45.0084,25719,348,452,415,474,71
45.0348,25720,341,452,410,474,70
45.0586,25721,333,460,400,474,64
45.0586,25721,376,448,416,474,39
45.0859,25722,333,460,400,474,64
45.0859,25722,376,448,416,474,39
45.1104,25723,325,461,393,475,68
45.1376,25724,325,461,393,475,68
45.1626,25725,318,460,394,476,70
45.1885,25726,313,460,389,476,70
45.2149,25727,306,461,389,477,69
45.2411,25728,301,461,390,478,70
45.2655,25729,301,461,390,478,70
45.2922,25730,301,461,390,478,70
45.3180,25731,292,461,385,479,67
45.3435,25732,288,461,380,479,55
45.3692,25733,286,462,378,480,59
45.3936,25734,280,465,371,481,56
45.4205,25735,280,465,371,481,56
45.4466,25736,277,465,368,481,60
45.4734,25737,277,465,368,481,60
45.5003,25738,273,467,358,481,59
45.5252,25739,270,466,358,482,61
45.5529,25740,267,466,355,482,63
45.5795,25741,264,467,354,483,65
45.6036,25742,261,466,353,484,68
45.6302,25743,261,466,353,484,68
45.6556,25744,258,466,350,484,66
45.6815,25745,258,466,350,484,66
45.7065,25746,254,466,347,484,67
45.7312,25747,252,467,346,484,67
45.7575,25748,252,467,346,484,67
45.7843,25749,249,470,340,484,64
45.8101,25750,246,470,338,484,65
45.8361,25751,246,470,338,484,65
45.8634,25752,245,470,335,485,65
45.8883,25753,242,471,330,485,63
45.9135,25754,240,473,313,485,60
45.9385,25755,238,474,304,486,58
45.9645,25756,238,474,304,486,58
45.9897,25757,237,474,300,485,57
46.0165,25758,235,474,298,486,61
46.0415,25759,233,474,293,486,53
46.0681,25760,233,474,293,486,53
46.0923,25761,233,474,293,486,53
46.1200,25762,230,475,291,485,46
46.1442,25763,228,476,285,486,37
46.1711,25764,228,476,285,486,37
46.1969,25765,226,476,286,486,46
46.2228,25766,225,476,282,486,34
46.2480,25767,224,476,281,486,32
46.2727,25768,224,476,281,486,32
46.5356,25778,215,472,274,486,61
46.5616,25779,219,465,261,489,74
46.5616,25779,230,472,303,488,30
46.5865,25780,223,458,256,494,75
46.5865,25780,248,468,295,490,35
46.6119,25781,225,455,254,499,76
46.6385,25782,225,455,254,499,76
46.6648,25783,225,452,249,501,71
46.6900,25784,225,448,244,503,67
46.6900,25784,234,464,275,502,52
46.7159,25785,225,446,246,502,66
46.7423,25786,225,442,246,498,67
46.7674,25787,225,442,246,498,67
46.7927,25788,224,440,247,497,69
46.8188,25789,222,438,247,496,69
46.8447,25790,222,438,247,496,69
46.8732,25791,221,436,248,494,71
46.8985,25792,221,434,248,494,73
46.9223,25793,222,434,249,494,73
46.9484,25794,223,432,249,494,73
46.9757,25795,223,432,249,494,73
47.0016,25796,223,430,250,492,72
47.0270,25797,224,428,250,492,73
47.0534,25798,224,427,250,489,73
47.0797,25799,225,425,251,489,73
47.1055,25800,225,425,251,489,73
47.1317,25801,225,422,251,488,74
47.1572,25802,226,422,251,492,72
47.1846,25803,226,422,251,492,72
47.2099,25804,227,421,252,493,69
47.2366,25805,228,420,252,492,67
47.2620,25806,228,419,251,490,64
47.2871,25807,230,417,252,487,65
47.3132,25808,230,417,252,487,65
47.3397,25809,230,416,252,488,66
47.3651,25810,230,415,253,487,67
47.3912,25811,230,414,253,488,68
47.4174,25812,230,414,253,486,68
47.4433,25813,230,412,253,488,68
47.4694,25814,230,412,253,488,68
47.4937,25815,230,412,253,488,68
47.5195,25816,231,411,253,489,69
47.5460,25817,231,411,253,489,69
47.5714,25818,231,410,254,486,68
47.5969,25819,231,410,254,488,69
47.6220,25820,231,409,254,485,69
47.6483,25821,231,409,254,485,69
47.6751,25822,231,408,254,488,69
47.7000,25823,231,408,255,484,69
47.7263,25824,230,407,255,485,70
47.7520,25825,231,406,255,484,70
47.7766,25826,231,406,255,484,70
47.8035,25827,232,406,256,482,70
47.8284,25828,232,406,257,482,71
47.8542,25829,231,405,259,483,70
47.8797,25830,231,405,259,483,70
47.9062,25831,230,405,259,473,71
47.9300,25832,229,405,260,473,73
47.9557,25833,228,404,261,472,73
47.9813,25834,228,404,261,472,73
48.0095,25835,228,404,261,475,73
48.0344,25836,228,403,262,471,73
48.0592,25837,227,404,262,468,73
48.0839,25838,227,403,263,469,73
48.1110,25839,227,403,263,469,73
48.1373,25840,227,402,264,469,74
48.1622,25841,227,402,264,468,75
48.1886,25842,227,402,265,466,75
48.2149,25843,227,402,265,466,75
48.2398,25844,227,401,265,467,75
48.2656,25845,227,401,266,467,75
48.2919,25846,227,400,266,465,75
48.3169,25847,227,400,266,465,75
48.3437,25848,227,400,266,466,75
48.3701,25849,228,399,267,462,75
48.3969,25850,227,399,267,464,75
48.4223,25851,227,398,268,462,75
48.4495,25852,227,398,268,462,75
48.4751,25853,227,398,268,464,74
48.5025,25854,227,398,268,465,74
48.5257,25855,227,398,268,462,74
48.5530,25856,227,398,268,462,74
48.5786,25857,227,397,268,463,74
48.6053,25858,227,397,269,461,74
48.6298,25859,227,396,269,462,74
48.6567,25860,227,396,269,462,74
48.6820,25861,227,396,269,459,74
48.7080,25862,227,395,269,459,75
48.7327,25863,227,395,270,463,75
48.7594,25864,227,395,270,463,75
48.7838,25865,227,395,270,463,75
48.8105,25866,227,395,270,461,76
48.8354,25867,227,394,270,462,75
48.8616,25868,226,394,270,462,76
48.8866,25869,226,394,270,462,76
48.9136,25870,226,394,270,462,76
48.9388,25871,226,394,270,464,76
48.9634,25872,226,394,270,464,76
48.9898,25873,226,394,270,464,76
49.0152,25874,226,394,271,466,76
49.0421,25875,226,393,271,464,77
49.0687,25876,226,392,270,464,77
49.0927,25877,226,392,271,462,77
49.1197,25878,226,392,271,462,77
49.1465,25879,226,392,271,463,76
49.1717,25880,226,392,271,464,77
49.1972,25881,225,393,272,465,76
49.2212,25882,225,394,272,466,74
49.2477,25883,225,394,272,466,74
49.2724,25884,226,394,273,464,71
49.2973,25885,227,394,273,460,71
49.3244,25886,227,394,273,460,71
49.3514,25887,226,394,274,459,75
49.3767,25888,226,393,274,461,74
49.4011,25889,226,394,274,459,74
49.4262,25890,226,394,275,458,75
49.4532,25891,226,394,275,458,75
49.4779,25892,226,393,275,458,75
49.5048,25893,226,393,275,457,75
49.5298,25894,227,393,276,458,75
49.5556,25895,226,393,276,459,75
49.5812,25896,226,393,276,459,75
49.6054,25897,226,393,276,459,75
49.6320,25898,226,393,276,459,75
49.6577,25899,225,392,276,458,74
49.6857,25900,225,392,276,458,74
49.7111,25901,225,392,276,456,74
49.7352,25902,225,392,277,458,74
49.7625,25903,225,392,277,458,74
49.7882,25904,226,392,278,452,74
49.8136,25905,225,391,278,453,74
49.8395,25906,225,391,278,455,75
49.8650,25907,226,390,279,452,75
49.8918,25908,226,390,279,452,75
49.9179,25909,225,390,279,452,74
49.9434,25910,225,390,279,450,74
49.9701,25911,225,390,279,450,74
49.9954,25912,225,390,279,450,74
50.0211,25913,225,390,279,450,75
50.0465,25914,224,390,280,453,75
50.0721,25915,224,390,280,453,75
50.0980,25916,224,390,280,453,75
50.1233,25917,224,390,280,452,75
50.1493,25918,225,390,280,451,74
50.1739,25919,224,390,280,452,74
50.2000,25920,224,389,280,453,74
50.2259,25921,224,389,280,453,74
50.2521,25922,224,389,281,451,74
50.2772,25923,224,389,281,453,75
50.3038,25924,224,389,281,453,75
50.3290,25925,225,388,282,450,75
50.3543,25926,223,388,282,454,76
50.3799,25927,224,388,283,452,76
50.4054,25928,223,387,283,453,76
50.4311,25929,223,387,283,453,76
50.4569,25930,223,388,283,454,76
50.4836,25931,223,388,283,454,76
50.5083,25932,222,387,283,454,73
50.5346,25933,222,386,283,454,76
50.5597,25934,222,386,283,454,76
50.5864,25935,220,386,284,454,77
50.6099,25936,220,386,284,454,77
50.6373,25937,220,386,284,454,77
50.6645,25938,221,386,283,452,77
50.6892,25939,220,386,284,454,77
50.7137,25940,221,385,284,452,77
50.7384,25941,220,385,284,451,76
50.7649,25942,220,385,284,451,76
50.7923,25943,222,384,285,451,77
50.8188,25944,221,384,285,451,77
50.8423,25945,218,384,285,451,79
50.8688,25946,218,384,285,451,79
50.8935,25947,218,384,285,451,79
50.9220,25948,218,384,286,451,78
50.9459,25949,217,386,286,450,80
50.9713,25950,217,386,286,450,80
50.9988,25951,218,386,286,450,79
51.0246,25952,219,386,287,448,76
51.0496,25953,220,386,288,446,76
51.0749,25954,228,385,288,441,76
51.1019,25955,228,385,288,441,76
51.1286,25956,230,386,289,440,76
51.1534,25957,230,385,290,439,76
51.1794,25958,228,385,291,440,76
51.2048,25959,229,385,291,439,76
51.2304,25960,229,385,291,439,76
51.2579,25961,229,385,292,439,76
51.2844,25962,229,385,292,439,76
51.3098,25963,229,385,292,439,76
51.3365,25964,229,384,292,440,77
51.3624,25965,230,384,293,438,77
51.3886,25966,229,384,294,440,77
51.4133,25967,229,383,294,440,78
51.4401,25968,229,383,294,440,78
51.4655,25969,231,383,295,437,77
51.4924,25970,230,382,295,438,77
51.5164,25971,230,382,296,438,77
51.5427,25972,230,382,296,436,76
51.5675,25973,230,382,296,436,76
51.5952,25974,231,383,296,437,76
51.6202,25975,231,382,298,434,75
51.6456,25976,231,382,298,434,75
51.6716,25977,232,382,298,434,75
51.6985,25978,231,382,298,435,75
51.7238,25979,230,381,298,437,77
51.7498,25980,231,382,299,434,76
51.7741,25981,231,382,299,434,76
51.8014,25982,231,382,298,436,76
51.8271,25983,231,382,298,434,75
51.8548,25984,231,383,298,433,75
51.8777,25985,229,382,299,436,76
51.9048,25986,229,382,299,436,76
51.9300,25987,228,382,299,438,77
51.9555,25988,228,382,300,438,78
51.9823,25989,228,382,300,438,78
52.0072,25990,229,382,300,438,77
52.0332,25991,228,382,301,436,76
52.0597,25992,229,382,302,434,76
52.0844,25993,228,382,302,434,76
52.1114,25994,228,382,302,434,76
52.1374,25995,227,381,302,435,76
52.1623,25996,228,381,302,433,76
52.1880,25997,228,381,303,433,77
52.2145,25998,228,381,303,432,77
52.2388,25999,228,381,303,432,77
52.2660,26000,226,380,303,432,77
52.2901,26001,227,380,303,432,78
52.3174,26002,227,380,303,432,78
52.3446,26003,228,381,304,431,77
52.3694,26004,228,381,304,431,78
52.3944,26005,228,381,304,430,77
52.4204,26006,228,382,304,430,76
52.4449,26007,228,382,304,430,76
52.4717,26008,227,382,304,430,76
52.4971,26009,227,382,304,430,76
52.5222,26010,227,383,304,429,75
52.5471,26011,230,382,305,428,75
52.5736,26012,230,382,305,428,75
52.5998,26013,228,383,304,431,75
52.6267,26014,230,383,305,427,75
52.6523,26015,230,383,305,427,75
52.6796,26016,230,383,306,427,76
52.7049,26017,230,383,305,427,75
52.7311,26018,232,384,306,426,75
52.7556,26019,230,384,306,428,75
52.7825,26020,230,384,306,428,75
52.8097,26021,230,384,306,426,73
52.8345,26022,231,384,306,425,73
52.8597,26023,232,384,307,425,74
52.8866,26024,231,384,307,426,74
52.9112,26025,231,384,307,426,74
52.9382,26026,234,384,308,424,75
52.9630,26027,234,384,308,424,74
52.9886,26028,232,384,308,424,74
53.0136,26029,232,384,308,424,74
53.0417,26030,232,384,308,425,75
53.0650,26031,234,384,309,424,75
53.0919,26032,232,384,309,425,75
53.1176,26033,232,384,309,425,75
53.1444,26034,234,384,309,424,75
53.1696,26035,234,384,309,422,76
53.1955,26036,234,384,310,422,75
53.2214,26037,234,384,310,422,75
53.2490,26038,234,384,310,422,75
53.2733,26039,234,384,310,422,76
53.3009,26040,234,384,310,422,75
53.3243,26041,234,383,310,421,76
53.3524,26042,234,383,310,421,76
53.3791,26043,234,384,310,421,75
53.4045,26044,234,383,311,421,76
53.4299,26045,234,384,310,421,77
53.4560,26046,234,384,310,421,77
53.4820,26047,234,385,310,420,76
53.5074,26048,233,385,310,420,75
53.5337,26049,233,386,310,420,75
53.5588,26050,232,386,310,420,75
53.5838,26051,233,385,311,420,75
53.6122,26052,233,385,311,420,75
53.6363,26053,233,386,311,420,75
53.6616,26054,233,386,312,420,74
53.6874,26055,233,386,312,420,74
53.7138,26056,233,386,312,420,74
53.7396,26057,234,386,311,420,73
53.7650,26058,234,387,312,419,73
53.7916,26059,234,387,312,419,73
53.8186,26060,232,387,312,419,73
53.8447,26061,234,387,312,419,72
53.8695,26062,233,387,312,419,71
53.8935,26063,236,386,313,418,70
53.9184,26064,236,386,313,418,70
53.9460,26065,235,386,313,418,71
53.9728,26066,236,386,313,418,70
53.9972,26067,236,387,313,417,72
54.0244,26068,236,387,313,417,72
54.0515,26069,236,387,313,418,70
54.0772,26070,236,387,314,418,69
54.1015,26071,234,388,314,418,70
54.1278,26072,234,388,314,418,70
54.1555,26073,234,388,314,418,68
54.1796,26074,233,389,313,417,63
54.2088,26075,234,389,314,416,58
54.2315,26076,232,390,292,417,62
54.2562,26077,232,390,292,417,62
54.2845,26078,232,390,292,418,62
54.3115,26079,232,390,286,418,60
54.3115,26079,250,390,317,404,36
54.3355,26080,234,390,289,418,61
54.3355,26080,249,390,318,404,37
54.3619,26081,234,390,289,418,61
54.3619,26081,249,390,318,404,37
54.3882,26082,234,391,267,419,60
54.3882,26082,252,389,317,403,37
54.4126,26083,234,392,271,418,59
54.4126,26083,250,390,318,404,42
54.4385,26084,234,391,274,419,58
54.4385,26084,249,390,318,405,43
54.4636,26085,234,391,274,419,58
54.4636,26085,249,390,318,405,43
54.4899,26086,234,391,274,419,58
54.4899,26086,249,390,318,405,43
54.5156,26087,234,392,264,418,59
54.5156,26087,248,390,319,404,41
54.5398,26088,235,392,264,418,61
54.5398,26088,249,390,319,404,41
54.5657,26089,236,392,262,417,61
54.5657,26089,251,390,320,404,39
54.5921,26090,236,392,262,417,61
54.5921,26090,251,390,320,404,39
54.6176,26091,235,392,264,418,59
54.6176,26091,251,390,320,404,41
54.6445,26092,235,392,263,416,60
54.6445,26092,252,390,320,404,43
54.6694,26093,236,392,263,416,58
54.6694,26093,253,390,320,404,42
54.6948,26094,235,392,264,417,60
54.6948,26094,250,390,320,404,44
54.7224,26095,235,392,264,417,60
54.7224,26095,250,390,320,404,44
54.7473,26096,234,392,266,416,58
54.7473,26096,250,390,320,404,44
54.7724,26097,235,392,263,416,56
54.7724,26097,253,390,321,404,45
54.7984,26098,235,392,263,416,56
54.7984,26098,253,390,321,404,45
54.8236,26099,235,391,273,415,53
54.8236,26099,248,390,321,404,49
54.8511,26100,235,392,264,415,51
54.8511,26100,254,390,322,404,47
54.8756,26101,235,392,264,415,51
54.8756,26101,254,390,322,404,47
54.9044,26102,235,392,262,414,55
54.9044,26102,257,390,322,403,45
54.9265,26103,235,392,262,414,55
54.9265,26103,257,390,322,403,45
54.9523,26104,235,392,265,414,53
54.9523,26104,254,390,322,404,49
54.9777,26105,235,392,270,414,53
54.9777,26105,252,390,322,404,49
55.0038,26106,248,390,322,404,50
55.0038,26106,235,392,280,412,49
55.0276,26107,251,390,323,404,50
55.0276,26107,235,392,274,412,50
55.0543,26108,251,390,323,404,50
55.0543,26108,235,392,274,412,50
55.0804,26109,235,392,269,412,54
55.0804,26109,250,390,323,404,49
55.1053,26110,235,392,269,412,54
55.1053,26110,250,390,323,404,49
55.1327,26111,234,392,268,412,50
55.1327,26111,255,391,323,403,48
55.1585,26112,234,392,274,412,48
55.1585,26112,252,390,323,404,48
55.1844,26113,235,392,271,412,51
55.1844,26113,253,390,323,403,48
55.2105,26114,249,390,323,404,49
55.2105,26114,235,392,280,410,47
55.2349,26115,249,390,323,404,50
55.2349,26115,234,392,280,410,49
55.2598,26116,249,390,323,404,50
55.2598,26116,234,392,280,410,49
55.2868,26117,249,390,323,404,50
55.2868,26117,234,392,280,410,49
55.3145,26118,252,390,323,402,48
55.3145,26118,234,392,280,410,45
55.3383,26119,250,390,324,403,48
55.3383,26119,234,392,286,410,42
55.3646,26120,252,390,324,403,47
55.3646,26120,233,392,276,411,40
55.3911,26121,252,390,324,403,47
55.3911,26121,233,392,276,411,40
55.4173,26122,254,390,324,402,45
55.4173,26122,235,392,278,410,39
55.4419,26123,251,390,324,402,49
55.4419,26123,236,392,286,408,37
55.4688,26124,251,390,324,402,49
55.4688,26124,236,392,286,408,37
55.4933,26125,235,392,271,410,45
55.4933,26125,254,390,324,402,45
55.5214,26126,250,389,324,403,51
55.5462,26127,241,388,323,404,58
55.5715,26128,244,388,324,404,59
55.5985,26129,244,388,324,404,59
55.6246,26130,248,389,324,403,59
55.6497,26131,250,388,325,404,61
55.6768,26132,250,388,325,404,61
55.7019,26133,244,389,325,405,62
55.7286,26134,244,389,325,405,62
55.7528,26135,245,388,325,405,66
55.7791,26136,245,389,326,405,64
55.8046,26137,245,389,326,405,64
55.8297,26138,246,389,326,405,64
55.8564,26139,246,388,326,404,64
55.8825,26140,250,389,327,405,63
55.9100,26141,247,389,327,405,65
55.9347,26142,247,389,327,405,65
55.9598,26143,244,389,327,405,66
55.9864,26144,251,388,328,406,65
56.0114,26145,248,389,327,405,67
56.0371,26146,256,388,328,404,66
56.0620,26147,256,388,328,404,66
56.0874,26148,256,388,328,404,66
56.1146,26149,250,389,328,405,67
56.1421,26150,250,389,328,405,67
56.1666,26151,256,388,328,404,67
56.1934,26152,256,388,329,404,68
56.2181,26153,256,388,329,404,68
56.2428,26154,256,388,329,404,67
56.2687,26155,256,388,329,404,67
56.2953,26156,252,389,329,405,68
56.3226,26157,256,388,329,404,68
56.3475,26158,257,388,330,405,69
56.3726,26159,259,388,328,405,70
56.3986,26160,259,388,328,405,70
56.4240,26161,257,388,328,405,69
56.4491,26162,264,388,328,405,70
56.4758,26163,264,388,328,405,70
56.5012,26164,265,388,328,406,70
56.5280,26165,264,388,328,406,70
56.5532,26166,258,388,328,406,69
56.5797,26167,258,388,328,406,69
56.6048,26168,255,387,329,407,70
56.6319,26169,250,387,329,407,72
56.6590,26170,251,386,330,406,73
56.6834,26171,250,387,330,407,72
56.7079,26172,258,386,330,408,72
56.7342,26173,258,386,330,408,72
56.7599,26174,252,386,331,408,73
56.7845,26175,252,386,331,408,73
56.8121,26176,252,385,331,407,72
56.8371,26177,252,386,331,408,73
56.8631,26178,254,386,331,408,74
56.8888,26179,257,385,332,408,73
56.9158,26180,260,385,332,408,73
56.9416,26181,260,385,332,408,73
56.9683,26182,262,385,332,408,74
56.9932,26183,261,385,333,408,74
57.0188,26184,260,386,332,408,73
57.0445,26185,260,386,332,408,74
57.0714,26186,260,386,332,408,74
57.0984,26187,261,385,333,408,74
57.1230,26188,261,385,333,408,74
57.1488,26189,260,385,333,408,75
57.1756,26190,264,385,333,409,74
57.2025,26191,264,386,334,408,75
57.2264,26192,260,385,333,409,74
57.2514,26193,262,384,333,408,75
57.2769,26194,262,384,333,408,75
57.3048,26195,261,384,333,408,75
57.3302,26196,262,384,333,408,75
57.3560,26197,263,384,333,408,75
57.3815,26198,262,384,334,408,75
57.4064,26199,262,384,334,408,75
57.4327,26200,260,384,334,408,75
57.4588,26201,260,384,334,408,75
57.4836,26202,262,384,334,408,75
57.5098,26203,258,384,334,408,75
57.5355,26204,260,384,334,408,75
57.5611,26205,257,385,332,409,74
57.5866,26206,258,386,333,410,74
57.6136,26207,258,386,333,410,74
57.6383,26208,255,386,333,410,74
57.6646,26209,259,384,333,410,74
57.6915,26210,258,384,334,410,75
57.7168,26211,258,384,334,410,75
57.7439,26212,258,384,334,410,75
57.7693,26213,257,384,334,410,75
57.7935,26214,257,384,334,410,75
57.8222,26215,258,384,334,410,75
57.8449,26216,256,384,334,410,75
57.8726,26217,257,384,335,410,75
57.8970,26218,257,384,335,411,75
57.9221,26219,257,384,335,410,75
57.9495,26220,257,384,335,410,75
57.9753,26221,257,385,335,411,75
58.0011,26222,258,384,335,411,76
58.0284,26223,260,384,336,411,75
58.0545,26224,258,385,336,411,75
58.0798,26225,258,385,336,411,75
58.1067,26226,258,385,336,411,76
58.1329,26227,259,385,336,411,75
58.1594,26228,259,385,336,411,75
58.1851,26229,261,384,336,411,76
58.2122,26230,260,384,336,411,76
58.2390,26231,262,384,336,412,75
58.2635,26232,260,384,336,412,75
58.2889,26233,260,384,336,412,75
58.3165,26234,261,385,336,411,76
58.3420,26235,259,384,336,412,76
58.3675,26236,261,384,336,412,76
58.3933,26237,263,384,336,412,75
58.4198,26238,263,384,336,412,75
58.4462,26239,260,384,337,412,76
58.4711,26240,264,384,337,412,75
58.4968,26241,264,384,337,412,75
58.5228,26242,262,384,337,412,75
58.5501,26243,264,384,337,412,75
58.5754,26244,266,384,337,412,75
58.6026,26245,262,384,336,412,75
58.6272,26246,260,384,336,412,75
58.6539,26247,260,384,336,412,75
58.6797,26248,262,384,337,412,75
58.7064,26249,259,384,337,411,75
58.7312,26250,260,385,337,411,75
58.7571,26251,262,384,338,411,74
58.7833,26252,262,384,338,411,74
58.8095,26253,259,384,338,410,75
58.8352,26254,274,384,339,410,73
58.8627,26255,274,384,339,410,73
58.8896,26256,263,386,339,410,73
58.9157,26257,261,386,339,410,74
58.9413,26258,260,384,340,410,75
58.9666,26259,258,384,340,410,75
58.9916,26260,258,384,340,410,75
59.0184,26261,257,384,340,410,75
59.0455,26262,257,384,341,410,75
59.0712,26263,255,383,341,409,76
59.0959,26264,255,382,341,410,75
59.1225,26265,255,382,341,410,75
59.1475,26266,254,383,341,409,75
59.1725,26267,255,382,342,410,76
59.2014,26268,255,382,342,410,76
59.2254,26269,256,383,342,409,75
59.2526,26270,256,382,342,409,76
59.2785,26271,256,382,342,409,76
59.3040,26272,255,382,341,408,74
59.3293,26273,255,382,341,408,74
59.3552,26274,258,384,341,408,72
59.3824,26275,258,383,341,407,72
59.4085,26276,266,384,341,406,70
59.4343,26277,266,384,341,406,65
59.4583,26278,265,386,342,406,61
59.4845,26279,265,386,342,406,61
59.5101,26280,263,384,342,406,59
59.5357,26281,263,384,342,406,59
59.5629,26282,264,385,342,405,54
59.5878,26283,264,385,343,405,51
59.6137,26284,265,386,343,404,51
59.6389,26285,262,381,343,405,56
59.6667,26286,262,381,343,405,56
59.6921,26287,262,381,343,405,56
59.7183,26288,269,387,343,404,52
59.7433,26289,264,382,344,404,57
59.7686,26290,270,388,344,404,53
59.7953,26291,270,388,344,404,53
59.8226,26292,266,383,344,404,54
59.8473,26293,269,388,345,404,52
59.8729,26294,269,388,345,404,52
59.8996,26295,266,382,345,404,55
59.9260,26296,266,382,345,404,54
59.9514,26297,269,386,346,404,53
59.9765,26298,271,387,345,404,51
60.0045,26299,272,388,345,404,50
60.0286,26300,272,388,345,404,50
60.0543,26301,271,388,345,404,50
60.0815,26302,271,388,345,404,50
60.1060,26303,271,388,346,404,56
60.1319,26304,270,387,346,405,60
60.1580,26305,270,387,346,405,60
60.1842,26306,267,387,347,405,64
60.2092,26307,267,387,347,405,64
60.2366,26308,265,387,347,405,65
60.2631,26309,266,387,348,405,67
60.2888,26310,267,387,348,406,68
60.3128,26311,268,386,349,406,68
60.3383,26312,266,386,349,406,69
60.3657,26313,266,386,349,406,69
60.3915,26314,268,386,350,406,69
60.4181,26315,268,386,350,406,69
60.4414,26316,269,386,351,406,70
60.4683,26317,269,386,351,406,70
60.4928,26318,269,386,351,406,70
60.5195,26319,271,386,351,406,71
60.5447,26320,271,386,351,406,71
60.5711,26321,272,386,351,406,70
60.5973,26322,270,386,352,406,71
60.6219,26323,272,386,352,406,71
60.6470,26324,272,386,352,406,72
60.6729,26325,272,386,352,406,72
60.6998,26326,272,386,352,406,72
60.7260,26327,273,386,352,406,72
60.7519,26328,272,386,353,405,72
60.7764,26329,273,386,353,405,72
60.8017,26330,273,386,353,406,72
60.8272,26331,273,386,353,406,72
60.8532,26332,274,386,353,405,72
60.8786,26333,274,386,353,405,72
60.9074,26334,274,386,353,405,72
60.9335,26335,274,387,353,405,72
60.9586,26336,276,387,354,405,72
60.9823,26337,275,387,353,405,72
61.0086,26338,275,387,353,405,72
61.0368,26339,276,387,353,405,72
61.0613,26340,277,387,353,405,70
61.0873,26341,278,388,353,404,68
61.1114,26342,280,388,354,404,66
61.1377,26343,280,388,354,404,66
61.1638,26344,280,388,354,404,66
61.1888,26345,278,388,355,404,65
61.2158,26346,278,388,355,404,65
61.2418,26347,279,388,356,404,64
61.2664,26348,278,389,355,403,62
61.2930,26349,276,389,355,403,60
61.3167,26350,274,389,356,403,59
61.3423,26351,274,389,356,403,59
61.3695,26352,274,389,356,403,58
61.3951,26353,276,390,356,402,58
61.4202,26354,275,390,356,403,56
61.4464,26355,274,390,356,403,55
61.4718,26356,274,390,356,403,55
61.4974,26357,275,390,357,402,54
61.5246,26358,273,391,357,403,52
61.5505,26359,273,391,357,403,52
61.5783,26360,273,391,357,403,51
61.6042,26361,274,391,357,403,50
61.6283,26362,274,391,356,403,42
61.7092,26365,272,391,356,403,41
61.7328,26366,272,392,356,402,38
61.7588,26367,272,391,356,403,45
61.8097,26369,268,392,356,402,33
61.8364,26370,268,392,356,402,33
61.8612,26371,272,392,356,402,31
61.9889,26376,273,392,356,402,38
62.0159,26377,273,392,356,402,38
62.0413,26378,273,392,356,402,34
62.0704,26379,273,392,357,402,37
62.0953,26380,273,392,357,402,34
62.1198,26381,274,392,356,402,30
62.1455,26382,274,392,356,402,30
62.1716,26383,273,392,357,402,37
62.1976,26384,273,392,357,402,35
62.2228,26385,271,392,356,403,38
62.2494,26386,271,392,356,403,38
62.2734,26387,272,391,356,403,36
62.3003,26388,274,392,358,402,39
62.3252,26389,274,392,357,402,32
62.3520,26390,274,392,357,402,32
62.3792,26391,275,392,357,402,45
62.4043,26392,276,392,358,402,48
62.4297,26393,276,392,358,402,49
62.4555,26394,276,392,358,402,46
62.4821,26395,282,391,358,403,51
62.5078,26396,282,391,358,403,51
62.5348,26397,282,391,359,403,58
62.5604,26398,284,390,360,404,60
62.5872,26399,284,390,360,404,60
62.6136,26400,283,390,360,404,64
62.6386,26401,284,390,360,404,65
62.6634,26402,284,389,361,405,66
62.6892,26403,284,389,362,405,67
62.7193,26404,284,389,362,405,67
62.7430,26405,284,389,362,405,66
62.7693,26406,286,389,362,405,66
62.7937,26407,283,389,362,405,66
62.8195,26408,287,388,363,406,66
62.8452,26409,287,388,363,406,66
62.8698,26410,286,388,364,406,65
62.8963,26411,286,389,363,406,66
62.9227,26412,286,389,363,406,66
62.9493,26413,292,389,364,406,66
62.9756,26414,292,389,365,406,66
63.0000,26415,293,388,365,406,67
63.0254,26416,293,388,365,406,67
63.0530,26417,295,389,366,406,65
63.0780,26418,293,389,366,406,68
63.1034,26419,295,388,366,406,68
63.1286,26420,294,388,366,406,68
63.1540,26421,294,388,366,406,68
63.1800,26422,294,388,366,406,69
63.2062,26423,292,388,367,406,69
63.2311,26424,292,388,366,406,68
63.2592,26425,292,388,366,406,68
63.2841,26426,292,388,367,406,69
63.3095,26427,293,388,366,406,69
63.3357,26428,292,389,366,407,70
63.3613,26429,292,389,366,407,70
63.3873,26430,294,388,366,407,71
63.4123,26431,293,387,367,407,72
63.4386,26432,292,387,367,407,72
63.4639,26433,293,387,367,407,71
63.4894,26434,293,387,367,407,71
63.5150,26435,292,388,368,408,70
63.5400,26436,293,388,368,408,71
63.5678,26437,296,388,369,408,71
63.5927,26438,294,388,369,408,71
63.6181,26439,294,388,369,408,71
63.6431,26440,296,388,369,408,71
63.6684,26441,296,387,370,407,72
63.6965,26442,296,387,370,407,72
63.7216,26443,295,387,370,407,72
63.7474,26444,294,388,371,407,72
63.7747,26445,295,388,371,407,71
63.8013,26446,296,388,371,407,72
63.8252,26447,296,388,371,407,72
63.8532,26448,296,388,371,407,72
63.8782,26449,297,387,371,407,72
63.9058,26450,296,388,371,406,73
63.9287,26451,298,388,370,406,72
63.9566,26452,298,388,370,406,72
63.9815,26453,295,389,370,407,70
64.0071,26454,302,390,372,406,68
64.0335,26455,302,390,372,406,68
64.0583,26456,295,389,370,407,69
64.0848,26457,295,389,370,407,69
64.1111,26458,293,388,371,406,70
64.1363,26459,293,389,371,405,69
64.1599,26460,292,390,372,406,68
64.1896,26461,292,390,372,406,68
64.2143,26462,295,388,372,405,68
64.2418,26463,293,388,372,404,64
64.2675,26464,294,390,372,404,59
64.2926,26465,294,390,372,404,59
64.3203,26466,294,390,373,404,59
64.3435,26467,294,390,373,404,55
64.3715,26468,294,390,373,404,55
64.3958,26469,294,390,373,404,54
64.4216,26470,295,391,373,403,49
64.4474,26471,294,390,374,402,49
64.4714,26472,294,390,374,402,49
64.4977,26473,294,390,374,402,49
64.5250,26474,295,390,374,402,48
64.5500,26475,294,389,374,403,45
64.5768,26476,294,390,374,402,44
64.6014,26477,294,390,374,402,36
64.6281,26478,294,390,374,402,36
64.6556,26479,295,390,374,402,42
64.6801,26480,294,390,374,402,37
64.7057,26481,294,390,374,402,37
64.7320,26482,294,390,374,402,37
64.7578,26483,295,390,374,402,33
64.7850,26484,295,391,374,402,34
64.8096,26485,295,391,375,402,30
64.8365,26486,296,390,375,402,31
64.8607,26487,296,390,375,402,31
64.8889,26488,296,390,375,402,31
65.1720,26499,294,390,375,402,30
65.1979,26500,294,390,375,402,30
65.2250,26501,294,390,375,402,31
65.2515,26502,294,390,375,402,40
65.2762,26503,294,390,375,402,40
65.3532,26506,295,390,375,402,39
65.3793,26507,295,390,375,402,39
65.4051,26508,296,389,376,403,48
65.4311,26509,298,389,377,403,53
65.4583,26510,296,388,376,404,55
65.4816,26511,298,388,378,404,56
65.5071,26512,299,388,377,404,59
65.5332,26513,299,388,377,404,59
65.5586,26514,296,388,377,404,59
65.5859,26515,300,388,378,404,60
65.6096,26516,299,388,379,404,61
65.6352,26517,300,388,378,404,61
65.6600,26518,300,388,378,404,61
65.6866,26519,300,388,378,404,61
65.7113,26520,300,388,378,404,61
65.7382,26521,298,386,378,404,63
65.7657,26522,300,387,380,404,62
65.7911,26523,299,387,378,404,62
65.8159,26524,302,388,380,404,61
65.8412,26525,302,388,380,404,61
65.8669,26526,301,387,380,404,63
65.8929,26527,302,388,380,404,62
65.9195,26528,303,388,379,404,62
65.9487,26529,308,389,380,405,60
65.9711,26530,311,390,380,404,56
65.9973,26531,311,390,380,404,56
66.0230,26532,310,390,381,404,59
66.0494,26533,310,390,381,404,59
66.0748,26534,308,390,380,404,56
66.1018,26535,302,390,380,404,56
66.1284,26536,301,390,382,404,60
66.1528,26537,302,389,384,405,64
66.1770,26538,303,389,385,405,65
66.2047,26539,303,389,385,405,65
66.2302,26540,303,389,384,405,64
66.2574,26541,304,388,384,406,64
66.2828,26542,305,388,384,406,64
66.3067,26543,304,388,386,406,66
66.3335,26544,304,388,386,406,66
66.3601,26545,306,388,386,406,66
66.3843,26546,306,388,386,406,66
66.4138,26547,304,388,386,405,65
66.4377,26548,305,388,387,406,66
66.4624,26549,305,389,387,405,65
66.4861,26550,307,388,389,405,67
66.5127,26551,307,388,389,405,67
66.5397,26552,307,388,389,405,66
66.5659,26553,308,388,390,406,66
66.5934,26554,308,387,390,405,67
66.6170,26555,308,388,392,406,68
66.6417,26556,308,388,392,406,68
66.6692,26557,308,388,393,405,69
66.6943,26558,310,387,392,405,68
66.7201,26559,310,387,392,405,68
66.7464,26560,310,387,393,405,69
66.7715,26561,311,387,393,405,70
66.7982,26562,311,387,393,405,69
66.8242,26563,311,387,394,405,71
66.8499,26564,311,387,394,405,71
66.8766,26565,311,387,394,405,71
66.9031,26566,312,388,394,406,70
66.9272,26567,314,389,393,406,69
66.9542,26568,314,390,393,406,66
66.9803,26569,318,391,394,407,63
67.0043,26570,318,391,394,407,63
67.0312,26571,321,391,394,407,61
67.0563,26572,321,391,394,407,61
67.0826,26573,320,392,394,408,58
67.1095,26574,318,393,394,409,60
67.1329,26575,316,393,395,409,61
67.1594,26576,313,393,396,409,60
67.1845,26577,313,393,396,409,60
67.2113,26578,314,393,396,410,60
67.2367,26579,314,393,397,409,61
67.2629,26580,313,394,397,410,58
67.2878,26581,314,394,397,410,54
67.3137,26582,316,393,397,409,55
67.3431,26583,316,393,397,409,55
67.3679,26584,317,394,398,408,53
67.3917,26585,317,394,398,408,53
67.4189,26586,319,393,399,407,54
67.4448,26587,319,394,400,407,57
67.4715,26588,320,394,400,407,57
67.4976,26589,319,394,400,408,55
67.5224,26590,320,394,401,408,59
67.5484,26591,320,394,401,408,59
67.5756,26592,320,394,401,408,58
67.6015,26593,322,394,401,406,58
67.6252,26594,322,394,402,406,58
67.6505,26595,323,394,402,407,59
67.6776,26596,323,394,402,407,59
67.7044,26597,323,394,403,406,59
67.7284,26598,323,394,403,406,59
67.7553,26599,324,394,402,406,56
67.7820,26600,323,394,403,406,59
67.8094,26601,323,394,403,406,57
67.8345,26602,324,394,404,406,58
67.8587,26603,324,394,402,406,56
67.8847,26604,324,394,402,406,56
67.9111,26605,329,394,402,406,59
67.9375,26606,334,394,403,406,62
67.9639,26607,333,394,403,406,64
67.9888,26608,327,394,403,406,63
68.0155,26609,327,394,403,406,63
68.0405,26610,323,393,403,407,64
68.0679,26611,323,393,403,407,64
68.0943,26612,320,394,403,408,63
68.1195,26613,320,394,403,408,63
68.1456,26614,330,394,403,408,64
68.1713,26615,336,393,404,407,66
68.1968,26616,330,394,404,408,65
68.2223,26617,330,394,404,408,65
68.2479,26618,322,392,404,408,66
68.2746,26619,331,393,405,407,66
68.3000,26620,330,394,405,408,66
68.3259,26621,332,394,406,408,65
68.3505,26622,332,394,406,408,65
68.3784,26623,333,394,406,408,66
68.4031,26624,334,394,406,408,65
68.4302,26625,334,394,406,408,65
68.4543,26626,333,393,406,407,66
68.4799,26627,333,393,406,407,66
68.5058,26628,335,394,406,408,65
68.5324,26629,336,393,407,408,64
68.5574,26630,336,393,407,408,64
68.5843,26631,338,394,406,408,63
68.6093,26632,339,394,407,408,64
68.6351,26633,336,394,407,408,65
68.6601,26634,339,394,407,408,64
68.6870,26635,339,394,407,408,64
68.7131,26636,340,394,406,408,64
68.7389,26637,343,394,406,408,66
68.7662,26638,343,394,406,408,66
68.7931,26639,342,392,406,409,70
68.8183,26640,342,391,406,409,69
68.8435,26641,341,391,406,409,69
68.8682,26642,341,391,406,409,69
68.8946,26643,341,391,406,409,69
68.9215,26644,339,394,407,410,67
68.9496,26645,346,393,407,409,64
68.9728,26646,338,392,407,410,68
68.9988,26647,338,392,408,410,69
69.0249,26648,338,392,408,410,69
69.0513,26649,337,393,409,411,69
69.0758,26650,338,393,410,411,69
69.1031,26651,338,393,410,411,69
69.1286,26652,337,393,410,411,68
69.1539,26653,336,393,410,411,68
69.1795,26654,338,393,410,411,69
69.2037,26655,338,393,410,411,68
69.2300,26656,338,393,410,411,68
69.2553,26657,338,393,410,411,70
69.2824,26658,338,393,410,411,70
69.3079,26659,340,393,411,411,71
69.3343,26660,340,393,412,411,71
69.3596,26661,340,393,412,411,71
69.3852,26662,339,393,412,411,71
69.4100,26663,339,393,412,411,71
69.4381,26664,339,393,412,411,71
69.4639,26665,339,393,412,411,71
69.4896,26666,340,393,413,411,71
69.5169,26667,340,393,414,411,72
69.5399,26668,340,393,414,411,71
69.5686,26669,340,393,414,411,71
69.5933,26670,340,392,414,412,72
69.6183,26671,340,393,414,411,71
69.6439,26672,339,393,414,411,72
69.6702,26673,339,393,414,411,72
69.6948,26674,339,393,414,411,72
69.7229,26675,341,394,413,412,70
69.7456,26676,342,393,413,413,71
69.7717,26677,342,393,413,413,71
69.7982,26678,342,392,414,414,72
69.8241,26679,346,391,414,413,75
69.8484,26680,345,391,414,414,74
69.8743,26681,344,392,415,414,73
69.9013,26682,344,392,415,414,73
69.9286,26683,346,392,415,415,73
69.9536,26684,346,392,415,416,74
69.9796,26685,344,392,415,416,74
70.0051,26686,344,392,416,416,74
70.0311,26687,344,392,416,416,74
70.0567,26688,346,392,416,416,75
70.0835,26689,346,392,416,416,75
70.1096,26690,346,392,416,416,75
70.1364,26691,346,392,417,416,76
70.1615,26692,347,392,417,416,75
70.1883,26693,348,392,417,417,75
70.2114,26694,351,392,418,418,75
70.2376,26695,351,392,418,418,75
70.2633,26696,352,392,418,418,75
70.2896,26697,352,392,418,418,75
70.3145,26698,351,392,419,418,75
70.3402,26699,353,392,419,418,76
70.3656,26700,353,392,419,418,76
70.3932,26701,354,392,419,418,75
70.4184,26702,352,392,419,418,75
70.4434,26703,352,392,419,418,75
70.4688,26704,356,392,420,418,76
70.4942,26705,353,392,420,418,76
70.5196,26706,354,392,420,418,76
70.5460,26707,352,392,420,418,76
70.5745,26708,352,392,420,418,76
70.6028,26709,353,393,420,419,75
70.6283,26710,352,393,418,419,75
70.6535,26711,353,393,418,419,74
70.6795,26712,352,392,418,420,74
70.7063,26713,352,392,418,420,74
70.7323,26714,354,392,419,420,75
70.7586,26715,353,392,419,420,74
70.7831,26716,353,392,419,421,74
70.8097,26717,353,392,419,421,74
70.8367,26718,350,392,419,422,74
70.8616,26719,355,392,420,422,75
70.8865,26720,353,392,420,422,75
70.9117,26721,353,392,420,422,75
70.9385,26722,353,392,420,422,75
70.9646,26723,354,392,420,422,76
70.9896,26724,352,391,421,423,76
71.0161,26725,353,391,421,423,76
71.0400,26726,352,391,421,423,76
71.0669,26727,352,391,421,423,76
71.0934,26728,354,391,422,424,75
71.1182,26729,353,390,422,424,76
71.1433,26730,353,390,422,424,76
71.1697,26731,353,391,422,424,76
71.1952,26732,352,390,422,424,75
71.2196,26733,352,391,423,424,75
71.2452,26734,352,391,423,424,75
71.2711,26735,351,391,423,424,75
71.2975,26736,352,391,423,425,76
71.3217,26737,351,391,422,425,76
71.3474,26738,352,392,421,426,77
71.3737,26739,352,392,421,426,77
71.3999,26740,352,391,421,429,75
71.4263,26741,357,390,421,430,76
71.4500,26742,361,390,422,432,76
71.4772,26743,361,390,422,432,76
71.5038,26744,368,390,422,432,77
71.5289,26745,370,390,423,434,77
71.5536,26746,375,389,423,435,76
71.5802,26747,375,389,423,435,76
71.6062,26748,372,390,424,436,77
71.6327,26749,374,389,424,437,78
71.6574,26750,377,388,424,438,77
71.6827,26751,376,388,424,438,78
71.7081,26752,376,388,424,438,78
71.7349,26753,374,390,425,438,77
71.7605,26754,370,390,426,438,77
71.7852,26755,376,389,426,439,77
71.8102,26756,376,389,426,439,77
71.8366,26757,371,389,427,439,77
71.8615,26758,376,389,427,440,77
71.8885,26759,376,389,427,440,77
71.9149,26760,376,390,427,440,77
71.9412,26761,375,389,427,441,77
71.9669,26762,373,387,427,441,78
71.9925,26763,370,388,428,442,78
72.0171,26764,372,388,428,442,78
72.0444,26765,372,388,428,442,78
72.0700,26766,370,387,428,442,77
72.0970,26767,374,388,428,442,78
72.1212,26768,376,387,429,443,77
72.1467,26769,376,387,429,443,77
72.1721,26770,373,387,429,443,77
72.1982,26771,374,388,429,444,77
72.2276,26772,374,388,429,444,77
72.2537,26773,372,386,430,444,78
72.2791,26774,374,385,430,444,78
72.3044,26775,375,386,430,444,77
72.3299,26776,374,386,430,444,78
72.3568,26777,375,386,430,444,77
72.3821,26778,375,386,430,444,77
72.4081,26779,373,384,430,444,78
72.4344,26780,374,384,430,444,78
72.4594,26781,373,385,430,445,78
72.4857,26782,373,384,431,445,78
72.5126,26783,373,384,431,445,78
72.5374,26784,377,384,430,446,78
72.5627,26785,376,387,427,447,78
72.5874,26786,376,387,427,447,78
72.6148,26787,379,392,425,448,78
72.6393,26788,383,394,424,450,78
72.6649,26789,384,393,424,451,77
72.6916,26790,386,395,424,452,78
72.7168,26791,386,395,424,452,78
72.7436,26792,385,394,424,454,78
72.7695,26793,386,394,424,454,78
72.7934,26794,386,394,424,456,78
72.8191,26795,387,395,424,457,79
72.8464,26796,387,395,424,457,79
72.8720,26797,387,394,424,458,79
72.8976,26798,387,394,424,459,79
72.9238,26799,387,394,424,459,79
72.9497,26800,387,395,425,460,79
72.9750,26801,387,394,424,460,79
73.0015,26802,387,395,425,461,79
73.0264,26803,387,393,425,462,78
73.0528,26804,387,393,425,462,78
73.0796,26805,388,392,425,462,78
73.1060,26806,388,393,425,463,78
73.1300,26807,388,393,425,463,78
73.1564,26808,388,392,425,464,77
73.1827,26809,388,392,425,464,77
73.2074,26810,388,393,425,465,77
73.2339,26811,388,393,425,465,77
73.2603,26812,388,390,426,466,77
73.2862,26813,388,390,426,466,77
73.3125,26814,390,391,426,467,77
73.3382,26815,389,393,426,467,76
73.3635,26816,390,392,426,468,76
73.3883,26817,390,392,426,468,76
73.4146,26818,390,391,426,468,77
73.4395,26819,390,390,426,468,75
73.4683,26820,390,392,426,468,75
73.4917,26821,390,390,426,469,76
73.5214,26822,390,390,426,469,76
73.5451,26823,391,391,426,469,75
73.5706,26824,391,389,426,469,74
73.5996,26825,391,389,426,469,74
73.6236,26826,390,393,426,469,75
73.6503,26827,390,390,427,470,74
73.6756,26828,390,390,427,470,74
73.7017,26829,391,391,426,471,73
73.7286,26830,391,391,426,471,73
73.7527,26831,391,390,427,470,74
73.7814,26832,391,392,427,470,74
73.8043,26833,391,391,426,471,73
73.8311,26834,391,389,424,471,74
73.8569,26835,391,389,424,471,74
73.8833,26836,395,400,422,472,70
73.9072,26837,399,409,422,473,68
73.9336,26838,399,409,422,473,68
73.9604,26839,401,410,422,475,68
73.9855,26840,401,410,424,476,69
74.0100,26841,401,412,424,478,70
74.0375,26842,401,414,425,479,72
74.0615,26843,401,414,425,479,72
74.0873,26844,401,414,425,479,72
74.1143,26845,399,414,425,482,75
74.1400,26846,399,413,424,483,75
74.1645,26847,398,415,424,485,76
74.1913,26848,398,415,424,485,76
74.2166,26849,397,416,424,486,76
74.2426,26850,397,414,424,486,76
74.2689,26851,397,414,424,486,76
74.2946,26852,396,412,424,487,76
74.3212,26853,395,411,424,488,77
74.3467,26854,395,412,424,488,77
74.3742,26855,395,411,423,489,77
74.3982,26856,395,411,423,489,77
74.4263,26857,394,410,424,490,77
74.4514,26858,394,409,424,491,77
74.4755,26859,394,409,424,491,77
74.5014,26860,393,408,425,492,77
74.5264,26861,393,408,425,492,77
74.5518,26862,392,410,425,493,78
74.5783,26863,392,409,425,493,77
74.6045,26864,392,409,425,493,77
74.6323,26865,391,410,425,494,77
74.6572,26866,391,410,426,494,77
74.6811,26867,391,410,426,494,77
74.7079,26868,391,409,426,495,76
74.7355,26869,391,409,426,495,76
74.7604,26870,391,410,426,495,76
74.7866,26871,390,410,427,496,76
74.8105,26872,390,410,427,496,76
74.8372,26873,390,410,428,496,76
74.8612,26874,390,410,428,496,76
74.8875,26875,390,410,428,496,76
74.9136,26876,390,410,428,496,76
74.9402,26877,389,410,428,496,76
74.9656,26878,389,412,429,496,76
74.9936,26879,384,414,428,494,72
75.0170,26880,380,450,418,488,74
75.0463,26881,380,450,418,488,74
75.0711,26882,378,450,422,484,79
75.0985,26883,374,455,424,483,77
75.1236,26884,370,456,426,482,71
75.1487,26885,367,459,426,481,58
75.1487,26885,405,435,427,479,30
75.1735,26886,370,442,428,480,47
75.1735,26886,365,468,424,482,41
75.2004,26887,370,442,428,480,47
75.2004,26887,365,468,424,482,41
75.2263,26888,364,450,428,482,63
75.2527,26889,361,456,429,482,64
75.2775,26890,361,456,429,482,64
75.3036,26891,363,449,432,481,69
75.3294,26892,356,456,432,482,66
75.3545,26893,354,458,432,482,65
75.3799,26894,352,459,434,481,64
75.4073,26895,352,459,434,481,64
75.4329,26896,351,459,434,481,65
75.4587,26897,349,463,432,481,66
75.4847,26898,348,464,432,481,66
75.5096,26899,347,465,432,481,66
75.5345,26900,347,465,432,481,66
75.5634,26901,345,465,432,481,67
75.5871,26902,344,465,432,481,67
75.6127,26903,344,465,432,481,67
75.6400,26904,343,465,432,481,67
75.6665,26905,342,465,432,481,64
75.6914,26906,341,465,431,481,63
75.7176,26907,340,465,432,481,63
75.7428,26908,340,465,432,481,63
75.7711,26909,340,465,432,481,64
75.7951,26910,339,465,431,481,63
75.8198,26911,338,465,431,481,62
75.8467,26912,338,466,430,480,62
75.8714,26913,338,466,430,480,62
75.9004,26914,337,466,429,480,62
75.9255,26915,336,466,429,480,61
75.9513,26916,336,466,429,480,61
75.9778,26917,336,466,429,480,61
76.0042,26918,335,466,427,480,61
76.0295,26919,334,466,427,480,61
76.0560,26920,334,466,426,480,61
76.0831,26921,334,466,426,480,61
76.1074,26922,334,465,424,480,62
76.1342,26923,333,465,422,480,60
76.1604,26924,332,465,422,479,59
76.1870,26925,332,464,421,480,59
76.2099,26926,332,464,421,480,60
76.2366,26927,332,464,421,480,60
76.2618,26928,331,464,420,480,59
76.2881,26929,331,464,420,480,59
76.3141,26930,330,465,420,479,61
76.3403,26931,330,464,420,479,60
76.3657,26932,330,464,421,479,60
76.3922,26933,329,464,420,479,60
76.4166,26934,329,464,420,479,60
76.4437,26935,328,463,420,479,59
76.4684,26936,327,463,420,479,61
76.4945,26937,328,463,418,479,60
76.5197,26938,327,464,420,478,61
76.5453,26939,327,464,420,478,61
76.5716,26940,327,463,418,479,61
76.5983,26941,326,460,406,478,64
76.6231,26942,326,460,406,478,64
76.6505,26943,328,457,406,479,68
76.6763,26944,326,456,401,480,72
76.7015,26945,324,455,399,482,74
76.7267,26946,323,454,400,482,75
76.7546,26947,322,454,403,482,75
76.7781,26948,322,454,403,482,75
76.8057,26949,321,452,403,482,76
76.8315,26950,320,452,402,481,76
76.8568,26951,319,451,400,481,77
76.8823,26952,319,451,400,481,77
76.9085,26953,319,451,400,481,77
76.9338,26954,318,450,398,480,77
76.9585,26955,318,450,398,480,77
76.9847,26956,316,450,397,480,77
77.0115,26957,316,450,400,480,77
77.0352,26958,316,449,398,480,77
77.0616,26959,315,448,396,480,77
77.0880,26960,315,448,396,480,77
77.1134,26961,315,448,396,480,77
77.1393,26962,314,448,396,480,77
77.1677,26963,313,447,394,479,77
77.1903,26964,313,446,393,480,76
77.2175,26965,313,446,393,480,76
77.2422,26966,313,446,392,480,77
77.2692,26967,312,446,392,480,77
77.2937,26968,312,446,392,480,77
77.3193,26969,311,446,394,480,77
77.3466,26970,311,445,393,479,77
77.3726,26971,310,444,394,480,77
77.3964,26972,310,444,394,480,77
77.4234,26973,310,444,394,480,77
77.4498,26974,309,444,394,480,78
77.4747,26975,309,443,392,479,77
77.5013,26976,309,444,392,480,78
77.5245,26977,308,443,393,479,77
77.5514,26978,308,443,393,479,77
77.5764,26979,308,443,392,479,78
77.6032,26980,308,443,392,479,78
77.6284,26981,307,443,392,479,77
77.6554,26982,307,443,392,479,77
77.6815,26983,307,443,392,479,78
77.7071,26984,307,442,390,478,78
77.7332,26985,307,442,392,478,77
77.7588,26986,307,442,392,478,77
77.7849,26987,306,442,391,478,77
77.8105,26988,306,442,392,478,77
77.8365,26989,306,442,391,478,78
77.8613,26990,306,441,391,478,78
77.8876,26991,306,441,391,478,78
77.9145,26992,306,441,391,478,78
77.9405,26993,305,440,391,478,77
77.9658,26994,305,440,392,478,78
77.9915,26995,305,440,392,478,78
78.0195,26996,305,440,390,478,78
78.0426,26997,304,440,391,478,77
78.0686,26998,304,440,391,478,77
78.0937,26999,304,440,391,478,77
78.1197,27000,305,440,391,478,78
78.1452,27001,304,440,391,478,78
78.1704,27002,304,438,390,478,78
78.1955,27003,305,436,389,478,79
78.2213,27004,305,436,389,478,79
78.2476,27005,306,434,388,478,79
78.2737,27006,307,434,387,476,76
78.3001,27007,307,432,384,476,79
78.3257,27008,307,432,384,476,79
78.3531,27009,306,431,381,475,78
78.3767,27010,306,429,381,475,79
78.4019,27011,306,429,381,475,79
78.4286,27012,306,429,382,475,79
78.4536,27013,306,428,378,474,77
78.4811,27014,306,428,378,474,77
78.5048,27015,305,426,378,474,77
78.5312,27016,304,425,379,475,78
78.5569,27017,304,425,379,475,78
78.5828,27018,305,425,378,475,78
78.6085,27019,304,424,379,474,78
78.6327,27020,304,423,379,475,79
78.6595,27021,304,423,379,475,79
78.6854,27022,303,423,379,475,79
78.7098,27023,303,422,378,475,79
78.7366,27024,303,422,378,475,79
78.7634,27025,302,421,377,475,79
78.7885,27026,302,421,377,475,78
78.8145,27027,302,421,376,475,79
78.8390,27028,302,420,376,475,78
78.8645,27029,302,420,376,475,78
78.8902,27030,302,420,376,475,78
78.9196,27031,301,419,374,475,79
78.9449,27032,301,418,373,476,79
78.9698,27033,301,418,373,476,79
78.9965,27034,301,418,373,476,79
79.0235,27035,300,418,372,476,80
79.0485,27036,300,418,370,476,79
79.0740,27037,300,418,370,476,79
79.1015,27038,300,418,369,476,79
79.1282,27039,300,417,370,477,80
79.1545,27040,300,417,369,477,80
79.1800,27041,300,417,368,477,80
79.2055,27042,300,416,369,476,79
79.2321,27043,300,416,369,476,79
79.2587,27044,300,416,368,476,80
79.2836,27045,300,416,368,476,80
79.3094,27046,300,415,370,477,79
79.3369,27047,300,415,370,477,79
79.3639,27048,300,415,369,477,80
79.3881,27049,299,415,369,477,80
79.4138,27050,299,415,369,477,79
79.4387,27051,299,415,369,477,79
79.4665,27052,300,415,369,478,79
79.4924,27053,299,415,369,477,79
79.5185,27054,299,414,368,478,79
79.5419,27055,299,414,368,478,79
79.5696,27056,299,414,368,478,79
79.5940,27057,299,414,369,478,79
79.6197,27058,298,414,370,478,79
79.6459,27059,298,414,363,477,80
79.6701,27060,298,414,363,477,80
79.6981,27061,298,414,363,477,80
79.7225,27062,299,413,367,477,79
79.7484,27063,298,412,360,476,80
79.7738,27064,298,412,360,476,80
79.8016,27065,298,413,362,477,79
79.8263,27066,298,413,363,477,80
79.8512,27067,298,413,365,477,80
79.8756,27068,297,412,361,476,80
79.9027,27069,297,412,361,476,80
79.9269,27070,297,412,363,478,80
79.9554,27071,298,413,362,477,80
79.9790,27072,297,412,359,476,80
80.0049,27073,297,412,360,476,80
80.0298,27074,297,412,360,476,80
80.0557,27075,297,412,358,476,80
80.0814,27076,297,412,361,478,79
80.1063,27077,297,412,361,478,79
80.1343,27078,297,412,360,476,80
80.1594,27079,297,412,360,478,79
80.1841,27080,298,412,361,478,80
80.2099,27081,298,412,361,478,80
80.2367,27082,297,412,361,478,81
80.2628,27083,298,412,361,478,79
80.2894,27084,297,412,361,478,80
80.3148,27085,297,412,361,478,79
80.3396,27086,297,411,361,478,80
80.3684,27087,297,411,361,478,80
80.3922,27088,296,410,360,478,79
80.4187,27089,297,410,360,478,79
80.4440,27090,297,410,360,478,79
80.4703,27091,294,415,362,477,79
80.4964,27092,290,420,341,468,74
80.5215,27093,288,423,336,463,74
80.5472,27094,285,425,337,455,66
80.5727,27095,285,425,337,455,66
80.5981,27096,281,426,338,446,61
80.6257,27097,277,426,338,444,61
80.6499,27098,275,426,339,448,62
80.6754,27099,273,425,335,439,62
80.7020,27100,273,425,335,439,62
80.7284,27101,271,424,335,440,62
80.7543,27102,268,424,334,440,64
80.7802,27103,268,424,334,440,64
80.8068,27104,267,423,332,440,68
80.8332,27105,266,422,332,440,68
80.8571,27106,264,425,334,441,67
80.8571,27106,308,426,349,454,31
80.8846,27107,263,425,333,441,68
80.9103,27108,263,425,333,441,68
80.9370,27109,261,425,334,441,68
80.9624,27110,260,425,339,441,68
80.9881,27111,260,426,339,442,68
81.0124,27112,259,425,338,441,68
81.0398,27113,259,425,338,441,68
81.0640,27114,258,426,337,442,69
81.0896,27115,257,426,338,442,69
81.1154,27116,257,426,338,442,69
81.1442,27117,255,426,321,442,68
81.1681,27118,255,426,322,442,66
81.1925,27119,254,426,326,442,66
81.2172,27120,253,426,320,442,67
81.2434,27121,253,426,320,442,67
81.2714,27122,253,428,329,442,67
81.2962,27123,252,426,323,442,67
81.3204,27124,252,426,324,442,66
81.3466,27125,250,426,317,442,65
81.3732,27126,250,426,317,442,65
81.3974,27127,250,426,322,442,66
81.4236,27128,250,426,322,442,66
81.4488,27129,250,427,331,443,66
81.4762,27130,249,426,320,443,65
81.5015,27131,248,426,314,442,66
81.5275,27132,248,425,312,443,66
81.5559,27133,248,425,313,443,67
81.5797,27134,248,425,313,443,67
81.6081,27135,250,428,307,448,65
81.6348,27136,257,421,300,460,76
81.6593,27137,257,415,291,465,76
81.6856,27138,256,412,284,472,75
81.7095,27139,256,412,284,472,75
81.7365,27140,256,410,287,478,72
81.7599,27141,256,410,287,478,72
81.7884,27142,256,414,285,485,66
81.8151,27143,256,421,280,490,61
81.8420,27144,255,426,272,494,50
81.8664,27145,255,430,269,498,47
81.8915,27146,255,431,269,501,45
81.9196,27147,255,431,269,501,45
81.9450,27148,255,434,268,505,43
81.9703,27149,255,433,269,508,42
81.9954,27150,254,432,269,510,45
82.0227,27151,254,445,267,513,40
82.0494,27152,254,445,267,513,40
82.0743,27153,254,430,272,514,45
82.0996,27154,254,430,272,514,45
82.1254,27155,254,436,269,517,44
82.1521,27156,253,445,269,519,38
82.1521,27156,256,427,276,485,34
82.1781,27157,253,442,268,518,38
82.2042,27158,253,443,267,519,40
82.2284,27159,254,443,268,519,38
82.2544,27160,254,443,268,519,38
82.2804,27161,253,449,267,519,37
82.3062,27162,253,460,266,520,31
82.3828,27165,253,462,266,520,31
82.4089,27166,253,459,266,519,30
82.4355,27167,254,458,265,518,32
82.4605,27168,254,458,265,518,32
82.4853,27169,254,458,265,518,32
82.5123,27170,254,454,265,518,32
82.5364,27171,254,457,265,519,30
82.5623,27172,254,457,265,519,30
82.5874,27173,254,457,265,519,30
82.8450,27183,249,479,266,519,41
82.8698,27184,249,479,266,519,41
82.8965,27185,249,479,266,519,41
82.9227,27186,246,481,262,518,51
82.9503,27187,250,465,268,517,33
82.9755,27188,250,465,268,517,33
83.0015,27189,273,536,294,556,30
83.0272,27190,273,536,295,558,36
83.0536,27191,275,535,297,561,59
83.0795,27192,274,536,297,563,58
83.1056,27193,274,536,297,563,58
83.1327,27194,275,536,300,566,66
83.1594,27195,276,535,299,567,66
83.1863,27196,276,536,300,568,69
83.2118,27197,276,536,300,570,69
83.2376,27198,274,535,301,572,71
83.2619,27199,274,535,301,572,71
83.2883,27200,274,535,301,572,71
83.3156,27201,275,536,301,574,70
83.3401,27202,275,536,301,574,70
83.3655,27203,276,538,302,570,69
83.3926,27204,274,540,302,566,62
83.4198,27205,269,540,302,566,59
83.4198,27205,310,537,326,563,33
83.4435,27206,270,542,302,566,45
83.4696,27207,270,542,302,566,45
83.4950,27208,274,543,300,571,31
83.8570,27222,265,492,275,514,33
83.8823,27223,266,489,275,515,40
83.9068,27224,265,485,275,516,44
83.9334,27225,265,485,275,516,44
83.9594,27226,265,482,275,520,51
83.9852,27227,265,482,275,520,51
84.0124,27228,265,480,275,521,54
84.0380,27229,264,478,275,521,52
84.0629,27230,264,476,275,522,52
84.0869,27231,264,474,275,522,50
84.1134,27232,264,472,274,522,45
84.1401,27233,264,472,274,522,45
84.1672,27234,262,474,280,520,64
84.1915,27235,256,478,291,518,79
84.2170,27236,252,478,298,515,75
84.2415,27237,250,476,306,510,75
84.2699,27238,250,476,306,510,75
84.2950,27239,250,474,311,508,75
84.3191,27240,250,474,311,508,75
84.3455,27241,248,473,317,509,73
84.3721,27242,249,472,323,504,73
84.3955,27243,272,476,329,494,60
84.4215,27244,284,472,347,488,71
84.4482,27245,284,472,347,488,71
84.4752,27246,280,472,363,493,68
84.4990,27247,306,472,377,484,63
84.5245,27248,318,472,389,482,59
84.5499,27249,323,470,399,482,58
84.5760,27250,323,470,399,482,58
84.6015,27251,326,468,409,482,60
84.6269,27252,332,468,416,482,63
84.6532,27253,332,468,416,482,63
84.6800,27254,337,466,423,480,66
84.7063,27255,347,466,430,480,64
84.7314,27256,350,464,436,480,63
84.7571,27257,354,464,441,480,62
84.7851,27258,354,464,441,480,62
84.8111,27259,357,462,446,482,60
84.8371,27260,368,462,452,480,64
84.8613,27261,394,459,452,481,69
84.8872,27262,413,454,460,488,71
84.9132,27263,413,454,460,488,71
84.9399,27264,412,452,470,492,76
84.9663,27265,437,467,484,489,55
84.9915,27266,440,474,495,490,69
85.0168,27267,440,474,495,490,69
85.0425,27268,438,470,503,490,68
85.0680,27269,441,472,511,490,66
85.0944,27270,451,472,518,490,69
85.1182,27271,451,472,518,490,69
85.1441,27272,454,472,524,490,68
85.1710,27273,453,471,530,489,67
85.1964,27274,470,470,534,488,69
85.2223,27275,472,469,538,487,68
85.2491,27276,472,469,538,487,68
85.2747,27277,475,468,543,486,67
85.3021,27278,481,468,547,484,65
85.3260,27279,480,468,550,486,65
85.3528,27280,480,468,550,486,65
85.3785,27281,479,468,553,486,65
85.4034,27282,478,468,558,486,61
85.4301,27283,485,467,561,483,57
85.4536,27284,485,467,561,483,57
85.4805,27285,486,467,564,483,56
85.5093,27286,494,466,566,482,49
85.5325,27287,495,467,570,481,50
85.5575,27288,499,466,573,480,53
85.5835,27289,499,466,573,480,53
85.6101,27290,501,466,575,480,43
85.6348,27291,508,466,578,478,45
85.6602,27292,508,466,580,478,44
85.6876,27293,508,466,580,478,44
85.7131,27294,516,466,582,477,43
85.7384,27295,518,467,584,477,30
85.7645,27296,518,467,584,477,30
86.1502,27311,532,465,606,475,30
86.6165,27329,550,462,622,473,38
86.6415,27330,547,462,623,474,44
86.6662,27331,547,462,624,473,44
86.6905,27332,547,462,624,473,44
86.7170,27333,549,462,625,473,35
86.8466,27338,552,462,628,473,37
86.8727,27339,552,462,628,473,37
86.8977,27340,552,462,628,473,37
86.9247,27341,553,462,630,473,31
86.9497,27342,550,462,630,473,32
86.9761,27343,551,461,631,473,40
87.0011,27344,551,461,631,473,37
87.0261,27345,551,461,631,473,37
87.0532,27346,564,462,632,472,49
87.0775,27347,560,461,632,473,47
87.1043,27348,560,461,632,473,47
87.1288,27349,562,460,634,472,50
87.1554,27350,564,461,634,473,53
87.1824,27351,557,461,635,473,51
87.2061,27352,561,461,635,473,58
87.2324,27353,561,461,635,473,58
87.2584,27354,562,460,636,472,47
87.2847,27355,562,460,636,472,47
87.3097,27356,557,460,637,472,50
87.3366,27357,559,460,637,472,52
87.3615,27358,564,460,639,472,54
87.3866,27359,564,460,639,472,54
87.4122,27360,560,460,639,472,55
87.4378,27361,560,460,639,472,55
87.4635,27362,562,460,640,472,47
87.4900,27363,565,460,641,472,55
87.5158,27364,562,460,642,472,58
87.5410,27365,569,460,642,472,55
87.5676,27366,569,460,642,472,55
87.5915,27367,574,454,642,474,73
87.6190,27368,583,453,645,475,74
87.6428,27369,579,452,651,476,75
87.6694,27370,579,452,651,476,75
87.6961,27371,579,452,651,476,75
87.7236,27372,576,448,658,474,75
87.7461,27373,574,447,660,473,75
87.7745,27374,574,447,660,473,75
87.7992,27375,576,446,664,472,76
87.8250,27376,580,444,666,474,75
87.8501,27377,582,443,668,473,73
87.8758,27378,586,442,670,474,73
87.9036,27379,586,442,670,474,73
87.9276,27380,586,441,672,474,74
87.9543,27381,589,440,675,473,75
87.9794,27382,588,439,676,474,75
88.0042,27383,591,438,677,474,76
88.0315,27384,591,438,677,474,76
88.0563,27385,592,438,680,476,77
88.0851,27386,592,438,680,476,77
88.1099,27387,592,438,680,476,77
88.1359,27388,596,437,682,475,78
88.1623,27389,598,435,684,475,78
88.1875,27390,600,435,686,474,77
88.2142,27391,602,434,687,474,78
88.2402,27392,602,434,687,474,78
88.2673,27393,605,434,688,474,77
88.2937,27394,607,433,689,475,77
88.3192,27395,607,433,690,475,78
88.3449,27396,607,432,691,475,78
88.3711,27397,610,431,692,475,77
88.3969,27398,610,431,692,475,77
88.4222,27399,610,430,693,476,79
88.4480,27400,610,430,693,476,79
88.4744,27401,612,430,694,476,78
88.5030,27402,611,429,695,477,79
88.5256,27403,613,429,696,477,79
88.5523,27404,614,428,697,476,79
88.5798,27405,614,428,698,476,78
88.6058,27406,614,428,698,476,78
88.6313,27407,614,428,698,476,78
88.6581,27408,616,428,699,476,78
88.6820,27409,617,427,700,475,78
88.7084,27410,618,426,702,475,78
88.7340,27411,618,426,702,475,78
88.7599,27412,618,426,702,476,79
88.7861,27413,619,425,703,475,78
88.8126,27414,619,425,703,475,78
88.8388,27415,619,425,704,475,78
88.8646,27416,620,424,704,475,79
88.8890,27417,622,424,705,474,78
88.9158,27418,621,423,705,474,79
88.9405,27419,621,423,705,474,79
88.9683,27420,622,423,706,475,79
88.9933,27421,622,422,706,476,77
89.0176,27422,624,426,708,472,72
89.0424,27423,657,428,713,454,56
89.0686,27424,657,428,713,454,56
89.0936,27425,655,426,719,442,61
89.1200,27426,655,426,719,442,61
89.1467,27427,655,422,725,442,72
89.1724,27428,646,422,730,448,76
89.1977,27429,645,421,735,449,75
89.2227,27430,645,421,740,449,75
89.2491,27431,645,421,740,449,75
89.2749,27432,650,418,744,446,72
89.3053,27433,654,419,748,445,74
89.3285,27434,658,418,752,444,75
89.3524,27435,664,417,756,441,76
89.3784,27436,666,416,758,441,76
89.4051,27437,666,416,758,441,76
89.4302,27438,668,416,760,440,75
89.4562,27439,668,416,760,440,75
89.4826,27440,671,415,763,439,71
89.5082,27441,672,414,766,439,66
89.5337,27442,706,415,768,435,50
89.5586,27443,719,412,773,436,68
89.5845,27444,719,412,773,436,68
89.6111,27445,721,412,783,436,73
89.6362,27446,726,414,792,438,76
89.6623,27447,720,414,800,440,75
89.6880,27448,724,417,806,441,76
89.7147,27449,734,420,814,442,74
89.7412,27450,734,420,814,442,74
89.7661,27451,737,420,819,444,73
89.7927,27452,737,420,819,444,73
89.8185,27453,741,422,823,444,68
89.8433,27454,740,422,828,446,69
89.8696,27455,741,420,832,446,70
89.8966,27456,747,425,835,447,69
89.9226,27457,747,425,835,447,69
89.9485,27458,759,428,841,448,68
89.9763,27459,796,430,836,458,70
90.0015,27460,806,424,834,458,32
90.0263,27461,791,424,838,455,72
90.0528,27462,780,436,842,458,67
90.0788,27463,780,436,842,458,67
90.1039,27464,768,439,836,459,68
90.1303,27465,757,438,829,458,63
90.1556,27466,757,438,829,458,63
90.1822,27467,749,443,819,459,52
90.2085,27468,740,445,812,459,34
90.3373,27473,711,443,773,463,71
90.3622,27474,694,444,756,460,67
90.3875,27475,680,443,744,460,68
90.4149,27476,680,443,744,460,68
90.4403,27477,668,445,730,465,67
90.4662,27478,656,443,722,466,71
90.4922,27479,656,443,722,466,71
90.5183,27480,642,450,708,468,64
90.5439,27481,620,445,670,474,73
90.5693,27482,595,439,651,463,60
90.5944,27483,577,435,637,467,78
90.6219,27484,577,435,637,467,78
90.6486,27485,563,432,633,472,77
90.6722,27486,552,430,622,476,74
90.6979,27487,544,426,624,478,79
90.7232,27488,531,452,585,488,72
90.7493,27489,531,452,585,488,72
90.7738,27490,509,472,564,486,48
90.7738,27490,517,448,583,484,36
90.8002,27491,489,478,549,488,52
90.8256,27492,489,478,549,488,52
90.8526,27493,476,478,538,488,31
90.9037,27495,450,478,508,492,50
90.9287,27496,432,477,490,491,62
90.9552,27497,432,477,490,491,62
90.9825,27498,413,472,477,492,69
91.0084,27499,399,470,465,490,69
91.0326,27500,386,467,461,487,68
91.0577,27501,377,465,456,484,68
91.0845,27502,377,465,456,484,68
91.1112,27503,368,463,453,483,66
91.1368,27504,359,460,448,482,68
91.1637,27505,359,460,448,482,68
91.1896,27506,352,459,443,481,68
91.2163,27507,346,458,439,480,69
91.2397,27508,339,457,428,477,70
91.2665,27509,339,457,428,477,70
91.2929,27510,339,457,428,477,70
91.3183,27511,328,456,417,476,72
91.3446,27512,323,454,410,474,73
91.3695,27513,318,453,408,473,72
91.3944,27514,314,453,396,471,70
91.4211,27515,314,453,396,471,70
91.4480,27516,310,452,392,470,71
91.4730,27517,306,451,392,469,71
91.4994,27518,306,451,392,469,71
91.5262,27519,302,451,387,469,72
91.5517,27520,299,450,388,468,73
91.5753,27521,296,450,386,468,73
91.5999,27522,292,448,386,468,72
91.6270,27523,292,448,386,468,72
91.6544,27524,288,448,384,468,67
91.6813,27525,288,448,384,468,67
91.7054,27526,283,447,378,467,66
91.7319,27527,281,445,376,467,70
91.7571,27528,281,445,376,467,70
91.7841,27529,278,445,375,467,71
91.8113,27530,275,444,370,468,73
91.8370,27531,275,444,370,468,73
91.8632,27532,273,443,365,466,75
91.8903,27533,271,442,361,466,75
91.9152,27534,269,442,361,466,78
91.9420,27535,266,441,359,465,77
91.9662,27536,266,441,359,465,77
91.9925,27537,264,440,356,464,77
92.0176,27538,273,431,325,463,67
92.0439,27539,273,431,325,463,67
92.0696,27540,272,431,312,467,76
92.0976,27541,268,434,314,466,78
92.1222,27542,265,434,322,467,70
92.1502,27543,264,433,331,463,66
92.1727,27544,264,433,331,463,66
92.2017,27545,262,432,340,460,62
92.2271,27546,261,430,346,454,63
92.2534,27547,268,429,351,450,65
92.2773,27548,272,428,356,446,68
92.3038,27549,272,428,356,446,68
92.3301,27550,277,428,362,444,67
92.3549,27551,280,427,368,443,66
92.3811,27552,280,427,368,443,66
92.4098,27553,292,428,372,442,65
92.4347,27554,304,427,376,441,66
92.4586,27555,310,428,380,442,68
92.4838,27556,312,427,384,442,71
92.5110,27557,312,427,384,442,71
92.5378,27558,315,426,387,442,72
92.5639,27559,318,427,389,443,73
92.5890,27560,318,425,392,443,75
92.6160,27561,317,424,396,444,74
92.6404,27562,317,424,396,444,74
92.6667,27563,322,423,398,444,74
92.6924,27564,321,420,400,444,75
92.7195,27565,321,420,400,444,75
92.7449,27566,325,420,403,444,75
92.7713,27567,327,421,405,445,74
92.7974,27568,333,423,407,445,72
92.8197,27569,333,422,409,446,72
92.8474,27570,333,422,409,446,72
92.8727,27571,338,423,411,446,70
92.9002,27572,339,424,413,446,69
92.9259,27573,340,423,415,447,67
92.9519,27574,344,422,416,446,67
92.9762,27575,344,422,416,446,67
93.0034,27576,346,424,418,447,64
93.0270,27577,353,428,417,448,59
93.0529,27578,353,428,417,448,59
93.0790,27579,381,427,420,464,77
93.1061,27580,380,426,438,470,66
93.2599,27586,410,459,486,491,52
93.2859,27587,444,467,498,491,67
93.3132,27588,444,467,498,491,67
93.3395,27589,452,471,509,491,71
93.3649,27590,460,470,520,490,72
93.3905,27591,460,470,520,490,72
93.4159,27592,461,467,530,489,74
93.4420,27593,468,465,538,487,74
93.4680,27594,472,464,544,486,73
93.4928,27595,476,462,551,486,73
93.5202,27596,476,462,551,486,73
93.5454,27597,482,459,558,485,72
93.5715,27598,485,458,563,485,74
93.5975,27599,488,457,567,485,74
93.6232,27600,488,456,572,486,72
93.6477,27601,488,456,572,486,72
93.6737,27602,490,456,576,486,71
93.6999,27603,493,454,581,486,74
93.7254,27604,497,454,585,486,73
93.7521,27605,497,454,585,486,73
93.7779,27606,499,453,589,485,70
93.8037,27607,504,452,593,482,71
93.8284,27608,506,451,597,482,73
93.8543,27609,506,451,597,482,73
93.8798,27610,513,445,595,477,70
93.9058,27611,554,436,600,470,77
93.9313,27612,552,434,612,472,76
93.9564,27613,550,426,622,470,77
93.9832,27614,550,426,622,470,77
94.0099,27615,554,419,632,463,79
94.0365,27616,569,414,641,464,79
94.0616,27617,575,410,649,463,81
94.0882,27618,575,410,649,463,81
94.1145,27619,580,407,658,459,79
94.1393,27620,598,408,666,447,66
94.1646,27621,618,408,684,426,64
94.1904,27622,618,408,684,426,64
94.2176,27623,624,412,700,424,61
94.2442,27624,638,412,714,424,64
94.2693,27625,642,412,726,423,61
94.2955,27626,658,412,736,424,55
94.3197,27627,677,413,745,423,51
94.3465,27628,677,413,745,423,51
94.3735,27629,691,413,755,423,55
94.4000,27630,699,412,763,422,57
94.4249,27631,699,412,763,422,57
94.4517,27632,704,412,770,422,56
94.4792,27633,709,411,776,422,58
94.5044,27634,717,410,783,422,58
94.5304,27635,725,411,789,421,58
94.5558,27636,725,411,789,421,58
94.5825,27637,728,411,794,421,56
94.6093,27638,734,410,799,421,57
94.6347,27639,740,410,804,420,49
94.6613,27640,742,410,808,420,56
94.6872,27641,742,410,808,420,56
94.7136,27642,749,409,814,420,58
94.7391,27643,752,408,818,420,59
94.7656,27644,752,408,818,420,59
94.7902,27645,758,408,822,420,58
94.8165,27646,762,408,826,420,57
94.8411,27647,766,409,830,419,54
94.8676,27648,766,409,830,419,54
94.8926,27649,766,409,830,419,54
94.9211,27650,776,405,834,421,64
94.9449,27651,794,398,828,434,64
94.9694,27652,793,393,829,431,67
94.9956,27653,786,394,832,432,75
95.0212,27654,786,394,832,432,75
95.0479,27655,780,399,836,435,73
95.0732,27656,773,411,833,437,68
95.0996,27657,773,411,833,437,68
95.1258,27658,766,399,838,439,69
95.1515,27659,760,420,813,448,74
95.1774,27660,742,427,796,447,48
95.2022,27661,721,434,791,448,59
95.2282,27662,721,434,791,448,59
95.2538,27663,705,435,777,451,68
95.2801,27664,705,435,777,451,68
95.3051,27665,680,435,734,454,63
95.3315,27666,640,435,708,462,74
95.3566,27667,640,435,708,462,74
95.3839,27668,616,435,698,469,75
95.4095,27669,595,447,685,475,68
95.4344,27670,578,457,666,479,71
95.4616,27671,578,457,666,479,71
95.4873,27672,562,460,642,482,67
95.5125,27673,547,470,603,489,66
95.5385,27674,531,468,596,488,67
95.5656,27675,531,468,596,488,67
95.5912,27676,512,472,576,486,62
95.5912,27676,560,464,600,486,41
95.6172,27677,496,473,562,487,64
95.6416,27678,485,472,550,486,68
95.6675,27679,485,472,550,486,68
95.6922,27680,485,472,550,486,68
95.7200,27681,464,468,540,484,65
95.7463,27682,455,467,534,483,61
95.7705,27683,446,466,530,482,62
95.7977,27684,446,466,530,482,62
95.8224,27685,438,466,525,480,64
95.8472,27686,432,466,522,480,60
95.8744,27687,432,466,522,480,60
95.8998,27688,428,465,518,479,59
95.9266,27689,419,465,502,477,56
95.9527,27690,414,464,498,476,55
95.9766,27691,408,464,493,476,55
96.0025,27692,404,465,488,475,50
96.0284,27693,404,465,488,475,50
96.0543,27694,400,464,485,475,43
96.0802,27695,400,464,485,475,43
96.1053,27696,389,462,463,474,45
96.1316,27697,389,462,463,474,45
96.1571,27698,385,462,461,473,48
96.1821,27699,381,462,456,473,46
96.2100,27700,381,462,456,473,46
96.2344,27701,378,462,450,474,55
96.2604,27702,374,462,451,474,57
96.2851,27703,371,462,443,474,56
96.3127,27704,367,462,443,474,53
96.3375,27705,367,462,443,474,53
96.3639,27706,364,462,437,474,52
96.3882,27707,361,461,429,473,59
96.4161,27708,358,460,427,474,61
96.4397,27709,355,460,431,474,58
96.4684,27710,355,460,431,474,58
96.4924,27711,355,460,431,474,58
96.5178,27712,350,460,431,474,58
96.5432,27713,350,460,431,474,58
96.5703,27714,348,460,435,474,62
96.5955,27715,345,459,424,473,63
96.6196,27716,343,459,421,473,66
96.6453,27717,340,458,420,474,65
96.6712,27718,340,458,420,474,65
96.6983,27719,339,459,420,474,65
96.7241,27720,337,459,418,473,64
96.7499,27721,335,458,416,473,64
96.7758,27722,333,458,416,474,64
96.8018,27723,333,458,416,474,64
96.8286,27724,332,458,417,474,65
96.8527,27725,330,458,420,474,67
96.8788,27726,330,458,420,474,67
96.9053,27727,328,457,421,475,67
96.9318,27728,326,457,418,475,68
96.9557,27729,324,457,417,475,67
96.9833,27730,322,457,416,475,68
97.0068,27731,322,457,416,475,68
97.0345,27732,321,456,414,476,66
97.0587,27733,320,457,402,475,66
97.0847,27734,318,456,412,476,65
97.1104,27735,316,456,402,474,66
97.1364,27736,316,456,402,474,66
97.1613,27737,316,456,408,476,67
97.1864,27738,315,456,407,476,68
97.2141,27739,315,456,407,476,68
97.2402,27740,313,456,406,476,69
97.2658,27741,311,456,404,476,69
97.2916,27742,310,456,403,476,67
97.3164,27743,308,455,403,477,70
97.3426,27744,308,455,403,477,70
97.3681,27745,308,455,402,477,69
97.3938,27746,306,455,401,477,71
97.4193,27747,305,455,400,477,68
97.4450,27748,304,454,399,478,71
97.4723,27749,304,454,399,478,71
97.4993,27750,303,454,398,478,68
97.5234,27751,302,454,397,478,72
97.5513,27752,302,454,397,478,72
97.5757,27753,301,453,394,477,70
97.6025,27754,300,453,393,477,70
97.6276,27755,299,454,391,476,70
97.6536,27756,298,453,388,477,69
97.6782,27757,298,453,388,477,69
97.7066,27758,297,453,389,477,71
97.7335,27759,296,453,388,477,72
97.7574,27760,295,453,386,477,71
97.7840,27761,294,452,386,478,71
97.8084,27762,292,452,385,478,72
97.8348,27763,292,452,385,478,72
97.8616,27764,291,452,382,477,72
97.8863,27765,291,452,382,477,72
97.9129,27766,291,452,379,476,71
97.9383,27767,290,451,380,477,72
97.9642,27768,289,451,375,475,70
97.9899,27769,288,451,378,476,71
98.0159,27770,288,451,378,476,71
98.0418,27771,288,451,375,475,71
98.0684,27772,287,450,378,478,72
98.0932,27773,286,450,377,476,70
98.1194,27774,286,450,376,476,72
98.1442,27775,286,450,376,476,72
98.1716,27776,285,450,365,474,70
98.1972,27777,284,450,364,474,72
98.2236,27778,284,450,364,474,72
98.2496,27779,284,450,367,476,72
98.2754,27780,284,449,369,475,73
98.3004,27781,283,449,368,476,73
98.3255,27782,282,448,368,476,74
98.3535,27783,282,448,368,476,74
98.3773,27784,281,451,341,473,69
98.4042,27785,278,450,332,470,76
98.4297,27786,270,451,334,471,73
98.4554,27787,262,452,331,474,74
98.4806,27788,262,452,331,474,74
98.5075,27789,257,452,323,478,77
98.5313,27790,252,450,314,481,81
98.5591,27791,252,450,314,481,81
98.5834,27792,248,448,319,484,80
98.6092,27793,243,449,316,485,78
98.6343,27794,239,448,316,488,78
98.6639,27795,235,447,316,489,79
98.6867,27796,235,447,316,489,79
98.7138,27797,232,446,315,491,79
98.7396,27798,229,446,314,492,79
98.7665,27799,227,445,311,493,79
98.7924,27800,223,444,308,494,77
98.8176,27801,221,444,306,496,76
98.8433,27802,221,444,306,496,76
98.8705,27803,219,444,304,498,76
98.8943,27804,219,444,304,498,76
98.9215,27805,216,445,300,499,76
98.9460,27806,214,446,298,500,76
98.9723,27807,211,446,297,502,75
98.9973,27808,208,446,294,502,75
99.0235,27809,208,446,294,502,75
99.0500,27810,207,449,294,503,73
99.0761,27811,206,448,291,504,75
99.1016,27812,203,451,289,505,74
99.1265,27813,205,454,288,508,58
99.1524,27814,205,454,288,508,58
99.1797,27815,212,478,246,513,65
99.2043,27816,214,474,243,520,59
99.2043,27816,250,466,275,486,31
99.2312,27817,214,474,243,520,59
99.2312,27817,250,466,275,486,31
99.2564,27818,213,473,234,523,63
99.2828,27819,212,473,237,527,68
99.3076,27820,210,473,239,531,72
99.3325,27821,208,471,240,534,74
99.3587,27822,208,471,240,534,74
99.3859,27823,205,470,241,536,75
99.4120,27824,205,471,240,539,75
99.4372,27825,204,475,241,541,75
99.4622,27826,203,472,241,542,75
99.4917,27827,203,475,241,545,75
99.5194,27828,203,475,241,545,75
99.5445,27829,204,471,242,546,76
99.5695,27830,204,471,242,546,76
99.5965,27831,203,472,242,546,77
99.6240,27832,203,472,243,547,77
99.6494,27833,204,475,242,547,77
99.6744,27834,204,475,242,547,77
99.7000,27835,205,477,242,549,77
99.7271,27836,205,477,242,549,77
99.7526,27837,205,478,242,548,76
99.7785,27838,205,480,242,550,76
99.8038,27839,205,480,242,550,75
99.8289,27840,206,481,241,551,72
99.8548,27841,206,481,241,551,72
99.8812,27842,206,483,241,551,73
99.9066,27843,207,483,242,551,73
99.9342,27844,207,483,242,551,73
99.9604,27845,207,485,241,552,74
99.9877,27846,207,484,242,552,73
100.0120,27847,207,485,240,554,73
100.0377,27848,207,488,241,554,72
100.0640,27849,207,488,241,554,72
100.0913,27850,207,488,241,554,72
100.1154,27851,208,488,240,555,72
100.1431,27852,209,490,241,554,74
100.1431,27852,256,550,269,572,30
100.1673,27853,209,489,240,555,72
100.1673,27853,255,548,269,572,35
100.1937,27854,209,489,240,555,72
100.1937,27854,255,548,269,572,35
100.2182,27855,209,490,240,556,72
100.2182,27855,255,548,270,574,38
100.2457,27856,211,494,240,556,71
100.2457,27856,255,549,270,575,43
100.2711,27857,211,494,240,556,71
100.2711,27857,255,549,270,575,43
100.2980,27858,210,494,240,558,72
100.2980,27858,255,550,270,576,40
100.3234,27859,211,493,240,555,72
100.3234,27859,255,552,270,576,46
100.3495,27860,211,494,240,556,73
100.3495,27860,255,552,271,578,43
100.3747,27861,211,493,240,555,74
100.3747,27861,255,554,271,578,45
100.3997,27862,211,493,240,555,74
100.3997,27862,255,554,271,578,45
100.4260,27863,211,494,240,556,74
100.4260,27863,255,554,272,580,47
100.4517,27864,212,494,240,556,74
100.4517,27864,255,554,272,580,51
100.4769,27865,212,494,240,556,74
100.4769,27865,255,554,272,580,51
100.5022,27866,213,496,240,556,74
100.5022,27866,255,555,272,581,53
100.5278,27867,213,496,240,556,74
100.5278,27867,255,555,272,581,53
100.5531,27868,213,496,241,556,74
100.5531,27868,255,556,272,582,56
100.5796,27869,214,498,240,556,74
100.5796,27869,255,556,272,583,59
100.6049,27870,214,498,240,556,74
100.6049,27870,255,556,272,583,59
100.6304,27871,214,498,240,556,74
100.6304,27871,255,556,273,584,61
100.6304,27871,304,542,314,580,34
100.6568,27872,214,499,241,557,74
100.6568,27872,255,557,273,583,61
100.6568,27872,304,542,314,580,33
100.6825,27873,214,499,241,557,75
100.6825,27873,255,557,273,585,61
100.6825,27873,304,542,314,580,36
100.7082,27874,214,501,241,557,75
100.7082,27874,255,558,273,586,62
100.7082,27874,304,542,314,580,36
100.7330,27875,214,501,241,557,75
100.7330,27875,255,558,273,586,62
100.7330,27875,304,542,314,580,36
100.7616,27876,215,501,241,557,75
100.7616,27876,256,557,273,585,62
100.7616,27876,304,541,314,581,41
100.7867,27877,215,502,240,558,74
100.7867,27877,256,557,274,587,64
100.7867,27877,304,543,314,581,37
100.8122,27878,216,504,241,558,74
100.8122,27878,256,558,274,588,67
100.8122,27878,304,542,315,582,51
100.8377,27879,216,504,241,558,73
100.8377,27879,256,558,274,588,67
100.8377,27879,303,543,315,583,49
100.8636,27880,216,504,241,558,73
100.8636,27880,256,558,274,588,67
100.8636,27880,303,543,315,583,49
100.8886,27881,216,504,241,558,73
100.8886,27881,256,558,274,588,67
100.8886,27881,303,543,315,583,49
100.9158,27882,216,505,241,559,73
100.9158,27882,256,558,275,588,67
100.9158,27882,304,542,315,584,46
100.9400,27883,216,505,241,559,73
100.9400,27883,256,558,275,588,67
100.9400,27883,304,542,315,584,46
100.9692,27884,216,505,241,559,72
100.9692,27884,256,559,274,589,68
100.9692,27884,304,542,315,584,54
100.9936,27885,216,504,241,560,73
100.9936,27885,256,558,274,590,67
100.9936,27885,303,543,316,585,48
101.0192,27886,216,505,241,560,71
101.0192,27886,256,558,274,590,68
101.0192,27886,304,545,316,585,37
101.0440,27887,217,506,241,560,71
101.0440,27887,255,559,275,590,69
101.0440,27887,304,544,315,586,48
101.0704,27888,217,506,241,560,71
101.0704,27888,255,559,275,590,69
101.0704,27888,304,544,315,586,48
101.0965,27889,216,506,241,560,71
101.0965,27889,255,559,275,591,66
101.0965,27889,304,544,315,586,42
101.1215,27890,255,561,276,589,69
101.1215,27890,218,508,241,562,64
101.1215,27890,303,543,316,583,53
101.1477,27891,254,567,280,583,56
101.1477,27891,225,529,240,571,54
101.1477,27891,302,540,317,579,50
101.1736,27892,225,526,241,573,60
101.1736,27892,253,569,284,579,37
101.1736,27892,179,544,187,580,32
101.1993,27893,225,526,241,573,60
101.1993,27893,253,569,284,579,37
101.1993,27893,179,544,187,580,32
101.2260,27894,224,542,240,574,67
101.2260,27894,219,516,237,554,50
101.2260,27894,178,548,188,580,46
101.2499,27895,222,549,240,573,68
101.2499,27895,222,517,236,548,52
101.2499,27895,178,541,188,577,34
101.2760,27896,222,549,240,573,68
101.2760,27896,222,517,236,548,52
101.2760,27896,178,541,188,577,34
101.3036,27897,222,549,240,573,68
101.3036,27897,222,517,236,548,52
101.3036,27897,178,541,188,577,34
101.3296,27898,223,523,238,550,46
101.3296,27898,220,549,239,574,41
101.3555,27899,220,527,238,563,40
101.3803,27900,219,530,238,562,50
101.4048,27901,219,530,238,562,50
101.4311,27902,218,531,238,561,55
101.4311,27902,220,560,240,578,34
101.4568,27903,217,532,238,562,42
101.4568,27903,220,559,240,579,34
101.4834,27904,216,532,236,564,55
101.4834,27904,219,558,240,580,50
101.4834,27904,257,564,304,574,36
101.5076,27905,256,562,295,574,57
101.5076,27905,214,533,233,564,53
101.5076,27905,220,559,240,582,44
101.5076,27905,179,540,189,578,37
101.5344,27906,256,562,295,574,57
101.5344,27906,214,533,233,564,53
101.5344,27906,220,559,240,582,44
101.5344,27906,179,540,189,578,37
101.5597,27907,256,553,292,579,69
101.5597,27907,306,548,323,575,56
101.5597,27907,213,534,230,560,52
101.5597,27907,221,555,240,579,42
101.5848,27908,216,547,242,577,65
101.5848,27908,257,550,285,582,58
101.5848,27908,307,543,320,579,53
101.6119,27909,216,547,242,577,65
101.6119,27909,257,550,285,582,58
101.6119,27909,307,543,320,579,53
101.6385,27910,222,548,242,578,71
101.6385,27910,258,549,282,585,52
101.6634,27911,225,549,242,579,59
103.4765,27981,245,496,258,521,30
103.8359,27995,243,495,257,521,40
103.8604,27996,242,496,256,522,39
103.8876,27997,242,496,256,522,39
103.9124,27998,238,495,256,523,48
103.9395,27999,242,495,256,522,42
103.9652,28000,243,494,255,520,45
103.9912,28001,243,494,255,520,45
104.0185,28002,243,495,255,521,47
104.0423,28003,243,494,255,520,46
104.0700,28004,243,494,255,520,46
104.0952,28005,243,494,255,520,46
104.1212,28006,243,494,255,520,50
104.1472,28007,242,494,254,520,50
104.1718,28008,242,494,254,520,51
104.1994,28009,242,493,254,521,52
104.2243,28010,242,493,254,521,52
104.2498,28011,242,492,254,520,53
104.2771,28012,242,492,254,520,54
104.3023,28013,242,492,254,520,54
104.3271,28014,241,492,254,520,55
104.3540,28015,241,492,254,520,55
104.3764,28016,241,492,254,520,55
104.4038,28017,241,491,254,521,54
104.4282,28018,241,491,254,521,54
104.4556,28019,240,492,254,520,56
104.4825,28020,240,492,254,520,56
104.5079,28021,240,491,254,521,53
104.5324,28022,240,491,254,521,54
104.5586,28023,240,491,254,521,54
104.5855,28024,241,491,253,521,53
104.6112,28025,242,490,254,520,51
104.6362,28026,242,488,254,520,52
104.6619,28027,242,488,254,520,52
104.6884,28028,242,488,254,520,52
104.7141,28029,242,488,254,520,51
104.7389,28030,242,488,254,520,51
104.7663,28031,243,486,254,520,50
104.7935,28032,243,485,254,521,50
104.8192,28033,243,485,254,521,50
104.8438,28034,243,484,254,522,50
104.8694,28035,243,484,254,522,50
104.8949,28036,243,484,254,522,50
104.9196,28037,243,482,254,522,51
104.9480,28038,243,482,254,522,50
104.9712,28039,243,482,254,522,52
104.9970,28040,243,482,254,522,52
105.0227,28041,243,482,254,522,52
105.0491,28042,243,481,254,522,51
105.0748,28043,243,481,254,522,52
105.1023,28044,243,481,254,522,52
105.1277,28045,243,481,254,522,52
105.1534,28046,243,481,254,522,51
105.1787,28047,243,480,254,522,51
105.2038,28048,243,480,254,522,52
105.2299,28049,243,480,254,522,52
105.2558,28050,243,480,254,522,53
105.2825,28051,243,480,254,522,53
105.3080,28052,243,480,253,522,52
105.3335,28053,243,480,253,522,50
105.3582,28054,243,480,253,522,50
105.3850,28055,242,480,253,522,51
105.4117,28056,242,480,253,522,51
105.4363,28057,242,480,253,522,51
105.4625,28058,242,480,253,522,51
105.4893,28059,242,479,253,523,51
105.5134,28060,242,479,252,523,51
105.5387,28061,242,478,252,522,52
105.5648,28062,242,478,252,522,52
105.5899,28063,242,479,252,523,51
105.6183,28064,242,478,252,522,51
105.6429,28065,242,478,252,522,51
105.6677,28066,242,478,252,522,51
105.6950,28067,242,478,252,522,51
105.7214,28068,242,478,252,522,51
105.7474,28069,242,478,252,522,51
105.7746,28070,242,478,252,522,51
105.8011,28071,242,477,252,523,51
105.8274,28072,242,477,252,523,52
105.8532,28073,242,477,252,523,52
105.8795,28074,242,477,252,523,52
105.9046,28075,242,477,252,523,52
105.9298,28076,242,477,252,523,51
105.9559,28077,242,477,252,523,52
105.9821,28078,242,477,252,523,52
106.0058,28079,242,476,252,522,52
106.0339,28080,242,476,252,522,52
106.0588,28081,242,476,252,522,51
106.0837,28082,242,476,252,522,52
106.1095,28083,242,476,252,522,52
106.1366,28084,241,477,252,523,52
106.1623,28085,241,477,252,523,52
106.1876,28086,241,477,252,523,52
106.2136,28087,241,477,252,523,52
106.2379,28088,241,477,252,523,52
106.2644,28089,241,477,252,523,53
106.2899,28090,241,476,252,523,54
106.3169,28091,241,475,253,523,54
106.3416,28092,240,476,253,522,55
106.3695,28093,240,476,253,522,55
106.3945,28094,240,475,253,523,57
106.4211,28095,240,475,253,523,57
106.4485,28096,240,475,253,523,57
106.4732,28097,240,475,253,523,58
106.4979,28098,240,474,253,522,59
106.5242,28099,240,474,254,522,58
106.5502,28100,240,474,253,522,57
106.5752,28101,240,474,253,522,57
106.6019,28102,240,474,254,522,59
106.6281,28103,240,474,254,522,58
106.6535,28104,240,474,254,523,60
106.6792,28105,240,473,254,523,60
106.7050,28106,240,473,254,523,60
106.7320,28107,240,473,254,523,61
106.7566,28108,240,473,254,523,59
106.7827,28109,240,473,254,523,59
106.8089,28110,240,473,254,523,60
106.8360,28111,240,473,254,523,61
106.8626,28112,240,473,254,523,61
106.8856,28113,240,473,254,523,59
106.9116,28114,240,473,254,523,59
106.9373,28115,240,473,254,523,62
106.9650,28116,240,473,254,523,61
106.9896,28117,240,473,254,523,61
107.0163,28118,240,473,254,523,61
107.0416,28119,240,473,254,523,61
107.0698,28120,240,473,254,523,62
107.0945,28121,240,473,254,523,63
107.1200,28122,240,473,254,523,63
107.1463,28123,240,473,254,523,61
107.1725,28124,240,473,254,523,63
107.1981,28125,240,473,254,523,63
107.2251,28126,240,473,254,523,64
107.2498,28127,240,473,254,523,64
107.2765,28128,240,473,254,524,63
107.3034,28129,240,472,254,524,64
107.3305,28130,240,473,254,527,63
107.3547,28131,239,473,254,533,64
107.3827,28132,239,472,254,532,64
107.4069,28133,239,472,254,532,64
107.4321,28134,239,473,254,535,64
107.4571,28135,237,474,254,536,66
107.4848,28136,237,474,254,536,66
107.5112,28137,237,474,254,537,66
107.5366,28138,236,474,253,538,66
107.5622,28139,237,474,253,530,65
107.5883,28140,237,474,253,532,66
107.6130,28141,237,474,253,532,66
107.6397,28142,237,473,253,526,65
107.6661,28143,237,473,253,527,64
107.6914,28144,236,472,253,528,64
107.7171,28145,236,473,253,527,62
107.7451,28146,236,473,253,527,62
107.7694,28147,236,472,253,528,62
107.7943,28148,236,471,252,527,61
107.8204,28149,236,471,252,527,61
107.8481,28150,237,472,252,526,59
107.8735,28151,237,471,252,525,58
107.9002,28152,236,471,252,526,58
107.9251,28153,237,471,252,525,57
107.9497,28154,237,471,252,525,57
107.9764,28155,232,472,252,530,59
108.0034,28156,233,472,252,528,62
108.0269,28157,235,472,252,528,61
108.0532,28158,236,471,252,529,61
108.0798,28159,236,471,252,529,61
108.1060,28160,236,471,252,529,56
108.1313,28161,237,471,252,527,58
108.1566,28162,237,471,252,527,58
108.1828,28163,239,470,252,525,56
108.2097,28164,239,470,252,524,56
108.2334,28165,238,470,252,524,59
108.2605,28166,238,470,252,524,58
108.2854,28167,238,470,252,524,58
108.3115,28168,238,469,252,524,57
108.3373,28169,238,469,252,524,57
108.3632,28170,238,469,252,525,56
108.3911,28171,237,469,252,525,57
108.4175,28172,237,469,252,525,57
108.4417,28173,238,468,251,524,56
108.4684,28174,238,468,251,524,56
108.4948,28175,238,468,251,524,57
108.5211,28176,237,469,252,525,56
108.5461,28177,238,468,251,524,56
108.5725,28178,239,468,252,523,56
108.5977,28179,238,468,252,523,56
108.6239,28180,238,468,252,523,56
108.6496,28181,238,468,251,523,55
108.6762,28182,238,468,251,524,57
108.7022,28183,239,468,251,523,55
108.7271,28184,237,469,251,526,58
108.7521,28185,237,469,251,526,58
108.7795,28186,237,470,252,526,60
108.8034,28187,237,469,252,527,61
108.8300,28188,237,469,252,527,61
108.8573,28189,238,469,252,525,60
108.8836,28190,238,469,252,525,60
108.9086,28191,237,468,252,524,61
108.9346,28192,237,468,252,526,63
108.9596,28193,237,468,252,526,63
108.9854,28194,236,468,252,526,64
109.0115,28195,236,468,252,528,65
109.0365,28196,236,468,253,528,66
109.0621,28197,236,468,253,528,65
109.0875,28198,236,468,253,528,65
109.1135,28199,236,467,252,529,66
109.1395,28200,236,467,252,529,66
109.1673,28201,236,467,253,529,65
109.1925,28202,236,467,253,529,65
109.2176,28203,236,467,253,529,66
109.2436,28204,237,467,253,527,65
109.2686,28205,237,467,253,527,65
109.2944,28206,237,467,253,527,65
109.3214,28207,236,467,253,529,65
109.3478,28208,237,467,253,529,64
109.3728,28209,237,467,252,530,65
109.3986,28210,236,467,253,530,64
109.4240,28211,236,467,253,530,64
109.4504,28212,237,467,253,531,65
109.4747,28213,236,467,253,532,65
109.5030,28214,236,467,253,532,65
109.5278,28215,236,467,253,535,64
109.5540,28216,236,468,253,526,67
109.5796,28217,236,467,253,525,68
109.6046,28218,236,467,253,528,67
109.6309,28219,236,467,253,528,67
109.6563,28220,236,466,253,530,66
109.6828,28221,236,466,253,530,66
109.7098,28222,236,467,253,531,66
109.7353,28223,236,466,253,530,68
109.7616,28224,236,466,253,530,68
109.7869,28225,236,466,254,526,72
109.8135,28226,235,467,253,527,71
109.8387,28227,235,467,253,527,71
109.8665,28228,235,467,253,530,68
109.8899,28229,236,467,253,531,67
109.9170,28230,235,467,254,533,67
109.9416,28231,235,465,254,531,67
109.9679,28232,235,465,254,531,67
109.9954,28233,235,466,254,532,66
110.0204,28234,236,466,253,530,67
110.0450,28235,235,465,254,535,67
110.0699,28236,235,465,254,535,67
110.0956,28237,235,465,254,535,67
110.1214,28238,236,464,253,530,66
110.1479,28239,236,465,253,531,66
110.1750,28240,236,465,253,531,66
110.2004,28241,235,464,253,532,66
110.2268,28242,235,464,253,534,66
110.2523,28243,236,464,253,532,65
110.2783,28244,236,465,253,534,65
110.3035,28245,236,465,253,534,65
110.3311,28246,236,465,253,530,65
110.3573,28247,236,465,253,522,69
110.3813,28248,235,464,254,522,70
110.4072,28249,235,464,254,526,69
110.4325,28250,235,464,254,526,69
110.4594,28251,235,464,254,529,69
110.4838,28252,235,464,254,529,69
110.5112,28253,235,464,254,529,69
110.5376,28254,235,463,254,529,69
110.5631,28255,234,463,254,529,69
110.5875,28256,234,463,254,529,70
110.6153,28257,234,463,255,530,71
110.6399,28258,234,463,255,530,71
110.6653,28259,234,462,255,530,71
110.6913,28260,234,462,255,530,71
110.7164,28261,234,462,255,532,71
110.7414,28262,234,462,255,530,71
110.7677,28263,234,462,255,530,71
110.7931,28264,234,462,255,532,70
110.8189,28265,234,462,255,532,70
110.8452,28266,234,462,255,532,70
110.8720,28267,234,462,255,530,71
110.8975,28268,234,462,255,532,70
110.9236,28269,234,463,255,535,70
110.9488,28270,234,463,256,525,73
110.9743,28271,234,463,256,525,73
111.0010,28272,234,462,255,524,73
111.0297,28273,234,462,255,528,72
111.0521,28274,234,462,255,526,72
111.0775,28275,234,462,256,528,72
111.1033,28276,234,462,256,528,72
111.1314,28277,233,461,256,528,72
111.1573,28278,233,461,256,529,72
111.1828,28279,233,461,256,529,72
111.2079,28280,233,461,256,530,72
111.2351,28281,233,460,256,530,73
111.2613,28282,233,460,256,530,73
111.2854,28283,233,460,256,532,72
111.3117,28284,233,460,256,532,72
111.3373,28285,233,461,256,531,72
111.3632,28286,234,460,256,532,72
111.3895,28287,234,460,256,532,72
111.4148,28288,234,460,256,532,72
111.4411,28289,234,460,256,532,72
111.4676,28290,234,460,256,532,72
111.4943,28291,234,460,256,532,72
111.5189,28292,234,460,256,533,72
111.5458,28293,234,460,256,533,72
111.5710,28294,234,460,256,534,71
111.5975,28295,234,459,256,529,71
111.6238,28296,234,460,256,528,71
111.6497,28297,234,460,256,528,71
111.6759,28298,234,459,255,529,71
111.7030,28299,235,458,255,532,69
111.7282,28300,235,458,255,533,69
111.7525,28301,235,458,255,534,67
111.7794,28302,236,458,255,534,66
111.8045,28303,236,458,255,534,66
111.8311,28304,237,458,254,532,65
111.8580,28305,236,457,254,533,64
111.8839,28306,236,457,254,533,64
111.9103,28307,238,458,254,526,63
111.9374,28308,239,457,254,525,61
111.9624,28309,239,456,254,522,61
111.9872,28310,239,456,254,524,60
112.0145,28311,239,456,254,524,60
112.0398,28312,238,456,253,520,59
112.0679,28313,239,456,253,518,59
112.0928,28314,239,455,253,519,59
112.1174,28315,239,455,253,519,58
112.1430,28316,239,455,253,519,58
112.1698,28317,239,454,253,518,58
112.1947,28318,238,455,252,518,58
112.2207,28319,238,455,252,518,58
112.2471,28320,238,456,253,518,59
112.2742,28321,238,456,253,518,61
112.2990,28322,238,455,253,519,62
112.3242,28323,237,455,253,518,63
112.3511,28324,237,455,253,518,63
112.3787,28325,238,455,253,517,61
112.4033,28326,238,454,253,518,60
112.4295,28327,238,454,253,518,58
112.4553,28328,239,454,253,520,59
112.4819,28329,239,453,253,519,59
112.5094,28330,239,453,253,519,59
112.5352,28331,239,453,253,519,59
112.5615,28332,239,453,253,519,59
112.5889,28333,239,452,253,518,59
112.6141,28334,239,452,253,518,60
112.6396,28335,239,452,253,518,60
112.6659,28336,239,452,253,518,59
112.6898,28337,239,452,253,518,58
112.7165,28338,239,452,253,518,58
112.7426,28339,239,452,253,518,58
112.7691,28340,240,452,253,518,57
112.7936,28341,240,451,253,517,57
112.8193,28342,238,451,253,517,57
112.8451,28343,238,451,253,517,57
112.8713,28344,239,451,253,518,55
112.8966,28345,240,450,253,518,56
112.9233,28346,240,450,253,518,56
112.9500,28347,240,450,253,518,56
112.9743,28348,240,450,252,518,56
113.0004,28349,240,450,252,518,55
113.0247,28350,240,450,252,518,55
113.0496,28351,240,451,252,517,54
113.0778,28352,240,450,252,518,56
113.1035,28353,240,450,252,518,56
113.1284,28354,240,451,253,519,57
113.1523,28355,240,450,252,518,55
113.1797,28356,240,450,252,518,55
113.2056,28357,240,450,252,517,55
113.2311,28358,240,449,252,517,52
113.2580,28359,240,449,252,517,52
113.2850,28360,241,449,252,515,52
113.3096,28361,241,449,252,515,51
113.3355,28362,240,449,252,515,50
113.3615,28363,240,449,252,515,52
113.3872,28364,240,449,252,515,52
113.4145,28365,240,448,253,516,53
113.4394,28366,240,448,252,515,54
113.4660,28367,240,448,253,514,54
113.4911,28368,239,447,253,515,56
113.5175,28369,239,447,253,515,56
113.5421,28370,239,447,253,513,55
113.5688,28371,239,446,253,514,56
113.5946,28372,239,446,253,514,56
113.6219,28373,239,446,253,512,57
113.6453,28374,238,447,253,513,56
113.6714,28375,238,447,253,513,56
113.6972,28376,238,447,253,513,56
113.7258,28377,238,446,253,513,57
113.7493,28378,238,446,253,514,55
113.7770,28379,239,446,253,514,55
113.8010,28380,238,445,252,513,55
113.8278,28381,238,446,253,514,57
113.8539,28382,238,446,253,514,57
113.8796,28383,238,447,253,513,56
113.9046,28384,238,446,253,514,56
113.9317,28385,238,446,253,514,56
113.9581,28386,238,446,252,514,54
113.9836,28387,238,445,252,513,57
114.0083,28388,238,445,253,511,56
114.0350,28389,238,445,253,511,56
114.0592,28390,238,445,254,511,59
114.0873,28391,238,445,254,511,59
114.1123,28392,237,444,253,512,60
114.1368,28393,237,444,254,512,62
114.1635,28394,237,444,254,512,62
114.1892,28395,237,444,254,512,62
114.2153,28396,237,443,254,513,63
114.2415,28397,237,443,254,513,64
114.2669,28398,237,443,254,513,64
114.2939,28399,237,442,254,512,63
114.3191,28400,237,443,254,513,63
114.3442,28401,237,442,254,513,63
114.3714,28402,237,442,254,513,61
114.3968,28403,237,442,254,513,61
114.4227,28404,237,442,254,512,63
114.4485,28405,237,442,254,512,63
114.4725,28406,237,442,254,512,63
114.4995,28407,237,442,254,512,62
114.5263,28408,237,442,254,512,62
114.5498,28409,237,442,254,512,63
114.5754,28410,237,442,254,512,62
114.6028,28411,237,442,254,512,62
114.6285,28412,237,441,254,512,62
114.6525,28413,237,442,254,510,62
114.6812,28414,237,441,254,509,61
114.7041,28415,237,441,254,509,61
114.7304,28416,237,442,254,512,63
114.7564,28417,237,442,254,512,63
114.7830,28418,238,442,254,512,59
114.8071,28419,239,442,253,512,55
114.8331,28420,239,442,253,512,55
114.8594,28421,239,440,253,510,54
114.8855,28422,239,440,253,510,54
114.9099,28423,239,439,253,515,53
114.9386,28424,239,439,253,515,53
114.9639,28425,239,438,252,512,51
114.9884,28426,239,438,253,513,54
115.0140,28427,239,438,252,514,52
115.0389,28428,239,438,252,514,52
115.0655,28429,239,437,252,513,53
115.0919,28430,240,437,253,513,56
115.1174,28431,239,438,253,512,55
115.1421,28432,239,437,253,513,56
115.1679,28433,239,437,253,513,56
115.1964,28434,240,437,253,513,56
115.2221,28435,239,436,253,514,56
115.2480,28436,240,437,253,513,56
115.2737,28437,240,437,253,513,56
115.3015,28438,240,437,253,513,56
115.3263,28439,240,436,253,512,56
115.3528,28440,240,435,253,511,57
115.3783,28441,240,435,253,511,57
115.4034,28442,240,435,253,511,57
115.4293,28443,240,435,253,509,56
115.4555,28444,240,435,254,510,58
115.4801,28445,240,434,254,510,58
115.5065,28446,240,434,254,508,57
115.5317,28447,240,434,254,508,57
115.5581,28448,240,434,254,510,58
115.5847,28449,240,434,254,508,58
115.6096,28450,240,434,254,508,57
115.6358,28451,240,434,254,508,57
115.6611,28452,240,434,254,508,57
115.6873,28453,240,434,254,508,58
115.7139,28454,240,433,254,507,58
115.7395,28455,240,433,254,507,58
115.7661,28456,240,434,254,508,58
115.7897,28457,240,434,254,508,58
115.8183,28458,240,434,255,506,60
115.8418,28459,239,435,254,509,60
115.8686,28460,239,435,254,509,60
115.8966,28461,238,435,254,505,61
115.9199,28462,238,434,255,506,62
115.9454,28463,237,433,255,505,63
115.9717,28464,237,433,255,505,63
115.9980,28465,237,433,255,501,62
116.0225,28466,237,434,256,502,65
116.0484,28467,237,434,256,502,65
116.0759,28468,237,434,256,500,65
116.1018,28469,236,434,256,500,66
116.1274,28470,236,433,257,501,67
116.1523,28471,235,433,257,501,68
116.1785,28472,235,433,257,501,68
116.2044,28473,235,433,257,497,68
116.2298,28474,235,432,258,498,68
116.2560,28475,235,432,258,496,68
116.2812,28476,234,432,258,507,69
116.3086,28477,234,432,258,507,69
116.3340,28478,234,432,258,498,69
116.3590,28479,234,431,258,499,69
116.3845,28480,234,431,258,499,69
116.4111,28481,234,431,258,498,70
116.4360,28482,234,431,259,497,70
116.4613,28483,234,431,259,497,70
116.4870,28484,234,431,259,496,71
116.5134,28485,234,431,259,496,71
116.5399,28486,234,430,259,496,71
116.5666,28487,234,430,259,496,71
116.5926,28488,234,430,259,497,71
116.6189,28489,234,430,259,496,71
116.6434,28490,234,430,259,496,71
116.6701,28491,234,430,259,498,71
116.6956,28492,234,430,259,496,70
116.7224,28493,234,430,259,496,70
116.7489,28494,234,430,260,497,71
116.7754,28495,234,430,259,498,71
116.8023,28496,235,431,260,497,71
116.8277,28497,235,430,260,496,70
116.8519,28498,235,430,260,496,70
116.8784,28499,235,430,260,496,70
116.9053,28500,234,430,261,496,70
116.9322,28501,234,430,261,497,71
116.9564,28502,233,430,262,494,71
116.9821,28503,233,430,262,496,72
117.0072,28504,233,430,262,496,72
117.0341,28505,233,430,262,496,72
117.0587,28506,232,429,262,497,72
117.0845,28507,232,429,262,497,72
117.1104,28508,232,429,262,495,74
117.1367,28509,232,429,263,495,74
117.1614,28510,232,429,263,496,74
117.1867,28511,232,428,263,496,74
117.2152,28512,232,428,263,496,74
117.2424,28513,232,429,263,495,74
117.2680,28514,232,428,263,495,75
117.2934,28515,232,428,264,494,75
117.3197,28516,232,428,264,494,75
117.3470,28517,232,428,264,494,75
117.3722,28518,232,428,264,496,75
117.3974,28519,232,428,264,494,75
117.4225,28520,232,428,264,494,75
117.4499,28521,232,428,264,494,75
117.4762,28522,232,428,264,494,75
117.5014,28523,232,427,264,495,75
117.5263,28524,232,428,264,496,75
117.5521,28525,232,428,264,496,75
117.5774,28526,232,428,264,494,75
117.6058,28527,233,428,265,496,74
117.6303,28528,233,428,265,496,73
117.6553,28529,233,429,266,491,72
117.6810,28530,233,429,266,491,72
117.7064,28531,232,428,266,490,72
117.7310,28532,231,428,267,490,73
117.7602,28533,231,428,267,490,73
117.7844,28534,231,428,267,494,73
117.8116,28535,230,428,267,488,72
117.8355,28536,230,427,268,489,72
117.8618,28537,230,428,267,488,72
117.8863,28538,230,428,267,488,72
117.9147,28539,230,427,268,495,74
117.9401,28540,230,427,268,495,76
117.9664,28541,230,427,268,497,74
117.9903,28542,230,426,268,498,74
118.0175,28543,230,426,268,498,74
118.0411,28544,230,426,268,499,73
118.0691,28545,230,426,269,498,74
118.0944,28546,230,426,269,498,74
118.1195,28547,230,426,269,498,74
118.1453,28548,230,426,269,498,75
118.1700,28549,230,426,268,498,74
118.1972,28550,230,425,269,498,76
118.2225,28551,230,425,269,498,76
118.2483,28552,230,425,269,496,75
118.2758,28553,230,425,269,499,75
118.3004,28554,230,425,269,499,75
118.3255,28555,230,425,269,497,75
118.3523,28556,230,425,269,497,75
118.3773,28557,230,425,269,496,76
118.4048,28558,230,425,269,496,76
118.4305,28559,230,425,270,498,75
118.4552,28560,230,424,270,496,75
118.4820,28561,230,424,270,496,75
118.5061,28562,230,425,269,497,75
118.5331,28563,230,425,269,497,75
118.5600,28564,230,425,269,497,75
118.5841,28565,230,424,270,496,75
118.6113,28566,230,424,270,497,75
118.6373,28567,230,424,270,496,76
118.6616,28568,230,423,270,497,76
118.6869,28569,230,423,270,497,76
118.7128,28570,230,424,270,496,76
118.7380,28571,230,424,270,496,77
118.7651,28572,230,424,270,496,77
118.7898,28573,230,424,270,496,76
118.8181,28574,233,426,271,484,74
118.8424,28575,233,428,273,484,72
118.8688,28576,233,428,273,484,72
118.8948,28577,233,428,273,484,72
118.9221,28578,230,428,274,482,72
118.9477,28579,230,428,275,486,73
118.9734,28580,230,429,276,485,73
118.9995,28581,229,428,277,486,74
119.0253,28582,229,428,278,486,74
119.0514,28583,229,428,278,486,74
119.0777,28584,229,428,278,485,74
119.1032,28585,229,428,278,485,74
119.1286,28586,229,428,279,484,74
119.1572,28587,229,427,279,481,74
119.1821,28588,229,427,280,483,75
119.2093,28589,229,427,280,481,75
119.2338,28590,229,427,280,481,75
119.2598,28591,229,427,281,481,75
119.2856,28592,229,427,281,481,75
119.3122,28593,229,426,282,481,77
119.3365,28594,229,426,283,480,76
119.3623,28595,229,426,283,479,76
119.3895,28596,229,426,283,479,76
119.4156,28597,229,426,283,480,76
119.4421,28598,229,426,283,480,76
119.4686,28599,228,426,283,482,77
119.4928,28600,228,426,284,482,77
119.5202,28601,228,425,284,483,77
119.5436,28602,228,425,284,485,77
119.5693,28603,228,425,284,485,77
119.5957,28604,227,425,284,484,77
119.6217,28605,227,425,284,483,77
119.6474,28606,227,426,285,482,77
119.6722,28607,227,426,285,482,77
119.6976,28608,227,426,285,484,77
119.7251,28609,227,426,285,484,77
119.7498,28610,227,425,285,483,77
119.7761,28611,227,425,285,483,77
119.8020,28612,227,425,285,482,77
119.8279,28613,226,425,285,484,78
119.8528,28614,226,426,285,482,78
119.8784,28615,225,426,285,483,78
119.9040,28616,225,426,285,483,78
119.9311,28617,226,426,285,482,77
119.9569,28618,227,426,286,482,78
119.9833,28619,227,426,286,482,76
120.0068,28620,227,426,287,482,76
120.0332,28621,227,426,287,482,76
120.0594,28622,227,426,287,482,77
120.0846,28623,227,426,287,482,77
120.1101,28624,227,426,287,482,77
120.1362,28625,227,426,288,482,77
120.1624,28626,227,426,287,481,77
120.1874,28627,226,426,288,481,77
120.2137,28628,227,426,288,482,77
120.2394,28629,227,426,288,482,77
120.2655,28630,227,426,289,481,77
120.2921,28631,227,426,289,480,76
120.3171,28632,226,425,289,481,77
120.3424,28633,226,425,289,481,77
120.3684,28634,226,425,289,481,77
120.3945,28635,226,426,289,480,76
120.4198,28636,226,425,290,481,76
120.4457,28637,226,425,290,481,76
120.4725,28638,226,426,290,480,75
120.4982,28639,226,425,290,480,75
120.5225,28640,227,425,291,479,76
120.5482,28641,227,425,291,479,76
120.5747,28642,226,425,290,479,76
120.6005,28643,226,425,290,479,76
120.6274,28644,226,425,291,479,76
120.6515,28645,226,425,291,479,77
120.6771,28646,224,425,291,479,77
120.7046,28647,224,425,291,479,77
120.7311,28648,225,425,291,478,77
120.7543,28649,223,426,291,478,76
120.7826,28650,223,426,291,478,76
120.8069,28651,224,426,292,478,77
120.8341,28652,225,425,292,475,75
120.8586,28653,223,425,292,479,75
120.8843,28654,224,425,292,479,76
120.9096,28655,224,425,292,479,76
120.9356,28656,224,426,292,478,76
120.9627,28657,225,425,293,476,77
120.9874,28658,225,425,293,477,76
121.0130,28659,225,425,293,477,77
121.0386,28660,225,425,293,477,77
121.0657,28661,225,424,293,476,77
121.0904,28662,225,425,294,475,77
121.1165,28663,225,425,294,475,77
121.1425,28664,225,425,294,475,77
121.1694,28665,225,424,294,474,76
121.1945,28666,225,424,294,474,76
121.2188,28667,225,424,294,472,76
121.2451,28668,225,424,294,472,76
121.2733,28669,224,424,294,474,76
121.2981,28670,225,424,294,472,77
121.3238,28671,225,424,294,472,77
121.3498,28672,224,424,294,472,77
121.3755,28673,224,424,294,472,77
121.4011,28674,224,424,294,472,77
121.4265,28675,223,425,294,472,77
121.4523,28676,223,425,294,472,77
121.4784,28677,223,425,294,472,76
121.5051,28678,223,425,294,471,77
121.5304,28679,224,425,295,470,76
121.5569,28680,224,425,295,471,76
121.5825,28681,224,425,295,471,76
121.6075,28682,224,425,296,471,77
121.6332,28683,223,425,296,471,76
121.6596,28684,223,426,296,472,77
121.6833,28685,223,426,296,472,76
121.7095,28686,223,426,296,472,76
121.7364,28687,223,426,296,472,75
121.7614,28688,223,426,296,470,74
121.7874,28689,223,426,296,470,74
121.8141,28690,222,425,297,471,74
121.8404,28691,224,426,298,470,74
121.8664,28692,224,426,298,470,74
121.8917,28693,224,426,298,470,74
121.9182,28694,224,426,298,470,74
121.9442,28695,224,426,297,470,75
121.9714,28696,224,426,298,470,75
121.9963,28697,224,426,298,470,73
122.0212,28698,223,426,298,470,73
122.0466,28699,223,426,298,470,73
122.0735,28700,223,426,298,470,71
122.1004,28701,225,426,299,469,71
122.1247,28702,224,426,299,470,73
122.1520,28703,224,426,299,470,73
122.1780,28704,224,426,299,470,72
122.2034,28705,225,426,299,468,72
122.2288,28706,225,426,299,468,72
122.2551,28707,225,426,299,468,72
122.2822,28708,225,427,300,469,73
122.3064,28709,225,426,300,468,72
122.3342,28710,226,426,300,468,71
122.3575,28711,226,427,300,467,72
122.3846,28712,226,427,300,467,72
122.4101,28713,225,426,300,468,73
122.4370,28714,226,426,300,467,72
122.4610,28715,225,426,300,468,73
122.4897,28716,225,426,300,468,73
122.5135,28717,226,426,300,466,73
122.5374,28718,225,427,300,466,73
122.5643,28719,225,428,300,466,72
122.5890,28720,225,428,300,466,72
122.6167,28721,223,428,300,466,70
122.6425,28722,224,428,300,464,69
122.6657,28723,224,428,301,464,66
122.6920,28724,224,429,301,465,67
122.7175,28725,224,429,301,465,67
122.7433,28726,225,428,302,464,63
122.7693,28727,225,429,302,465,61
122.7936,28728,227,429,302,463,60
122.8213,28729,227,429,302,463,60
122.8470,28730,227,429,302,463,61
122.8734,28731,227,430,302,462,59
122.8995,28732,232,429,303,453,56
122.9244,28733,232,429,303,453,56
122.9522,28734,233,429,303,453,58
122.9779,28735,226,429,303,463,59
123.0037,28736,233,429,303,452,56
123.0306,28737,233,429,304,450,54
123.0553,28738,233,429,304,450,54
123.0832,28739,233,429,303,452,57
123.1086,28740,233,429,304,451,57
123.1346,28741,233,429,304,451,54
123.1594,28742,233,429,304,451,54
123.1855,28743,233,429,304,451,56
123.2104,28744,233,429,304,451,57
123.2377,28745,233,429,304,451,56
123.2627,28746,233,429,304,451,56
123.2887,28747,233,429,304,451,56
123.3147,28748,234,429,305,449,58
123.3403,28749,233,429,305,451,58
123.3659,28750,234,429,306,449,58
123.3897,28751,234,429,306,449,58
123.4178,28752,235,429,305,448,55
123.4178,28752,223,432,274,464,38
123.4434,28753,235,429,305,447,57
123.4434,28753,222,432,274,464,37
123.4689,28754,235,429,305,447,57
123.4689,28754,222,432,276,464,39
123.4962,28755,235,429,305,447,57
123.4962,28755,222,432,276,464,39
123.5217,28756,235,428,305,446,61
123.5217,28756,222,433,278,465,31
123.5477,28757,231,428,305,448,62
123.5713,28758,230,427,306,449,68
123.5971,28759,230,427,306,449,68
123.6238,28760,228,426,306,454,70
123.6489,28761,227,426,305,454,70
123.6750,28762,227,426,305,454,70
123.6998,28763,223,427,305,457,72
123.7272,28764,223,427,305,457,72
123.7525,28765,222,426,306,458,74
123.7790,28766,221,426,306,458,74
123.8025,28767,221,426,306,458,74
123.8298,28768,221,426,306,458,74
123.8548,28769,221,426,306,458,76
123.8814,28770,221,426,307,458,75
123.9050,28771,221,426,307,458,75
123.9328,28772,221,425,306,457,76
123.9573,28773,223,425,307,456,76
123.9853,28774,223,425,307,456,75
124.0096,28775,223,425,308,455,76
124.0349,28776,224,425,308,455,76
124.0602,28777,224,425,308,455,76
124.0904,28778,224,425,308,455,76
124.1139,28779,225,425,308,455,77
124.1397,28780,223,425,308,455,76
124.1640,28781,224,424,309,454,77
124.1900,28782,224,424,309,454,77
124.2149,28783,224,424,308,454,76
124.2430,28784,224,424,308,454,76
124.2669,28785,224,424,308,454,76
124.2931,28786,225,424,309,452,76
124.3213,28787,224,424,309,454,77
124.3459,28788,224,424,309,453,77
124.3699,28789,225,424,309,452,75
124.3968,28790,225,424,309,452,75
124.4227,28791,226,424,309,452,75
124.4493,28792,226,424,310,452,76
124.4741,28793,226,424,310,452,76
124.5022,28794,225,424,310,452,76
124.5264,28795,225,424,310,452,76
124.5514,28796,224,424,309,452,76
124.5767,28797,224,424,309,452,76
124.6049,28798,226,424,308,452,76
124.6296,28799,225,424,310,453,76
124.6565,28800,226,424,310,452,76
124.6813,28801,227,424,310,452,76
124.7064,28802,226,423,311,451,76
124.7325,28803,226,423,311,451,76
124.7578,28804,226,422,310,452,77
124.7837,28805,227,422,311,452,76
124.8085,28806,225,422,311,452,75
124.8346,28807,227,423,311,451,77
124.8615,28808,227,423,311,451,77
124.8876,28809,227,423,311,451,77
124.9145,28810,227,423,311,451,77
124.9401,28811,227,422,311,452,77
124.9661,28812,227,421,312,451,76
124.9902,28813,227,421,312,451,77
125.0173,28814,229,422,312,450,77
125.0426,28815,229,422,312,450,77
125.0694,28816,228,421,313,451,77
125.0963,28817,230,420,313,450,76
125.1226,28818,228,421,312,450,78
125.1476,28819,227,420,313,450,78
125.1725,28820,228,420,313,450,78
125.1992,28821,228,420,313,450,78
125.2227,28822,230,420,313,450,78
125.2496,28823,230,420,313,450,78
125.2762,28824,231,421,313,449,77
125.3021,28825,230,420,313,450,78
125.3281,28826,230,420,313,449,78
125.3532,28827,232,420,313,449,78
125.3791,28828,230,420,314,450,79
125.4038,28829,230,420,314,450,79
125.4317,28830,231,419,314,449,77
125.4576,28831,231,419,313,449,78
125.4830,28832,233,420,313,448,77
125.5091,28833,231,420,314,450,79
125.5346,28834,231,420,314,450,79
125.5587,28835,230,420,313,450,78
125.5854,28836,230,419,314,449,78
125.6125,28837,230,419,314,449,78
125.6393,28838,232,419,314,449,78
125.6660,28839,230,419,314,449,78
125.6911,28840,232,418,314,448,78
125.7158,28841,240,418,314,448,78
125.7439,28842,240,418,314,448,78
125.7694,28843,242,418,314,448,78
125.7949,28844,239,418,314,448,78
125.8194,28845,234,418,314,448,77
125.8449,28846,232,418,314,448,78
125.8699,28847,232,418,314,448,78
125.8983,28848,232,418,314,448,78
125.9223,28849,231,419,313,449,78
125.9505,28850,231,419,313,449,78
125.9750,28851,230,420,313,450,79
126.0013,28852,236,418,313,448,77
126.0259,28853,232,418,313,448,78
126.0515,28854,237,417,313,448,78
126.0765,28855,237,417,313,448,78
126.1036,28856,235,417,314,448,78
126.1290,28857,238,416,314,448,77
126.1544,28858,234,417,314,449,78
126.1797,28859,237,416,314,450,78
126.2062,28860,237,416,314,450,78
126.2313,28861,238,416,314,450,77
126.2587,28862,248,415,314,449,78
126.2836,28863,248,415,314,449,78
126.3121,28864,245,414,314,450,77
126.3371,28865,240,414,314,450,78
126.3632,28866,239,414,314,450,78
126.3875,28867,244,414,314,450,78
126.4146,28868,244,414,314,450,78
126.4403,28869,243,414,314,450,77
126.4665,28870,243,414,314,450,78
126.4921,28871,238,414,314,450,78
126.5171,28872,244,414,314,448,78
126.5433,28873,244,414,314,448,78
126.5692,28874,242,412,313,448,77
126.5942,28875,250,411,314,449,77
126.6203,28876,250,411,314,449,77
126.6474,28877,252,411,313,450,77
126.6730,28878,244,411,313,451,78
126.6983,28879,244,410,312,452,78
126.7252,28880,241,410,312,452,78
126.7500,28881,241,410,312,452,78
126.7762,28882,243,410,312,452,78
126.8012,28883,244,409,312,452,78
126.8261,28884,242,409,312,452,79
126.8511,28885,243,408,312,452,79
126.8771,28886,243,408,312,452,79
126.9038,28887,244,408,312,452,79
126.9285,28888,244,408,312,452,79
126.9547,28889,244,408,312,452,79
126.9798,28890,243,408,313,452,79
127.0063,28891,244,408,312,452,78
127.0315,28892,247,407,312,453,79
127.0567,28893,247,407,312,453,79
127.0831,28894,245,407,312,453,78
127.1099,28895,244,406,313,452,78
127.1363,28896,244,406,313,452,79
127.1612,28897,243,406,313,452,79
127.1871,28898,248,406,312,452,79
127.2141,28899,248,406,312,452,79
127.2398,28900,245,406,313,452,79
127.2658,28901,243,406,313,452,78
127.2919,28902,243,406,313,452,78
127.3186,28903,244,406,313,452,79
127.3452,28904,245,406,313,452,78
127.3695,28905,245,406,313,452,79
127.3943,28906,244,405,313,451,79
127.4215,28907,244,405,313,451,79
127.4469,28908,245,405,313,451,80
127.4734,28909,243,405,313,452,78
127.4992,28910,244,405,313,452,78
127.5237,28911,245,405,313,452,79
127.5502,28912,245,405,313,452,79
127.5767,28913,243,405,313,452,77
127.6014,28914,246,404,313,452,80
127.6272,28915,246,404,313,452,80
127.6535,28916,243,404,314,452,78
127.6800,28917,244,404,314,452,79
127.7076,28918,244,405,314,452,78
127.7319,28919,244,405,314,452,78
127.7611,28920,245,406,315,452,77
127.7856,28921,242,409,316,453,78
127.8098,28922,245,410,316,454,79
127.8357,28923,249,411,317,455,79
127.8622,28924,249,410,319,456,78
127.8883,28925,249,410,319,456,78
127.9150,28926,250,410,320,456,77
127.9403,28927,252,410,322,456,76
127.9669,28928,252,410,322,456,76
127.9935,28929,254,411,323,455,75
128.0192,28930,253,412,325,456,74
128.0439,28931,255,411,326,455,73
128.0687,28932,255,411,326,455,73
128.0975,28933,255,411,326,455,73
128.1230,28934,255,411,328,453,73
128.1484,28935,256,412,329,452,73
128.1726,28936,256,411,330,451,71
128.1963,28937,255,411,330,451,73
128.2236,28938,255,411,330,451,73
128.2504,28939,256,411,331,449,75
128.2745,28940,256,411,331,449,74
128.3024,28941,256,411,331,449,74
128.3274,28942,256,412,332,448,74
128.3544,28943,256,412,332,446,73
128.3794,28944,258,411,334,443,72
128.4035,28945,255,411,333,447,73
128.4295,28946,255,411,333,447,73
128.4565,28947,255,411,334,445,74
128.4818,28948,255,411,334,445,74
128.5064,28949,254,410,335,444,73
128.5323,28950,254,411,335,443,74
128.5577,28951,254,411,335,443,74
128.5843,28952,254,411,335,443,74
128.6087,28953,254,411,335,443,75
128.6367,28954,254,411,335,443,75
128.6641,28955,254,410,336,442,74
128.6889,28956,254,411,337,441,73
128.7143,28957,254,410,336,440,73
128.7385,28958,254,410,337,440,74
128.7663,28959,254,410,337,440,74
128.7921,28960,252,410,336,442,74
128.8199,28961,253,410,337,440,74
128.8424,28962,253,410,337,440,75
128.8688,28963,253,410,337,440,75
128.8945,28964,253,410,337,440,75
128.9203,28965,254,410,337,438,74
128.9451,28966,252,411,338,439,74
128.9740,28967,252,411,338,439,74
128.9979,28968,252,410,338,438,76
129.0250,28969,253,411,338,437,75
129.0495,28970,253,411,338,437,76
129.0754,28971,253,410,338,436,75
129.1017,28972,253,410,338,436,75
129.1277,28973,253,410,338,436,75
129.1551,28974,253,411,338,435,73
129.1815,28975,256,411,338,433,72
129.2065,28976,254,412,338,432,69
129.2332,28977,254,412,338,432,69
129.2585,28978,258,411,339,431,66
129.2857,28979,258,411,339,431,66
129.3110,28980,254,412,340,434,69
129.3354,28981,254,412,340,434,69
129.3625,28982,253,412,340,434,69
129.3866,28983,253,412,341,434,68
129.4130,28984,253,412,341,434,69
129.4382,28985,253,412,341,434,69
129.4644,28986,254,413,341,433,67
129.4903,28987,255,413,341,433,65
129.5141,28988,256,413,341,432,67
129.5404,28989,256,413,341,433,65
129.5669,28990,256,413,341,433,65
129.5933,28991,256,414,342,432,63
129.6172,28992,257,414,342,432,62
129.6426,28993,257,414,342,432,62
129.6695,28994,257,414,342,432,62
129.6977,28995,257,414,342,432,62
129.7201,28996,257,414,343,432,58
129.7469,28997,257,414,342,432,59
129.7720,28998,257,414,342,432,59
129.8004,28999,256,414,342,432,59
129.8248,29000,256,413,343,431,60
129.8503,29001,257,413,343,431,61
129.8751,29002,256,413,343,431,61
129.9021,29003,256,413,343,431,61
129.9283,29004,258,414,343,430,60
129.9547,29005,256,414,343,430,58
129.9793,29006,257,414,344,430,60
130.0066,29007,257,414,344,430,60
130.0312,29008,258,414,344,429,57
130.0553,29009,263,413,343,427,60
130.0801,29010,263,413,343,427,60
130.1072,29011,258,414,342,428,60
130.1327,29012,263,413,343,426,59
130.1586,29013,267,414,343,426,58
130.1842,29014,268,414,344,426,58
130.2093,29015,265,414,344,426,57
130.2362,29016,265,414,344,426,57
130.2636,29017,265,414,344,426,57
130.2871,29018,267,414,344,426,57
130.3143,29019,264,414,344,426,58
130.3401,29020,264,414,344,426,58
130.3658,29021,268,413,344,425,55
130.3914,29022,269,414,345,426,56
130.4167,29023,269,414,345,426,56
130.4432,29024,269,413,344,425,54
130.4710,29025,266,414,344,426,61
130.4973,29026,266,414,344,426,60
130.5212,29027,265,414,344,426,58
130.5474,29028,265,414,344,426,58
130.5743,29029,264,414,344,425,48
130.6001,29030,264,414,344,426,48
130.6260,29031,266,413,344,425,50
130.6528,29032,268,413,345,425,45
130.6799,29033,268,413,345,425,45
130.7062,29034,266,413,345,425,55
130.7324,29035,266,414,346,426,56
130.7567,29036,263,414,345,426,56
130.7832,29037,263,414,345,426,56
130.8098,29038,266,414,346,426,55
130.8366,29039,266,413,345,425,55
130.8600,29040,266,413,345,425,59
130.8864,29041,264,413,346,425,63
130.9124,29042,266,413,346,425,65
130.9385,29043,266,413,346,425,65
130.9663,29044,264,412,345,426,67
130.9896,29045,264,412,346,426,67
131.0159,29046,265,411,346,427,68
131.0437,29047,265,411,346,427,68
131.0669,29048,267,412,346,428,68
131.0931,29049,266,412,346,428,69
131.1194,29050,266,412,346,428,69
131.1456,29051,266,412,346,428,68
131.1712,29052,269,411,346,428,69
131.1973,29053,269,410,347,428,69
131.2212,29054,269,410,347,428,70
131.2471,29055,269,410,347,428,70
131.2745,29056,269,410,347,428,70
131.3001,29057,271,410,347,428,71
131.3259,29058,271,409,348,428,71
131.3517,29059,271,409,348,428,71
131.3764,29060,271,409,348,428,71
131.4021,29061,274,408,348,428,71
131.4271,29062,271,409,348,429,72
131.4538,29063,271,409,348,429,72
131.4801,29064,272,408,349,428,72
131.5061,29065,272,409,349,429,71
131.5321,29066,273,409,350,429,71
131.5587,29067,275,409,350,429,71
131.5844,29068,275,409,350,429,71
131.6093,29069,275,409,350,429,71
131.6359,29070,273,408,350,428,72
131.6614,29071,273,409,350,429,71
131.6870,29072,274,408,350,428,71
131.7148,29073,274,408,350,428,71
131.7414,29074,273,408,350,428,72
131.7633,29075,273,408,350,428,72
131.7887,29076,273,408,350,428,72
131.8181,29077,274,408,351,428,72
131.8427,29078,275,408,351,428,72
131.8684,29079,274,409,351,429,72
131.8945,29080,274,408,350,428,73
131.9198,29081,274,408,350,428,73
131.9465,29082,276,409,350,429,72
131.9723,29083,276,408,351,429,73
131.9973,29084,276,408,351,430,74
132.0242,29085,276,408,351,430,74
132.0502,29086,276,408,351,430,74
132.0775,29087,275,408,351,430,74
132.1016,29088,274,408,351,430,73
132.1279,29089,274,408,351,430,73
132.1526,29090,273,408,351,430,73
132.1802,29091,275,408,351,430,72
132.2063,29092,274,408,352,430,73
132.2329,29093,276,408,352,430,74
132.2567,29094,275,408,352,430,73
132.2839,29095,275,408,352,430,73
132.3095,29096,275,408,352,430,73
132.3350,29097,274,408,353,430,74
132.3598,29098,273,408,353,430,74
132.3854,29099,273,408,353,430,74
132.4129,29100,274,408,353,430,74
132.4367,29101,273,408,353,430,74
132.4626,29102,273,408,353,430,74
132.4896,29103,273,408,353,430,74
132.5159,29104,274,407,354,431,74
132.5397,29105,273,408,353,430,74
132.5656,29106,275,408,353,432,74
132.5917,29107,275,408,353,432,74
132.6188,29108,278,408,353,432,74
132.6449,29109,278,408,353,432,75
132.6714,29110,278,406,354,432,75
132.6960,29111,278,406,354,432,76
132.7224,29112,278,406,354,432,76
132.7476,29113,278,404,354,432,76
132.7727,29114,278,405,354,433,76
132.7986,29115,278,405,354,433,76
132.8272,29116,276,407,353,433,75
132.8513,29117,274,408,353,434,74
132.8771,29118,274,408,353,434,74
132.9025,29119,278,406,354,434,76
132.9293,29120,278,406,354,434,76
132.9555,29121,278,406,354,434,76
132.9812,29122,277,406,354,434,76
133.0058,29123,276,406,354,434,76
133.0320,29124,277,406,355,434,76
133.0559,29125,277,406,355,434,76
133.0849,29126,278,406,355,434,76
133.1111,29127,278,406,354,434,76
133.1353,29128,278,406,354,434,76
133.1625,29129,278,406,354,434,75
133.1894,29130,280,406,355,434,75
133.2150,29131,279,405,355,434,75
133.2447,29132,279,405,356,434,76
133.2712,29133,279,405,356,434,76
133.2993,29134,279,405,356,434,76
133.3228,29135,278,406,356,434,75
133.3479,29136,278,406,356,434,75
133.3733,29137,279,406,356,434,76
133.3988,29138,279,405,355,435,75
133.4247,29139,279,405,355,435,75
133.4501,29140,280,406,355,435,74
133.4761,29141,281,404,355,436,74
133.5022,29142,281,404,355,436,74
133.5284,29143,281,405,355,435,74
133.5533,29144,281,404,356,436,75
133.5784,29145,281,404,355,436,75
133.6048,29146,286,404,357,436,75
133.6297,29147,286,404,357,436,75
133.6576,29148,286,404,357,436,76
133.6829,29149,286,404,357,436,76
133.7084,29150,287,404,357,436,76
133.7345,29151,286,404,358,437,76
133.7612,29152,286,404,358,437,76
133.7856,29153,287,404,357,437,76
133.8113,29154,288,404,358,437,76
133.8369,29155,288,404,358,437,76
133.8642,29156,282,404,358,437,76
133.8895,29157,287,404,358,436,76
133.9154,29158,282,403,357,436,76
133.9403,29159,287,402,358,435,76
133.9655,29160,287,402,358,435,76
133.9925,29161,288,401,358,435,76
134.0192,29162,286,400,357,434,75
134.0435,29163,287,400,358,434,75
134.0690,29164,287,400,358,434,75
134.0943,29165,287,400,358,434,75
134.1196,29166,286,400,359,433,75
134.1460,29167,286,400,359,433,75
134.1726,29168,284,399,360,433,75
134.1992,29169,284,399,360,433,75
134.2247,29170,285,399,361,433,74
134.2495,29171,283,400,361,432,75
134.2753,29172,283,399,362,431,74
134.3013,29173,283,399,362,431,74
134.3277,29174,283,398,362,432,74
134.3544,29175,283,398,362,432,74
134.3804,29176,283,398,362,432,73
134.4038,29177,284,399,363,431,74
134.4298,29178,284,399,363,431,74
134.4556,29179,284,399,363,431,73
134.4811,29180,284,399,364,431,72
134.5076,29181,284,399,364,431,72
134.5342,29182,284,399,364,431,73
134.5588,29183,284,399,364,431,72
134.5846,29184,285,401,364,431,72
134.6105,29185,285,400,364,431,73
134.6372,29186,285,400,364,431,73
134.6634,29187,285,399,364,431,74
134.6895,29188,285,399,365,431,73
134.7153,29189,286,399,365,431,72
134.7395,29190,286,400,365,430,71
134.7661,29191,286,400,365,430,71
134.7916,29192,286,402,364,430,69
134.8172,29193,286,402,364,430,69
134.8423,29194,286,401,364,429,69
134.8691,29195,288,403,364,429,63
134.8946,29196,291,406,365,428,56
134.9558,29197,290,404,365,428,57
134.9792,29198,292,404,366,428,56
135.0054,29199,292,404,366,428,56
135.0321,29200,293,407,366,427,49
135.0576,29201,291,402,366,426,41
135.0841,29202,290,401,366,425,37
135.1090,29203,289,400,365,425,41
135.1344,29204,289,400,365,425,41
135.1611,29205,290,400,365,424,37
135.1856,29206,290,401,364,424,34
135.1856,29206,286,396,317,422,33
135.2122,29207,290,401,364,424,34
135.2122,29207,286,396,317,422,33
135.2399,29208,290,400,365,424,37
135.2655,29209,290,400,366,424,36
135.2911,29210,299,412,368,426,40
135.3171,29211,291,401,366,425,41
135.3419,29212,291,401,366,425,41
135.3693,29213,286,397,311,422,37
135.3693,29213,291,401,368,425,33
135.3950,29214,290,401,368,425,44
135.4201,29215,291,402,368,425,42
135.4201,29215,287,399,317,423,34
135.4473,29216,291,401,367,425,43
135.4744,29217,291,401,367,425,43
135.4993,29218,288,399,313,423,37
135.4993,29218,291,401,364,424,35
135.5233,29219,290,400,367,424,44
135.5492,29220,290,400,367,424,44
135.5755,29221,291,402,368,424,44
135.6022,29222,293,402,369,424,43
135.6273,29223,292,404,370,424,44
135.6522,29224,291,403,370,425,50
135.6781,29225,291,403,370,425,50
135.7053,29226,291,403,371,425,49
135.7310,29227,291,403,371,425,53
135.7549,29228,290,403,370,425,49
135.7799,29229,290,403,370,425,58
135.8082,29230,290,403,370,425,58
135.8341,29231,291,403,371,425,51
135.8583,29232,291,403,371,425,51
135.8854,29233,292,404,372,425,52
135.9095,29234,292,404,372,426,60
135.9375,29235,292,405,372,425,62
135.9649,29236,293,405,372,425,58
135.9886,29237,293,406,373,426,59
136.0162,29238,293,406,373,426,59
136.0412,29239,293,404,373,426,62
136.0680,29240,293,406,373,426,58
136.0922,29241,293,406,374,425,57
136.1171,29242,294,406,373,425,57
136.1449,29243,294,406,373,425,57
136.1692,29244,294,405,373,425,55
136.1950,29245,296,409,374,425,53
136.2200,29246,296,409,374,425,53
136.2470,29247,298,410,374,426,50
136.2723,29248,295,408,374,426,56
136.3456,29249,296,410,374,426,56
136.3722,29250,296,408,374,426,56
136.3992,29251,296,406,374,426,63
136.4233,29252,296,406,374,426,63
136.4492,29253,296,406,374,426,63
136.4755,29254,296,406,374,426,64
136.5015,29255,297,407,374,425,64
136.5258,29256,297,407,374,425,64
136.5535,29257,297,407,374,425,64
136.5788,29258,296,407,374,425,66
136.6026,29259,296,406,374,425,66
136.6291,29260,296,406,375,425,66
136.6548,29261,296,406,375,425,66
136.6799,29262,296,406,375,425,65
136.7093,29263,296,406,375,425,66
136.7324,29264,297,406,375,425,66
136.7568,29265,296,406,376,424,64
136.7829,29266,296,406,376,424,64
136.8092,29267,296,406,376,424,65
136.8346,29268,295,406,376,424,66
136.8614,29269,295,406,376,424,66
136.8886,29270,296,406,376,424,67
136.9141,29271,296,405,376,425,65
136.9395,29272,299,408,377,424,65
136.9658,29273,299,408,377,424,65
136.9900,29274,299,408,377,424,65
137.0184,29275,296,406,377,424,65
137.0423,29276,299,408,377,424,65
137.0681,29277,298,408,377,424,65
137.0929,29278,299,408,376,424,63
137.1186,29279,299,408,376,424,63
137.1444,29280,300,408,376,424,65
137.1712,29281,300,408,376,424,66
137.1953,29282,300,408,376,424,66
137.2253,29283,297,407,377,425,68
137.2475,29284,298,407,376,425,68
137.2725,29285,298,407,376,425,68
137.2986,29286,298,406,377,426,68
137.3252,29287,298,406,377,426,68
137.3521,29288,297,406,376,426,69
137.3794,29289,298,406,377,426,70
137.4034,29290,299,406,377,426,69
137.4314,29291,300,406,378,426,69
137.4561,29292,300,406,378,426,69
137.4825,29293,299,406,377,426,70
137.5071,29294,298,406,377,426,71
137.5350,29295,298,406,377,426,71
137.5613,29296,300,405,377,425,71
137.5872,29297,299,405,377,425,71
137.6114,29298,299,405,377,425,71
137.6364,29299,300,405,378,425,71
137.6617,29300,300,405,378,425,71
137.6885,29301,300,405,378,425,71
137.7140,29302,300,405,378,425,71
137.7390,29303,300,405,379,425,72
137.7657,29304,301,405,379,426,72
137.7896,29305,301,405,379,426,72
137.8181,29306,302,405,378,426,73
137.8416,29307,304,405,379,426,72
137.8685,29308,304,405,379,426,72
137.8936,29309,303,404,379,426,72
137.9194,29310,302,404,380,426,73
137.9451,29311,306,404,380,426,73
137.9694,29312,306,405,380,425,73
137.9955,29313,306,405,380,425,73
138.0229,29314,306,405,380,425,73
138.0473,29315,306,405,380,425,73
138.0726,29316,306,405,380,425,73
138.0987,29317,305,405,381,425,73
138.1258,29318,305,405,381,425,73
138.1510,29319,306,405,381,425,73
138.1773,29320,304,405,381,425,73
138.2024,29321,305,404,381,424,73
138.2291,29322,305,404,381,424,73
138.2544,29323,305,404,381,425,74
138.2797,29324,306,404,381,425,73
138.3053,29325,308,404,380,424,74
138.3318,29326,308,404,380,424,74
138.3577,29327,304,403,381,425,74
138.3850,29328,306,403,380,425,74
138.4102,29329,305,403,381,427,75
138.4356,29330,307,403,380,427,75
138.4603,29331,307,403,380,427,75
138.4875,29332,307,403,380,427,75
138.5138,29333,306,402,381,428,76
138.5375,29334,308,402,380,428,76
138.5644,29335,308,402,380,428,76
138.5890,29336,306,402,381,428,76
138.6142,29337,310,402,381,428,76
138.6400,29338,310,402,381,428,76
138.6666,29339,308,402,381,428,76
138.6937,29340,306,402,380,428,75
138.7176,29341,308,402,381,428,75
138.7433,29342,308,402,382,428,76
138.7686,29343,308,402,382,428,76
138.7957,29344,308,401,382,427,75
138.8211,29345,310,401,382,427,75
138.8489,29346,310,401,382,427,75
138.8722,29347,310,401,382,427,75
138.8991,29348,310,401,382,427,75
138.9244,29349,309,401,382,427,75
138.9495,29350,316,400,383,428,75
138.9748,29351,316,400,383,428,75
138.9998,29352,308,400,382,426,74
139.0270,29353,309,401,383,427,73
139.0534,29354,310,401,383,427,73
139.0783,29355,314,403,382,427,73
139.1035,29356,314,403,382,427,73
139.1287,29357,317,404,383,426,72
139.1560,29358,315,404,383,425,70
139.1810,29359,320,404,384,423,68
139.2076,29360,314,406,385,422,66
139.2340,29361,314,406,385,422,66
139.2573,29362,311,406,386,423,64
139.2842,29363,309,407,387,422,60
139.3100,29364,309,407,387,422,60
139.3363,29365,307,407,386,423,58
139.3622,29366,304,407,386,424,57
139.3863,29367,303,407,385,424,50
139.4142,29368,300,408,385,424,49
139.4382,29369,300,408,385,424,49
139.4647,29370,299,407,383,423,49
139.4912,29371,325,407,390,419,49
139.4912,29371,297,408,340,424,38
139.5178,29372,325,407,391,419,53
139.5178,29372,298,408,336,424,34
139.5415,29373,330,407,391,419,54
139.5415,29373,298,407,328,425,50
139.5671,29374,330,407,391,419,54
139.5671,29374,298,407,328,425,50
139.5926,29375,329,407,392,419,57
139.5926,29375,299,407,330,425,45
139.6185,29376,333,407,392,419,58
139.6185,29376,299,405,326,425,55
139.6446,29377,333,407,392,419,58
139.6446,29377,299,405,326,425,55
139.6711,29378,330,407,392,419,59
139.6711,29378,300,406,330,425,46
139.6968,29379,330,407,392,419,58
139.6968,29379,301,406,331,424,49
139.7215,29380,333,407,392,419,58
139.7215,29380,300,406,326,424,53
139.7480,29381,331,407,392,419,58
139.7480,29381,302,405,328,423,44
139.7727,29382,331,407,392,419,58
139.7727,29382,302,405,328,423,44
139.7990,29383,332,407,392,419,59
139.7990,29383,301,406,325,424,45
139.8254,29384,332,407,392,419,58
139.8254,29384,302,405,328,423,44
139.8523,29385,333,407,393,419,60
139.8523,29385,303,405,328,421,46
139.8763,29386,333,407,394,419,59
139.8763,29386,302,406,328,422,44
139.9014,29387,333,407,394,419,59
139.9014,29387,302,406,328,422,44
139.9268,29388,329,407,394,419,60
139.9268,29388,302,405,334,421,38
139.9518,29389,329,407,394,419,60
139.9518,29389,302,405,334,421,38
139.9785,29390,332,407,394,419,59
139.9785,29390,301,406,328,422,48
140.0048,29391,330,407,394,419,59
140.0048,29391,302,406,333,420,40
140.0311,29392,330,407,394,419,58
140.0311,29392,303,406,336,420,34
140.0556,29393,332,407,395,419,57
140.0556,29393,301,406,330,420,33
140.0814,29394,332,407,395,419,57
140.0814,29394,301,406,330,420,33
140.1085,29395,329,407,394,419,58
140.1085,29395,302,405,337,419,37
140.1345,29396,327,407,394,419,57
140.1611,29397,330,407,394,419,58
140.1611,29397,301,405,345,419,37
140.1853,29398,332,407,394,419,56
140.2128,29399,330,407,394,419,53
140.2371,29400,330,407,394,419,53
140.2638,29401,328,407,395,419,54
140.2872,29402,328,407,395,419,54
140.3133,29403,320,406,393,419,56
140.3393,29404,320,406,392,420,54
140.3663,29405,323,405,392,419,54
140.3912,29406,322,406,393,420,60
140.4170,29407,322,406,393,420,60
140.4427,29408,324,406,393,420,54
140.4689,29409,330,406,396,420,61
140.4947,29410,332,405,396,421,61
140.5200,29411,328,405,396,421,66
140.5458,29412,328,405,396,421,66
140.5722,29413,327,404,396,422,67
140.5974,29414,329,404,398,422,67
140.6235,29415,329,404,398,422,67
140.6500,29416,326,404,397,422,66
140.6760,29417,328,404,396,422,66
140.7023,29418,338,404,396,422,66
140.7269,29419,337,403,397,423,70
140.7526,29420,337,403,397,423,70
140.7783,29421,338,402,396,423,71
140.8043,29422,337,402,397,424,72
140.8298,29423,337,402,397,424,73
140.8561,29424,336,401,397,424,73
140.8835,29425,332,401,398,424,74
140.9060,29426,332,401,398,424,74
140.9324,29427,338,401,398,425,73
140.9571,29428,338,401,398,425,73
140.9833,29429,336,401,398,425,74
141.0096,29430,341,401,398,425,74
141.0358,29431,339,401,398,425,74
141.0612,29432,337,401,399,425,75
141.0883,29433,337,401,399,425,75
141.1125,29434,333,401,399,425,75
141.1375,29435,333,401,399,425,75
141.1643,29436,337,401,399,425,75
141.1903,29437,340,401,399,425,75
141.2162,29438,343,401,398,425,74
141.2417,29439,342,401,399,425,75
141.2660,29440,342,401,399,425,75
141.2911,29441,342,401,399,425,75
141.3185,29442,343,401,400,425,75
141.3435,29443,342,401,400,425,75
141.3948,29445,353,392,404,448,76
141.4230,29446,353,392,404,448,76
141.4488,29447,355,391,415,457,78
141.4749,29448,355,391,415,457,78
141.5018,29449,366,398,424,464,79
141.5296,29450,370,404,431,468,78
141.5548,29451,370,414,436,472,76
141.5811,29452,371,424,441,476,77
141.6051,29453,374,434,446,480,76
141.6317,29454,374,434,446,480,76
141.6592,29455,378,442,449,482,69
141.6852,29456,378,442,449,482,69
141.7097,29457,390,450,456,486,41
141.7617,29459,410,455,460,486,53
141.7864,29460,410,455,460,486,53
141.8116,29461,427,462,482,485,76
141.8384,29462,427,462,482,485,76
141.8651,29463,431,458,503,480,71
141.8915,29464,453,453,520,471,72
141.9158,29465,467,450,533,468,71
141.9418,29466,475,447,544,467,71
141.9678,29467,475,447,544,467,71
141.9942,29468,488,443,553,465,75
142.0201,29469,493,440,563,464,75
142.0458,29470,503,434,568,462,75
142.0696,29471,503,434,568,462,75
142.0968,29472,503,434,568,462,75
142.1217,29473,533,420,600,448,75
142.1482,29474,545,412,614,444,77
142.1758,29475,545,412,614,444,77
142.2014,29476,562,406,626,442,75
142.2270,29477,563,403,634,442,67
142.2515,29478,599,399,648,435,77
142.2777,29479,610,400,660,446,78
142.3023,29480,610,400,660,446,78
142.3297,29481,611,405,669,456,77
142.3555,29482,618,406,678,464,77
142.3797,29483,620,404,685,470,76
142.4079,29484,620,404,685,470,76
142.4330,29485,630,407,692,475,76
142.4575,29486,638,418,698,480,73
142.4826,29487,642,421,703,485,75
142.5084,29488,642,421,703,485,75
142.5358,29489,648,431,708,487,73
142.5615,29490,650,431,712,491,73
142.5879,29491,652,438,716,494,73
142.6122,29492,654,444,720,496,75
142.6381,29493,654,444,720,496,75
142.6642,29494,655,442,724,500,74
142.6902,29495,655,442,724,500,74
142.7161,29496,659,449,727,501,71
142.7435,29497,657,441,731,503,73
142.7692,29498,660,446,734,504,74
142.7941,29499,662,449,736,507,73
142.8199,29500,663,452,740,508,74
142.8469,29501,663,452,740,508,74
142.8710,29502,670,462,742,510,69
142.8992,29503,671,462,743,512,72
142.9211,29504,695,481,742,515,64
142.9491,29505,709,482,737,524,53
142.9745,29506,709,482,737,524,53
143.0013,29507,719,481,737,529,70
143.0254,29508,719,481,737,529,70
143.0541,29509,718,484,738,534,71
143.0800,29510,716,485,740,538,74
143.1058,29511,714,486,740,542,75
143.1305,29512,713,487,741,545,78
143.1557,29513,710,490,742,548,77
143.1825,29514,710,490,742,548,77
143.2098,29515,710,491,742,551,76
143.2355,29516,709,494,743,553,76
143.2599,29517,712,502,742,558,77
143.2857,29518,708,504,736,566,68
143.3123,29519,708,504,736,566,68
143.3381,29520,702,519,732,573,70
143.3648,29521,699,519,735,579,68
143.3893,29522,699,519,735,579,68
143.4165,29523,695,514,735,584,68
143.4423,29524,692,522,736,588,69
143.4675,29525,690,518,736,592,71
143.4924,29526,687,528,735,596,73
143.5177,29527,687,528,735,596,73
143.5444,29528,685,527,737,600,72
143.5696,29529,683,531,735,603,72
143.5956,29530,682,534,734,606,75
143.6195,29531,679,537,735,607,73
143.6491,29532,679,537,735,607,73
143.6726,29533,672,564,714,602,65
143.6981,29534,665,572,715,600,64
143.7262,29535,665,572,715,600,64
143.7521,29536,659,582,715,600,57
143.7784,29537,654,588,714,600,50
143.8031,29538,675,561,721,599,48
143.8031,29538,652,589,712,601,46
143.8292,29539,650,588,704,602,58
143.8292,29539,706,562,724,596,40
143.8552,29540,650,588,704,602,58
143.8552,29540,706,562,724,596,40
143.8816,29541,650,575,683,609,76
143.9080,29542,646,568,690,613,74
143.9325,29543,647,561,685,612,73
143.9598,29544,649,556,683,608,65
143.9851,29545,649,556,683,608,65
144.0117,29546,648,549,674,605,61
144.0356,29547,648,545,672,605,58
144.0626,29548,648,545,672,605,58
144.0875,29549,647,540,669,604,56
144.1151,29550,646,536,668,602,52
144.1394,29551,646,534,674,604,54
144.1654,29552,644,530,662,592,63
144.1896,29553,644,530,662,592,63
144.2188,29554,645,528,669,583,67
144.2435,29555,644,522,674,570,75
144.2435,29555,649,568,671,604,45
144.2692,29556,646,518,678,568,72
144.2692,29556,650,568,674,598,38
144.2948,29557,646,514,678,564,73
144.3197,29558,646,514,678,564,73
144.3482,29559,646,508,676,552,56
144.3727,29560,646,497,674,545,73
144.3983,29561,646,497,674,545,73
144.4246,29562,646,488,682,538,70
144.4518,29563,647,481,687,531,75
144.4762,29564,647,481,687,531,75
144.4996,29565,650,474,696,518,80
144.5263,29566,650,474,696,518,80
144.5533,29567,654,470,700,516,80
144.5779,29568,658,465,702,513,79
144.6043,29569,662,464,702,510,77
144.6288,29570,674,463,700,503,62
144.6555,29571,674,463,700,503,62
144.6823,29572,664,464,705,498,79
144.7084,29573,654,463,708,497,72
144.7332,29574,654,463,708,497,72
144.7622,29575,648,461,708,493,58
144.7881,29576,644,461,696,477,51
144.8152,29577,630,458,690,474,57
144.8390,29578,613,453,681,478,72
144.8661,29579,613,453,681,478,72
144.8921,29580,613,453,681,478,72
144.9190,29581,588,449,668,477,72
144.9434,29582,578,448,662,474,70
144.9687,29583,570,446,646,462,60
144.9950,29584,562,446,648,462,60
145.0212,29585,562,446,648,462,60
145.0459,29586,554,444,630,457,64
145.0727,29587,554,444,630,457,64
145.0993,29588,549,444,617,456,65
145.1261,29589,541,442,601,460,71
145.1497,29590,528,442,596,460,71
145.1770,29591,516,443,598,459,70
145.2023,29592,508,444,589,460,70
145.2284,29593,508,444,589,460,70
145.2547,29594,498,443,588,461,68
145.2814,29595,498,443,588,461,68
145.3071,29596,483,444,559,460,68
145.3342,29597,477,444,564,462,69
145.3567,29598,477,444,564,462,69
145.3855,29599,470,444,560,463,70
145.4110,29600,465,444,559,464,72
145.4370,29601,465,444,559,464,72
145.4630,29602,461,443,555,464,70
145.4884,29603,456,442,552,463,71
145.5141,29604,452,442,546,462,71
145.5390,29605,448,442,544,462,70
145.5643,29606,448,442,544,462,70
145.5921,29607,444,442,540,461,68
145.6183,29608,441,441,534,459,68
145.6426,29609,437,441,525,456,66
145.6676,29610,437,441,525,456,66
145.6936,29611,437,441,525,456,66
145.7193,29612,431,441,521,455,62
145.7461,29613,428,441,521,455,63
145.7699,29614,428,441,521,455,63
145.7976,29615,425,440,513,453,61
145.8238,29616,422,440,508,452,61
145.8486,29617,419,439,507,452,62
145.8737,29618,419,439,507,452,62
145.8999,29619,417,439,506,451,59
145.9261,29620,415,438,504,450,54
145.9518,29621,413,438,503,450,55
145.9773,29622,410,438,494,449,46
146.0023,29623,409,438,477,450,59
146.0296,29624,409,438,477,450,59
146.0548,29625,402,436,462,452,73
146.0822,29626,402,436,462,452,73
146.1063,29627,402,436,462,452,73
146.1344,29628,384,436,464,452,70
146.1585,29629,376,438,459,452,66
146.1845,29630,369,440,455,452,65
146.2082,29631,363,440,441,452,60
146.2349,29632,363,440,441,452,60
146.2597,29633,359,441,434,453,64
146.2877,29634,349,437,402,457,74
146.3128,29635,328,443,394,455,60
146.3380,29636,313,444,387,459,69
146.3633,29637,313,444,387,459,69
146.3896,29638,300,444,377,460,70
146.4152,29639,289,443,373,461,73
146.4415,29640,289,443,373,461,73
146.4670,29641,278,442,365,462,73
146.4910,29642,270,442,358,464,73
146.5176,29643,260,440,352,464,71
146.5446,29644,260,440,352,464,71
146.5714,29645,253,442,347,465,65
146.5974,29646,244,453,328,466,50
146.6213,29647,238,453,323,467,55
146.6485,29648,233,456,300,466,48
146.6724,29649,233,456,300,466,48
146.6996,29650,227,458,288,468,50
146.7251,29651,222,458,283,468,48
146.7495,29652,218,457,280,467,41
146.7766,29653,218,457,280,467,41
146.8536,29656,210,453,250,473,65
146.8536,29656,177,454,190,481,49
146.8799,29657,210,453,250,473,65
146.8799,29657,177,454,190,481,49
146.9061,29658,215,445,246,487,74
146.9325,29659,215,441,238,493,54
146.9596,29660,215,442,237,500,64
146.9846,29661,213,443,238,505,73
147.0100,29662,212,444,240,510,74
147.0361,29663,212,444,240,510,74
147.0655,29664,212,448,241,514,75
147.0894,29665,213,447,242,517,75
147.1158,29666,214,448,243,520,76
147.1397,29667,214,448,243,520,76
147.1673,29668,215,458,244,522,77
147.1922,29669,219,470,254,516,66
147.2183,29670,216,492,261,512,70
147.2183,29670,178,479,187,519,30
147.2452,29671,216,492,261,512,70
147.2452,29671,178,479,187,519,30
147.2698,29672,216,488,268,514,74
147.2698,29672,212,467,232,509,42
147.2964,29673,219,484,274,516,74
147.3212,29674,225,482,279,516,76
147.3485,29675,229,479,284,515,78
147.3741,29676,229,479,284,515,78
147.4004,29677,230,476,288,514,78
147.4261,29678,233,474,291,512,78
147.4510,29679,234,472,294,512,78
147.4776,29680,234,472,294,512,78
147.5035,29681,236,470,296,512,78
147.5296,29682,238,470,298,512,78
147.5548,29683,238,470,298,512,78
147.5812,29684,254,476,304,510,66
147.6089,29685,255,476,314,492,66
147.6340,29686,250,471,323,495,75
147.6591,29687,258,468,332,494,77
147.6833,29688,256,467,339,496,79
147.7093,29689,256,467,339,496,79
147.7371,29690,260,466,345,496,78
147.7628,29691,278,466,349,491,72
147.7873,29692,302,467,362,479,71
147.8132,29693,302,467,362,479,71
147.8393,29694,308,466,374,478,64
147.8645,29695,333,464,390,480,66
147.8896,29696,337,464,401,480,62
147.9160,29697,337,464,401,480,62
147.9444,29698,357,468,414,480,50
147.9681,29699,369,469,424,480,48
147.9933,29700,369,469,424,480,48
148.0203,29701,370,470,432,480,53
148.0456,29702,377,470,439,482,56
148.0698,29703,377,470,439,482,56
148.0967,29704,377,470,439,482,56
148.1236,29705,396,470,453,480,58
148.1484,29706,399,470,459,480,56
148.1742,29707,399,470,464,481,52
148.1991,29708,405,470,469,480,53
148.2241,29709,405,469,474,481,37
148.2499,29710,405,469,474,481,37
148.2765,29711,418,470,479,480,37
148.3557,29714,428,470,487,480,31
148.3793,29715,430,470,492,480,32
148.4580,29718,430,468,498,480,38
148.4860,29719,430,468,498,480,38
148.5113,29720,437,468,505,480,42
148.5364,29721,447,467,508,479,51
148.5645,29722,448,468,511,480,53
148.5890,29723,448,468,511,480,53
148.6159,29724,442,467,514,479,49
148.6413,29725,455,467,516,479,50
148.6666,29726,455,467,516,479,50
148.6932,29727,460,467,518,479,41
148.7185,29728,464,466,521,480,52
148.7431,29729,472,465,529,479,59
148.7696,29730,472,465,529,479,59
148.7966,29731,495,454,541,482,77
148.8213,29732,500,449,556,481,79
148.8490,29733,498,443,568,479,72
148.8734,29734,498,443,568,479,72
148.8993,29735,504,431,588,472,68
148.9258,29736,504,431,588,472,68
148.9512,29737,521,426,597,468,65
148.9774,29738,522,424,604,468,68
149.0026,29739,529,420,611,467,68
149.0302,29740,529,420,611,467,68
149.0532,29741,539,418,617,462,67
149.0783,29742,544,415,624,459,75
149.1048,29743,544,415,624,459,75
149.1297,29744,574,416,628,446,69
149.1573,29745,591,414,639,438,67
149.1833,29746,588,412,652,440,74
149.2082,29747,586,412,662,444,77
149.2329,29748,586,412,662,444,77
149.2605,29749,592,416,673,448,72
149.2845,29750,592,416,673,448,72
149.3126,29751,607,422,689,452,72
149.3387,29752,629,426,697,455,71
149.3637,29753,629,426,697,455,71
149.3899,29754,616,424,704,456,71
149.4162,29755,618,423,708,457,73
149.4399,29756,618,423,708,457,73
149.4680,29757,622,422,714,460,75
149.4945,29758,630,427,720,462,71
149.5214,29759,631,425,724,462,72
149.5470,29760,637,428,729,464,72
149.5714,29761,641,430,733,466,72
149.5986,29762,641,430,733,466,72
149.6247,29763,645,431,737,467,71
149.6501,29764,651,432,742,468,70
149.6759,29765,651,432,742,468,70
149.7031,29766,651,432,742,468,70
149.7301,29767,656,434,750,470,66
149.7537,29768,662,436,752,470,65
149.7803,29769,662,436,752,470,65
149.8065,29770,704,451,750,475,43
149.8343,29771,724,446,748,482,57
149.8343,29771,680,441,725,457,38
149.8588,29772,718,445,750,477,63
149.8847,29773,708,442,754,476,67
149.9095,29774,704,442,756,474,62
149.9351,29775,704,442,756,474,62
149.9626,29776,696,453,758,475,41
149.9626,29776,734,435,760,471,32
149.9890,29777,689,465,759,479,48
149.9890,29777,744,436,764,470,33
150.0134,29778,683,465,757,479,44
150.0387,29779,683,465,757,479,44
150.0645,29780,677,457,757,479,55
150.0902,29781,673,464,743,480,38
150.1159,29782,670,470,730,482,56
150.1416,29783,670,470,730,482,56
150.1678,29784,662,468,726,484,69
150.1942,29785,653,467,713,484,67
150.2194,29786,644,466,712,487,71
150.2455,29787,634,469,702,485,45
150.2711,29788,634,469,702,485,45
150.2976,29789,625,469,711,485,33
150.3486,29791,612,468,682,480,41
150.3751,29792,612,468,682,480,41
150.4012,29793,606,468,676,480,50
150.4259,29794,600,468,666,480,57
150.4511,29795,596,468,660,480,60
150.4766,29796,596,468,660,480,60
150.5024,29797,592,468,656,480,59
150.5282,29798,588,468,660,481,54
150.5524,29799,582,469,646,481,53
150.5784,29800,578,469,644,481,49
150.6041,29801,578,469,644,481,49
150.6332,29802,576,470,640,482,45
150.6573,29803,572,472,634,482,46
150.6823,29804,568,472,632,482,42
150.7082,29805,565,473,627,483,45
150.7327,29806,565,473,627,483,45
150.7575,29807,562,472,626,484,43
150.7829,29808,562,472,626,484,43
150.8105,29809,560,472,626,485,61
150.8362,29810,556,471,612,488,69
150.8362,29810,624,464,646,484,32
150.8616,29811,548,471,612,487,66
150.8884,29812,539,474,597,486,61
150.9127,29813,539,474,597,486,61
150.9391,29814,530,476,592,486,60
150.9391,29814,598,464,622,486,46
150.9662,29815,522,476,584,486,56
150.9901,29816,515,477,579,485,42
151.0163,29817,508,477,570,485,31
151.0412,29818,508,477,570,485,31
151.0685,29819,502,477,564,485,38
151.0933,29820,498,476,556,485,41
151.1202,29821,498,476,556,485,41
151.1465,29822,492,476,552,484,54
151.1715,29823,488,476,549,484,56
151.1959,29824,484,475,544,485,55
151.2228,29825,480,475,540,485,48
151.2514,29826,480,475,540,485,48
151.2745,29827,476,475,535,485,53
151.2998,29828,476,475,535,485,53
151.3263,29829,472,476,530,484,51
151.3531,29830,469,475,526,485,52
151.3803,29831,466,476,524,485,50
151.4052,29832,463,475,520,485,38
151.4290,29833,460,475,515,485,45
151.4557,29834,460,475,515,485,45
151.4814,29835,457,475,513,485,50
151.5075,29836,455,476,513,484,44
151.5342,29837,452,475,511,484,46
151.5593,29838,450,475,507,484,46
151.5850,29839,450,475,507,484,46
151.6112,29840,447,475,505,484,47
151.6366,29841,445,475,500,483,37
151.6652,29842,445,475,500,483,37
151.6891,29843,445,475,500,483,37
151.7159,29844,441,474,500,484,56
151.7412,29845,439,474,496,484,42
151.7664,29846,436,474,495,484,48
151.7920,29847,436,474,495,484,48
151.8175,29848,435,474,492,484,47
151.8439,29849,433,474,490,484,42
151.8700,29850,431,474,487,488,67
151.8974,29851,426,473,486,489,71
151.9227,29852,426,473,486,489,71
151.9478,29853,420,472,484,488,65
151.9745,29854,412,475,481,487,57
151.9999,29855,412,475,481,487,57
152.0256,29856,406,476,483,488,36
152.2356,29864,377,473,444,493,69
152.2624,29865,377,473,444,493,69
152.2900,29866,368,472,434,494,71
152.3133,29867,356,475,424,491,69
152.3390,29868,356,475,424,491,69
152.3646,29869,347,471,422,487,68
152.3921,29870,339,470,414,488,69
152.4174,29871,330,470,400,488,69
152.4434,29872,323,469,398,488,62
152.4693,29873,323,469,398,488,62
152.4962,29874,323,469,398,488,62
152.5223,29875,312,468,397,486,61
152.5480,29876,306,468,395,486,64
152.5721,29877,302,467,388,484,57
152.6002,29878,298,467,382,483,46
152.6266,29879,298,467,382,483,46
152.6503,29880,293,466,381,484,56
152.6767,29881,289,466,380,484,61
152.7030,29882,289,466,380,484,61
152.7294,29883,286,466,373,482,55
152.7540,29884,281,466,371,481,60
152.7810,29885,278,466,368,480,60
152.8067,29886,276,466,368,480,60
152.8325,29887,276,466,368,480,60
152.8572,29888,273,465,365,479,62
152.8842,29889,273,465,365,479,62
152.9084,29890,267,465,359,478,60
152.9358,29891,264,465,355,477,55
152.9618,29892,264,465,355,477,55
152.9856,29893,261,465,353,477,54
153.0115,29894,258,465,350,477,56
153.0367,29895,258,465,350,477,56
153.0642,29896,256,465,350,476,52
153.0893,29897,254,464,341,476,51
153.1162,29898,252,464,340,476,53
153.1398,29899,249,464,338,476,57
153.1661,29900,249,464,338,476,57
153.1923,29901,246,464,336,476,53
153.2192,29902,246,464,333,475,50
153.2433,29903,244,464,334,476,48
153.2679,29904,244,464,334,476,48
153.2963,29905,244,464,334,476,48
153.3202,29906,241,464,330,475,42
153.3465,29907,239,464,331,476,44
153.3746,29908,239,464,331,476,44
153.4001,29909,236,462,317,474,37
153.4258,29910,235,462,319,474,47
153.4515,29911,232,462,313,474,42
153.4768,29912,231,462,310,474,43
153.5031,29913,231,462,310,474,43
153.5298,29914,230,462,312,474,45
153.5548,29915,228,462,302,474,46
153.5811,29916,227,462,302,474,49
153.6048,29917,226,462,300,474,49
153.6322,29918,226,462,300,474,49
153.6580,29919,224,461,300,474,50
153.6815,29920,223,461,293,473,47
153.7088,29921,223,461,293,473,47
153.7342,29922,221,460,291,472,51
153.7597,29923,220,460,288,472,51
153.7852,29924,220,460,286,472,56
153.8124,29925,218,460,286,472,54
153.8402,29926,218,460,286,472,54
153.8644,29927,217,460,286,472,60
153.8919,29928,216,460,285,472,60
153.9162,29929,215,460,284,472,60
153.9418,29930,214,460,283,472,60
153.9665,29931,214,460,283,472,60
153.9924,29932,213,459,282,472,60
154.0189,29933,213,459,282,472,60
154.0454,29934,212,459,282,472,58
154.0700,29935,212,458,281,472,59
154.0975,29936,211,459,279,471,59
154.1218,29937,210,459,276,471,59
154.1486,29938,210,459,274,471,59
154.1748,29939,210,459,274,471,59
154.1998,29940,211,458,264,474,63
154.2266,29941,218,452,256,482,78
154.2266,29941,254,455,296,477,31
154.2516,29942,220,447,252,487,77
154.2769,29943,221,445,244,489,74
154.3032,29944,221,445,244,489,74
154.3299,29945,220,443,246,492,75
154.3545,29946,219,443,247,495,77
154.3816,29947,219,443,247,495,77
154.4069,29948,219,443,247,500,76
154.4335,29949,219,442,248,504,76
154.4591,29950,219,443,250,506,76
154.4834,29951,220,448,251,508,73
154.5093,29952,220,448,251,508,73
154.5360,29953,219,452,253,511,74
154.5616,29954,219,457,255,513,75
154.5875,29955,218,453,256,515,75
154.6117,29956,219,458,257,517,75
154.6393,29957,219,458,257,517,75
154.6643,29958,220,457,259,517,76
154.6894,29959,220,457,259,517,76
154.7170,29960,224,469,264,511,78
154.7433,29961,221,476,266,508,73
154.7692,29962,219,482,268,508,71
154.7692,29962,218,454,239,502,46
154.7940,29963,223,481,272,509,73
154.8186,29964,224,478,276,510,74
154.8448,29965,224,478,276,510,74
154.8699,29966,225,477,278,511,75
154.8962,29967,223,476,281,512,77
154.9212,29968,228,474,283,512,77
154.9463,29969,231,472,286,512,77
154.9732,29970,231,472,286,512,77
154.9985,29971,232,470,288,512,77
155.0261,29972,232,470,288,512,77
155.0513,29973,234,468,290,510,78
155.0762,29974,234,467,292,511,78
155.1014,29975,233,466,294,511,79
155.1266,29976,235,465,295,510,79
155.1534,29977,235,465,295,510,79
155.1799,29978,236,464,297,510,79
155.2062,29979,233,463,299,511,80
155.2335,29980,233,462,300,511,80
155.2580,29981,235,461,301,510,79
155.2838,29982,236,460,302,512,79
155.3095,29983,236,460,302,512,79
155.3370,29984,237,459,303,510,78
155.3616,29985,237,459,303,510,78
155.3892,29986,239,459,305,509,78
155.4147,29987,238,458,304,512,79
155.4410,29988,236,458,306,510,79
155.4660,29989,238,457,306,512,79
155.4926,29990,240,457,307,511,79
155.5185,29991,240,457,307,511,79
155.5449,29992,237,456,307,514,80
155.5719,29993,239,456,308,512,79
155.5964,29994,242,455,309,511,80
155.6210,29995,239,455,310,513,80
155.6461,29996,239,455,310,513,80
155.6727,29997,244,453,310,511,80
155.6989,29998,240,453,310,511,80
155.7246,29999,240,453,310,511,80
155.7499,30000,242,453,311,510,81
155.7772,30001,242,453,312,510,81
155.8022,30002,243,452,312,510,81
155.8271,30003,244,452,313,510,82
155.8528,30004,244,452,313,510,82
155.8810,30005,246,452,313,509,82
155.9061,30006,245,451,314,509,82
155.9313,30007,246,451,314,509,82
155.9556,30008,245,452,314,508,82
155.9818,30009,245,452,314,508,82
156.0080,30010,248,451,314,509,82
156.0329,30011,248,451,314,509,82
156.0619,30012,246,451,315,509,82
156.0887,30013,247,451,315,509,82
156.1141,30014,248,451,316,509,82
156.1402,30015,249,451,315,509,82
156.1655,30016,248,451,316,509,82
156.1910,30017,248,451,316,509,82
156.2170,30018,248,451,316,508,82
156.2441,30019,249,451,316,509,82
156.2691,30020,251,451,317,509,82
156.2933,30021,249,451,317,509,82
156.3195,30022,249,451,317,509,82
156.3464,30023,249,451,317,511,82
156.3713,30024,251,451,317,509,82
156.3973,30025,251,451,317,509,82
156.4231,30026,249,450,318,510,82
156.4484,30027,248,451,317,511,83
156.4735,30028,248,451,317,511,83
156.5004,30029,249,451,317,511,82
156.5252,30030,249,451,317,511,82
156.5510,30031,250,451,318,511,81
156.5775,30032,248,451,318,510,82
156.6026,30033,250,451,318,511,82
156.6276,30034,249,451,318,512,82
156.6533,30035,249,451,318,512,82
156.6815,30036,250,451,318,511,82
156.7050,30037,251,451,318,510,82
156.7312,30038,251,451,318,510,82
156.7587,30039,251,451,318,513,82
156.7852,30040,251,452,318,512,82
156.8098,30041,251,451,318,511,82
156.8352,30042,252,451,318,509,82
156.8612,30043,252,451,318,509,82
156.8881,30044,252,451,318,509,82
156.9144,30045,251,451,318,511,82
156.9392,30046,252,451,318,511,82
156.9665,30047,253,452,319,512,82
156.9903,30048,253,452,319,512,82
157.0171,30049,252,451,318,511,81
157.0428,30050,252,451,318,511,82
157.0680,30051,252,451,318,511,82
157.0944,30052,253,451,318,511,82
157.1212,30053,252,452,319,512,82
157.1446,30054,252,452,318,512,82
157.1699,30055,253,451,319,511,82
157.1976,30056,253,451,319,511,82
157.2226,30057,253,452,318,512,82
157.2492,30058,252,452,318,512,82
157.2743,30059,252,452,318,512,82
157.2984,30060,253,452,319,511,82
157.3246,30061,253,452,319,511,82
157.3521,30062,253,452,319,512,82
157.3770,30063,253,452,318,512,82
157.4035,30064,253,452,318,512,82
157.4288,30065,253,452,318,512,82
157.4544,30066,253,452,317,512,82
157.4785,30067,252,452,317,512,82
157.5046,30068,253,453,317,513,82
157.5312,30069,253,453,317,513,82
157.5577,30070,253,453,317,513,82
157.5824,30071,255,453,317,513,82
157.6080,30072,256,453,318,512,82
157.6333,30073,256,453,318,512,82
157.6599,30074,257,453,318,511,81
157.6850,30075,257,453,318,511,81
157.7104,30076,256,453,318,511,81
157.7365,30077,256,453,318,511,81
157.7650,30078,257,453,318,511,80
157.7887,30079,257,453,318,511,80
157.8143,30080,257,453,318,511,81
157.8387,30081,257,453,318,511,81
157.8656,30082,257,452,318,510,80
157.8919,30083,257,453,318,511,81
157.9185,30084,257,452,318,510,81
157.9412,30085,257,452,318,510,81
157.9674,30086,257,452,318,510,81
157.9932,30087,257,452,318,510,82
158.0211,30088,257,453,318,511,82
158.0473,30089,257,453,318,511,82
158.0717,30090,257,453,318,511,82
158.0982,30091,257,453,318,511,82
158.1233,30092,256,453,318,511,82
158.1497,30093,256,453,317,511,82
158.1744,30094,256,453,317,511,82
158.2011,30095,257,453,317,511,81
158.2269,30096,257,453,318,511,80
158.2524,30097,258,452,318,510,80
158.2785,30098,259,452,318,510,80
158.3036,30099,259,452,318,510,80
158.3299,30100,259,452,318,510,81
158.3564,30101,259,452,319,510,80
158.3812,30102,259,452,319,510,80
158.4074,30103,259,452,319,510,81
158.4334,30104,259,452,319,510,81
158.4582,30105,259,452,319,510,80
158.4834,30106,259,453,319,511,81
158.5122,30107,259,453,319,511,81
158.5380,30108,259,452,319,512,81
158.5656,30109,259,453,319,511,81
158.5897,30110,259,452,319,510,80
158.6157,30111,260,452,319,510,81
158.6424,30112,260,452,319,510,81
158.6673,30113,260,453,319,511,80
158.6934,30114,260,452,319,510,81
158.7191,30115,259,452,319,510,81
158.7444,30116,259,453,319,511,81
158.7724,30117,259,453,319,511,81
158.7964,30118,259,453,319,511,81
158.8213,30119,259,452,318,510,81
158.8469,30120,259,452,318,510,81
158.8746,30121,259,452,318,512,82
158.9003,30122,259,453,318,511,82
158.9260,30123,260,452,318,510,81
158.9484,30124,259,453,319,511,80
158.9771,30125,259,453,319,511,80
159.0013,30126,259,452,318,512,80
159.0277,30127,260,452,318,510,80
159.0530,30128,260,451,318,509,81
159.0781,30129,259,452,318,508,82
159.1059,30130,259,452,318,508,82
159.1287,30131,258,451,317,509,82
159.1543,30132,256,451,318,511,82
159.1801,30133,256,451,318,511,82
159.2071,30134,256,450,317,510,82
159.2340,30135,256,450,317,510,82
159.2575,30136,255,449,317,510,81
159.2843,30137,256,448,317,510,82
159.3093,30138,256,448,317,510,82
159.3359,30139,254,448,317,512,82
159.3617,30140,254,448,317,512,82
159.3865,30141,254,447,316,513,82
159.4125,30142,255,447,317,511,82
159.4429,30143,255,447,317,511,82
159.4653,30144,255,447,316,512,82
159.4898,30145,254,446,316,512,82
159.5172,30146,254,446,316,512,82
159.5422,30147,254,446,316,512,82
159.5692,30148,256,446,316,512,80
159.5945,30149,254,446,316,514,80
159.6198,30150,255,446,315,513,78
159.6458,30151,255,446,315,513,78
159.6720,30152,254,446,315,513,75
159.6981,30153,254,446,315,513,76
159.7243,30154,254,445,315,514,73
159.7504,30155,255,444,315,514,77
159.7757,30156,255,444,315,514,77
159.8011,30157,255,444,315,514,78
159.8268,30158,256,444,315,514,78
159.8541,30159,256,444,315,514,78
159.8791,30160,256,444,316,514,79
159.9049,30161,256,444,316,514,78
159.9311,30162,257,443,316,513,79
159.9562,30163,258,443,316,513,79
159.9816,30164,258,443,316,513,79
160.0086,30165,258,443,316,513,80
160.0346,30166,258,443,316,513,80
160.0600,30167,258,443,316,514,80
160.0859,30168,258,442,316,514,80
160.1116,30169,258,442,316,514,80
160.1365,30170,258,442,316,514,80
160.1628,30171,259,442,316,514,80
160.1889,30172,259,442,316,514,80
160.2142,30173,259,443,315,515,80
160.2413,30174,259,443,314,515,80
160.2671,30175,259,444,314,514,80
160.2928,30176,259,443,314,515,80
160.3183,30177,259,443,314,515,80
160.3446,30178,259,442,314,514,80
160.3695,30179,258,442,313,514,79
160.3950,30180,260,442,313,514,80
160.4213,30181,260,442,313,514,81
160.4466,30182,260,442,313,514,81
160.4740,30183,260,441,314,513,80
160.4974,30184,260,442,313,512,80
160.5245,30185,260,442,313,512,80
160.5510,30186,260,442,312,512,79
160.5783,30187,261,441,313,512,79
160.6032,30188,261,441,313,512,80
160.6290,30189,261,441,312,513,79
160.6536,30190,261,441,312,513,79
160.6797,30191,262,441,312,512,79
160.7063,30192,260,441,312,513,79
160.7320,30193,260,441,312,513,79
160.7574,30194,261,441,312,513,80
160.7839,30195,261,441,312,513,80
160.8093,30196,261,441,312,513,79
160.8348,30197,261,442,311,514,79
160.8610,30198,261,442,311,514,79
160.8881,30199,262,442,311,512,79
160.9133,30200,261,441,312,514,79
160.9374,30201,261,441,311,513,78
160.9643,30202,262,441,311,513,78
160.9898,30203,262,441,311,513,78
161.0167,30204,262,441,311,513,78
161.0422,30205,263,440,310,512,78
161.0678,30206,263,440,310,512,78
161.0934,30207,263,440,310,512,77
161.1200,30208,263,440,310,512,77
161.1472,30209,263,440,310,512,77
161.1713,30210,262,439,310,513,78
161.1964,30211,262,439,310,513,78
161.2233,30212,262,439,310,513,78
161.2494,30213,263,439,310,513,78
161.2736,30214,263,439,310,513,78
161.2998,30215,263,439,310,513,77
161.3255,30216,263,439,310,513,77
161.3513,30217,263,439,310,513,77
161.3786,30218,264,438,310,512,77
161.4038,30219,264,438,310,512,77
161.4291,30220,265,438,310,512,76
161.4549,30221,265,438,310,512,76
161.4820,30222,265,438,310,512,76
161.5057,30223,269,438,310,510,73
161.5323,30224,269,438,310,510,73
161.5589,30225,266,438,311,512,76
161.5858,30226,273,438,311,508,73
161.6103,30227,271,438,310,508,73
161.6354,30228,268,438,310,510,74
161.6623,30229,268,438,310,510,74
161.6874,30230,268,438,310,510,74
161.7139,30231,265,438,310,512,77
161.7384,30232,267,439,310,511,76
161.7643,30233,268,438,310,512,77
161.7897,30234,268,438,310,512,77
161.8163,30235,268,438,310,512,75
161.8428,30236,266,438,310,512,77
161.8674,30237,266,438,310,512,77
161.8940,30238,267,438,309,512,76
161.9194,30239,267,438,310,512,76
161.9447,30240,266,438,310,514,77
161.9698,30241,267,439,310,513,76
161.9969,30242,267,439,310,513,76
162.0216,30243,272,438,310,510,73
162.0474,30244,269,438,310,512,75
162.0721,30245,269,438,310,512,75
162.1003,30246,269,438,310,512,75
162.1268,30247,270,437,310,511,74
162.1532,30248,270,437,310,512,73
162.1783,30249,270,437,310,513,74
162.2051,30250,270,437,310,513,74
162.2311,30251,270,437,310,513,73
162.2572,30252,270,437,310,513,76
162.2824,30253,271,437,310,512,74
162.3086,30254,271,437,310,512,75
162.3346,30255,271,437,310,512,75
162.3629,30256,272,437,310,512,75
162.3862,30257,270,437,310,513,76
162.4134,30258,272,437,310,513,75
162.4374,30259,272,437,310,513,74
162.4638,30260,272,437,310,513,74
162.4890,30261,272,437,310,513,74
162.5158,30262,272,437,311,513,76
162.5411,30263,272,437,311,513,76
162.5667,30264,273,437,311,513,76
162.5932,30265,273,438,311,512,76
162.6182,30266,273,438,310,512,76
162.6431,30267,273,437,310,513,76
162.6692,30268,273,437,310,513,76
162.6957,30269,276,437,309,511,76
162.7217,30270,276,436,309,510,75
162.7464,30271,275,436,309,510,75
162.7739,30272,273,437,309,511,74
162.7984,30273,273,437,309,511,74
162.8251,30274,271,436,309,513,73
162.8497,30275,272,436,308,512,71
162.8762,30276,272,436,308,512,71
162.9018,30277,272,436,308,512,71
162.9297,30278,272,436,308,512,71
162.9543,30279,273,436,308,512,70
162.9799,30280,273,436,308,512,70
163.0053,30281,274,436,308,512,72
163.0314,30282,273,436,308,512,72
163.0570,30283,274,436,308,512,68
163.0823,30284,274,436,308,512,66
163.1087,30285,273,435,308,513,68
163.1348,30286,273,435,308,513,68
163.1595,30287,274,435,308,512,67
163.1854,30288,275,434,308,512,65
163.2111,30289,279,435,308,510,59
163.2368,30290,279,435,308,510,59
163.2631,30291,275,435,308,511,65
163.2873,30292,278,435,308,509,65
163.3124,30293,278,435,308,509,65
163.3393,30294,286,434,308,500,61
163.3656,30295,286,435,307,499,60
163.3898,30296,287,434,307,499,58
163.4161,30297,281,434,307,508,56
163.4412,30298,281,434,307,508,56
163.4672,30299,284,434,307,506,55
163.4932,30300,280,434,306,509,61
163.5209,30301,278,434,306,510,64
163.5451,30302,279,434,306,510,65
163.5714,30303,279,434,306,510,65
163.5975,30304,280,434,306,508,61
163.6229,30305,283,434,307,505,58
163.6486,30306,283,434,307,505,58
163.6753,30307,280,434,307,508,59
163.7013,30308,280,434,306,508,59
163.7284,30309,284,433,306,505,55
163.7535,30310,284,434,307,504,55
163.7792,30311,284,434,307,504,55
163.8050,30312,281,433,307,507,62
163.8304,30313,281,433,306,508,62
163.8572,30314,280,434,306,508,63
163.8820,30315,280,434,307,508,63
163.9077,30316,280,434,307,508,63
163.9337,30317,281,434,307,508,63
163.9584,30318,285,434,307,504,56
163.9836,30319,285,434,307,504,56
164.0117,30320,283,434,306,506,60
164.0378,30321,282,433,306,507,63
164.0641,30322,282,433,306,507,62
164.0902,30323,282,433,306,507,61
164.1160,30324,281,434,305,508,61
164.1426,30325,281,434,305,508,61
164.1670,30326,282,434,305,508,57
164.1936,30327,280,433,305,509,57
164.2186,30328,282,433,305,508,56
164.2464,30329,282,433,305,508,56
164.2700,30330,288,433,305,501,47
164.2974,30331,285,432,305,506,53
164.3213,30332,285,432,305,506,53
164.3484,30333,289,433,305,499,41
164.3740,30334,285,433,305,503,49
164.3994,30335,286,433,305,505,47
164.4239,30336,286,433,305,505,47
164.4497,30337,289,433,305,503,44
164.4755,30338,289,433,305,503,44
164.5033,30339,283,433,305,507,54
164.5282,30340,286,433,305,505,49
164.5524,30341,285,433,305,507,50
164.5790,30342,285,433,305,507,50
164.6052,30343,285,433,305,507,51
164.6314,30344,287,432,305,502,50
164.6554,30345,287,432,305,502,50
164.6826,30346,287,433,305,501,51
164.7087,30347,285,433,305,505,52
164.7353,30348,288,433,304,505,50
164.7597,30349,286,433,304,506,48
164.7885,30350,286,434,305,506,55
164.8132,30351,286,434,305,506,55
164.8380,30352,285,433,305,507,55
164.8653,30353,284,433,304,507,54
164.8903,30354,289,433,305,503,44
164.9162,30355,289,433,305,503,44
164.9412,30356,288,433,304,504,51
164.9669,30357,289,434,304,504,50
164.9924,30358,289,434,304,504,50
165.0196,30359,287,433,304,507,50
165.0464,30360,285,434,305,508,56
165.0712,30361,286,434,304,508,52
165.0963,30362,288,432,304,504,49
165.1211,30363,288,432,304,504,49
165.1485,30364,293,432,304,495,42
165.1746,30365,291,432,304,500,44
165.2010,30366,290,432,304,502,46
165.2266,30367,292,432,304,498,42
165.2513,30368,290,432,305,502,45
165.2776,30369,290,432,305,502,45
165.3035,30370,292,431,304,499,46
165.3294,30371,292,431,304,499,46
165.3555,30372,292,431,304,498,45
165.3812,30373,290,431,304,501,45
165.4070,30374,288,432,304,504,47
165.4322,30375,288,431,304,503,44
165.4574,30376,288,431,304,503,44
165.4832,30377,289,431,305,502,45
165.5093,30378,290,431,304,501,46
165.5366,30379,291,432,305,500,47
165.5623,30380,289,432,305,504,52
165.5872,30381,291,432,306,502,52
165.6123,30382,291,432,306,502,52
165.6381,30383,292,430,308,500,55
165.6644,30384,292,430,308,500,55
165.6898,30385,292,430,308,500,59
165.7175,30386,292,429,309,498,64
165.7417,30387,291,428,310,498,66
165.7677,30388,291,428,311,496,67
165.7923,30389,291,428,311,496,67
165.8192,30390,290,427,312,499,70
165.8481,30391,290,426,312,498,69
165.8731,30392,290,426,312,498,70
165.8972,30393,290,425,313,497,69
165.9231,30394,290,425,313,499,70
165.9503,30395,290,425,313,499,70
165.9755,30396,289,425,314,499,70
166.0008,30397,289,425,314,501,70
166.0280,30398,289,425,314,501,70
166.0541,30399,289,425,314,500,70
166.0812,30400,289,425,314,500,70
166.1073,30401,288,424,315,500,71
166.1313,30402,288,424,316,500,72
166.1581,30403,288,424,316,500,72
166.1841,30404,288,424,316,500,72
166.2097,30405,288,424,316,500,73
166.2349,30406,288,424,316,498,73
166.2615,30407,287,424,317,500,73
166.2882,30408,287,424,317,500,73
166.3125,30409,287,424,317,496,73
166.3394,30410,287,424,317,499,73
166.3652,30411,287,424,317,499,73
166.3902,30412,287,424,317,499,74
166.4170,30413,287,424,317,497,74
166.4432,30414,287,424,317,498,74
166.4679,30415,287,424,317,498,74
166.4936,30416,287,424,317,498,74
166.5217,30417,287,423,318,499,73
166.5484,30418,287,424,318,496,74
166.5735,30419,287,423,318,499,74
166.5994,30420,288,423,318,498,74
166.6257,30421,288,423,318,498,74
166.6512,30422,287,423,318,499,74
166.6764,30423,287,422,319,498,75
166.7027,30424,287,422,319,498,75
166.7296,30425,287,423,319,499,75
166.7546,30426,287,423,319,500,74
166.7794,30427,287,423,319,499,75
166.8048,30428,287,423,319,499,75
166.8314,30429,287,423,319,499,75
166.8569,30430,287,423,319,499,74
166.8832,30431,287,423,319,499,74
166.9085,30432,287,424,319,500,74
166.9343,30433,286,424,320,502,74
166.9596,30434,286,424,320,502,74
166.9850,30435,287,424,320,500,75
167.0110,30436,286,424,321,502,74
167.0359,30437,286,424,321,502,74
167.0622,30438,288,424,321,500,73
167.0892,30439,288,424,321,499,72
167.1155,30440,288,424,322,496,73
167.1399,30441,288,424,323,496,73
167.1664,30442,288,424,323,496,73
167.1924,30443,288,424,323,492,75
167.2178,30444,288,424,323,492,73
167.2436,30445,288,424,324,494,74
167.2686,30446,288,424,324,494,74
167.2943,30447,288,424,324,494,74
167.3211,30448,287,424,325,490,74
167.3477,30449,287,424,325,490,75
167.3741,30450,287,424,325,490,75
167.3999,30451,287,424,326,490,75
167.4257,30452,287,423,326,491,74
167.4517,30453,287,424,326,492,75
167.4788,30454,287,424,326,490,75
167.5035,30455,287,424,326,490,75
167.5294,30456,287,423,326,489,75
167.5558,30457,287,423,326,491,75
167.5811,30458,286,422,327,490,76
167.6067,30459,286,423,327,490,76
167.6325,30460,286,423,327,490,76
167.6594,30461,286,423,327,488,77
167.6844,30462,286,423,327,488,77
167.7120,30463,286,423,327,488,77
167.7375,30464,287,423,327,489,76
167.7631,30465,286,422,328,488,76
167.7895,30466,287,422,328,488,77
167.8148,30467,286,422,328,490,76
167.8402,30468,286,422,328,490,76
167.8668,30469,286,422,328,490,77
167.8935,30470,286,422,328,490,77
167.9202,30471,286,422,328,491,77
167.9453,30472,286,422,328,492,76
167.9699,30473,285,422,329,492,76
167.9964,30474,285,422,329,492,76
168.0221,30475,286,422,329,490,77
168.0475,30476,286,422,329,490,77
168.0735,30477,286,422,329,494,76
168.1005,30478,286,422,330,492,78
168.1255,30479,286,422,330,491,76
168.1523,30480,285,422,329,494,77
168.1795,30481,285,422,330,494,76
168.2044,30482,285,422,330,494,76
168.2303,30483,285,422,330,495,76
168.2558,30484,285,423,330,495,75
168.2812,30485,284,423,330,499,75
168.3063,30486,285,425,330,497,77
168.3332,30487,285,425,330,497,77
168.3581,30488,287,424,331,494,74
168.3842,30489,287,424,331,494,74
168.4116,30490,288,424,332,486,70
168.4395,30491,287,424,332,482,71
168.4653,30492,287,424,332,485,74
168.4903,30493,287,424,332,494,75
168.5154,30494,287,424,333,484,75
168.5416,30495,287,424,333,484,75
168.5683,30496,287,424,334,482,77
168.5944,30497,288,424,334,482,77
168.6195,30498,288,424,334,482,77
168.6445,30499,288,424,335,478,78
168.6711,30500,288,424,335,478,78
168.6974,30501,288,424,335,478,78
168.7219,30502,288,424,335,482,78
168.7485,30503,288,424,335,482,78
168.7760,30504,288,423,336,481,78
168.8003,30505,288,423,336,481,78
168.8264,30506,288,423,336,480,78
168.8522,30507,288,423,336,481,79
168.8774,30508,288,423,336,481,79
168.9032,30509,287,422,336,484,79
168.9302,30510,288,423,336,481,79
168.9553,30511,287,422,336,484,79
168.9820,30512,287,423,337,483,79
169.0062,30513,287,423,337,483,79
169.0332,30514,288,422,337,482,79
169.0588,30515,288,423,338,483,79
169.0841,30516,288,423,338,483,79
169.1110,30517,288,422,337,484,79
169.1367,30518,287,422,338,484,79
169.1627,30519,287,423,338,483,79
169.1874,30520,287,422,338,484,79
169.2150,30521,287,422,338,484,79
169.2410,30522,287,422,338,484,79
169.2673,30523,287,422,338,484,79
169.2920,30524,287,422,338,484,79
169.3173,30525,286,422,338,484,79
169.3447,30526,286,422,338,484,79
169.3695,30527,286,422,338,484,79
169.3945,30528,286,423,338,485,80
169.4197,30529,286,423,338,485,80
169.4462,30530,286,424,338,488,80
169.4733,30531,286,423,338,487,79
169.4994,30532,285,423,339,488,79
169.5250,30533,285,422,339,490,77
169.5498,30534,285,422,339,490,77
169.5781,30535,286,422,339,489,78
169.6032,30536,284,423,339,491,77
169.6296,30537,285,423,339,487,78
169.6544,30538,285,423,339,491,79
169.6818,30539,285,423,339,491,79
169.7071,30540,285,423,339,491,79
169.7333,30541,288,422,340,486,77
169.7582,30542,288,422,340,486,77
169.7846,30543,286,423,340,489,77
169.8094,30544,286,422,340,488,78
169.8361,30545,286,422,341,487,79
169.8612,30546,286,422,341,488,79
169.8866,30547,286,422,341,488,79
169.9121,30548,286,422,341,486,79
169.9380,30549,286,422,341,487,80
169.9684,30550,286,422,342,485,79
169.9897,30551,286,422,342,484,79
170.0155,30552,286,422,342,484,79
170.0431,30553,287,422,342,485,79
170.0673,30554,286,422,342,484,80
170.0929,30555,286,422,342,484,80
170.1198,30556,286,422,342,486,80
170.1461,30557,286,422,342,486,81
170.1702,30558,286,421,342,485,81
170.1958,30559,286,422,343,486,80
170.2233,30560,286,422,343,486,80
170.2475,30561,285,422,343,486,81
170.2736,30562,286,422,343,484,80
170.2993,30563,286,420,343,484,80
170.3236,30564,286,421,343,484,81
170.3492,30565,286,421,343,484,81
170.3772,30566,285,422,343,485,82
170.4016,30567,285,422,343,486,82
170.4293,30568,285,422,343,486,82
170.4535,30569,284,422,344,486,81
170.4823,30570,284,422,344,486,81
170.5054,30571,286,422,344,484,78
170.5319,30572,285,422,345,484,79
170.5564,30573,285,422,345,484,79
170.5839,30574,286,422,345,485,79
170.6103,30575,286,423,345,485,79
170.6344,30576,287,423,346,483,78
170.6602,30577,286,424,346,484,79
170.6866,30578,286,424,346,484,79
170.7146,30579,286,424,346,484,79
170.7379,30580,286,424,346,486,78
170.7649,30581,286,424,346,486,78
170.7896,30582,286,424,347,484,78
170.8161,30583,287,423,347,483,77
170.8400,30584,287,424,347,484,78
170.8665,30585,287,424,347,484,78
170.8920,30586,287,424,347,484,78
170.9179,30587,289,424,348,482,76
170.9434,30588,289,424,349,480,77
170.9684,30589,290,424,349,478,76
170.9954,30590,290,424,349,478,77
171.0201,30591,290,424,349,478,77
171.0471,30592,290,424,350,478,79
171.0714,30593,290,423,350,477,79
171.0966,30594,290,423,350,477,79
171.1246,30595,290,424,351,476,80
171.1493,30596,291,423,350,477,79
171.1734,30597,290,423,350,475,81
171.1996,30598,290,423,350,475,81
171.2260,30599,289,424,351,476,80
171.2524,30600,290,424,351,476,80
171.2787,30601,290,424,351,476,80
171.3025,30602,289,423,352,475,80
171.3287,30603,289,423,352,475,80
171.3553,30604,289,423,352,474,80
171.3821,30605,289,424,352,476,81
171.4065,30606,289,423,352,475,81
171.4331,30607,289,423,352,475,81
171.4590,30608,289,424,352,474,81
171.4845,30609,288,424,352,474,81
171.5096,30610,288,424,352,474,80
171.5373,30611,288,424,352,474,80
171.5622,30612,288,424,352,474,81
171.5896,30613,289,424,352,474,81
171.6132,30614,286,425,352,475,81
171.6394,30615,286,425,352,475,81
171.6644,30616,285,426,352,476,80
171.6900,30617,285,426,352,476,80
171.7190,30618,285,426,352,477,80
171.7423,30619,286,426,352,478,79
171.7690,30620,286,426,352,478,79
171.7964,30621,286,427,352,479,78
171.8196,30622,288,427,353,477,77
171.8455,30623,289,428,354,474,75
171.8716,30624,289,428,354,474,75
171.8994,30625,289,428,354,474,76
171.9255,30626,289,428,354,474,77
171.9499,30627,290,428,355,474,75
171.9768,30628,291,428,355,470,73
172.0025,30629,291,428,355,470,73
172.0297,30630,292,428,356,468,71
172.0547,30631,293,428,356,468,72
172.0802,30632,293,428,356,468,72
172.1064,30633,293,429,356,469,73
172.1324,30634,293,429,356,469,73
172.1567,30635,292,430,357,468,76
172.1840,30636,293,429,358,467,76
172.2093,30637,293,429,358,467,76
172.2363,30638,293,430,358,468,75
172.2622,30639,294,429,358,465,74
172.2894,30640,294,429,358,463,75
172.3134,30641,294,429,358,465,76
172.3387,30642,294,429,358,465,75
172.3646,30643,294,429,358,465,75
172.3912,30644,293,429,359,465,76
172.4187,30645,294,428,359,464,76
172.4431,30646,294,429,359,464,75
172.4695,30647,294,429,359,464,75
172.4973,30648,294,429,359,464,75
172.5223,30649,293,429,360,465,76
172.5478,30650,294,429,360,464,76
172.5727,30651,294,429,360,464,76
172.5992,30652,292,429,360,465,76
172.6264,30653,293,429,360,464,77
172.6513,30654,293,429,360,465,77
172.6760,30655,292,429,360,465,77
172.7010,30656,292,429,360,465,77
172.7273,30657,292,429,361,465,77
172.7547,30658,292,428,361,464,77
172.7783,30659,292,428,361,466,77
172.8058,30660,292,428,361,466,77
172.8321,30661,292,428,361,464,77
172.8566,30662,290,429,360,465,77
172.8813,30663,290,429,360,465,77
172.9074,30664,288,430,360,466,77
172.9337,30665,288,431,360,465,76
172.9594,30666,285,431,360,467,76
172.9842,30667,288,431,360,467,73
173.0122,30668,290,431,361,467,68
173.0376,30669,290,431,361,467,68
173.0631,30670,291,432,361,466,68
173.0925,30671,289,432,362,466,62
173.1177,30672,291,433,362,465,63
173.1455,30673,291,433,362,465,63
173.1704,30674,290,433,363,465,57
173.1958,30675,291,433,363,465,62
173.2228,30676,291,433,364,465,59
173.2491,30677,291,433,364,465,59
173.2742,30678,292,433,364,461,56
173.3001,30679,291,433,365,463,61
173.3253,30680,293,433,365,459,57
173.3510,30681,293,434,366,460,57
173.3776,30682,293,434,366,460,57
173.4046,30683,294,434,366,460,58
173.4298,30684,293,433,366,461,61
173.4568,30685,293,434,366,460,60
173.4837,30686,293,434,366,460,60
173.5079,30687,294,434,366,458,57
173.5344,30688,295,434,366,456,55
173.5613,30689,295,434,366,456,55
173.5857,30690,295,434,366,456,55
173.6124,30691,295,434,366,458,58
173.6381,30692,296,434,367,454,57
173.6647,30693,294,434,367,456,59
173.6894,30694,295,434,367,456,58
173.7152,30695,294,434,366,458,63
173.7412,30696,294,434,366,458,63
173.7671,30697,294,434,367,457,62
173.7921,30698,292,434,368,456,59
173.8184,30699,292,434,368,456,59
173.8431,30700,292,434,368,456,58
173.8683,30701,294,434,368,455,58
173.8933,30702,294,433,370,455,59
173.9180,30703,294,433,370,455,59
173.9458,30704,294,434,370,456,58
173.9711,30705,294,434,370,454,58
173.9981,30706,294,434,370,454,59
174.0224,30707,294,434,370,454,59
174.0482,30708,294,434,370,454,59
174.0731,30709,294,434,370,454,58
174.0990,30710,294,434,370,454,59
174.1242,30711,294,434,371,453,60
174.1499,30712,296,434,371,452,58
174.1766,30713,296,434,371,452,58
174.1998,30714,295,434,371,454,65
174.2258,30715,295,433,372,453,64
174.2531,30716,295,433,372,453,64
174.2790,30717,295,432,373,452,67
174.3048,30718,296,432,373,450,66
174.3296,30719,296,432,373,452,72
174.3548,30720,296,432,373,452,73
174.3813,30721,296,432,373,452,73
174.4076,30722,295,432,374,454,75
174.4342,30723,294,432,374,452,74
174.4581,30724,293,431,374,453,74
174.4829,30725,295,430,374,454,75
174.5094,30726,295,430,374,454,75
174.5351,30727,296,431,374,454,76
174.5595,30728,296,431,374,454,76
174.5894,30729,296,431,374,455,76
174.6131,30730,296,430,374,452,73
174.6402,30731,294,430,375,452,73
174.6657,30732,293,430,375,452,75
174.6912,30733,294,430,375,452,75
174.7170,30734,294,430,375,452,75
174.7440,30735,295,430,375,453,75
174.7703,30736,295,430,376,452,74
174.7966,30737,294,430,376,452,73
174.8198,30738,294,430,376,452,74
174.8461,30739,294,430,376,452,74
174.8736,30740,294,430,376,452,74
174.8967,30741,294,430,376,452,74
174.9243,30742,295,430,376,452,73
174.9502,30743,295,430,376,452,74
174.9770,30744,296,430,376,452,74
175.0004,30745,296,430,376,452,73
175.0278,30746,296,430,376,452,73
175.0523,30747,296,430,376,452,74
175.0798,30748,296,430,376,452,75
175.1075,30749,295,430,377,452,75
175.1316,30750,294,430,377,453,75
175.1584,30751,296,430,377,453,75
175.1833,30752,296,430,377,453,75
175.2082,30753,296,430,377,452,75
175.2330,30754,296,430,377,452,73
175.2596,30755,296,430,377,452,73
175.2865,30756,296,430,377,452,73
175.3118,30757,295,429,378,453,76
175.3362,30758,294,430,378,454,77
175.3618,30759,295,429,378,453,76
175.3889,30760,295,429,378,453,76
175.4136,30761,295,429,378,453,75
175.4397,30762,296,430,378,452,75
175.4652,30763,296,430,378,452,73
175.4915,30764,296,429,378,453,75
175.5173,30765,296,429,378,453,75
175.5418,30766,295,429,378,453,76
175.5700,30767,295,429,378,453,76
175.5950,30768,296,429,378,453,75
175.6203,30769,296,429,378,453,77
175.6469,30770,294,429,379,453,75
175.6714,30771,294,429,379,453,75
175.6984,30772,294,429,379,453,75
175.7239,30773,296,429,379,453,74
175.7487,30774,296,428,379,452,73
175.7763,30775,296,429,379,453,75
175.8012,30776,296,429,379,453,73
175.8281,30777,296,429,379,453,74
175.8539,30778,296,429,379,453,74
175.8796,30779,298,428,379,452,74
175.9044,30780,298,428,379,452,74
175.9320,30781,297,428,379,452,74
175.9565,30782,297,429,380,453,75
175.9840,30783,298,429,380,453,74
176.0103,30784,298,428,380,452,72
176.0345,30785,297,428,380,452,73
176.0625,30786,297,428,380,452,73
176.0871,30787,297,428,380,452,73
176.1155,30788,298,428,380,452,72
176.1387,30789,298,428,381,452,71
176.1654,30790,301,427,381,451,71
176.1912,30791,301,427,381,451,71
176.2160,30792,304,427,382,451,71
176.2421,30793,305,427,382,451,71
176.2698,30794,305,427,382,451,71
176.2937,30795,300,427,382,451,72
176.3213,30796,304,427,382,451,72
176.3444,30797,301,427,382,451,71
176.3697,30798,304,427,383,451,72
176.3961,30799,304,427,383,451,72
176.4221,30800,304,427,383,451,71
176.4471,30801,304,426,383,452,72
176.4731,30802,304,426,383,452,72
176.4979,30803,304,426,383,452,72
176.5246,30804,304,427,383,451,72
176.5499,30805,303,427,384,451,72
176.5756,30806,303,427,384,451,72
176.6013,30807,304,428,383,452,71
176.6288,30808,304,428,383,452,73
176.6532,30809,305,427,384,453,73
176.6789,30810,305,428,384,452,73
176.7045,30811,305,428,384,452,73
176.7297,30812,304,427,384,453,74
176.7552,30813,304,428,384,453,75
176.7812,30814,304,428,385,453,74
176.8069,30815,303,428,385,452,74
176.8326,30816,303,428,385,452,74
176.8573,30817,305,428,386,452,74
176.8842,30818,305,428,386,452,74
176.9100,30819,305,428,386,452,74
176.9375,30820,306,428,386,452,73
176.9617,30821,305,428,386,452,72
176.9889,30822,303,428,386,452,73
177.0118,30823,306,428,387,452,72
177.0383,30824,306,428,387,452,72
177.0633,30825,303,428,387,452,73
177.0894,30826,303,428,387,452,73
177.1150,30827,302,428,387,452,72
177.1396,30828,306,428,388,452,71
177.1663,30829,306,428,388,452,71
177.1922,30830,303,428,387,452,72
177.2168,30831,307,428,388,452,72
177.2425,30832,307,428,388,452,72
177.2710,30833,304,428,388,452,73
177.2959,30834,304,428,388,452,72
177.3198,30835,304,429,388,453,73
177.3468,30836,304,428,388,452,72
177.3722,30837,304,428,388,452,72
177.3980,30838,304,429,388,453,74
177.4249,30839,306,430,387,452,74
177.4493,30840,307,431,386,453,75
177.4760,30841,308,432,387,454,74
177.5022,30842,308,432,387,454,74
177.5275,30843,310,432,388,454,74
177.5541,30844,312,432,388,456,74
177.5794,30845,312,433,388,457,75
177.6047,30846,312,433,388,457,75
177.6312,30847,310,433,389,457,74
177.6561,30848,310,433,389,457,73
177.6833,30849,310,433,389,457,73
177.7089,30850,305,433,389,459,73
177.7345,30851,308,433,390,457,70
177.7597,30852,308,434,390,458,71
177.7863,30853,308,434,390,458,72
177.8117,30854,308,434,390,458,72
177.8372,30855,308,434,390,458,72
177.8632,30856,309,434,390,458,71
177.8903,30857,310,434,391,458,69
177.9149,30858,310,435,391,457,68
177.9414,30859,310,435,391,457,68
177.9674,30860,310,435,392,457,69
177.9942,30861,311,435,391,457,69
178.0192,30862,311,436,392,456,67
178.0442,30863,311,436,392,456,67
178.0716,30864,311,436,392,456,68
178.0972,30865,310,436,392,456,69
178.1230,30866,310,436,392,456,70
178.1481,30867,310,436,392,455,68
178.1733,30868,310,436,392,455,68
178.1995,30869,310,436,392,455,66
178.2261,30870,310,436,392,455,66
178.2496,30871,310,436,392,454,66
178.2771,30872,310,436,392,454,66
178.3011,30873,309,436,393,455,67
178.3281,30874,308,436,394,456,64
178.3526,30875,308,436,394,456,64
178.3785,30876,307,436,393,458,68
178.4054,30877,309,437,393,457,64
178.4295,30878,311,437,394,453,61
178.4562,30879,311,437,394,454,65
178.4817,30880,311,437,394,454,65
178.5077,30881,309,437,394,455,64
178.5370,30882,310,437,394,453,63
178.5613,30883,311,437,394,453,63
178.5857,30884,309,437,394,455,62
178.6117,30885,309,437,394,455,62
178.6377,30886,309,437,394,455,63
178.6618,30887,309,438,394,456,63
178.6887,30888,309,438,394,456,63
178.7159,30889,311,438,395,452,62
178.7418,30890,311,437,393,453,64
178.7661,30891,309,438,394,454,63
178.7918,30892,311,437,395,451,62
178.8180,30893,311,437,395,451,62
178.8448,30894,313,437,395,451,59
178.8704,30895,316,437,396,451,59
178.8966,30896,316,437,396,451,60
178.9203,30897,317,437,397,451,61
178.9468,30898,317,437,397,451,61
178.9733,30899,318,437,397,451,63
178.9990,30900,320,437,397,451,62
179.0248,30901,320,437,397,451,62
179.0520,30902,321,437,397,451,61
179.0790,30903,320,437,397,451,63
179.1028,30904,321,437,398,451,63
179.1276,30905,325,437,398,451,65
179.1533,30906,325,437,398,451,65
179.1799,30907,327,437,398,451,66
179.2047,30908,326,438,398,452,66
179.2320,30909,325,437,398,451,66
179.2581,30910,326,437,398,451,66
179.2835,30911,325,438,399,452,67
179.3085,30912,325,438,399,452,67
179.3351,30913,326,437,398,451,67
179.3611,30914,326,437,398,451,67
179.3865,30915,324,438,398,452,70
179.4125,30916,325,438,398,452,70
179.4383,30917,325,436,399,452,71
179.4624,30918,328,436,399,452,71
179.4888,30919,328,436,399,452,71
179.5151,30920,326,436,399,452,71
179.5403,30921,328,436,400,452,71
179.5653,30922,325,437,400,453,70
179.5914,30923,326,437,400,453,71
179.6169,30924,325,437,400,453,72
179.6432,30925,325,437,400,453,72
179.6676,30926,325,437,401,453,72
179.6934,30927,325,437,401,453,72
179.7196,30928,328,437,401,453,72
179.7461,30929,326,437,401,453,73
179.7716,30930,328,438,402,453,71
179.7963,30931,323,439,402,453,72
179.8233,30932,323,439,402,453,72
179.8496,30933,342,438,402,452,68
179.8747,30934,337,440,403,452,66
179.9003,30935,331,441,403,452,67
179.9259,30936,330,441,404,452,62
179.9513,30937,330,441,404,452,62
179.9778,30938,332,442,404,452,59
180.0035,30939,332,442,404,452,60
180.0318,30940,332,442,404,452,60
180.0563,30941,329,442,405,452,61
180.0832,30942,329,442,405,452,61
180.1080,30943,330,441,405,451,60
180.1328,30944,331,442,405,452,61
180.1582,30945,331,442,405,452,61
180.1865,30946,331,441,405,451,64
180.2110,30947,332,441,405,451,63
180.2379,30948,332,441,406,451,63
180.2642,30949,331,441,405,451,62
180.2910,30950,331,441,405,451,62
180.3158,30951,331,441,406,451,63
180.3413,30952,331,441,406,451,62
180.3674,30953,331,441,406,451,62
180.3932,30954,330,441,406,451,63
180.4199,30955,334,441,406,451,62
180.4468,30956,332,441,406,451,63
180.4709,30957,332,441,406,451,63
180.4969,30958,332,441,406,451,63
180.5224,30959,329,441,406,451,62
180.5487,30960,328,441,406,451,60
180.5742,30961,331,441,405,451,58
180.5989,30962,330,440,406,451,60
180.6243,30963,332,440,406,451,62
180.6512,30964,332,440,406,451,62
180.6758,30965,338,440,406,451,59
180.7021,30966,338,440,406,451,59
180.7283,30967,334,440,406,451,57
180.7541,30968,334,439,407,451,60
180.7795,30969,330,439,406,451,62
180.8051,30970,333,439,407,451,58
180.8299,30971,333,439,407,451,58
180.8576,30972,333,440,407,452,49
180.8842,30973,333,440,407,452,49
180.9091,30974,330,439,407,451,51
180.9346,30975,336,439,407,451,52
180.9632,30976,336,439,407,451,52
180.9855,30977,333,439,407,452,56
181.0111,30978,331,438,407,452,59
181.0370,30979,331,438,407,452,59
181.0643,30980,331,438,408,452,61
181.0890,30981,331,438,408,452,60
181.1154,30982,332,439,408,451,60
181.1424,30983,332,438,408,452,60
181.1668,30984,332,438,408,452,60
181.1924,30985,332,439,407,451,62
181.2197,30986,332,439,407,451,63
181.2443,30987,332,440,407,452,61
181.2688,30988,332,440,407,452,61
181.2955,30989,332,440,407,452,61
181.3204,30990,332,438,408,452,68
181.3463,30991,331,438,408,452,69
181.3733,30992,331,438,408,452,69
181.3986,30993,329,438,408,452,70
181.4261,30994,330,437,408,453,72
181.4516,30995,332,437,408,453,73
181.4772,30996,330,436,409,453,74
181.5024,30997,330,436,409,453,74
181.5297,30998,330,435,409,453,74
181.5575,30999,330,435,409,453,75
181.5824,31000,330,435,410,453,76
181.6073,31001,331,435,410,453,75
181.6330,31002,331,435,410,453,75
181.6593,31003,331,435,410,453,75
181.6851,31004,332,435,410,453,76
181.7117,31005,332,435,410,453,76
181.7376,31006,332,435,410,454,76
181.7623,31007,334,434,410,454,76
181.7896,31008,338,434,410,454,76
181.8143,31009,340,434,410,454,76
181.8400,31010,340,434,410,454,76
181.8660,31011,339,434,411,453,76
181.8923,31012,339,434,411,453,76
181.9172,31013,341,434,411,454,76
181.9442,31014,339,434,411,454,76
181.9697,31015,339,434,411,454,75
181.9963,31016,339,434,411,454,75
182.0210,31017,340,434,412,454,76
182.0474,31018,340,434,412,454,76
182.0727,31019,341,434,412,454,76
182.0984,31020,338,434,412,454,75
182.1242,31021,339,434,412,454,75
182.1488,31022,341,434,412,454,75
182.1748,31023,341,434,412,454,75
182.2011,31024,340,434,413,454,75
182.2268,31025,341,434,413,454,74
182.2523,31026,341,434,413,454,75
182.2771,31027,341,434,414,454,75
182.3037,31028,341,434,414,454,75
182.3301,31029,339,434,414,454,75
182.3549,31030,341,434,414,454,75
182.3798,31031,341,434,414,454,75
182.4075,31032,342,434,414,454,75
182.4329,31033,342,434,414,454,76
182.4586,31034,348,433,414,453,75
182.4832,31035,343,433,414,453,74
182.5092,31036,343,433,414,453,74
182.5374,31037,349,432,415,454,75
182.5623,31038,348,431,415,455,75
182.5870,31039,346,432,414,456,75
182.6133,31040,344,431,414,457,75
182.6384,31041,344,431,414,457,75
182.6670,31042,345,431,415,457,75
182.6910,31043,346,430,415,456,74
182.7176,31044,346,430,415,456,74
182.7424,31045,348,430,415,456,75
182.7692,31046,348,430,415,456,75
182.7964,31047,349,430,416,457,75
182.8211,31048,349,430,416,458,76
182.8489,31049,349,430,416,458,76
182.8735,31050,348,430,416,458,76
182.8988,31051,347,430,416,458,76
182.9234,31052,348,429,416,459,76
182.9487,31053,346,430,416,460,76
182.9751,31054,346,430,416,460,76
183.0028,31055,347,429,417,459,76
183.0296,31056,346,429,417,459,76
183.0546,31057,347,429,417,459,76
183.0795,31058,347,429,417,459,76
183.1068,31059,347,429,417,459,76
183.1322,31060,347,429,417,459,77
183.1581,31061,347,428,417,458,77
183.1835,31062,347,428,417,458,77
183.2101,31063,348,428,417,458,76
183.2361,31064,350,428,417,458,76
183.2616,31065,348,428,418,459,76
183.2866,31066,348,428,417,460,77
183.3142,31067,348,428,417,460,77
183.3403,31068,348,428,418,460,76
183.3672,31069,348,428,417,460,76
183.3902,31070,350,428,417,460,77
183.4168,31071,350,428,417,460,77
183.4426,31072,348,427,418,459,76
183.4681,31073,348,426,418,460,76
183.4932,31074,348,426,418,460,76
183.5188,31075,348,426,418,460,76
183.5467,31076,348,427,418,461,77
183.5710,31077,348,427,418,461,77
183.5977,31078,350,427,418,461,77
183.6253,31079,350,426,418,460,77
183.6496,31080,350,426,418,460,77
183.6762,31081,348,425,418,461,77
183.7023,31082,348,425,418,461,77
183.7283,31083,349,425,418,461,77
183.7534,31084,349,425,418,461,77
183.7811,31085,348,426,419,460,77
183.8046,31086,349,426,418,460,77
183.8314,31087,348,424,417,460,77
183.8558,31088,348,424,417,460,77
183.8822,31089,347,424,418,460,77
183.9079,31090,348,423,417,461,78
183.9323,31091,347,422,416,462,77
183.9584,31092,347,422,416,462,78
183.9847,31093,347,422,416,462,78
184.0110,31094,346,422,416,462,79
184.0363,31095,347,422,416,462,78
184.0641,31096,348,421,416,463,78
184.0899,31097,348,421,416,463,78
184.1169,31098,348,421,416,463,79
184.1421,31099,348,420,416,462,79
184.1679,31100,349,420,416,462,79
184.1932,31101,349,420,416,462,79
184.2198,31102,350,420,416,463,79
184.2470,31103,349,420,417,463,79
184.2740,31104,350,419,417,463,79
184.2980,31105,351,419,417,463,79
184.3234,31106,351,419,417,463,79
184.3491,31107,351,419,417,463,79
184.3753,31108,350,419,417,463,79
184.4001,31109,352,419,417,463,79
184.4279,31110,352,419,417,463,79
184.4542,31111,350,418,418,462,79
184.4804,31112,353,419,418,463,79
184.5046,31113,352,418,417,462,79
184.5311,31114,353,418,415,462,78
184.5583,31115,353,418,415,462,78
184.5842,31116,347,417,413,461,76
184.6113,31117,349,416,411,462,75
184.6363,31118,354,415,410,463,75
184.6619,31119,356,414,410,464,75
184.6881,31120,356,414,410,464,75
184.7143,31121,354,414,409,464,74
184.7398,31122,355,413,408,465,75
184.7653,31123,355,413,408,466,75
184.7914,31124,355,413,408,466,75
184.8181,31125,356,412,408,466,74
184.8424,31126,356,411,408,467,75
184.8690,31127,356,411,408,467,75
184.8945,31128,356,411,408,467,75
184.9214,31129,359,410,407,468,75
184.9480,31130,361,410,407,468,77
184.9724,31131,362,409,408,468,77
184.9985,31132,362,408,408,468,77
185.0238,31133,362,408,408,468,77
185.0511,31134,361,408,407,468,77
185.0775,31135,363,407,407,469,77
185.1019,31136,364,407,406,469,77
185.1291,31137,364,407,406,469,77
185.1543,31138,362,407,404,470,75
185.1810,31139,360,408,404,468,75
185.2062,31140,378,407,405,463,73
185.2336,31141,378,407,405,463,73
185.2568,31142,384,407,408,461,75
185.2844,31143,384,407,408,461,75
185.3086,31144,376,406,411,462,76
185.3351,31145,379,404,411,461,76
185.3596,31146,379,404,411,461,76
185.3864,31147,378,403,412,461,79
185.4125,31148,377,403,411,461,79
185.4373,31149,376,401,412,462,80
185.4645,31150,376,401,412,462,80
185.4896,31151,375,401,411,462,79
185.5147,31152,374,401,410,463,80
185.5410,31153,374,400,410,462,79
185.5662,31154,374,400,410,462,79
185.5915,31155,373,400,410,464,78
185.6180,31156,372,398,410,462,77
185.6437,31157,372,398,410,464,77
185.6679,31158,372,398,410,464,77
185.6948,31159,372,398,410,464,77
185.7214,31160,371,397,409,462,77
185.7472,31161,370,397,409,463,77
185.7712,31162,370,396,409,462,77
185.7984,31163,370,396,409,462,77
185.8234,31164,369,396,409,460,77
185.8491,31165,369,394,409,462,76
185.8743,31166,368,395,409,460,75
185.9021,31167,368,395,409,460,75
185.9276,31168,368,395,409,464,76
185.9563,31169,367,395,409,463,76
185.9797,31170,366,394,409,462,76
186.0075,31171,366,394,408,462,76
186.0322,31172,366,394,408,462,76
186.0586,31173,365,394,409,464,76
186.0847,31174,365,394,409,464,76
186.1111,31175,365,394,410,467,75
186.1369,31176,365,394,410,467,75
186.1630,31177,365,393,409,467,76
186.1873,31178,365,394,410,468,76
186.2136,31179,364,394,409,464,76
186.2382,31180,364,394,409,464,76
186.2657,31181,364,393,410,467,76
186.2914,31182,364,393,410,467,77
186.3161,31183,364,393,410,463,77
186.3421,31184,362,394,410,464,77
186.3683,31185,362,394,410,464,77
186.3933,31186,360,398,412,470,78
186.4204,31187,358,400,408,462,76
186.4468,31188,355,400,406,452,74
186.4720,31189,355,400,406,452,74
186.4983,31190,355,400,406,452,74
186.5243,31191,352,402,407,444,75
186.5491,31192,350,401,406,442,73
186.5751,31193,350,401,406,442,73
186.6034,31194,348,401,406,441,73
186.6288,31195,347,402,406,440,74
186.6535,31196,347,401,406,437,73
186.6774,31197,345,400,406,438,73
186.7046,31198,345,400,406,438,73
186.7299,31199,345,401,407,435,74
186.7566,31200,344,400,407,436,73
186.7821,31201,343,400,408,438,72
186.8063,31202,341,400,409,448,73
186.8329,31203,341,400,409,448,73
186.8583,31204,341,400,407,436,72
186.8843,31205,340,401,409,447,72
186.9120,31206,340,401,409,447,72
186.9362,31207,340,400,411,448,73
186.9625,31208,339,400,410,444,72
186.9865,31209,338,400,410,442,71
187.0133,31210,338,399,412,445,71
187.0377,31211,338,399,412,445,71
187.0659,31212,337,400,413,446,71
187.0897,31213,336,399,414,445,69
187.1148,31214,336,399,414,446,70
187.1413,31215,336,399,415,446,69
187.1683,31216,336,399,415,446,69
187.1918,31217,335,399,415,445,67
187.2174,31218,335,399,415,445,67
187.2459,31219,335,399,415,445,72
187.2722,31220,334,398,416,444,73
187.2981,31221,334,398,416,446,72
187.3223,31222,334,399,416,443,73
187.3513,31223,333,399,416,443,74
187.3761,31224,333,399,416,443,74
187.4022,31225,333,398,413,438,74
187.4283,31226,332,398,414,438,74
187.4534,31227,332,398,414,438,74
187.4795,31228,333,397,416,441,74
187.5042,31229,333,397,416,441,74
187.5309,31230,332,397,415,437,74
187.5554,31231,332,397,415,437,74
187.5814,31232,332,397,415,437,74
187.6063,31233,332,397,414,436,74
187.6330,31234,331,396,414,436,75
187.6582,31235,331,397,414,435,74
187.6833,31236,331,397,414,435,74
187.7095,31237,331,397,414,435,74
187.7363,31238,331,397,415,436,75
187.7626,31239,331,396,414,434,75
187.7903,31240,330,396,416,434,75
187.8134,31241,330,396,414,434,74
187.8399,31242,330,396,414,434,74
187.8653,31243,330,396,414,433,75
187.8931,31244,330,396,415,434,74
187.9185,31245,330,396,415,434,74
187.9444,31246,330,396,414,433,74
187.9701,31247,330,396,415,432,74
187.9964,31248,330,396,414,432,73
188.0203,31249,329,396,413,432,75
188.0477,31250,329,396,413,432,75
188.0741,31251,330,396,415,432,75
188.0995,31252,330,396,415,432,74
188.1268,31253,330,396,416,432,74
188.1495,31254,330,396,415,432,75
188.1763,31255,330,396,415,432,75
188.2035,31256,330,395,419,431,74
188.2287,31257,329,395,416,431,76
188.2532,31258,329,395,416,431,76
188.2811,31259,329,395,417,431,76
188.3063,31260,329,394,415,432,77
188.3320,31261,329,395,417,431,76
188.3565,31262,329,396,415,430,74
188.3833,31263,329,396,415,430,74
188.4085,31264,328,396,414,430,73
188.4344,31265,328,396,414,430,74
188.4591,31266,328,396,413,432,73
188.4853,31267,327,397,412,432,74
188.5121,31268,327,397,412,432,74
188.5375,31269,327,397,412,433,72
188.5631,31270,326,398,412,432,71
188.5897,31271,326,398,412,432,71
188.6155,31272,326,398,411,433,68
188.6421,31273,326,397,412,433,69
188.6663,31274,325,397,413,433,69
188.6923,31275,325,397,414,433,67
188.7183,31276,325,397,414,433,67
188.7448,31277,324,397,412,433,66
188.7721,31278,324,398,413,433,65
188.7986,31279,324,398,412,432,66
188.8220,31280,324,398,414,434,65
188.8474,31281,324,398,414,434,65
188.8725,31282,324,398,414,434,65
188.8992,31283,324,398,414,434,65
188.9254,31284,324,398,414,432,61
188.9504,31285,324,398,413,434,64
188.9763,31286,324,398,413,434,64
189.0015,31287,323,399,414,433,66
189.0266,31288,324,399,414,433,68
189.0532,31289,324,399,414,433,68
189.0801,31290,323,400,414,432,65
189.1062,31291,323,400,413,432,65
189.1320,31292,322,399,414,431,63
189.1573,31293,322,399,411,428,58
189.1834,31294,322,399,411,428,58
189.2094,31295,321,400,413,432,60
189.2367,31296,320,400,412,432,56
189.2367,31296,320,398,390,413,36
189.2619,31297,320,400,412,432,56
189.2619,31297,320,398,390,413,36
189.2875,31298,320,400,412,432,64
189.3140,31299,320,399,411,429,65
189.3383,31300,320,399,411,429,62
189.3649,31301,320,399,409,427,64
189.3903,31302,320,399,409,427,64
189.4161,31303,319,399,409,427,63
189.4424,31304,320,399,410,429,63
189.4668,31305,319,400,408,426,59
189.4923,31306,319,400,411,428,54
189.5179,31307,319,400,411,428,54
189.5443,31308,318,399,409,424,51
189.5698,31309,318,399,409,424,51
189.5963,31310,319,399,409,427,52
189.6221,31311,319,399,410,426,52
189.6482,31312,318,399,409,427,54
189.6743,31313,318,399,409,427,54
189.6993,31314,318,399,409,424,52
189.7264,31315,318,399,409,424,52
189.7514,31316,318,397,410,423,61
189.7793,31317,318,397,405,420,59
189.8025,31318,317,397,392,417,56
189.8290,31319,316,397,386,413,60
189.8549,31320,316,397,386,413,60
189.8814,31321,316,397,389,415,61
189.9069,31322,316,396,387,413,61
189.9313,31323,316,396,387,413,61
189.9584,31324,315,396,386,413,64
189.9848,31325,315,396,382,414,65
190.0087,31326,315,394,377,414,69
190.0350,31327,315,394,379,416,70
190.0615,31328,315,394,379,416,70
190.0878,31329,315,394,379,416,70
190.1146,31330,313,394,380,414,71
190.1410,31331,312,394,382,414,70
190.1661,31332,310,394,389,416,69
190.1915,31333,310,394,389,416,69
190.2181,31334,309,395,380,415,70
190.2441,31335,308,396,379,416,69
190.2686,31336,308,396,379,416,69
190.2980,31337,308,396,388,416,70
190.3211,31338,308,395,380,416,70
190.3471,31339,307,394,376,416,72
190.3731,31340,306,394,375,416,72
190.3994,31341,306,394,375,416,72
190.4241,31342,306,394,376,416,72
190.4493,31343,306,394,374,416,73
190.4756,31344,306,394,374,416,73
190.4994,31345,304,392,370,416,74
190.5262,31346,304,392,370,416,74
190.5546,31347,304,392,368,417,74
190.5781,31348,304,391,368,417,74
190.6041,31349,304,391,368,417,74
190.6303,31350,304,393,371,417,74
190.6565,31351,303,393,372,417,74
190.6824,31352,303,393,373,417,74
190.7071,31353,303,392,371,416,74
190.7321,31354,303,392,371,416,74
190.7589,31355,302,394,372,416,74
190.7852,31356,302,392,370,416,74
190.8096,31357,302,392,370,416,74
190.8354,31358,301,393,374,417,74
190.8617,31359,301,393,374,417,74
190.8866,31360,301,393,374,417,74
190.9132,31361,301,392,369,416,75
190.9386,31362,301,392,369,416,75
190.9652,31363,300,392,366,416,74
190.9896,31364,300,392,368,416,74
191.0147,31365,301,394,366,418,72
191.0411,31366,301,394,366,418,72
191.0672,31367,302,394,362,420,69
191.0919,31368,301,392,364,422,72
191.1174,31369,300,391,365,422,75
191.1430,31370,299,390,372,422,76
191.1696,31371,299,390,372,422,76
191.1955,31372,297,391,371,423,76
191.2212,31373,296,391,370,425,75
191.2452,31374,296,392,365,426,76
191.2714,31375,296,392,365,426,76
191.2994,31376,296,392,365,426,76
191.3220,31377,294,391,364,427,75
191.3478,31378,294,390,364,428,76
191.3741,31379,294,390,364,428,76
191.4011,31380,293,390,365,428,76
191.4265,31381,293,390,366,428,77
191.4514,31382,292,390,364,429,77
191.4777,31383,292,390,362,430,78
191.5038,31384,292,390,362,430,78
191.5296,31385,292,388,360,430,79
191.5555,31386,291,390,354,430,79
191.5802,31387,291,390,355,430,78
191.6071,31388,291,390,355,430,78
191.6327,31389,290,390,354,430,78
191.6585,31390,290,389,353,431,78
191.6835,31391,290,390,354,432,77
191.7117,31392,290,390,354,432,77
191.7366,31393,290,390,354,432,78
191.7628,31394,289,390,353,432,77
191.7882,31395,288,390,360,432,77
191.8141,31396,288,390,362,432,77
191.8404,31397,288,390,362,432,77
191.8666,31398,288,390,364,432,77
191.8925,31399,288,389,362,433,77
191.9167,31400,287,389,363,433,78
191.9425,31401,287,389,363,433,77
191.9686,31402,287,389,363,433,77
191.9927,31403,286,388,352,432,77
192.0184,31404,284,387,358,431,76
192.0449,31405,284,387,358,431,76
192.0725,31406,283,386,360,432,77
192.0971,31407,282,383,360,435,79
192.1223,31408,281,384,362,437,79
192.1484,31409,279,383,362,439,77
192.1738,31410,279,383,362,439,77
192.2002,31411,278,384,361,440,77
192.2259,31412,276,385,359,441,76
192.2515,31413,274,387,358,443,76
192.2781,31414,274,388,355,444,76
192.3033,31415,274,388,355,444,76
192.3293,31416,273,391,351,444,78
192.3543,31417,271,392,348,446,79
192.3815,31418,271,392,348,446,79
192.4055,31419,270,393,345,446,81
192.4324,31420,270,392,346,446,80
192.4565,31421,269,393,344,447,81
192.4821,31422,268,393,344,448,81
192.5077,31423,268,393,344,448,81
192.5351,31424,268,392,345,448,81
192.5612,31425,267,393,344,449,80
192.5849,31426,267,393,343,450,79
192.6110,31427,266,393,342,451,77
192.6365,31428,266,393,342,451,77
192.6618,31429,266,394,342,451,77
192.6874,31430,266,394,342,451,77
192.7133,31431,265,394,342,452,77
192.7403,31432,265,394,340,452,78
192.7661,31433,264,394,341,452,77
192.7914,31434,264,394,340,453,78
192.8177,31435,264,393,340,453,78
192.8441,31436,264,393,340,453,78
192.8698,31437,263,393,338,454,78
192.8953,31438,262,393,340,455,77
192.9203,31439,262,393,338,455,77
192.9475,31440,262,393,336,455,77
192.9710,31441,262,393,336,455,77
192.9984,31442,261,392,337,456,76
193.0236,31443,261,392,337,456,76
193.0490,31444,261,392,336,456,77
193.0772,31445,260,392,335,456,76
193.1024,31446,260,392,336,456,76
193.1282,31447,259,393,335,457,76
193.1533,31448,260,392,334,457,76
193.1796,31449,260,392,334,457,76
193.2065,31450,259,392,334,457,77
193.2312,31451,259,391,334,457,77
193.2570,31452,259,391,333,457,77
193.2833,31453,259,391,333,457,77
193.3087,31454,258,392,332,458,78
193.3357,31455,260,392,332,459,77
193.3611,31456,260,392,332,459,77
193.3872,31457,262,392,331,460,76
193.4141,31458,262,393,326,463,77
193.4392,31459,260,395,321,464,79
193.4643,31460,259,398,321,466,79
193.4891,31461,259,398,321,466,79
193.5165,31462,258,400,320,466,80
193.5422,31463,258,401,317,468,79
193.5695,31464,258,401,319,469,76
193.5949,31465,257,402,318,470,77
193.6194,31466,257,402,318,472,77
193.6464,31467,257,402,318,472,77
193.6725,31468,257,401,317,472,77
193.6973,31469,257,401,317,472,77
193.7246,31470,256,401,317,473,77
193.7499,31471,256,400,316,474,77
193.7769,31472,256,401,315,475,77
193.8030,31473,256,401,314,475,78
193.8295,31474,256,401,314,475,78
193.8545,31475,256,400,313,476,78
193.8819,31476,255,400,313,476,77
193.9057,31477,255,399,311,477,77
193.9318,31478,255,400,310,478,76
193.9575,31479,255,399,308,477,76
193.9830,31480,255,399,308,477,76
194.0095,31481,254,400,309,478,77
194.0361,31482,254,400,309,478,77
194.0612,31483,254,399,307,479,74
194.0899,31484,253,400,306,478,77
194.1150,31485,252,402,303,479,78
194.1411,31486,251,403,302,481,78
194.1670,31487,251,402,299,483,77
194.1935,31488,251,402,299,483,77
194.2194,31489,250,401,298,485,77
194.2473,31490,248,399,295,485,77
194.2735,31491,247,404,295,487,79
194.2984,31492,246,404,296,488,79
194.3233,31493,245,405,296,489,79
194.3494,31494,245,405,296,489,79
194.3765,31495,245,406,295,490,79
194.4019,31496,245,406,295,490,79
194.4271,31497,244,405,295,491,77
194.4532,31498,244,405,295,491,77
194.4783,31499,242,407,292,494,76
194.5038,31500,242,407,291,494,76
194.5297,31501,242,407,291,494,76
194.5554,31502,241,408,291,495,76
194.5813,31503,240,408,291,496,76
194.6073,31504,240,409,290,497,75
194.6316,31505,239,409,290,497,76
194.6567,31506,239,409,290,497,76
194.6864,31507,238,412,289,498,75
194.7123,31508,237,412,289,498,76
194.7382,31509,237,412,289,500,76
194.7642,31510,237,412,289,500,76
194.7898,31511,237,412,289,500,76
194.8162,31512,236,414,288,500,77
194.8413,31513,236,413,288,501,77
194.8660,31514,236,413,288,501,77
194.8922,31515,236,413,288,501,77
194.9193,31516,236,415,288,502,78
194.9440,31517,235,417,288,503,77
194.9681,31518,235,416,288,502,78
194.9934,31519,235,416,288,502,78
195.0202,31520,235,417,288,503,78
195.0461,31521,235,418,288,504,78
195.0716,31522,235,418,288,504,78
195.0973,31523,236,420,289,504,77
195.1242,31524,236,426,286,506,76
195.1481,31525,234,430,284,506,77
195.1732,31526,232,429,284,507,78
195.2013,31527,232,429,284,507,78
195.2256,31528,230,429,286,509,79
195.2513,31529,228,430,286,510,77
195.2776,31530,228,430,286,510,77
195.3032,31531,225,436,280,512,78
195.3282,31532,224,436,281,512,78
195.3541,31533,224,436,281,512,78
195.3801,31534,223,436,280,514,77
195.4063,31535,223,436,280,514,77
195.4330,31536,222,437,279,515,77
195.4595,31537,222,440,278,516,78
195.4862,31538,221,442,278,516,77
195.5125,31539,220,443,276,517,77
195.5371,31540,220,443,276,517,77
195.5633,31541,220,443,276,517,77
195.5889,31542,219,442,275,518,77
195.6146,31543,218,445,275,519,77
195.6383,31544,218,446,275,519,77
195.6650,31545,218,446,275,519,77
195.6921,31546,218,446,275,519,77
195.7172,31547,216,448,274,520,77
195.7434,31548,216,448,274,520,77
195.7690,31549,213,448,275,518,77
195.7962,31550,212,452,275,514,75
195.8203,31551,209,474,260,512,66
195.8465,31552,208,481,258,511,68
195.8711,31553,208,481,258,511,68
195.8981,31554,206,487,260,511,65
195.9246,31555,204,490,258,511,62
195.9496,31556,205,484,258,512,63
195.9749,31557,210,479,256,513,71
195.9995,31558,210,479,256,513,71
196.0267,31559,214,478,251,516,71
196.0532,31560,217,476,249,519,72
196.0784,31561,217,476,249,519,72
196.1055,31562,217,476,249,519,72
196.1322,31563,220,473,250,521,68
196.1571,31564,220,471,249,522,66
196.1819,31565,220,470,243,524,64
196.2076,31566,220,470,243,524,64
196.2375,31567,220,468,240,526,61
196.2600,31568,220,466,237,526,59
196.2862,31569,220,465,236,525,57
196.3122,31570,220,463,237,523,49
196.3388,31571,219,464,239,516,61
196.3654,31572,219,464,239,516,61
196.3916,31573,218,462,237,516,67
196.4168,31574,218,462,237,516,67
196.4432,31575,218,460,237,516,66
196.4685,31576,218,458,237,518,67
196.4961,31577,218,457,237,515,68
196.5201,31578,218,454,238,514,68
196.5462,31579,218,454,238,514,68
196.5716,31580,218,453,239,514,68
196.5978,31581,218,451,239,514,68
196.6231,31582,219,449,240,513,68
196.6483,31583,219,447,240,513,69
196.6744,31584,219,447,240,513,69
196.7002,31585,219,446,240,515,69
196.7269,31586,219,444,241,512,69
196.7541,31587,219,444,240,510,69
196.7801,31588,219,444,240,510,69
196.8061,31589,219,442,241,510,69
196.8332,31590,219,441,241,509,69
196.8571,31591,219,440,241,508,69
196.8830,31592,219,439,242,511,70
196.9091,31593,219,439,242,511,70
196.9356,31594,219,438,242,514,69
196.9637,31595,220,438,242,506,69
196.9856,31596,219,437,242,509,70
197.0122,31597,219,437,242,509,70
197.0378,31598,219,436,242,512,70
197.0659,31599,219,435,242,503,70
197.0902,31600,219,434,243,502,70
197.1163,31601,219,434,243,502,70
197.1421,31602,219,434,243,502,70
197.1690,31603,219,434,243,500,70
197.1934,31604,220,433,243,501,71
197.2185,31605,220,432,243,500,70
197.2445,31606,220,432,243,500,70
197.2698,31607,220,432,243,500,70
197.2974,31608,220,431,243,499,70
197.3219,31609,219,431,244,501,70
197.3487,31610,220,430,244,500,70
197.3739,31611,220,430,244,500,70
197.3991,31612,220,429,244,499,70
197.4268,31613,220,429,244,499,70
197.4514,31614,220,429,244,499,70
197.4774,31615,220,428,244,498,70
197.5038,31616,220,428,244,500,70
197.5285,31617,220,428,245,500,71
197.5541,31618,220,428,245,500,71
197.5819,31619,220,427,245,500,71
197.6068,31620,220,427,245,499,71
197.6336,31621,220,427,245,499,71
197.6584,31622,220,426,245,500,71
197.6833,31623,220,425,245,499,71
197.7102,31624,220,425,245,499,71
197.7357,31625,220,426,245,500,71
197.7625,31626,220,425,246,499,71
197.7878,31627,220,425,246,499,71
197.8134,31628,220,424,246,502,72
197.8377,31629,220,424,246,500,71
197.8642,31630,220,424,246,500,72
197.8894,31631,220,423,246,499,72
197.9153,31632,220,423,246,499,72
197.9422,31633,220,423,246,499,72
197.9674,31634,220,422,247,498,73
197.9930,31635,220,422,246,500,72
198.0188,31636,220,422,247,499,72
198.0438,31637,220,422,247,499,72
198.0703,31638,220,423,246,501,73
198.0956,31639,220,422,247,502,73
198.1235,31640,220,422,247,502,73
198.1482,31641,220,422,247,500,73
198.1745,31642,220,421,247,499,73
198.1996,31643,220,421,247,501,73
198.2264,31644,220,420,247,498,74
198.2510,31645,220,420,247,498,74
198.2784,31646,220,420,247,500,74
198.3047,31647,220,420,247,498,74
198.3299,31648,220,420,248,500,75
198.3551,31649,220,420,248,500,75
198.3812,31650,219,420,248,500,75
198.4083,31651,219,420,248,500,75
198.4342,31652,219,419,248,499,75
198.4597,31653,219,419,248,499,75
198.4851,31654,219,419,248,499,75
198.5111,31655,219,420,248,500,75
198.5360,31656,219,419,248,501,75
198.5623,31657,218,419,248,499,76
198.5888,31658,218,419,248,499,76
198.6136,31659,218,420,248,500,75
198.6412,31660,218,419,249,499,75
198.6667,31661,220,420,250,498,72
198.6934,31662,219,420,251,500,70
198.7192,31663,219,420,251,500,70
198.7456,31664,220,419,253,489,69
198.7723,31665,219,419,253,483,71
198.7973,31666,218,418,254,482,73
198.8233,31667,218,418,254,482,73
198.8496,31668,218,420,254,490,75
198.8746,31669,218,420,254,490,75
198.8999,31670,218,418,256,484,73
198.9258,31671,218,418,256,484,73
198.9549,31672,218,418,256,484,73
198.9795,31673,217,419,256,491,74
199.0046,31674,217,418,256,490,74
199.0298,31675,217,418,256,490,74
199.0554,31676,217,418,256,490,74
199.0812,31677,216,417,257,485,73
199.1092,31678,217,416,257,484,73
199.1322,31679,216,416,258,484,73
199.1581,31680,216,416,258,484,73
199.1842,31681,216,416,258,486,74
199.2093,31682,216,416,258,486,74
199.2346,31683,216,416,258,486,74
199.2612,31684,216,416,258,486,74
199.2885,31685,216,416,258,486,74
199.3141,31686,216,414,259,484,75
199.3382,31687,216,415,259,483,75
199.3638,31688,215,414,259,484,75
199.3916,31689,215,414,259,484,75
199.4162,31690,216,414,259,482,75
199.4431,31691,216,414,259,484,75
199.4683,31692,216,414,260,482,75
199.4950,31693,216,414,260,482,75
199.5210,31694,216,414,259,481,74
199.5464,31695,215,414,260,482,75
199.5711,31696,215,413,260,481,75
199.5964,31697,215,413,260,481,75
199.6231,31698,215,413,260,482,75
199.6491,31699,215,413,260,482,75
199.6756,31700,215,413,260,482,75
199.7014,31701,215,413,260,479,75
199.7293,31702,215,413,260,479,75
199.7534,31703,215,412,260,480,75
199.7814,31704,215,412,260,482,75
199.8042,31705,215,412,260,481,75
199.8323,31706,215,412,260,481,75
199.8584,31707,214,411,260,481,76
199.8826,31708,214,411,260,481,76
199.9082,31709,214,412,260,482,75
199.9345,31710,214,412,260,482,75
199.9618,31711,214,412,260,482,75
199.9866,31712,214,412,260,484,75
200.0119,31713,214,411,261,485,75
200.0377,31714,215,411,261,481,74
200.0629,31715,215,411,261,481,74
200.0884,31716,215,411,261,481,74
200.1156,31717,215,410,262,480,75
200.1406,31718,214,410,262,481,75
200.1663,31719,214,410,262,481,75
200.1932,31720,214,410,262,480,74
200.2184,31721,214,410,262,481,76
200.2432,31722,214,410,262,480,75
200.2698,31723,214,410,262,480,75
200.2955,31724,214,410,263,478,75
200.3211,31725,214,409,263,481,76
200.3476,31726,214,409,263,479,76
200.3714,31727,214,409,263,479,76
200.3969,31728,214,409,263,479,76
200.4245,31729,214,408,263,480,76
200.4495,31730,214,408,263,478,76
200.4760,31731,214,408,263,478,76
200.5012,31732,214,408,263,478,76
200.5274,31733,213,410,264,480,76
200.5524,31734,214,409,264,478,76
200.5769,31735,214,408,264,478,75
200.6034,31736,214,408,264,478,75
200.6297,31737,213,408,265,478,76
200.6568,31738,213,408,265,478,76
200.6799,31739,213,408,266,478,77
200.7065,31740,214,407,266,478,77
200.7324,31741,214,407,266,478,77
200.7585,31742,213,408,266,478,77
200.7846,31743,213,408,266,478,77
200.8099,31744,214,408,266,478,78
200.8352,31745,214,408,266,478,78
200.8615,31746,214,408,266,478,78
200.8867,31747,213,408,267,478,77
200.9128,31748,213,408,267,478,77
200.9387,31749,212,408,267,480,77
200.9658,31750,212,408,267,478,77
200.9915,31751,212,408,268,478,77
201.0162,31752,212,408,268,476,77
201.0420,31753,213,407,268,475,77
201.0698,31754,213,407,268,475,77
201.0985,31755,213,407,268,474,77
201.1232,31756,213,407,268,474,77
201.1493,31757,213,407,269,473,78
201.1751,31758,214,406,269,472,77
201.2034,31759,214,406,269,472,77
201.2282,31760,213,407,269,469,77
201.2552,31761,213,407,270,472,77
201.2803,31762,213,407,270,472,77
201.3075,31763,213,408,270,474,78
201.3352,31764,212,408,270,472,77
201.3626,31765,211,408,271,474,76
201.3882,31766,216,407,272,467,75
201.4144,31767,216,407,272,467,75
201.4412,31768,215,408,272,466,75
201.4674,31769,217,408,273,463,75
201.4911,31770,216,408,273,466,77
201.5192,31771,218,409,274,463,77
201.5438,31772,218,409,274,463,77
201.5692,31773,217,408,274,465,77
201.5955,31774,217,408,274,464,78
201.6198,31775,216,408,275,465,77
201.6479,31776,216,408,275,465,77
201.6721,31777,216,408,274,466,78
201.6990,31778,216,408,275,465,78
201.7244,31779,216,408,275,466,77
201.7496,31780,216,408,276,466,77
201.7764,31781,216,408,276,466,77
201.8021,31782,216,407,276,465,77
201.8285,31783,216,407,276,465,77
201.8550,31784,216,407,277,465,76
201.8803,31785,216,407,277,465,76
201.9073,31786,216,407,276,463,77
201.9322,31787,216,406,277,464,76
201.9572,31788,215,407,277,463,76
201.9834,31789,215,407,277,463,76
202.0110,31790,214,408,277,464,77
202.0363,31791,215,409,277,463,76
202.0609,31792,214,409,278,464,76
202.0870,31793,216,409,278,461,74
202.1129,31794,216,409,278,461,74
202.1393,31795,215,409,279,463,74
202.1645,31796,216,408,280,462,74
202.1896,31797,216,409,280,461,74
202.2184,31798,216,409,280,461,74
202.2442,31799,216,409,280,461,74
202.2693,31800,217,409,281,459,74
202.2943,31801,216,409,281,461,74
202.3209,31802,216,409,281,461,74
202.3479,31803,217,408,282,460,75
202.3730,31804,217,408,282,458,74
202.3966,31805,218,408,282,457,74
202.4241,31806,217,408,283,458,74
202.4496,31807,217,408,283,458,74
202.4769,31808,217,408,283,457,73
202.5023,31809,218,408,284,456,74
202.5281,31810,218,408,284,456,73
202.5547,31811,217,408,284,456,73
202.5794,31812,217,408,284,456,73
202.6064,31813,218,408,285,452,73
202.6296,31814,218,407,285,452,73
202.6563,31815,218,408,286,452,73
202.6833,31816,218,408,286,452,73
202.7094,31817,218,407,286,451,73
202.7364,31818,218,407,286,451,73
202.7622,31819,218,407,286,451,73
202.7864,31820,218,407,287,451,73
202.8122,31821,218,407,287,451,73
202.8379,31822,218,407,287,451,73
202.8644,31823,218,406,287,450,73
202.8892,31824,218,408,286,448,73
202.9158,31825,218,408,286,448,73
202.9419,31826,218,409,286,449,70
202.9659,31827,215,410,286,454,68
202.9919,31828,215,410,286,454,68
203.0199,31829,213,410,287,455,66
203.0460,31830,216,410,287,452,65
203.0725,31831,217,410,288,450,65
203.0972,31832,217,410,288,450,65
203.1231,31833,216,410,288,450,66
203.1491,31834,216,410,288,450,66
203.1763,31835,219,410,289,448,65
203.2021,31836,218,411,289,449,64
203.2280,31837,221,411,290,447,61
203.2544,31838,221,411,290,447,61
203.2800,31839,218,412,291,448,58
203.3044,31840,222,412,291,446,59
203.3298,31841,225,411,291,442,60
203.3565,31842,225,411,291,442,60
203.3825,31843,225,411,292,441,62
203.4094,31844,224,411,292,443,62
203.4344,31845,223,412,293,444,62
203.4597,31846,223,411,293,445,62
203.4854,31847,223,411,293,445,62
203.5111,31848,222,411,294,445,62
203.5379,31849,223,411,294,445,62
203.5625,31850,222,411,294,445,62
203.5895,31851,222,411,294,445,62
203.6154,31852,222,411,294,445,63
203.6410,31853,222,410,295,444,63
203.6657,31854,222,410,295,444,63
203.6914,31855,222,410,295,444,63
203.7174,31856,223,410,295,442,63
203.7444,31857,222,410,295,444,64
203.7688,31858,222,410,296,444,63
203.7946,31859,223,411,296,443,64
203.8213,31860,223,411,296,443,64
203.8493,31861,222,410,297,444,64
203.8745,31862,223,410,297,441,63
203.8987,31863,224,410,297,440,62
203.9254,31864,224,410,297,440,62
203.9510,31865,223,411,297,441,63
203.9768,31866,224,411,297,439,62
204.0022,31867,224,411,297,439,62
204.0270,31868,224,411,296,439,61
204.0544,31869,220,411,297,441,62
204.0812,31870,220,411,297,441,62
204.1042,31871,221,411,298,441,60
204.1299,31872,221,411,298,441,60
204.1564,31873,220,412,298,442,57
204.1820,31874,220,412,298,442,57
204.2085,31875,226,412,299,434,58
204.2329,31876,226,412,299,435,58
204.2585,31877,227,412,300,434,56
204.2852,31878,227,412,300,434,56
204.3103,31879,229,412,301,433,57
204.3352,31880,229,412,301,433,57
204.3630,31881,229,412,301,433,57
204.3877,31882,231,412,301,432,56
204.4131,31883,233,412,302,430,56
204.4131,31883,216,415,264,443,36
204.4382,31884,230,412,302,432,57
204.4652,31885,230,412,302,432,57
204.4896,31886,230,412,302,432,57
204.5156,31887,232,412,302,430,56
204.5156,31887,218,414,272,442,44
204.5411,31888,232,412,302,430,57
204.5411,31888,218,414,267,442,44
204.5662,31889,232,412,303,430,56
204.5662,31889,218,414,262,442,42
204.5909,31890,232,412,303,430,56
204.5909,31890,218,414,262,442,42
204.6180,31891,233,412,303,430,56
204.6180,31891,217,414,256,442,39
204.6447,31892,232,412,303,430,55
204.6447,31892,218,414,264,442,34
204.6698,31893,232,412,303,430,55
204.6698,31893,218,414,264,442,34
204.6962,31894,227,411,303,435,57
204.7212,31895,224,412,303,436,57
204.7484,31896,231,412,304,432,56
204.7736,31897,235,413,305,429,56
204.7736,31897,216,414,261,440,32
204.7994,31898,235,413,305,429,56
204.7994,31898,216,414,261,440,32
204.8266,31899,236,412,304,428,56
204.8266,31899,216,414,255,440,41
204.8513,31900,238,412,306,426,54
204.8513,31900,215,415,254,441,36
204.8782,31901,238,412,306,426,54
204.8782,31901,215,415,254,441,36
204.9032,31902,234,412,306,430,55
204.9032,31902,216,414,256,441,44
204.9291,31903,237,412,306,426,54
204.9291,31903,215,415,250,441,38
204.9552,31904,237,412,306,426,54
204.9552,31904,215,415,250,441,38
204.9816,31905,236,412,306,430,55
204.9816,31905,216,414,258,440,41
205.0055,31906,236,412,306,430,55
205.0055,31906,216,414,258,440,41
205.0325,31907,238,412,307,426,56
205.0325,31907,217,414,251,438,45
205.0574,31908,225,413,306,433,55
205.0850,31909,238,412,308,426,55
205.0850,31909,217,414,249,438,41
205.1102,31910,238,412,307,426,57
205.1102,31910,217,414,249,438,35
205.1351,31911,238,412,307,426,57
205.1351,31911,217,414,249,438,35
205.1612,31912,238,412,308,427,55
205.1612,31912,216,415,248,439,33
205.1876,31913,241,412,308,426,57
205.1876,31913,217,415,245,437,43
205.2125,31914,237,412,308,426,56
205.2125,31914,218,415,252,437,38
205.2373,31915,240,412,308,426,57
205.2373,31915,216,415,248,437,35
205.2624,31916,240,412,308,426,57
205.2624,31916,216,415,248,437,35
205.2895,31917,240,412,308,426,57
205.2895,31917,216,415,248,437,35
205.3152,31918,236,412,308,428,60
205.3421,31919,236,412,308,428,60
205.3676,31920,224,412,307,432,61
205.3959,31921,240,413,308,427,59
205.4192,31922,240,412,308,426,59
205.4450,31923,240,412,309,426,61
205.4735,31924,240,412,309,426,61
205.4981,31925,242,412,310,426,61
205.4981,31925,217,414,271,432,31
205.5238,31926,239,413,310,427,61
205.5491,31927,240,412,310,426,61
205.5746,31928,241,413,310,427,62
205.5995,31929,241,413,310,427,62
205.6262,31930,239,412,310,427,62
205.6522,31931,240,412,310,426,63
205.6790,31932,240,412,310,426,63
205.7036,31933,239,413,311,427,63
205.7292,31934,237,413,311,427,63
205.7540,31935,240,413,311,427,62
205.7795,31936,238,413,311,427,64
205.8052,31937,238,413,311,427,64
205.8321,31938,239,413,311,427,64
205.8572,31939,230,412,311,430,64
205.8819,31940,238,413,312,427,64
205.9088,31941,238,412,312,428,64
205.9338,31942,238,412,312,428,64
205.9612,31943,240,412,312,427,65
205.9875,31944,241,413,312,427,63
206.0125,31945,241,413,312,427,63
206.0381,31946,240,413,312,427,64
206.0663,31947,239,412,312,427,65
206.0968,31948,240,413,313,427,65
206.1198,31949,242,412,313,426,65
206.1476,31950,242,412,313,426,65
206.1725,31951,239,413,313,427,65
206.2002,31952,238,412,314,428,64
206.2241,31953,239,412,314,427,65
206.2484,31954,240,412,314,426,66
206.2731,31955,240,412,314,426,66
206.2987,31956,240,412,314,426,66
206.3247,31957,238,412,313,426,66
206.3512,31958,238,412,313,426,66
206.3783,31959,247,412,314,426,68
206.4036,31960,242,411,313,427,68
206.4294,31961,239,412,314,428,67
206.4544,31962,243,412,315,428,67
206.4834,31963,243,412,315,428,67
206.5083,31964,242,412,315,428,66
206.5342,31965,241,412,315,428,67
206.5603,31966,239,412,315,428,67
206.5859,31967,239,412,316,428,67
206.6117,31968,244,412,316,428,67
206.6379,31969,244,412,316,428,67
206.6638,31970,245,412,317,428,68
206.6899,31971,245,412,317,428,68
206.7164,31972,244,412,317,428,68
206.7436,31973,240,412,317,428,67
206.7686,31974,244,411,317,427,68
206.7945,31975,243,412,317,428,67
206.8190,31976,242,412,317,428,67
206.8453,31977,242,412,317,428,67
206.8708,31978,244,412,317,428,68
206.8974,31979,246,412,318,428,68
206.9226,31980,245,412,318,428,68
206.9480,31981,245,412,318,428,67
206.9740,31982,245,412,318,428,67
206.9996,31983,244,412,318,428,68
207.0254,31984,247,412,319,428,68
207.0524,31985,247,412,319,428,68
207.0779,31986,247,412,318,428,67
207.1043,31987,245,412,319,428,67
207.1292,31988,245,412,319,428,68
207.1564,31989,245,412,319,428,67
207.1812,31990,245,412,319,428,67
207.2083,31991,245,412,319,428,68
207.2339,31992,246,412,318,428,69
207.2593,31993,244,412,318,428,68
207.2854,31994,246,411,318,429,69
207.3097,31995,246,411,318,429,69
207.3361,31996,245,411,318,429,69
207.3613,31997,245,411,318,429,69
207.3883,31998,244,411,319,429,70
207.4134,31999,245,410,319,430,71
207.4411,32000,246,410,318,430,70
207.4653,32001,244,410,319,430,71
207.4925,32002,242,410,319,430,72
207.5181,32003,242,410,319,430,72
207.5442,32004,248,410,320,430,73
207.5695,32005,247,410,320,430,73
207.5957,32006,247,410,320,430,73
207.6213,32007,249,410,320,430,73
207.6474,32008,249,410,320,430,73
207.6730,32009,249,408,320,430,73
207.6979,32010,250,408,320,430,73
207.7234,32011,250,408,320,430,73
207.7524,32012,251,409,320,431,73
207.7765,32013,249,408,320,430,73
207.8013,32014,253,409,321,431,74
207.8269,32015,252,409,320,431,73
207.8531,32016,252,409,320,431,73
207.8789,32017,249,409,321,431,74
207.9054,32018,250,409,321,431,74
207.9302,32019,250,409,321,431,74
207.9563,32020,250,409,321,431,74
207.9832,32021,250,409,321,431,74
208.0093,32022,250,409,320,431,73
208.0347,32023,250,409,322,431,74
208.0630,32024,250,409,322,431,74
208.0868,32025,248,408,321,431,74
208.1143,32026,248,409,322,431,73
208.1384,32027,248,408,322,431,74
208.1645,32028,248,409,322,431,74
208.1900,32029,248,409,322,431,74
208.2167,32030,246,409,322,431,73
208.2423,32031,250,409,322,431,73
208.2666,32032,252,409,321,431,74
208.2922,32033,250,409,322,431,74
208.3190,32034,250,409,322,431,74
208.3459,32035,253,408,322,431,75
208.3710,32036,251,408,322,432,73
208.3959,32037,251,408,322,432,73
208.4232,32038,251,409,322,431,74
208.4492,32039,251,409,322,431,74
208.4743,32040,251,409,322,431,74
208.4993,32041,248,408,322,432,74
208.5255,32042,248,408,322,432,74
208.5514,32043,247,409,322,431,74
208.5795,32044,248,408,322,431,74
208.6034,32045,247,408,322,431,74
208.6294,32046,249,408,322,430,73
208.6547,32047,249,408,322,430,73
208.6823,32048,247,408,322,429,72
208.7059,32049,250,408,323,428,69
208.7322,32050,250,408,323,428,69
208.7580,32051,254,410,323,428,63
208.7829,32052,260,412,323,427,57
208.8067,32053,262,413,325,427,47
208.8333,32054,262,413,325,427,47
208.8599,32055,259,412,325,426,45
208.8851,32056,259,412,325,426,45
208.9118,32057,262,413,326,426,37
208.9354,32058,263,413,326,426,38
208.9623,32059,265,413,327,425,40
208.9623,32059,231,404,253,418,38
208.9876,32060,265,413,327,425,40
208.9876,32060,231,404,253,418,38
209.0131,32061,253,411,327,425,45
209.0131,32061,233,403,265,423,33
209.0403,32062,252,410,327,426,46
209.0646,32063,252,410,327,426,46
209.0929,32064,255,412,327,426,49
209.0929,32064,235,404,261,423,34
209.1173,32065,259,412,327,426,49
209.1173,32065,235,404,259,422,39
209.1423,32066,263,413,327,425,51
209.1423,32066,236,403,258,423,42
209.1683,32067,263,413,327,425,51
209.1683,32067,236,403,258,423,42
209.1947,32068,262,412,328,425,50
209.1947,32068,236,402,258,422,44
209.2195,32069,263,413,328,425,52
209.2195,32069,236,401,257,422,43
209.2484,32070,262,413,328,425,54
209.2484,32070,237,402,258,422,31
209.2711,32071,262,413,328,425,54
209.2711,32071,237,402,258,422,31
209.2963,32072,262,413,328,425,54
209.2963,32072,237,402,258,422,31
209.3233,32073,262,413,328,425,52
209.3233,32073,238,402,258,422,34
209.3501,32074,261,413,328,425,55
209.3501,32074,237,400,256,422,37
209.3773,32075,262,413,328,425,56
209.3773,32075,238,402,259,422,35
209.4013,32076,261,413,329,425,54
209.4013,32076,238,401,259,423,39
209.4284,32077,261,413,329,425,54
209.4284,32077,238,401,259,423,39
209.4571,32078,257,411,330,425,62
209.4803,32079,257,410,330,426,65
209.5067,32080,257,410,330,426,65
209.5322,32081,248,410,330,426,66
209.5587,32082,248,409,330,427,68
209.5854,32083,247,409,330,427,68
209.6121,32084,250,410,330,428,68
209.6361,32085,248,409,331,428,69
209.6622,32086,248,409,331,428,69
209.6877,32087,248,409,331,428,69
209.7139,32088,249,408,331,428,69
209.7384,32089,250,408,332,428,70
209.7645,32090,250,408,332,428,70
209.7913,32091,250,408,331,428,70
209.8158,32092,249,408,332,428,70
209.8416,32093,249,408,332,428,70
209.8684,32094,251,408,332,428,70
209.8941,32095,252,408,332,428,69
209.9195,32096,259,408,332,428,71
209.9460,32097,255,408,332,428,70
209.9713,32098,255,408,332,428,70
209.9977,32099,257,408,332,428,70
210.0243,32100,259,408,333,428,70
210.0503,32101,257,408,333,428,70
210.0771,32102,257,408,333,428,70
210.1002,32103,257,408,333,428,70
210.1284,32104,256,408,333,428,70
210.1521,32105,257,408,333,428,70
210.1794,32106,259,408,333,428,71
210.2045,32107,259,408,333,428,71
210.2309,32108,255,408,333,428,71
210.2568,32109,249,408,332,428,71
210.2828,32110,253,408,332,428,71
210.3081,32111,254,407,333,427,72
210.3331,32112,254,407,333,427,72
210.3586,32113,253,406,333,428,73
210.3857,32114,254,406,333,428,74
210.4109,32115,254,406,332,429,74
210.4377,32116,254,406,332,429,74
210.4625,32117,258,406,332,430,75
210.4892,32118,256,406,332,430,75
210.5136,32119,258,406,332,430,75
210.5401,32120,258,406,332,430,75
210.5661,32121,255,406,332,430,75
210.5939,32122,257,405,333,431,75
210.6172,32123,258,405,332,430,76
210.6446,32124,257,405,333,430,76
210.6697,32125,257,405,333,430,76
210.6963,32126,255,406,333,430,76
210.7231,32127,259,404,334,430,76
210.7483,32128,258,405,334,431,76
210.7725,32129,258,405,334,431,76
210.7993,32130,256,405,334,431,76
210.8255,32131,261,405,334,431,77
210.8512,32132,260,404,335,430,77
210.8771,32133,260,404,335,430,77
210.9035,32134,258,404,335,430,77
210.9303,32135,260,404,335,430,77
210.9535,32136,260,404,334,430,77
210.9802,32137,260,404,334,430,77
211.0057,32138,260,404,334,430,77
211.0312,32139,261,404,334,430,77
211.0577,32140,262,404,334,430,76
211.0821,32141,259,403,335,429,77
211.1083,32142,259,403,335,429,77
211.1348,32143,258,403,335,429,77
211.1611,32144,255,403,335,431,77
211.1873,32145,259,403,335,431,77
211.2121,32146,259,403,335,431,77
211.2376,32147,256,402,336,432,77
211.2676,32148,260,402,335,432,77
211.2931,32149,264,402,335,432,78
211.3179,32150,259,402,335,432,78
211.3443,32151,259,402,335,432,78
211.3701,32152,262,402,336,432,78
211.3967,32153,264,401,336,431,78
211.4209,32154,262,401,336,431,77
211.4475,32155,261,401,336,431,78
211.4729,32156,261,401,336,431,78
211.4982,32157,262,401,336,431,77
211.5241,32158,264,402,336,432,78
211.5488,32159,264,402,336,432,78
211.5760,32160,262,402,336,432,78
211.6014,32161,263,401,336,431,78
211.6263,32162,266,401,336,431,78
211.6510,32163,263,401,336,431,78
211.6768,32164,263,401,336,431,78
211.7032,32165,263,401,336,431,78
211.7291,32166,264,401,336,431,78
211.7550,32167,263,401,336,431,78
211.7792,32168,262,401,336,432,78
211.8059,32169,262,401,336,432,78
211.8313,32170,262,400,336,430,77
211.8572,32171,267,399,336,430,76
211.8832,32172,267,399,336,430,76
211.9096,32173,266,398,336,430,76
211.9368,32174,268,398,336,432,76
211.9612,32175,266,398,336,432,76
211.9861,32176,265,397,336,433,76
212.0122,32177,265,397,336,433,76
212.0392,32178,264,397,336,433,75
212.0658,32179,269,396,336,434,76
212.0898,32180,270,396,336,434,76
212.1164,32181,269,396,337,434,76
212.1426,32182,269,396,337,434,76
212.1679,32183,268,395,336,434,76
212.1944,32184,260,395,336,434,77
212.2200,32185,260,395,336,434,77
212.2462,32186,263,395,337,435,77
212.2720,32187,264,394,337,434,77
212.2974,32188,263,394,337,434,77
212.3225,32189,264,394,337,434,77
212.3486,32190,264,394,337,434,77
212.3749,32191,264,394,337,434,77
212.4030,32192,271,394,337,434,77
212.4253,32193,273,394,338,434,77
212.4500,32194,273,394,337,434,77
212.4770,32195,273,394,337,434,77
212.5030,32196,262,394,338,434,77
212.5288,32197,262,394,338,434,77
212.5552,32198,263,394,338,434,77
212.5799,32199,262,393,338,435,77
212.6082,32200,263,393,338,435,77
212.6318,32201,262,393,338,435,77
212.6575,32202,262,393,338,435,77
212.6846,32203,263,393,338,435,78
212.7095,32204,271,393,338,435,77
212.7370,32205,269,393,338,434,78
212.7631,32206,267,392,338,434,78
212.7862,32207,269,393,339,433,77
212.8115,32208,269,393,339,433,77
212.8371,32209,267,392,339,434,78
212.8625,32210,267,392,339,434,78
212.8884,32211,267,392,339,434,77
212.9156,32212,266,392,339,434,78
212.9412,32213,272,392,339,434,78
212.9652,32214,267,394,339,434,77
212.9919,32215,267,394,339,434,77
213.0179,32216,260,394,339,435,78
213.0447,32217,262,395,340,435,78
213.0697,32218,265,396,340,436,78
213.0951,32219,264,396,341,436,78
213.1196,32220,264,396,341,436,78
213.1472,32221,266,397,342,437,79
213.1738,32222,266,397,343,437,78
213.1991,32223,266,397,343,437,78
213.2251,32224,264,397,344,437,78
213.2517,32225,265,397,346,437,78
213.2760,32226,265,397,346,437,78
213.3023,32227,264,398,348,438,76
213.3282,32228,264,398,348,438,76
213.3541,32229,264,398,348,438,76
213.3810,32230,268,397,349,437,76
213.4056,32231,267,398,350,436,76
213.4315,32232,268,398,350,436,75
213.4585,32233,268,398,350,436,75
213.4859,32234,269,398,350,436,74
213.5132,32235,270,398,351,435,74
213.5369,32236,270,398,351,435,74
213.5648,32237,269,398,352,435,74
213.5895,32238,272,398,351,434,75
213.6174,32239,268,398,352,435,75
213.6412,32240,268,398,352,434,74
213.6681,32241,268,398,352,434,74
213.6916,32242,268,398,352,434,74
213.7183,32243,268,398,353,434,74
213.7453,32244,270,398,354,432,76
213.7712,32245,270,398,354,432,76
213.7961,32246,270,398,354,430,74
213.8222,32247,270,398,354,430,74
213.8499,32248,266,398,355,432,75
213.8755,32249,271,399,354,429,74
213.9011,32250,271,399,354,429,74
213.9277,32251,271,398,354,430,75
213.9531,32252,270,398,354,430,76
213.9792,32253,273,398,355,428,75
214.0034,32254,272,398,355,428,75
214.0296,32255,272,398,355,428,75
214.0567,32256,272,398,355,428,76
214.0821,32257,272,398,355,428,76
214.1070,32258,273,399,356,427,75
214.1321,32259,271,398,356,428,75
214.1571,32260,271,398,356,428,75
214.1841,32261,273,398,356,426,75
214.2085,32262,273,398,356,426,75
214.2354,32263,272,398,356,426,75
214.2603,32264,272,398,356,426,75
214.2865,32265,272,399,356,425,74
214.3119,32266,272,399,356,425,75
214.3378,32267,272,399,356,425,75
214.3639,32268,271,398,356,426,74
214.3897,32269,270,398,357,426,75
214.4172,32270,273,398,357,424,73
214.4435,32271,270,398,357,424,74
214.4663,32272,270,398,357,424,74
214.4935,32273,270,398,357,424,74
214.5196,32274,272,399,356,425,74
214.5444,32275,272,399,356,425,74
214.5728,32276,271,399,356,425,74
214.5984,32277,272,400,356,424,72
214.6233,32278,272,400,357,424,72
214.6486,32279,272,400,357,425,71
214.6735,32280,270,400,356,426,70
214.7000,32281,270,400,356,426,70
214.7265,32282,268,401,358,427,69
214.7523,32283,268,400,357,428,68
214.7788,32284,269,401,357,427,67
214.8032,32285,268,402,358,428,67
214.8297,32286,268,402,358,428,67
214.8546,32287,269,401,358,429,67
214.8810,32288,269,401,358,429,67
214.9085,32289,269,401,358,429,67
214.9351,32290,271,403,358,427,58
214.9592,32291,271,402,358,427,58
214.9849,32292,271,402,359,427,60
215.0095,32293,271,402,359,427,60
215.0362,32294,271,402,359,427,60
215.0627,32295,272,403,360,427,59
215.0881,32296,271,403,360,427,56
215.1153,32297,272,402,359,426,59
215.1398,32298,272,402,359,426,57
215.1665,32299,272,402,359,426,57
215.1931,32300,271,403,360,427,57
215.2185,32301,272,402,360,426,58
215.2453,32302,272,402,360,426,58
215.2712,32303,271,403,360,427,55
215.2980,32304,272,403,360,425,58
215.3224,32305,272,403,360,425,56
215.3474,32306,276,402,362,418,54
215.3725,32307,276,402,362,418,54
215.3987,32308,270,403,361,426,55
215.4261,32309,271,403,361,425,57
215.4496,32310,277,402,361,418,55
215.4764,32311,275,402,362,418,55
215.5016,32312,275,402,362,418,55
215.5283,32313,277,402,362,418,55
215.5521,32314,277,402,362,418,55
215.5792,32315,277,402,362,418,55
215.6046,32316,276,402,362,418,56
215.6313,32317,274,402,361,418,58
215.6563,32318,274,402,361,418,60
215.6811,32319,270,402,360,424,61
215.7073,32320,270,402,360,424,61
215.7371,32321,274,403,361,418,59
215.7601,32322,274,403,362,418,59
215.7847,32323,275,403,362,417,58
215.8087,32324,276,403,362,418,58
215.8360,32325,276,403,362,418,58
215.8632,32326,275,403,363,417,58
215.8872,32327,277,403,362,417,57
215.9132,32328,277,403,362,417,57
215.9394,32329,277,403,363,417,58
215.9646,32330,276,403,363,417,58
215.9902,32331,279,404,363,418,57
216.0157,32332,279,404,363,418,57
216.0426,32333,280,403,364,417,58
216.0691,32334,279,403,364,417,59
216.0944,32335,280,403,364,417,59
216.1213,32336,279,403,364,417,57
216.1447,32337,279,403,364,417,57
216.1715,32338,280,403,364,417,59
216.1978,32339,283,403,364,416,58
216.2236,32340,283,403,364,417,59
216.2523,32341,283,403,364,417,59
216.2797,32342,281,403,364,417,58
216.3030,32343,280,403,364,417,59
216.3298,32344,279,403,365,417,58
216.3543,32345,279,403,365,417,58
216.3821,32346,277,403,364,417,61
216.4062,32347,279,403,364,417,60
216.4341,32348,279,403,365,417,60
216.4594,32349,280,403,365,417,61
216.4859,32350,280,403,365,417,60
216.5111,32351,280,403,365,417,60
216.5360,32352,282,403,365,416,60
216.5624,32353,279,402,365,416,61
216.5881,32354,279,403,365,416,61
216.6164,32355,279,403,365,416,61
216.6409,32356,279,403,364,416,63
216.6653,32357,276,402,364,416,63
216.6923,32358,277,402,365,416,62
216.7174,32359,277,402,365,416,62
216.7442,32360,277,402,364,416,65
216.7710,32361,277,402,364,416,65
216.7962,32362,276,402,364,416,64
216.8221,32363,278,403,365,417,64
216.8466,32364,278,403,365,417,64
216.8721,32365,278,403,365,417,65
216.8993,32366,279,403,365,417,64
216.9241,32367,279,402,365,417,64
216.9496,32368,279,402,365,417,64
216.9778,32369,278,402,365,417,64
217.0011,32370,280,403,365,417,64
217.0284,32371,280,402,365,417,65
217.0540,32372,280,402,365,417,65
217.0802,32373,280,402,365,418,65
217.1081,32374,281,402,365,418,64
217.1318,32375,281,401,365,417,64
217.1574,32376,280,402,365,418,64
217.1825,32377,280,402,365,418,64
217.2087,32378,286,402,365,418,64
217.2345,32379,288,401,366,418,66
217.2597,32380,291,401,365,418,67
217.2851,32381,291,401,365,418,67
217.3133,32382,287,400,366,418,68
217.3382,32383,288,400,366,418,68
217.3636,32384,287,400,366,418,69
217.3887,32385,287,400,366,418,69
217.4162,32386,289,400,366,418,68
217.4423,32387,289,400,366,418,68
217.4665,32388,289,400,366,418,69
217.4919,32389,288,400,367,418,67
217.5183,32390,288,400,367,418,67
217.5459,32391,287,400,366,418,68
217.5703,32392,291,400,367,418,68
217.5972,32393,288,400,367,418,68
217.6222,32394,288,400,367,418,68
217.6482,32395,289,400,367,418,68
217.6740,32396,289,400,368,418,70
217.6993,32397,288,400,368,418,70
217.7260,32398,288,400,368,418,70
217.7525,32399,288,400,368,418,70
217.7780,32400,289,401,368,418,67
217.8033,32401,287,400,368,418,70
217.8291,32402,287,400,368,418,70
217.8558,32403,287,400,368,418,70
217.8798,32404,286,400,367,418,71
217.9067,32405,288,401,367,419,70
217.9324,32406,289,401,367,419,72
217.9587,32407,289,401,367,419,72
217.9853,32408,288,400,367,420,73
218.0098,32409,292,400,367,420,72
218.0356,32410,292,399,367,421,73
218.0611,32411,292,399,367,421,73
218.0884,32412,292,399,367,421,73
218.1162,32413,294,398,368,422,73
218.1398,32414,295,398,368,422,73
218.1663,32415,298,398,368,422,73
218.1917,32416,298,398,368,422,73
218.2185,32417,298,397,368,423,73
218.2437,32418,296,397,368,423,73
218.2673,32419,298,397,368,423,73
218.2934,32420,300,397,369,423,73
218.3213,32421,300,397,369,423,73
218.3440,32422,300,396,369,424,73
218.3718,32423,298,397,369,423,73
218.3966,32424,298,397,369,423,73
218.4229,32425,300,397,370,423,73
218.4484,32426,298,397,370,423,73
218.4735,32427,298,397,370,423,73
218.4991,32428,298,397,370,424,74
218.5248,32429,298,397,370,424,74
218.5521,32430,300,397,370,424,74
218.5785,32431,298,397,370,424,74
218.6031,32432,299,398,371,424,74
218.6285,32433,299,398,370,424,74
218.6547,32434,299,398,370,424,74
218.6803,32435,301,398,369,425,74
218.7054,32436,301,398,369,425,74
218.7316,32437,296,398,369,426,73
218.7573,32438,309,398,370,426,73
218.7833,32439,306,396,370,426,73
218.8082,32440,303,396,370,427,73
218.8342,32441,306,396,370,427,74
218.8597,32442,306,396,370,427,74
218.8851,32443,306,396,370,427,74
218.9131,32444,303,396,370,428,74
218.9381,32445,306,396,370,428,74
218.9636,32446,304,396,370,428,74
218.9894,32447,304,396,370,428,74
219.0158,32448,302,396,371,428,74
219.0425,32449,302,396,371,428,74
219.0684,32450,302,396,371,429,75
219.0943,32451,306,395,372,429,75
219.1201,32452,304,396,371,430,75
219.1459,32453,305,396,372,430,75
219.1710,32454,306,396,372,430,75
219.1986,32455,306,396,372,430,75
219.2237,32456,303,396,372,430,75
219.2496,32457,307,396,372,430,75
219.2753,32458,307,396,372,430,75
219.2997,32459,306,396,372,430,75
219.3272,32460,306,396,372,430,75
219.3520,32461,305,396,373,430,75
219.3796,32462,305,396,373,430,75
219.4056,32463,304,396,373,430,76
219.4314,32464,307,396,373,430,75
219.4567,32465,305,396,373,430,75
219.4822,32466,306,396,373,430,75
219.5076,32467,305,396,373,430,75
219.5332,32468,305,396,373,430,75
219.5598,32469,305,396,373,430,75
219.5853,32470,310,397,372,431,75
219.6120,32471,309,397,372,431,76
219.6373,32472,308,396,372,432,76
219.6629,32473,308,396,372,432,76
219.6881,32474,308,396,372,432,76
219.7142,32475,306,396,372,432,76
219.7397,32476,306,396,372,432,76
219.7656,32477,305,395,372,432,76
219.7912,32478,304,396,373,432,76
219.8165,32479,306,395,372,433,76
219.8421,32480,303,395,373,433,76
219.8697,32481,303,395,373,433,76
219.8949,32482,305,396,372,434,76
219.9210,32483,309,396,372,434,76
219.9454,32484,310,396,372,434,76
219.9725,32485,308,395,372,435,75
219.9980,32486,308,395,372,435,75
220.0251,32487,309,395,372,435,76
220.0502,32488,308,394,372,436,75
220.0764,32489,308,394,372,436,75
220.1025,32490,310,395,373,435,75
220.1290,32491,306,395,373,436,75
220.1534,32492,307,394,373,436,75
220.1795,32493,307,394,373,436,75
220.2048,32494,308,394,374,436,75
220.2299,32495,306,394,373,436,75
220.2569,32496,308,394,374,436,75
220.2822,32497,308,394,374,436,76
220.3081,32498,308,394,374,436,75
220.3343,32499,308,394,374,436,75
220.3594,32500,310,395,374,437,76
220.3851,32501,310,395,374,437,76
220.4123,32502,308,395,374,437,75
220.4387,32503,314,396,373,437,75
220.4629,32504,316,395,373,437,75
220.4892,32505,316,394,373,438,75
220.5150,32506,315,394,373,438,75
220.5412,32507,315,394,373,438,75
220.5671,32508,315,394,373,438,75
220.5932,32509,310,394,373,438,75
220.6186,32510,310,394,373,438,75
220.6435,32511,311,394,373,438,74
220.6693,32512,311,394,373,438,74
220.6972,32513,310,394,373,438,76
220.7213,32514,310,393,373,439,75
220.7478,32515,310,393,373,439,75
220.7742,32516,310,393,373,439,75
220.7991,32517,310,393,374,439,75
220.8244,32518,310,393,373,439,75
220.8493,32519,310,393,374,439,75
220.8774,32520,310,393,374,439,75
220.9065,32521,311,393,374,439,75
220.9303,32522,309,393,374,439,75
220.9581,32523,312,393,374,439,75
220.9824,32524,312,392,374,440,75
221.0084,32525,312,392,374,440,75
221.0348,32526,316,392,374,440,75
221.0611,32527,312,392,374,440,75
221.0855,32528,312,392,374,440,75
221.1131,32529,314,393,373,440,75
221.1370,32530,315,394,373,440,75
221.1644,32531,314,392,373,440,75
221.1899,32532,318,394,373,440,75
221.2161,32533,318,394,373,440,75
221.2424,32534,314,394,373,440,76
221.2672,32535,316,393,374,441,75
221.2923,32536,314,394,374,442,76
221.3182,32537,313,393,374,441,76
221.3423,32538,313,393,374,441,76
221.3719,32539,314,394,374,442,76
221.3944,32540,316,393,374,442,75
221.4210,32541,316,393,374,442,75
221.4496,32542,312,394,374,442,76
221.4743,32543,312,393,374,443,76
221.4983,32544,312,393,374,443,76
221.5223,32545,315,394,374,442,75
221.5494,32546,315,394,374,442,75
221.5772,32547,312,393,375,443,76
221.6030,32548,312,393,375,443,76
221.6264,32549,316,393,375,443,75
221.6524,32550,311,392,375,442,76
221.6782,32551,311,392,375,442,76
221.7044,32552,316,393,375,443,75
221.7299,32553,316,393,375,443,75
221.7567,32554,313,392,375,443,76
221.7818,32555,316,392,375,443,76
221.8104,32556,310,392,376,443,76
221.8328,32557,314,391,375,443,75
221.8594,32558,311,391,375,443,75
221.8862,32559,311,391,375,443,75
221.9128,32560,315,392,376,444,76
221.9396,32561,310,392,376,444,76
221.9644,32562,308,390,376,444,76
221.9886,32563,308,390,376,444,77
222.0155,32564,308,390,376,444,77
222.0417,32565,309,391,375,443,76
222.0676,32566,311,391,375,443,75
222.0936,32567,311,391,375,443,75
222.1184,32568,309,390,375,444,77
222.1453,32569,309,390,376,444,76
222.1690,32570,311,390,376,444,75
222.1958,32571,305,389,375,443,76
222.2210,32572,305,389,375,443,76
222.2470,32573,312,390,374,444,75
222.2734,32574,303,388,373,444,76
222.2980,32575,303,388,373,444,76
222.3238,32576,308,388,373,446,75
222.3499,32577,308,388,373,446,75
222.3764,32578,310,389,373,446,76
222.4018,32579,315,390,373,446,76
222.4266,32580,315,390,373,446,76
222.4552,32581,316,391,373,447,77
222.4796,32582,316,391,373,447,77
222.5040,32583,317,392,373,447,77
222.5310,32584,315,392,373,448,77
222.5562,32585,315,392,373,448,77
222.5810,32586,314,391,373,448,77
222.6082,32587,315,392,373,448,78
222.6316,32588,315,391,373,448,77
222.6599,32589,315,391,373,448,77
222.6863,32590,315,390,373,448,77
222.7133,32591,316,390,374,448,78
222.7367,32592,316,390,374,448,78
222.7635,32593,316,390,374,448,78
222.7884,32594,316,390,374,448,78
222.8145,32595,317,390,374,448,77
222.8389,32596,317,390,374,448,77
222.8649,32597,319,389,374,449,78
222.8913,32598,319,389,374,449,78
222.9169,32599,316,389,374,449,78
222.9448,32600,316,390,374,450,78
222.9698,32601,318,389,374,449,77
222.9962,32602,318,389,374,449,77
223.0210,32603,316,389,374,449,78
223.0482,32604,317,389,374,449,78
223.0737,32605,316,388,374,450,78
223.1000,32606,316,388,374,450,78
223.1272,32607,315,388,375,450,77
223.1520,32608,312,388,375,450,78
223.1787,32609,317,388,375,450,77
223.2033,32610,317,388,375,450,77
223.2292,32611,316,388,375,450,78
223.2558,32612,332,392,369,451,71
223.2812,32613,332,392,369,451,71
223.3054,32614,351,402,364,468,56
223.3331,32615,351,402,364,468,56
223.3580,32616,346,414,367,476,72
223.3836,32617,344,421,368,483,75
223.4095,32618,340,434,368,480,73
223.4340,32619,340,434,368,480,73
223.4629,32620,320,446,372,474,75
223.4876,32621,301,444,372,476,77
223.5145,32622,288,436,370,476,78
223.5388,32623,288,436,370,476,78
223.5657,32624,278,429,362,471,79
223.5914,32625,268,423,354,467,80
223.6169,32626,260,418,344,464,80
223.6437,32627,252,414,336,464,79
223.6684,32628,252,414,336,464,79
223.6953,32629,252,414,336,464,79
223.7202,32630,238,406,320,460,78
223.7454,32631,232,402,314,458,79
223.7709,32632,229,404,279,442,73
223.7982,32633,229,404,279,442,73
223.8231,32634,232,397,259,447,75
223.8485,32635,228,396,246,461,60
223.8747,32636,227,393,250,473,58
223.8996,32637,227,393,250,473,58
223.9262,32638,225,406,245,482,56
223.9532,32639,225,421,240,491,49
223.9767,32640,220,446,245,498,78
224.0025,32641,218,454,248,516,78
224.0297,32642,218,454,248,516,78
224.0557,32643,219,454,248,522,68
224.0810,32644,219,454,248,522,68
224.1059,32645,222,459,242,501,48
224.1321,32646,222,459,242,501,48
224.1590,32647,233,484,247,540,42
224.1843,32648,227,501,245,539,52
224.1843,32648,256,536,290,556,42
224.2097,32649,305,534,327,560,35
224.2345,32650,305,534,327,560,35
224.2636,32651,307,534,328,564,47
224.2883,32652,309,536,333,568,51
224.3133,32653,311,541,332,577,59
224.4417,32658,255,564,295,576,42
224.4694,32659,255,564,295,576,42
224.4944,32660,255,564,295,576,42
224.5180,32661,245,562,285,578,30
224.5180,32661,179,560,188,582,30
224.5444,32662,245,562,285,578,30
224.5444,32662,179,560,188,582,30
224.5716,32663,219,560,284,579,39
224.5966,32664,213,558,284,582,43
224.6244,32665,209,558,277,580,31
224.6485,32666,213,544,239,582,76
224.6485,32666,180,545,190,581,52
224.6741,32667,205,529,238,583,79
224.7013,32668,205,529,238,583,79
224.7264,32669,205,516,237,580,77
224.7526,32670,206,506,234,574,67
224.7785,32671,206,500,229,568,54
224.8032,32672,206,500,229,568,54
224.8294,32673,206,495,220,559,44
224.8558,32674,205,489,219,551,44
224.8810,32675,205,489,219,551,44
224.9078,32676,202,482,235,535,75
224.9337,32677,203,465,243,537,76
224.9583,32678,204,454,250,536,73
224.9852,32679,208,444,255,520,72
225.0110,32680,206,438,258,512,78
225.0375,32681,206,438,258,512,78
225.0636,32682,206,432,262,506,79
225.0912,32683,210,428,266,498,73
225.1152,32684,226,422,279,474,76
225.1426,32685,226,422,279,474,76
225.1682,32686,224,410,293,466,78
225.1936,32687,240,402,307,458,78
225.2187,32688,251,394,317,450,79
225.2460,32689,251,394,317,450,79
225.2709,32690,253,388,325,442,80
225.2972,32691,258,382,333,434,79
225.3210,32692,263,382,336,424,72
225.3476,32693,301,382,371,413,75
225.3723,32694,301,382,371,413,75
225.3992,32695,315,389,394,423,73
225.4259,32696,330,397,412,428,74
225.4494,32697,340,402,426,432,77
225.4749,32698,353,406,436,436,76
225.5020,32699,353,406,436,436,76
225.5267,32700,366,410,445,438,76
225.5526,32701,366,410,445,438,76
225.5791,32702,393,411,450,441,69
225.6048,32703,415,396,485,446,77
225.6318,32704,433,383,511,425,77
225.6565,32705,449,372,532,420,78
225.6811,32706,467,365,549,411,75
225.7083,32707,467,365,549,411,75
225.7363,32708,507,362,564,390,69
225.7614,32709,523,361,596,390,73
225.7852,32710,538,369,622,399,71
225.8119,32711,551,374,641,404,73
225.8396,32712,551,374,641,404,73
225.8649,32713,570,378,658,408,74
225.8912,32714,570,378,658,408,74
225.9169,32715,584,382,672,410,73
225.9430,32716,594,385,676,413,68
225.9689,32717,655,369,689,421,74
225.9962,32718,654,352,704,424,71
226.0202,32719,663,342,716,398,71
226.0463,32720,663,342,716,398,71
226.0733,32721,663,337,725,393,62
226.0992,32722,699,336,739,360,70
226.1242,32723,708,336,756,372,75
226.1493,32724,714,341,770,381,75
226.1762,32725,714,341,770,381,75
226.2025,32726,711,340,781,389,73
226.2285,32727,740,354,792,386,69
226.2532,32728,740,354,792,386,69
226.2793,32729,762,372,821,394,73
226.3057,32730,777,374,845,394,57
226.3309,32731,792,379,864,395,39
226.3309,32731,776,368,816,394,30
226.3559,32732,809,383,879,396,52
226.3824,32733,809,383,879,396,52
226.4094,32734,822,382,892,398,53
226.4345,32735,837,382,903,398,64
226.4612,32736,845,382,913,400,57
226.4857,32737,864,381,918,401,69
226.5126,32738,864,381,918,401,69
226.5368,32739,883,366,929,406,78
226.5635,32740,880,354,942,406,77
226.5878,32741,880,354,942,406,77
226.6163,32742,892,343,948,400,70
226.6415,32743,908,344,952,376,70
226.6654,32744,893,345,951,361,72
226.6921,32745,876,346,938,366,74
226.7169,32746,876,346,938,366,74
226.7455,32747,862,343,928,369,76
226.7696,32748,843,349,915,373,65
226.7953,32749,823,346,901,376,70
226.8212,32750,805,355,885,381,67
226.8472,32751,805,355,885,381,67
226.8697,32752,788,359,862,383,68
226.8961,32753,788,359,862,383,68
226.9226,32754,769,368,829,394,74
226.9482,32755,747,368,821,396,62
226.9762,32756,727,382,800,400,53
226.9989,32757,710,382,783,402,64
227.0265,32758,710,382,783,402,64
227.0520,32759,696,385,768,403,65
227.0792,32760,685,387,762,405,63
227.1043,32761,674,392,744,406,64
227.1311,32762,664,390,716,415,73
227.1549,32763,640,391,716,417,63
227.1813,32764,640,391,716,417,63
227.2092,32765,620,400,691,424,73
227.2346,32766,604,401,684,429,76
227.2595,32767,604,401,684,429,76
227.2863,32768,604,401,684,429,76
227.3123,32769,578,399,666,435,77
227.3392,32770,567,402,657,436,71
227.3632,32771,556,407,648,437,66
227.3897,32772,556,407,648,437,66
227.4162,32773,548,418,632,438,57
227.4432,32774,540,427,612,439,62
227.4680,32775,533,428,597,440,64
227.4680,32775,588,418,630,436,31
227.4934,32776,527,430,589,440,63
227.5200,32777,527,430,589,440,63
227.5478,32778,522,430,584,441,62
227.5710,32779,516,430,578,441,56
227.5972,32780,516,430,578,441,56
227.6229,32781,514,428,570,442,67
227.6483,32782,500,413,559,448,79
227.6731,32783,500,413,559,448,79
227.6996,32784,472,392,549,440,78
227.7271,32785,472,392,549,440,78
227.7516,32786,461,386,538,436,79
227.7783,32787,452,382,526,432,79
227.8041,32788,442,376,522,432,79
227.8291,32789,434,372,514,428,78
227.8556,32790,434,372,514,428,78
227.8811,32791,426,367,506,421,77
227.9084,32792,426,367,506,421,77
227.9369,32793,420,364,500,418,76
227.9622,32794,414,362,496,412,78
227.9882,32795,412,363,490,404,70
228.0140,32796,392,363,460,390,64
228.0391,32797,372,368,450,380,64
228.0641,32798,372,368,450,380,64
228.0909,32799,372,368,450,380,64
228.1169,32800,344,366,433,382,59
228.1423,32801,333,367,422,383,58
228.1712,32802,323,366,417,384,54
228.1955,32803,313,368,404,384,61
228.2212,32804,313,368,404,384,61
228.2453,32805,305,367,397,383,59
228.2709,32806,305,367,397,383,59
228.2971,32807,298,366,389,382,56
228.3233,32808,291,369,378,383,53
228.3482,32809,284,368,376,382,56
228.3754,32810,278,369,369,382,54
228.4000,32811,278,369,369,382,54
228.4253,32812,273,369,366,381,43
228.4521,32813,269,369,360,381,39
228.4771,32814,269,369,360,381,39
228.5797,32818,253,367,328,384,51
228.6066,32819,253,367,328,384,51
228.6329,32820,253,360,296,396,73
228.6587,32821,243,357,287,403,75
228.6832,32822,236,360,286,414,76
228.7095,32823,231,364,287,420,80
228.7350,32824,231,364,287,420,80
228.7611,32825,227,365,283,427,80
228.7891,32826,223,365,279,433,79
228.8135,32827,220,365,275,437,79
228.8388,32828,218,366,271,442,78
228.8634,32829,218,366,271,442,78
228.8895,32830,218,366,271,442,78
228.9153,32831,212,369,263,449,75
228.9439,32832,212,369,263,449,75
228.9693,32833,210,370,260,452,76
228.9970,32834,208,374,255,456,73
229.0221,32835,206,380,251,460,73
229.0479,32836,204,387,245,462,71
229.0723,32837,204,387,245,462,71
229.0982,32838,205,410,239,466,75
229.1251,32839,205,404,242,470,70
229.1512,32840,210,424,234,480,66
229.1759,32841,211,425,232,489,68
229.2022,32842,211,431,231,497,68
229.2291,32843,211,431,231,497,68
229.2530,32844,211,441,230,504,65
229.2793,32845,211,441,230,504,65
229.3058,32846,211,441,230,504,65
229.4865,32853,216,476,240,534,73
229.5112,32854,212,476,241,538,73
229.5363,32855,212,476,241,538,73
229.5623,32856,213,483,241,539,74
229.5876,32857,214,482,242,540,70
229.6167,32858,214,482,242,540,70
229.6435,32859,223,490,240,538,57
229.6435,32859,255,538,278,566,52
229.6435,32859,304,536,319,564,51
229.6677,32860,256,538,281,572,62
229.6677,32860,221,494,241,538,62
229.6677,32860,306,536,319,568,61
229.6936,32861,306,536,321,574,63
229.6936,32861,257,540,285,578,58
229.6936,32861,220,496,241,536,46
229.7196,32862,257,540,289,572,59
229.7196,32862,306,536,322,568,52
229.7196,32862,221,499,238,527,36
229.7459,32863,256,543,289,575,50
229.7719,32864,256,543,289,575,50
229.8475,32867,258,489,300,598,38
229.8733,32868,258,489,300,598,38
229.9256,32870,261,486,271,516,42
229.9510,32871,261,486,271,516,42
229.9781,32872,260,479,271,521,53
230.0038,32873,259,473,270,521,56
230.0302,32874,259,468,270,520,56
230.0558,32875,258,464,270,520,57
230.0819,32876,258,464,270,520,57
230.1101,32877,258,459,270,519,56
230.1330,32878,258,456,271,518,56
230.1601,32879,252,457,283,507,77
230.1832,32880,249,437,298,504,80
230.2112,32881,249,437,298,504,80
230.2379,32882,264,436,316,470,72
230.2630,32883,265,434,328,472,55
230.2873,32884,265,434,328,472,55
230.3144,32885,268,432,341,448,49
230.3396,32886,279,429,350,444,62
230.3656,32887,286,427,356,443,69
230.3911,32888,282,426,363,444,70
230.4161,32889,282,426,363,444,70
230.4431,32890,293,425,368,443,70
230.4679,32891,300,422,373,442,73
230.4937,32892,297,421,377,443,73
230.5167,32893,307,420,381,442,74
230.5431,32894,307,420,381,442,74
230.5691,32895,308,419,384,441,76
230.5941,32896,331,412,378,442,65
230.6196,32897,331,412,378,442,65
230.6469,32898,345,405,372,447,67
230.6732,32899,343,395,372,451,74
230.6995,32900,340,394,373,450,76
230.7261,32901,330,388,380,438,78
230.7525,32902,330,388,380,438,78
230.7786,32903,318,382,375,433,76
230.8039,32904,307,378,364,424,77
230.8299,32905,299,371,366,423,76
230.8565,32906,292,367,366,417,74
230.8809,32907,284,362,364,408,77
230.9065,32908,284,362,364,408,77
230.9343,32909,279,360,363,406,77
230.9597,32910,273,358,359,402,77
230.9858,32911,273,358,359,402,77
231.0110,32912,268,356,353,400,76
231.0368,32913,263,354,348,396,76
231.0622,32914,258,354,342,390,74
231.0872,32915,258,354,342,390,74
231.1135,32916,252,356,301,381,69
231.1387,32917,247,354,292,384,79
231.1656,32918,240,352,290,390,77
231.1920,32919,234,353,282,397,79
231.2153,32920,234,353,282,397,79
231.2415,32921,230,354,282,402,80
231.2694,32922,225,355,280,407,81
231.2928,32923,221,356,278,410,79
231.3188,32924,221,356,278,410,79
231.3463,32925,218,356,277,413,79
231.3720,32926,215,357,276,416,81
231.3972,32927,212,358,275,420,80
231.4242,32928,212,358,275,420,80
231.4494,32929,209,360,272,422,79
231.4767,32930,206,362,272,424,78
231.5021,32931,204,363,270,426,78
231.5284,32932,204,366,267,429,79
231.5532,32933,204,366,267,429,79
231.5794,32934,212,376,257,436,68
231.6052,32935,212,387,231,443,64
231.6315,32936,214,388,230,452,54
231.6565,32937,214,388,230,452,54
231.6820,32938,214,394,232,460,54
231.6820,32938,217,376,242,396,36
231.7072,32939,215,399,235,465,65
231.7322,32940,216,398,237,470,70
231.7584,32941,216,398,237,470,70
231.7838,32942,216,400,238,474,72
231.8103,32943,215,402,238,478,73
231.8358,32944,215,417,239,481,74
231.8615,32945,216,420,240,484,72
231.8862,32946,216,420,240,484,72
231.9142,32947,217,419,244,487,76
231.9391,32948,218,440,241,498,70
231.9659,32949,226,440,244,510,60
231.9920,32950,226,440,244,510,60
232.0184,32951,227,448,245,518,65
232.0434,32952,226,449,245,525,66
232.0684,32953,226,449,245,525,66
232.0952,32954,226,449,245,525,66
232.4044,32966,301,537,311,573,30
232.4313,32967,301,537,311,573,30
232.4555,32968,301,537,311,575,36
232.4820,32969,301,537,311,575,36
232.5085,32970,301,537,310,579,31
232.5326,32971,301,537,310,581,30
232.5594,32972,301,537,310,581,30
233.1534,32995,230,551,241,617,31
233.1793,32996,230,554,241,618,32
233.2031,32997,229,553,240,619,40
233.2313,32998,229,553,240,619,40
233.3096,33001,229,555,240,623,40
234.2924,33039,214,602,242,638,70
234.2924,33039,221,562,237,596,36
234.3178,33040,212,612,241,636,73
234.3178,33040,181,612,191,640,44
234.3430,33041,212,602,244,640,72
234.3687,33042,212,602,244,640,72
234.3957,33043,210,594,237,644,74
234.4210,33044,209,587,232,643,74
234.4466,33045,209,587,232,643,74
234.4723,33046,210,581,229,641,67
234.4989,33047,209,577,227,637,63
234.5254,33048,209,574,225,635,60
234.5496,33049,208,570,222,632,58
234.5766,33050,208,570,222,632,58
234.6024,33051,208,567,220,629,54
234.6290,33052,208,564,221,630,53
234.6558,33053,208,562,220,627,53
234.6799,33054,207,560,222,628,54
234.7061,33055,207,560,222,628,54
234.7317,33056,207,558,222,628,53
234.7562,33057,207,556,222,628,52
234.7823,33058,207,556,222,628,52
234.8074,33059,207,554,223,628,52
234.8344,33060,207,552,223,628,49
234.8594,33061,206,550,222,626,53
234.8850,33062,206,550,222,626,48
234.9124,33063,206,550,222,626,48
234.9369,33064,206,549,221,624,44
234.9633,33065,206,548,220,622,45
234.9883,33066,204,546,217,618,42
235.0143,33067,204,545,216,617,39
235.0391,33068,204,545,216,617,39
235.0657,33069,204,544,217,616,43
235.0910,33070,204,543,216,615,43
235.1179,33071,204,543,216,615,43
235.1445,33072,204,543,216,613,36
235.1699,33073,204,542,216,614,39
235.1959,33074,204,542,216,614,37
235.2214,33075,203,542,216,610,40
235.2464,33076,203,542,216,610,40
235.2732,33077,204,541,216,612,38
235.3003,33078,203,540,216,609,47
235.3266,33079,203,539,216,611,37
235.3510,33080,204,539,216,609,30
235.3781,33081,204,539,216,609,30
235.4020,33082,203,538,216,609,33
235.4800,33085,203,537,216,609,35
235.5083,33086,203,536,216,608,32
238.1443,33188,209,536,219,604,30
238.1714,33189,209,536,219,604,30
238.2760,33193,208,536,220,608,39
238.3018,33194,208,536,220,608,39
238.3277,33195,208,536,220,608,30
238.3534,33196,208,536,220,608,30
238.3794,33197,208,536,220,606,30
238.4048,33198,208,537,220,609,37
238.4294,33199,208,537,220,609,37
238.4563,33200,208,536,220,610,37
238.4816,33201,208,536,220,610,37
238.5080,33202,208,536,220,610,37
238.5347,33203,209,537,220,605,30
238.5598,33204,209,537,220,607,33
238.6091,33206,209,538,220,608,43
238.6361,33207,209,538,220,608,43
238.6642,33208,209,537,220,609,41
238.6940,33209,209,538,220,608,38
238.7212,33210,209,538,220,608,36
238.7491,33211,209,538,220,608,48
238.7842,33212,209,538,220,608,48
238.8069,33213,209,537,221,611,47
238.8335,33214,209,538,220,610,42
238.8540,33215,209,538,220,610,42
238.8792,33216,209,538,221,609,46
238.9057,33217,209,538,221,610,31
238.9312,33218,209,539,221,609,37
238.9578,33219,209,539,221,613,46
238.9815,33220,209,539,221,609,46
239.0092,33221,209,539,221,609,46
239.0346,33222,210,538,221,608,32
239.0631,33223,210,538,221,610,40
239.0879,33224,210,539,221,607,48
239.1140,33225,209,538,221,610,41
239.1381,33226,210,538,221,610,42
239.1651,33227,210,538,221,610,42
239.1898,33228,210,538,221,610,34
239.2178,33229,210,538,221,610,34
239.2442,33230,210,539,222,609,40
239.2709,33231,210,539,222,607,44
239.2970,33232,210,538,221,606,38
239.3221,33233,210,539,222,607,39
239.3474,33234,210,539,222,609,48
239.3725,33235,210,539,222,609,48
239.3993,33236,210,538,222,608,50
239.4260,33237,210,538,222,606,46
239.4509,33238,210,539,222,607,49
239.4755,33239,211,539,222,606,46
239.5034,33240,211,539,222,606,46
239.5291,33241,211,538,222,606,40
239.5550,33242,211,538,222,606,40
239.5797,33243,211,539,223,605,52
239.6074,33244,211,539,222,607,52
239.6324,33245,211,539,222,605,49
239.6563,33246,211,539,222,605,49
239.6831,33247,211,539,223,605,50
239.7091,33248,211,539,223,605,50
239.7360,33249,211,539,223,607,52
239.7620,33250,211,538,223,606,48
239.7853,33251,212,538,223,606,52
239.8111,33252,212,538,223,604,51
239.8379,33253,212,538,223,604,51
239.8630,33254,212,538,223,606,53
239.8895,33255,212,538,223,604,46
239.9155,33256,212,538,223,604,46
239.9431,33257,212,539,224,605,48
239.9690,33258,213,539,224,605,51
239.9950,33259,213,538,224,605,52
240.0193,33260,213,538,224,604,53
240.0476,33261,213,538,224,604,53
240.0723,33262,213,538,224,606,53
240.0969,33263,213,539,224,605,51
240.1232,33264,213,538,224,605,51
240.1486,33265,213,538,225,606,49
240.1740,33266,213,538,225,606,49
240.2011,33267,214,538,224,604,47
240.2267,33268,213,538,225,606,48
240.2523,33269,213,538,225,606,48
240.2786,33270,213,538,225,606,48
240.3053,33271,214,538,225,604,46
240.3313,33272,214,538,225,606,43
240.3587,33273,214,538,225,604,44
240.3842,33274,214,538,225,604,44
240.4123,33275,214,538,225,606,41
240.4363,33276,214,538,225,606,40
240.4634,33277,214,538,226,606,38
240.4889,33278,214,538,226,604,36
240.5166,33279,214,538,226,604,36
240.5417,33280,214,538,225,606,34
240.5685,33281,214,538,226,606,35
240.5932,33282,214,538,226,606,35
240.6231,33283,214,538,226,606,33
240.6484,33284,214,538,226,607,31
240.7811,33289,214,539,227,607,30
240.8333,33291,215,539,226,607,31
240.8591,33292,214,539,227,609,34
240.8833,33293,214,539,227,609,34
240.9340,33295,215,539,227,607,30
240.9609,33296,215,539,227,607,30
241.3468,33311,212,539,229,615,32
241.5284,33318,214,538,230,618,36
241.5547,33319,214,538,230,615,32
241.5799,33320,214,538,230,615,32
241.6050,33321,214,538,230,614,30
241.6309,33322,214,538,230,614,30
241.6574,33323,212,539,230,619,40
241.6821,33324,213,539,230,617,38
241.7093,33325,212,538,230,618,36
241.7351,33326,212,539,230,619,32
241.7595,33327,212,539,230,619,32
241.7860,33328,213,539,230,617,35
241.8111,33329,212,538,230,618,37
241.8383,33330,213,538,231,620,47
241.8641,33331,214,538,231,616,39
241.8895,33332,214,538,231,616,39
241.9147,33333,213,539,231,617,31
241.9427,33334,212,538,231,620,32
241.9694,33335,212,538,231,620,32
241.9956,33336,219,538,233,610,36
242.0194,33337,219,538,233,610,35
242.0457,33338,219,538,233,610,35
242.0719,33339,218,538,234,615,36
242.0964,33340,218,538,234,615,36
242.1242,33341,216,538,234,616,36
242.1497,33342,218,537,234,613,42
242.1753,33343,218,538,234,613,44
242.2001,33344,219,538,234,613,41
242.2254,33345,216,538,234,616,45
242.2533,33346,216,538,234,616,45
242.2781,33347,218,538,234,615,42
242.3041,33348,218,538,234,615,42
242.3291,33349,219,538,234,612,45
242.3560,33350,218,538,234,614,45
242.3823,33351,218,538,234,614,46
242.4079,33352,218,537,235,613,49
242.4331,33353,218,537,235,613,49
242.4611,33354,218,537,235,613,49
242.4858,33355,218,538,235,612,49
242.5133,33356,216,538,235,616,49
242.5375,33357,216,538,235,618,42
242.5636,33358,218,538,235,614,53
242.5894,33359,218,538,235,614,53
242.6135,33360,218,537,235,613,51
242.6404,33361,218,537,235,613,51
242.6674,33362,217,538,235,614,54
242.6931,33363,216,538,235,615,53
242.7190,33364,217,538,235,614,52
242.7438,33365,217,537,235,615,49
242.7692,33366,216,538,235,614,58
242.7952,33367,216,538,235,614,58
242.8215,33368,214,538,236,620,53
242.8470,33369,217,538,235,616,55
242.8722,33370,217,538,235,616,55
242.8982,33371,217,538,235,616,55
242.9253,33372,216,538,236,618,57
242.9496,33373,216,538,236,616,57
242.9761,33374,216,538,236,616,57
243.0016,33375,213,538,236,622,55
243.0284,33376,213,538,236,622,58
243.0533,33377,217,538,236,616,59
243.0787,33378,216,538,236,616,60
243.1038,33379,216,538,236,616,60
243.1297,33380,216,538,236,618,57
243.1572,33381,215,538,236,620,56
243.1809,33382,216,538,236,620,56
243.2058,33383,214,537,236,623,55
243.2321,33384,214,537,236,623,55
243.2586,33385,219,538,236,611,62
243.2840,33386,219,538,236,611,62
243.3102,33387,219,538,236,611,62
243.3361,33388,216,538,237,616,59
243.3637,33389,217,538,236,614,60
243.3871,33390,214,538,236,622,57
243.4128,33391,213,538,237,623,57
243.4387,33392,213,538,237,623,57
243.4645,33393,214,538,237,622,59
243.4894,33394,215,538,237,622,59
243.5151,33395,214,538,237,622,57
243.5413,33396,215,538,237,620,58
243.5665,33397,215,538,237,620,58
243.5923,33398,215,538,237,621,58
243.6184,33399,214,538,237,622,60
243.6444,33400,214,538,237,622,60
243.6702,33401,213,538,237,626,56
243.6979,33402,214,538,237,622,59
243.7242,33403,213,538,237,624,56
243.7482,33404,213,538,237,622,60
243.7746,33405,213,538,237,622,60
243.8015,33406,214,538,237,623,56
243.8287,33407,214,538,237,622,55
243.8523,33408,213,538,237,624,59
243.8781,33409,213,537,238,625,60
243.9026,33410,213,537,238,625,60
243.9295,33411,212,538,236,628,57
243.9544,33412,214,538,237,622,59
243.9800,33413,214,538,237,622,59
244.0051,33414,214,538,237,624,55
244.0312,33415,214,538,237,624,59
244.0563,33416,214,538,237,622,58
244.0822,33417,218,538,237,614,61
244.1083,33418,218,538,237,614,61
244.1358,33419,215,538,237,621,57
244.1623,33420,213,538,237,624,57
244.1862,33421,214,538,237,623,57
244.2125,33422,215,538,237,618,59
244.2376,33423,215,538,237,618,59
244.2646,33424,215,538,238,618,64
244.2903,33425,214,538,237,621,61
244.3157,33426,214,538,237,621,61
244.3414,33427,215,538,238,618,61
244.3676,33428,216,538,237,618,59
244.3929,33429,216,538,237,616,60
244.4188,33430,214,538,238,622,59
244.4443,33431,214,538,238,622,59
244.4699,33432,216,539,237,615,65
244.4981,33433,212,539,237,623,60
244.5219,33434,214,538,238,623,60
244.5477,33435,215,538,237,618,60
244.5735,33436,215,538,237,618,60
244.5999,33437,215,538,238,618,64
244.6243,33438,215,538,237,620,61
244.6534,33439,215,538,237,620,61
244.6786,33440,217,538,238,616,62
244.7055,33441,216,538,238,616,64
244.7298,33442,216,538,238,617,62
244.7549,33443,214,538,238,624,57
244.7824,33444,214,538,238,624,57
244.8098,33445,216,539,238,617,65
244.8337,33446,216,538,238,616,63
244.8601,33447,215,538,238,620,62
244.8840,33448,217,538,238,615,64
244.9111,33449,217,538,238,615,64
244.9365,33450,216,538,238,616,65
244.9656,33451,215,538,238,616,66
244.9891,33452,215,539,238,617,64
245.0154,33453,215,539,238,617,64
245.0424,33454,216,538,237,617,62
245.0668,33455,213,540,238,620,66
245.0933,33456,216,539,238,617,62
245.1173,33457,216,539,238,617,62
245.1450,33458,215,538,238,618,62
245.1702,33459,215,538,238,618,64
245.1956,33460,218,538,237,612,62
245.2194,33461,215,538,238,618,62
245.2462,33462,215,538,238,618,62
245.2719,33463,217,538,238,615,65
245.2982,33464,215,538,238,618,65
245.3251,33465,217,538,238,614,65
245.3567,33466,217,538,238,614,65
245.3859,33467,216,538,238,616,62
245.4100,33468,215,538,238,619,63
245.4364,33469,214,538,238,624,60
245.4633,33470,216,539,238,617,64
245.4863,33471,216,539,238,617,64
245.5123,33472,213,538,238,624,59
245.5383,33473,215,538,238,620,58
245.5643,33474,212,539,238,623,65
245.5899,33475,216,538,238,616,62
245.6157,33476,216,538,238,616,62
245.6413,33477,213,538,238,624,61
245.6663,33478,216,538,238,616,63
245.6924,33479,216,538,238,616,63
245.7197,33480,216,538,238,616,63
245.7462,33481,214,538,238,618,61
245.7701,33482,216,538,238,618,64
245.7954,33483,214,538,238,622,60
245.8213,33484,214,538,238,622,60
245.8481,33485,213,538,238,623,60
245.8760,33486,217,538,238,614,63
245.8999,33487,213,538,238,624,62
245.9247,33488,215,538,238,618,63
245.9535,33489,215,538,238,618,63
245.9792,33490,215,539,238,619,62
246.0030,33491,215,538,238,618,62
246.0285,33492,215,538,238,618,62
246.0559,33493,214,539,238,619,58
246.0831,33494,215,538,238,618,63
246.1077,33495,213,538,238,624,58
246.1333,33496,215,539,238,617,65
246.1594,33497,215,539,238,617,65
246.1866,33498,215,538,238,618,60
246.2133,33499,212,539,238,621,64
246.2375,33500,214,539,238,619,62
246.2624,33501,215,538,238,618,64
246.2897,33502,215,538,238,618,64
246.3148,33503,215,538,238,618,61
246.3397,33504,215,538,238,618,64
246.3673,33505,215,538,238,618,64
246.3921,33506,215,538,238,618,63
246.4183,33507,215,538,239,618,63
246.4433,33508,215,538,239,618,63
246.4696,33509,215,538,239,618,63
246.4953,33510,215,538,239,618,63
246.5214,33511,214,538,239,620,63
246.5486,33512,211,539,238,623,63
246.5731,33513,215,539,238,618,63
246.5980,33514,214,538,238,622,60
246.6236,33515,214,538,238,622,60
246.6511,33516,216,538,239,614,65
246.6751,33517,215,539,238,619,60
246.7022,33518,215,539,238,619,60
246.7271,33519,215,538,238,618,62
246.7536,33520,213,540,238,620,65
246.7795,33521,215,539,239,617,63
246.8054,33522,215,538,238,618,64
246.8321,33523,215,538,238,618,64
246.8566,33524,215,539,239,618,64
246.8832,33525,215,539,239,618,64
246.9094,33526,215,538,238,616,65
246.9336,33527,214,539,239,617,66
246.9594,33528,214,539,239,617,66
246.9851,33529,215,539,239,617,64
247.0123,33530,215,538,239,618,62
247.0371,33531,216,539,239,615,66
247.0623,33532,216,539,239,615,66
247.0890,33533,215,538,239,618,65
247.1132,33534,215,539,239,616,68
247.1385,33535,215,539,239,617,65
247.1650,33536,215,539,239,617,65
247.1929,33537,216,538,239,616,67
247.2169,33538,216,539,239,616,67
247.2429,33539,216,539,239,616,67
247.2674,33540,215,538,239,618,66
247.2949,33541,215,538,239,618,66
247.3224,33542,216,539,239,615,67
247.3474,33543,216,539,239,617,66
247.3725,33544,212,539,239,619,66
247.3971,33545,212,539,239,619,66
247.4243,33546,213,539,239,619,68
247.4499,33547,213,539,239,619,67
247.4772,33548,212,540,240,620,69
247.5017,33549,212,540,240,620,69
247.5292,33550,213,539,239,619,68
247.5542,33551,215,538,239,616,67
247.5798,33552,215,539,240,617,66
247.6063,33553,213,540,240,618,69
247.6321,33554,213,540,240,618,69
247.6566,33555,215,539,240,617,69
247.6833,33556,215,539,240,617,69
247.7098,33557,214,538,240,618,68
247.7354,33558,214,538,240,618,68
247.7622,33559,214,540,239,618,70
247.7861,33560,213,540,239,618,69
247.8116,33561,212,540,239,620,69
247.8365,33562,212,540,239,620,69
247.8631,33563,213,540,239,618,69
247.8892,33564,215,538,240,616,68
247.9158,33565,212,540,239,620,69
247.9413,33566,213,539,240,619,70
247.9669,33567,213,539,240,619,70
247.9946,33568,214,540,239,618,69
248.0196,33569,213,539,239,619,69
248.0441,33570,213,539,239,619,69
248.0696,33571,213,539,239,619,69
248.0972,33572,212,540,240,618,69
248.1219,33573,212,540,240,620,70
248.1466,33574,213,539,240,619,70
248.1719,33575,213,539,240,619,70
248.1992,33576,212,539,239,618,70
248.2231,33577,214,539,239,619,69
248.2486,33578,212,540,240,620,69
248.2752,33579,214,538,240,620,68
248.3012,33580,214,538,240,620,68
248.3272,33581,216,538,239,618,65
248.3534,33582,215,538,240,618,68
248.3782,33583,212,539,240,621,70
248.4041,33584,212,539,240,621,70
248.4294,33585,212,539,240,621,68
248.4555,33586,213,539,240,619,70
248.4808,33587,213,539,240,619,70
248.5084,33588,211,539,240,623,68
248.5334,33589,212,540,240,622,69
248.5580,33590,212,540,240,622,69
248.5830,33591,214,538,240,618,68
248.6125,33592,214,538,240,618,68
248.6364,33593,213,539,240,620,70
248.6620,33594,213,539,240,621,68
248.6873,33595,214,538,240,618,70
248.7133,33596,212,540,240,622,71
248.7381,33597,211,539,240,621,71
248.7644,33598,211,539,240,621,71
248.7901,33599,212,539,240,621,70
248.8178,33600,215,538,240,618,68
248.8434,33601,215,538,240,618,68
248.8691,33602,215,539,240,617,69
248.8947,33603,215,539,240,617,67
248.9196,33604,212,539,240,620,69
248.9463,33605,213,539,240,619,70
248.9732,33606,213,539,240,619,70
248.9994,33607,213,540,240,620,70
249.0260,33608,212,540,240,622,70
249.0501,33609,212,539,240,622,69
249.0760,33610,215,539,240,617,67
249.1032,33611,215,539,240,617,67
249.1270,33612,215,539,239,618,65
249.1521,33613,215,539,239,618,65
249.1781,33614,211,539,240,623,67
249.2049,33615,212,540,240,622,68
249.2302,33616,212,540,240,620,70
249.2569,33617,215,539,240,619,65
249.2819,33618,215,539,240,619,65
249.3096,33619,215,538,240,618,63
249.3347,33620,212,539,239,623,65
249.3623,33621,212,540,239,620,65
249.3865,33622,215,538,240,616,63
249.4128,33623,213,538,240,622,64
249.4371,33624,213,538,240,622,64
249.4632,33625,215,539,240,617,64
249.4890,33626,215,539,240,617,64
249.5150,33627,216,538,240,616,63
249.5412,33628,215,539,240,616,64
249.5672,33629,216,539,240,615,64
249.5953,33630,216,538,240,616,61
249.6169,33631,216,538,240,616,61
249.6445,33632,215,538,240,616,63
249.6701,33633,214,539,240,621,60
249.6966,33634,213,540,240,620,65
249.7209,33635,213,540,239,620,63
249.7474,33636,214,539,240,621,62
249.7724,33637,214,539,240,621,62
249.7991,33638,216,539,240,617,62
249.8254,33639,216,539,240,617,62
249.8518,33640,212,540,240,621,65
249.8760,33641,214,540,240,618,66
249.9028,33642,213,540,239,620,63
249.9269,33643,212,540,239,622,63
249.9545,33644,212,540,239,622,63
249.9810,33645,212,540,239,624,62
250.0058,33646,215,539,240,619,62
250.0315,33647,216,538,239,618,61
250.0581,33648,212,540,239,620,66
250.0835,33649,213,539,240,624,60
250.1091,33650,213,539,240,624,60
250.1340,33651,216,539,240,618,62
250.1596,33652,216,539,240,618,62
250.1854,33653,216,538,240,616,63
250.2123,33654,214,538,240,622,61
250.2372,33655,216,539,240,617,63
250.2633,33656,216,539,240,617,64
250.2876,33657,216,539,240,617,64
250.3149,33658,216,538,240,618,61
250.3424,33659,216,539,240,617,62
250.3684,33660,213,539,239,619,62
250.3920,33661,212,540,240,622,64
250.4188,33662,213,540,239,619,62
250.4442,33663,213,540,239,619,62
250.4695,33664,213,540,240,620,66
250.4958,33665,213,540,240,620,66
250.5220,33666,218,538,240,614,63
250.5484,33667,215,539,240,621,61
250.5731,33668,217,538,240,614,62
250.6018,33669,213,540,239,620,64
250.6283,33670,213,540,239,620,64
250.6514,33671,212,540,240,622,64
250.6772,33672,215,538,240,622,58
250.7041,33673,216,538,240,618,60
250.7292,33674,215,539,240,621,61
250.7543,33675,215,539,240,621,61
250.7810,33676,216,538,240,620,60
250.8070,33677,214,540,240,620,60
250.8320,33678,214,540,240,620,60
250.8581,33679,218,539,239,616,60
250.8847,33680,219,539,240,613,59
250.9091,33681,215,539,240,621,60
250.9348,33682,219,539,240,613,62
250.9599,33683,218,539,240,614,63
250.9881,33684,218,539,240,614,63
251.0120,33685,220,538,240,610,63
251.0376,33686,220,538,240,612,64
251.0632,33687,215,540,240,618,64
251.0884,33688,215,540,240,618,64
251.1149,33689,218,539,240,614,64
251.1398,33690,217,539,240,617,63
251.1653,33691,217,539,240,617,63
251.1934,33692,218,539,240,613,66
251.2181,33693,219,538,240,614,66
251.2441,33694,218,539,240,613,67
251.2688,33695,218,539,240,613,67
251.2957,33696,218,539,240,613,67
251.3211,33697,219,538,240,610,67
251.3463,33698,220,539,240,611,67
251.3733,33699,219,538,240,612,66
251.4002,33700,218,539,240,615,67
251.4243,33701,218,539,240,615,67
251.4509,33702,220,539,240,611,66
251.4765,33703,218,539,240,613,66
251.5021,33704,218,539,240,613,66
251.5285,33705,218,539,240,615,66
251.5549,33706,219,538,240,612,66
251.5795,33707,217,538,241,614,68
251.6075,33708,220,539,240,611,68
251.6321,33709,220,539,240,611,68
251.6592,33710,220,539,240,611,68
251.6849,33711,218,538,241,614,68
251.7111,33712,217,538,241,614,69
251.7356,33713,215,539,240,617,69
251.7619,33714,215,539,240,617,69
251.7876,33715,218,538,241,614,68
251.8128,33716,220,538,240,610,67
251.8384,33717,220,538,240,610,67
251.8648,33718,218,538,240,614,68
251.8912,33719,218,539,241,613,68
251.9159,33720,217,539,241,615,68
251.9424,33721,217,538,241,614,68
251.9671,33722,217,538,241,614,68
251.9933,33723,218,538,241,612,69
252.0192,33724,219,538,241,612,67
252.0445,33725,219,538,241,612,67
252.0713,33726,217,538,241,614,68
252.0976,33727,217,538,241,614,68
252.1252,33728,217,539,241,616,69
252.1482,33729,219,538,241,612,68
252.1753,33730,217,539,241,615,68
252.2001,33731,217,539,241,615,68
252.2268,33732,217,538,241,614,70
252.2514,33733,214,539,241,617,69
252.2780,33734,217,538,241,614,69
252.3051,33735,217,538,241,614,69
252.3310,33736,215,539,241,617,69
252.3559,33737,214,540,241,618,69
252.3798,33738,217,539,241,615,69
252.4066,33739,218,539,241,613,69
252.4314,33740,218,539,241,613,69
252.4576,33741,218,539,241,613,69
252.4841,33742,220,538,241,610,67
252.5095,33743,220,538,241,610,68
252.5353,33744,220,538,241,610,68
252.5620,33745,215,539,241,617,69
252.5875,33746,218,539,241,613,69
252.6113,33747,218,539,241,613,69
252.6402,33748,218,539,241,613,69
252.6640,33749,218,538,241,614,69
252.6913,33750,218,538,241,613,69
252.7157,33751,219,538,241,612,69
252.7412,33752,218,539,241,613,70
252.7659,33753,218,539,241,613,70
252.7940,33754,219,538,241,612,69
252.8178,33755,221,538,241,608,68
252.8444,33756,218,538,241,614,68
252.8696,33757,218,538,241,614,68
252.8962,33758,218,538,241,614,68
252.9223,33759,218,539,241,615,69
252.9473,33760,219,538,241,610,68
252.9737,33761,219,538,241,610,68
253.0012,33762,218,539,241,615,68
253.0266,33763,220,538,241,610,68
253.0530,33764,218,538,241,614,69
253.0779,33765,220,538,241,610,69
253.1034,33766,220,538,241,610,69
253.1294,33767,218,539,241,612,69
253.1552,33768,217,539,241,615,69
253.1796,33769,221,539,241,609,69
253.2072,33770,221,539,241,609,69
253.2337,33771,219,538,241,612,69
253.2583,33772,218,539,241,613,68
253.2830,33773,219,538,241,612,69
253.3098,33774,219,538,241,612,69
253.3355,33775,218,539,241,615,68
253.3603,33776,219,539,241,613,69
253.3844,33777,217,538,241,614,68
253.4111,33778,218,538,241,614,68
253.4370,33779,218,538,241,614,68
253.4630,33780,217,539,241,614,70
253.4895,33781,219,539,241,613,69
253.5142,33782,219,538,241,612,69
253.5411,33783,219,538,241,612,69
253.5655,33784,217,539,241,615,68
253.5916,33785,220,540,241,610,69
253.6161,33786,220,540,241,610,69
253.6436,33787,220,538,241,610,69
253.6693,33788,217,539,241,615,68
253.6949,33789,219,538,241,612,70
253.7202,33790,220,538,241,610,69
253.7483,33791,220,538,241,610,69
253.7749,33792,219,539,241,611,68
253.8012,33793,221,539,241,603,69
253.8264,33794,219,540,241,612,67
253.8540,33795,218,539,241,615,69
253.8783,33796,218,539,241,613,68
253.9070,33797,218,539,241,613,68
253.9318,33798,220,540,241,608,68
253.9586,33799,221,538,241,606,69
253.9844,33800,221,538,241,606,69
254.0123,33801,220,538,241,608,69
254.0362,33802,220,540,241,610,69
254.0639,33803,220,539,241,608,70
254.0882,33804,220,539,241,609,70
254.1139,33805,220,539,241,609,70
254.1413,33806,220,539,241,605,70
254.1677,33807,219,540,241,608,69
254.1941,33808,221,539,241,603,71
254.2183,33809,219,540,241,610,68
254.2448,33810,219,540,241,610,68
254.2695,33811,219,540,241,610,70
254.2950,33812,219,538,241,610,69
254.3218,33813,219,538,241,610,69
254.3493,33814,219,539,241,610,69
254.3765,33815,219,539,241,609,69
254.4027,33816,220,539,241,610,69
254.4316,33817,220,539,241,609,69
254.4548,33818,221,540,241,606,70
254.4820,33819,221,540,241,606,70
254.5084,33820,220,539,241,608,68
254.5341,33821,220,539,241,607,70
254.5582,33822,220,539,241,607,69
254.5843,33823,220,539,241,607,69
254.6099,33824,220,538,242,608,69
254.6350,33825,220,539,241,608,70
254.6613,33826,220,539,241,607,69
254.6866,33827,220,539,241,607,69
254.7150,33828,221,539,241,605,70
254.7411,33829,221,539,241,604,71
254.7661,33830,219,539,242,610,68
254.7930,33831,220,539,241,607,71
254.8174,33832,220,539,241,607,71
254.8443,33833,220,539,241,608,70
254.8686,33834,219,539,241,609,69
254.8951,33835,220,539,241,609,69
254.9210,33836,220,539,241,609,69
254.9467,33837,219,539,241,612,68
254.9722,33838,220,540,241,608,70
254.9973,33839,220,539,241,609,69
255.0233,33840,220,539,241,609,69
255.0501,33841,220,539,241,607,70
255.0750,33842,220,539,241,610,67
255.1019,33843,219,539,241,611,67
255.1260,33844,219,540,241,610,68
255.1529,33845,219,540,241,610,68
255.1784,33846,220,539,241,606,70
255.2047,33847,220,539,242,609,69
255.2300,33848,220,540,241,608,70
255.2567,33849,220,540,241,608,70
255.2828,33850,220,539,241,611,69
255.3079,33851,220,539,241,609,69
255.3331,33852,220,540,241,610,70
255.3595,33853,220,540,241,610,70
255.3857,33854,221,540,241,604,69
255.4120,33855,221,539,241,605,71
255.4367,33856,220,540,241,610,68
255.4626,33857,220,540,241,610,68
255.4880,33858,220,540,241,610,68
255.5151,33859,220,539,241,607,69
255.5397,33860,220,539,242,607,67
255.5658,33861,220,539,242,609,68
255.5923,33862,220,539,242,609,68
255.6180,33863,220,539,242,609,70
255.6423,33864,219,540,241,612,68
255.6680,33865,219,540,241,612,68
255.6943,33866,219,540,241,612,68
255.7196,33867,220,540,241,608,71
255.7465,33868,219,539,242,612,67
255.7717,33869,219,539,242,611,70
255.7975,33870,219,541,242,609,69
255.8245,33871,219,541,242,609,69
255.8524,33872,220,540,242,608,70
255.8789,33873,220,539,241,607,70
255.9027,33874,221,538,241,604,70
255.9280,33875,219,540,241,612,67
255.9550,33876,219,540,241,612,67
255.9795,33877,219,539,242,609,68
256.0056,33878,221,539,241,607,70
256.0312,33879,221,539,241,607,70
256.0584,33880,221,539,241,607,70
256.0841,33881,220,540,241,610,68
256.1094,33882,221,539,241,605,71
256.1345,33883,220,539,241,608,69
256.1601,33884,220,539,241,608,69
256.1873,33885,220,539,242,609,69
256.2124,33886,220,540,242,610,68
256.2389,33887,220,539,241,607,68
256.2635,33888,220,539,241,609,68
256.2901,33889,220,539,241,609,68
256.3149,33890,220,539,242,609,69
256.3416,33891,220,540,241,610,68
256.3671,33892,220,540,241,610,68
256.3940,33893,220,540,241,610,69
256.4187,33894,220,539,242,611,69
256.4441,33895,220,539,241,611,69
256.4696,33896,220,539,241,611,69
256.4954,33897,220,539,241,611,69
256.5211,33898,220,540,241,610,69
256.5479,33899,219,539,242,613,70
256.5712,33900,220,539,242,609,69
256.5979,33901,220,539,242,608,69
256.6245,33902,220,539,242,608,69
256.6488,33903,219,540,241,614,68
256.6745,33904,220,539,241,609,69
256.6996,33905,220,539,241,609,69
256.7283,33906,220,539,241,609,68
256.7524,33907,220,539,241,610,69
256.7789,33908,220,540,242,610,70
256.8033,33909,220,540,242,612,68
256.8288,33910,220,540,242,612,68
256.8544,33911,220,540,242,612,68
256.8815,33912,217,540,241,618,69
256.9071,33913,220,540,241,612,68
256.9324,33914,219,539,241,614,67
256.9570,33915,219,539,241,614,67
256.9830,33916,221,539,241,609,69
257.0102,33917,218,540,242,614,69
257.0372,33918,218,540,242,614,69
257.0619,33919,219,539,241,613,68
257.0873,33920,221,539,241,609,66
257.1124,33921,220,539,242,611,67
257.1400,33922,220,539,242,611,67
257.1651,33923,220,538,241,610,67
257.1918,33924,219,539,241,613,68
257.2169,33925,220,540,241,611,68
257.2431,33926,220,539,241,611,68
257.2668,33927,220,539,241,611,68
257.2949,33928,220,539,241,611,68
257.3195,33929,220,540,241,610,68
257.3475,33930,220,540,241,610,68
257.3731,33931,219,539,241,613,69
257.3984,33932,222,539,241,607,69
257.4252,33933,222,538,241,604,70
257.4484,33934,220,539,241,611,69
257.4760,33935,219,539,242,613,67
257.5013,33936,219,539,242,613,67
257.5292,33937,219,539,241,612,67
257.5548,33938,222,540,241,604,69
257.5791,33939,220,538,241,610,66
257.6048,33940,220,540,241,612,67
257.6307,33941,220,540,241,612,67
257.6564,33942,220,540,241,612,67
257.6813,33943,223,540,241,604,70
257.7071,33944,223,540,241,604,70
257.7348,33945,220,539,241,613,66
257.7584,33946,219,539,241,612,67
257.7854,33947,221,540,241,610,67
257.8097,33948,220,540,241,612,69
257.8358,33949,220,540,241,612,69
257.8626,33950,221,539,241,609,68
257.8881,33951,221,539,241,608,68
257.9130,33952,221,539,241,611,67
257.9383,33953,221,539,241,611,67
257.9651,33954,220,539,241,610,68
257.9942,33955,219,539,241,613,68
258.0174,33956,219,539,241,613,68
258.0445,33957,221,538,241,610,66
258.0694,33958,222,539,241,606,67
258.0973,33959,222,539,241,607,68
258.1214,33960,220,539,241,611,68
258.1464,33961,223,540,241,604,68
258.1731,33962,223,540,241,604,68
258.1984,33963,221,538,241,610,68
258.2255,33964,221,538,241,608,66
258.2512,33965,221,539,241,611,67
258.2764,33966,220,539,241,611,66
258.3034,33967,220,539,241,611,66
258.3310,33968,219,538,241,612,67
258.3550,33969,221,538,241,610,67
258.3815,33970,221,538,241,610,67
258.4071,33971,221,539,241,611,66
258.4325,33972,220,539,241,613,65
258.4593,33973,220,540,241,610,67
258.4829,33974,218,538,242,614,61
258.5098,33975,218,538,242,614,61
258.5363,33976,219,539,242,611,64
258.5630,33977,220,539,241,613,65
258.5881,33978,220,538,241,612,65
258.6139,33979,219,538,241,613,64
258.6393,33980,219,538,241,613,64
258.6645,33981,221,538,241,608,67
258.6899,33982,220,538,242,612,65
258.7166,33983,220,538,242,612,65
258.7457,33984,220,538,242,612,66
258.7717,33985,222,538,241,608,67
258.7948,33986,222,538,241,606,67
258.8196,33987,221,539,241,611,66
258.8461,33988,221,539,241,611,66
258.8729,33989,220,539,242,611,67
258.8983,33990,218,539,241,615,67
258.9249,33991,219,538,242,612,68
258.9499,33992,220,538,242,609,68
258.9759,33993,220,538,242,609,68
259.0025,33994,221,538,241,610,67
259.0282,33995,221,539,241,608,68
259.0541,33996,221,539,241,608,68
259.0811,33997,222,539,241,607,68
259.1080,33998,219,539,242,611,68
259.1320,33999,220,538,242,612,68
259.1582,34000,219,538,241,612,66
259.1829,34001,219,538,241,612,66
259.2097,34002,219,538,241,612,68
259.2354,34003,221,538,241,608,69
259.2612,34004,219,538,242,612,68
259.2880,34005,219,538,242,610,68
259.3133,34006,219,538,242,610,68
259.3385,34007,219,539,242,611,69
259.3645,34008,219,539,242,613,68
259.3975,34009,219,539,242,613,68
259.4200,34010,219,540,241,612,69
259.4450,34011,219,538,242,614,67
259.4700,34012,219,540,242,612,68
259.4955,34013,220,538,242,610,68
259.5208,34014,217,540,242,616,69
259.5461,34015,217,540,242,616,69
259.5740,34016,220,539,241,611,68
259.5991,34017,219,539,242,613,68
259.6254,34018,219,539,242,611,66
259.6498,34019,219,539,242,611,66
259.6768,34020,218,539,242,615,67
259.7032,34021,218,539,242,614,67
259.7282,34022,218,539,242,614,67
259.7547,34023,219,539,242,613,69
259.7804,34024,218,540,242,614,69
259.8092,34025,219,540,242,612,68
259.8316,34026,218,538,242,614,68
259.8584,34027,218,539,242,613,69
259.8848,34028,218,539,242,613,69
259.9120,34029,219,539,241,611,65
259.9389,34030,218,540,242,614,68
259.9638,34031,219,540,242,612,68
259.9891,34032,219,540,241,612,69
260.0150,34033,219,540,241,612,69
260.0403,34034,219,540,241,612,70
260.0668,34035,219,540,241,612,70
260.0935,34036,219,539,242,613,68
260.1188,34037,220,540,241,612,68
260.1452,34038,218,539,242,613,68
260.1696,34039,219,540,242,612,70
260.1959,34040,219,539,242,613,70
260.2214,34041,219,539,242,613,70
260.2485,34042,219,540,241,612,69
260.2748,34043,219,540,241,612,70
260.2994,34044,218,539,242,615,66
260.3263,34045,219,539,242,611,69
260.3513,34046,219,539,242,611,69
260.3789,34047,219,540,241,613,68
260.4040,34048,221,540,241,608,69
260.4298,34049,221,540,241,608,69
260.4563,34050,221,538,241,608,69
260.4832,34051,221,538,241,608,69
260.5080,34052,220,540,242,610,68
260.5333,34053,221,539,242,606,70
260.5586,34054,221,539,242,606,70
260.5841,34055,220,540,242,610,69
260.6094,34056,220,540,242,610,69
260.6366,34057,220,540,242,612,66
260.6608,34058,220,540,241,610,69
260.6874,34059,220,540,241,610,69
260.7136,34060,219,540,241,612,69
260.7394,34061,220,540,242,608,70
260.7649,34062,220,540,242,608,70
260.7931,34063,221,540,241,606,69
260.8192,34064,221,540,241,608,69
260.8434,34065,219,540,242,612,69
260.8674,34066,219,540,242,612,69
260.8943,34067,219,540,242,612,69
260.9196,34068,221,539,241,607,70
260.9460,34069,220,540,241,610,69
260.9716,34070,220,540,242,612,69
260.9977,34071,220,540,242,610,70
261.0237,34072,220,540,242,610,70
261.0490,34073,220,540,241,610,69
261.0763,34074,220,540,241,610,68
261.1011,34075,220,540,241,610,68
261.1282,34076,220,539,241,609,69
261.1540,34077,222,540,242,606,69
261.1796,34078,220,540,241,609,69
261.2047,34079,219,540,242,612,69
261.2295,34080,219,540,242,612,69
261.2560,34081,219,540,242,612,69
261.2831,34082,221,540,241,606,71
261.3093,34083,220,540,241,610,69
261.3372,34084,220,540,241,610,69
261.3601,34085,220,540,241,610,69
261.3869,34086,221,540,241,606,70
261.4123,34087,220,539,242,611,68
261.4380,34088,220,539,242,611,68
261.4648,34089,219,540,242,612,70
261.4916,34090,220,538,241,612,67
261.5154,34091,220,540,241,610,69
261.5427,34092,220,540,242,610,68
261.5682,34093,220,540,242,610,68
261.5947,34094,219,539,241,613,68
261.6201,34095,219,540,241,614,69
261.6454,34096,221,540,241,606,70
261.6733,34097,221,540,241,606,70
261.7014,34098,221,541,241,609,70
261.7260,34099,221,541,241,609,70
261.7520,34100,216,541,241,619,68
261.7775,34101,220,540,242,612,69
261.8034,34102,220,540,242,612,69
261.8300,34103,219,539,241,611,68
261.8571,34104,220,540,241,610,69
261.8809,34105,221,540,242,608,68
261.9066,34106,221,540,242,608,68
261.9316,34107,220,541,241,611,69
261.9582,34108,220,540,241,608,69
261.9844,34109,221,539,242,607,69
262.0084,34110,221,540,241,606,69
262.0341,34111,221,540,241,606,69
262.0601,34112,221,540,241,606,69
262.0858,34113,220,540,242,610,68
262.1110,34114,220,540,242,610,68
262.1384,34115,220,540,241,611,70
262.1631,34116,220,540,242,610,69
262.1883,34117,222,539,241,605,69
262.2125,34118,220,539,241,611,68
262.2390,34119,220,539,241,611,68
262.2651,34120,220,540,242,608,68
262.2910,34121,220,540,242,610,68
262.3170,34122,219,540,242,612,70
262.3419,34123,220,540,242,613,69
262.3682,34124,220,540,242,613,69
262.3943,34125,220,540,242,610,68
262.4199,34126,221,540,241,609,68
262.4445,34127,221,540,241,609,68
262.4725,34128,221,540,241,609,68
262.4984,34129,220,541,242,609,70
262.5240,34130,220,539,241,611,68
262.5470,34131,221,540,241,605,71
262.5746,34132,221,540,241,605,71
262.6009,34133,220,540,242,610,69
262.6265,34134,220,540,242,612,69
262.6530,34135,220,540,242,612,69
262.6781,34136,219,541,242,613,69
262.7052,34137,220,540,242,610,69
262.7288,34138,220,539,242,611,70
262.7554,34139,220,540,242,610,69
262.7821,34140,220,540,242,610,69
262.8093,34141,220,540,242,612,69
262.8341,34142,221,540,242,608,69
262.8609,34143,221,540,241,608,69
262.8848,34144,220,540,241,612,69
262.9120,34145,220,540,241,612,69
262.9366,34146,221,540,242,608,70
262.9622,34147,216,540,242,620,70
262.9894,34148,216,540,242,620,70
263.0141,34149,220,540,242,612,69
263.0412,34150,220,539,241,611,69
263.0663,34151,220,539,241,609,69
263.0919,34152,221,540,241,608,70
263.1171,34153,221,540,241,608,70
263.1448,34154,220,540,241,612,68
263.1692,34155,220,540,241,610,69
263.1957,34156,219,541,242,613,68
263.2209,34157,221,541,241,609,68
263.2460,34158,221,541,241,609,68
263.2721,34159,220,540,242,614,68
263.2981,34160,221,540,241,609,69
263.3255,34161,221,540,241,609,69
263.3513,34162,220,540,242,610,69
263.3784,34163,219,540,242,612,69
263.4024,34164,220,540,242,612,69
263.4283,34165,220,540,242,608,69
263.4545,34166,220,540,242,608,69
263.4821,34167,220,541,241,610,69
263.5062,34168,220,540,242,612,69
263.5326,34169,220,539,242,611,67
263.5582,34170,221,538,242,608,69
263.5847,34171,221,538,242,608,69
263.6086,34172,220,540,242,613,66
263.6337,34173,219,540,242,614,68
263.6611,34174,219,540,242,614,68
263.6874,34175,219,539,242,615,69
263.7136,34176,220,540,241,614,68
263.7401,34177,219,540,242,614,66
263.7646,34178,221,539,242,609,70
263.7919,34179,221,539,242,609,70
263.8162,34180,220,540,241,612,68
263.8429,34181,220,539,242,612,67
263.8681,34182,220,540,241,612,67
263.8951,34183,222,540,241,608,69
263.9201,34184,222,540,241,608,69
263.9462,34185,220,540,241,612,67
263.9724,34186,221,539,242,609,68
263.9974,34187,221,539,242,609,68
264.0256,34188,220,540,241,612,67
264.0511,34189,221,539,241,610,70
264.0777,34190,221,539,241,610,70
264.1023,34191,219,539,241,615,64
264.1280,34192,219,539,241,615,64
264.1551,34193,220,540,242,612,67
264.1819,34194,219,540,241,614,66
264.2083,34195,220,539,242,611,66
264.2331,34196,220,539,242,613,67
264.2581,34197,220,539,242,613,67
264.2847,34198,220,540,241,612,68
264.3113,34199,220,539,242,613,66
264.3355,34200,220,539,242,613,66
264.3621,34201,220,538,242,612,67
264.3900,34202,221,539,242,611,67
264.4133,34203,220,539,242,611,67
264.4384,34204,220,539,242,611,67
264.4640,34205,220,539,242,611,67
264.4923,34206,221,539,242,611,67
264.5158,34207,221,540,241,609,69
264.5432,34208,220,539,242,612,67
264.5662,34209,220,539,242,611,68
264.5922,34210,220,539,242,611,68
264.6183,34211,221,539,242,609,68
264.6458,34212,222,539,241,607,69
264.6696,34213,220,540,241,612,68
264.6966,34214,220,540,241,612,68
264.7225,34215,222,538,242,608,69
264.7463,34216,220,539,242,612,67
264.7717,34217,220,539,242,615,68
264.7973,34218,220,539,242,615,68
264.8246,34219,221,539,242,611,67
264.8492,34220,221,539,242,611,67
264.8742,34221,220,539,242,613,68
264.8990,34222,221,539,241,609,68
264.9251,34223,221,539,241,609,68
264.9516,34224,221,538,242,610,68
264.9761,34225,220,539,242,611,68
265.0017,34226,221,538,242,610,67
265.0265,34227,221,538,242,610,67
265.0522,34228,222,539,241,607,69
265.0784,34229,222,538,241,608,68
265.1042,34230,222,538,241,608,68
265.1298,34231,221,538,242,608,69
265.1568,34232,222,538,241,606,69
265.1843,34233,222,539,242,608,69
265.2093,34234,222,540,242,608,69
265.2332,34235,222,540,242,608,69
265.2613,34236,222,540,242,608,69
265.2864,34237,221,539,242,609,69
265.3116,34238,221,538,242,612,68
265.3394,34239,220,538,242,612,68
265.3653,34240,220,538,242,612,68
265.3938,34241,221,539,242,609,68
265.4167,34242,220,540,242,612,69
265.4444,34243,220,540,242,612,69
265.4713,34244,221,538,242,610,67
265.4963,34245,220,539,241,613,66
265.5226,34246,222,538,241,604,68
265.5475,34247,221,538,242,608,68
265.5739,34248,222,539,241,607,68
265.5990,34249,222,539,241,607,68
265.6251,34250,223,539,241,603,68
265.6518,34251,224,538,241,602,69
265.6762,34252,224,538,241,602,69
265.7025,34253,224,538,241,602,69
265.7292,34254,224,540,241,600,69
265.7544,34255,224,538,242,602,70
265.7791,34256,223,539,242,603,70
265.8052,34257,223,539,242,603,70
265.8324,34258,220,538,242,610,69
265.8577,34259,223,538,241,602,68
265.8829,34260,222,538,242,608,68
265.9090,34261,221,538,241,610,66
265.9342,34262,221,538,241,610,66
265.9596,34263,220,539,242,611,68
265.9861,34264,220,539,242,611,66
266.0114,34265,220,538,241,612,63
266.0389,34266,220,538,241,612,63
266.0631,34267,220,538,241,612,63
266.0887,34268,221,539,242,609,68
266.1140,34269,221,539,242,609,68
266.1416,34270,223,539,241,605,70
266.1670,34271,220,538,242,610,65
266.1931,34272,220,538,242,614,67
266.2185,34273,221,538,242,608,70
266.2436,34274,221,538,242,610,67
266.2701,34275,221,538,242,610,67
266.2958,34276,221,539,242,610,69
266.3222,34277,221,539,242,611,68
266.3468,34278,221,538,242,610,69
266.3722,34279,220,540,242,612,69
266.3992,34280,220,540,242,612,69
266.4243,34281,219,540,242,612,69
266.4494,34282,219,541,242,613,67
266.4754,34283,219,541,242,613,67
266.5021,34284,219,541,242,611,71
266.5288,34285,217,541,242,613,70
266.5534,34286,218,542,242,610,70
266.5789,34287,217,541,242,613,69
266.6050,34288,217,541,242,613,69
266.6303,34289,217,542,242,614,67
266.6577,34290,218,542,242,612,70
266.6823,34291,216,542,242,614,68
266.7084,34292,217,540,242,612,69
266.7339,34293,217,540,242,612,69
266.7588,34294,217,542,242,612,69
266.7853,34295,217,542,242,612,69
266.8113,34296,216,541,242,613,68
266.8373,34297,218,541,242,611,70
266.8621,34298,218,542,242,610,70
266.8883,34299,217,542,242,614,70
266.9126,34300,217,542,242,614,70
266.9409,34301,216,542,243,614,69
266.9663,34302,218,542,242,610,70
266.9930,34303,217,542,242,612,70
267.0174,34304,217,542,242,610,70
267.0421,34305,215,543,242,617,67
267.0719,34306,215,543,242,617,67
267.0957,34307,217,543,242,613,67
267.1218,34308,217,543,242,613,67
267.1497,34309,217,542,242,612,70
267.1753,34310,222,549,241,597,67
267.2011,34311,215,558,239,594,75
267.2011,34311,254,536,277,560,59
267.2011,34311,178,548,188,584,31
267.2255,34312,254,536,279,562,70
267.2255,34312,214,559,240,597,63
267.2255,34312,302,535,314,563,37
267.2515,34313,211,561,238,591,67
267.2515,34313,254,535,279,563,64
267.2777,34314,211,561,238,591,67
267.2777,34314,254,535,279,563,64
267.3050,34315,214,566,237,586,59
267.3050,34315,255,535,279,563,50
267.3294,34316,216,564,239,582,35
267.4343,34320,281,486,297,514,33
267.4631,34321,276,469,313,515,75
267.4874,34322,276,469,313,515,75
267.5133,34323,275,458,326,512,80
267.5391,34324,276,448,336,510,82
267.5643,34325,277,441,344,504,82
267.5909,34326,279,434,352,496,82
267.6174,34327,279,434,352,496,82
267.6427,34328,285,428,358,488,80
267.6694,34329,291,424,364,482,81
267.6949,34330,295,417,370,479,77
267.7213,34331,301,412,374,474,77
267.7460,34332,301,412,374,474,77
267.7724,34333,308,408,378,470,79
267.7978,34334,312,406,380,466,78
267.8243,34335,312,406,380,466,78
267.8500,34336,343,411,380,450,65
267.8767,34337,389,408,417,420,51
267.8767,34337,342,412,396,426,45
267.8767,34337,336,415,369,443,35
267.9029,34338,377,408,430,420,53
267.9029,34338,343,410,394,426,38
267.9293,34339,389,405,444,417,54
267.9531,34340,389,405,444,417,54
267.9812,34341,392,404,456,416,66
268.0072,34342,396,402,468,416,62
268.0334,34343,400,401,478,415,61
268.0605,34344,407,400,487,414,63
268.0851,34345,407,400,487,414,63
268.1126,34346,419,398,495,414,65
268.1372,34347,417,397,502,413,69
268.1634,34348,417,397,502,413,69
268.1912,34349,459,395,508,414,67
268.2174,34350,462,396,527,414,69
268.2440,34351,463,402,542,415,56
268.2690,34352,488,405,554,417,55
268.2945,34353,503,406,565,418,62
268.3216,34354,503,406,565,418,62
268.3479,34355,516,408,576,418,63
268.3752,34356,526,408,584,420,66
268.4003,34357,527,408,593,420,63
268.4276,34358,534,410,600,420,62
268.4521,34359,534,410,600,420,62
268.4785,34360,539,410,607,420,56
268.5038,34361,546,410,614,420,59
268.5301,34362,546,410,614,420,59
268.5561,34363,552,410,620,420,59
268.5831,34364,556,410,626,421,59
268.6100,34365,563,411,631,421,58
268.6351,34366,564,411,635,421,55
268.6596,34367,564,411,635,421,55
268.6866,34368,573,411,640,421,51
268.7121,34369,576,411,644,421,50
268.7392,34370,582,411,648,421,48
268.7642,34371,585,411,652,421,45
268.7912,34372,585,411,652,421,45
268.8168,34373,591,411,657,421,42
268.8435,34374,593,411,661,421,39
268.8676,34375,593,411,661,421,39
268.8951,34376,594,410,664,422,41
268.9200,34377,595,411,667,421,46
268.9453,34378,599,410,669,422,49
268.9719,34379,622,397,670,425,71
268.9969,34380,626,394,682,428,76
269.0221,34381,626,394,682,428,76
269.0482,34382,619,387,692,429,74
269.0741,34383,621,382,701,426,73
269.0999,34384,627,378,708,424,75
269.1267,34385,627,378,708,424,75
269.1540,34386,632,374,714,423,77
269.1774,34387,640,371,720,420,78
269.2030,34388,646,369,726,419,78
269.2290,34389,646,369,726,419,78
269.2551,34390,650,367,730,419,75
269.2817,34391,650,367,730,419,75
269.3076,34392,686,370,742,398,58
269.3310,34393,690,369,754,388,62
269.3581,34394,690,369,754,388,62
269.3870,34395,699,372,765,386,67
269.4108,34396,712,372,774,388,69
269.4362,34397,715,372,781,390,72
269.4630,34398,715,372,781,390,72
269.4899,34399,721,372,787,390,72
269.5160,34400,726,373,792,391,72
269.5412,34401,723,374,798,392,72
269.5660,34402,723,374,798,392,72
269.5940,34403,746,374,796,400,68
269.6192,34404,763,367,809,414,77
269.6442,34405,759,368,823,424,72
269.6712,34406,759,368,823,424,72
269.6958,34407,759,368,823,424,72
269.7229,34408,768,380,846,440,75
269.7493,34409,774,390,852,444,77
269.7743,34410,814,414,864,440,73
269.7995,34411,814,414,864,440,73
269.8266,34412,824,411,880,445,77
269.8509,34413,832,402,894,442,74
269.8779,34414,824,394,904,444,77
269.9016,34415,824,394,904,444,77
269.9288,34416,832,387,912,437,77
269.9548,34417,836,381,918,435,78
269.9801,34418,844,377,924,435,76
270.0043,34419,854,372,930,432,75
270.0309,34420,854,372,930,432,75
270.0576,34421,861,368,933,428,73
270.0822,34422,861,368,933,428,73
270.1088,34423,874,360,942,422,74
270.1343,34424,877,357,945,423,67
270.1619,34425,877,357,945,423,67
270.1864,34426,897,362,947,410,70
270.2141,34427,897,362,947,410,70
270.2708,34428,910,354,944,394,76
270.2976,34429,916,350,942,400,72
270.3196,34430,922,350,942,408,67
270.3386,34431,922,352,944,416,75
270.3588,34432,919,358,941,420,71
270.3753,34433,919,358,941,420,71
270.3979,34434,915,366,941,426,74
270.4242,34435,913,372,943,430,77
270.4502,34436,911,375,943,435,77
270.4760,34437,911,375,943,435,77
270.5019,34438,911,375,943,435,77
270.5283,34439,906,383,940,438,74
270.5524,34440,896,400,942,438,76
270.5772,34441,888,402,944,446,78
270.6048,34442,888,402,944,446,78
270.6302,34443,880,396,946,450,78
270.6564,34444,874,400,943,452,76
270.6824,34445,868,402,942,456,76
270.7061,34446,863,410,938,458,73
270.7321,34447,863,410,938,458,73
270.7577,34448,858,419,934,461,75
270.7829,34449,858,419,934,461,75
270.8099,34450,854,422,932,462,75
270.8366,34451,850,430,924,464,75
270.8628,34452,847,433,918,467,77
270.8873,34453,844,434,916,468,78
270.9135,34454,842,438,896,464,71
270.9394,34455,842,438,896,464,71
270.9656,34456,828,444,888,462,33
271.0441,34459,800,447,872,461,43
271.0680,34460,855,444,885,456,34
271.0954,34461,844,445,872,460,31
271.1182,34462,844,445,872,460,31
271.2214,34466,746,454,808,466,42
271.2461,34467,746,454,808,466,42
271.2724,34468,737,448,783,482,78
271.2989,34469,723,449,785,491,74
271.3242,34470,712,460,775,502,75
271.3515,34471,712,460,775,502,75
271.3780,34472,702,463,766,508,77
271.4023,34473,692,466,758,516,76
271.4283,34474,684,467,754,520,75
271.4533,34475,684,467,754,520,75
271.4799,34476,678,468,754,524,75
271.5064,34477,670,473,744,531,78
271.5308,34478,666,476,740,534,77
271.5565,34479,660,482,733,536,75
271.5814,34480,660,482,733,536,75
271.6097,34481,656,489,728,539,76
271.6344,34482,652,486,728,542,75
271.6610,34483,648,495,722,545,73
271.6853,34484,648,495,722,545,73
271.7133,34485,653,517,691,553,65
271.7431,34486,650,518,682,552,51
271.7709,34487,648,524,692,550,76
271.7967,34488,648,524,692,550,76
271.8230,34489,654,524,702,550,73
271.8488,34490,658,522,710,554,76
271.8776,34491,661,519,717,555,77
271.9021,34492,664,515,722,552,76
271.9281,34493,665,512,727,550,75
271.9528,34494,665,512,727,550,75
271.9819,34495,663,509,733,551,73
272.0077,34496,683,501,727,543,64
272.0347,34497,706,492,728,545,70
272.0597,34498,706,492,728,545,70
272.0872,34499,710,482,732,538,65
272.1133,34500,713,473,734,532,68
272.1417,34501,714,467,736,527,70
272.1669,34502,714,467,736,527,70
272.1946,34503,715,461,738,521,70
272.2194,34504,715,456,739,516,69
272.2485,34505,715,452,741,510,74
272.2717,34506,716,448,742,506,74
272.2999,34507,716,446,743,504,74
272.3268,34508,716,446,743,504,74
272.3525,34509,716,442,744,504,73
272.3789,34510,718,439,746,498,74
272.4095,34511,718,439,746,498,74
272.4342,34512,718,436,746,498,72
272.4622,34513,717,435,747,497,74
272.4870,34514,717,435,747,497,74
272.5145,34515,719,431,749,497,71
272.5395,34516,720,429,748,493,72
272.5660,34517,720,429,748,493,72
272.5942,34518,721,428,749,492,72
272.6214,34519,721,426,749,493,72
272.6475,34520,721,424,750,493,70
272.6761,34521,722,423,750,484,74
272.7012,34522,721,422,751,486,72
272.7267,34523,721,422,751,486,72
272.7553,34524,720,420,752,493,73
272.7795,34525,720,418,752,494,73
272.8071,34526,720,418,752,494,73
272.8332,34527,721,418,753,482,72
272.8590,34528,721,418,753,482,72
272.8843,34529,722,415,754,477,72
272.9119,34530,721,415,754,483,69
272.9406,34531,721,413,755,485,68
272.9651,34532,721,413,755,485,68
272.9922,34533,722,412,756,476,71
273.0181,34534,722,411,756,479,70
273.0443,34535,723,411,757,477,72
273.0708,34536,723,411,757,477,72
273.0972,34537,723,409,757,479,72
273.1239,34538,721,408,757,486,59
273.1483,34539,722,408,758,477,67
273.1755,34540,722,408,758,477,67
273.2030,34541,725,407,759,473,65
273.2280,34542,723,406,759,474,72
273.2559,34543,723,406,759,474,72
273.2825,34544,727,406,759,468,72
273.3094,34545,726,405,760,469,72
273.3357,34546,726,405,760,469,72
273.3619,34547,728,404,760,466,74
273.3887,34548,729,404,761,466,75
273.4146,34549,729,404,761,466,75
273.4413,34550,730,403,761,464,75
273.4677,34551,730,402,762,464,72
273.4934,34552,731,402,762,462,74
273.5226,34553,732,401,762,461,73
273.5463,34554,732,402,762,460,75
273.5739,34555,732,402,762,460,75
273.5991,34556,733,401,763,460,74
273.6264,34557,732,400,763,462,70
273.6518,34558,732,400,763,462,70
273.6795,34559,734,400,764,460,68
273.7050,34560,734,399,764,461,63
273.7323,34561,734,399,764,461,63
273.7598,34562,734,399,764,461,55
273.7853,34563,735,399,764,458,71
273.8124,34564,735,399,764,458,71
273.8398,34565,735,398,764,460,65
273.8667,34566,735,398,765,460,63
273.8937,34567,735,398,765,460,64
273.9187,34568,735,398,765,460,62
273.9469,34569,724,399,764,479,46
273.9709,34570,724,399,764,479,46
273.9971,34571,737,397,765,459,66
274.0249,34572,736,397,766,458,57
274.0531,34573,736,397,766,458,57
274.0763,34574,732,396,766,466,40
274.1036,34575,732,396,766,466,40
274.1279,34576,737,397,766,457,67
274.1540,34577,736,396,766,458,59
274.1795,34578,738,396,766,456,45
274.2063,34579,738,396,766,456,45
274.2310,34580,734,396,766,464,55
274.2577,34581,738,396,766,458,59
274.2823,34582,738,396,766,456,64
274.3089,34583,738,396,766,456,68
274.3344,34584,738,396,766,456,68
274.3611,34585,739,396,767,455,70
274.3856,34586,736,396,766,460,60
274.4116,34587,739,396,767,456,50
274.4381,34588,739,396,767,456,50
274.4637,34589,739,396,767,456,50
274.4892,34590,738,396,768,456,50
274.5151,34591,738,396,768,456,50
274.5413,34592,738,396,768,456,53
274.5697,34593,738,395,768,457,58
274.5940,34594,739,395,767,457,68
274.6182,34595,740,394,768,456,64
274.6441,34596,740,395,768,456,68
274.6695,34597,740,395,768,456,68
274.6962,34598,739,395,767,458,63
274.7220,34599,740,394,768,456,65
274.7464,34600,740,395,768,455,71
274.7734,34601,740,395,768,455,71
274.8009,34602,740,395,768,457,68
274.8256,34603,741,394,769,456,63
274.8508,34604,740,394,768,456,70
274.8769,34605,740,394,768,456,70
274.9031,34606,740,395,768,457,64
274.9300,34607,740,396,768,456,61
274.9561,34608,740,396,768,456,61
274.9809,34609,741,395,769,457,63
275.0108,34610,741,395,769,455,70
275.0321,34611,741,395,769,457,61
275.0598,34612,741,395,769,457,68
275.0851,34613,741,395,769,457,68
275.1111,34614,741,395,769,457,63
275.1365,34615,741,394,769,456,67
275.1630,34616,741,394,769,456,68
275.1887,34617,741,395,769,457,65
275.2155,34618,741,395,769,457,65
275.2438,34619,742,395,770,455,72
275.2675,34620,742,395,770,455,69
275.2942,34621,742,395,770,455,69
275.3194,34622,742,395,770,455,72
275.3463,34623,742,395,770,456,66
275.3730,34624,741,395,769,457,66
275.3974,34625,742,396,770,454,73
275.4253,34626,742,396,770,454,73
275.4494,34627,742,395,770,455,67
275.4757,34628,742,395,770,456,66
275.4994,34629,742,395,770,456,69
275.5271,34630,742,395,770,455,72
275.5524,34631,742,395,770,455,72
275.5779,34632,742,396,770,455,60
275.6044,34633,742,395,770,455,71
275.6291,34634,742,396,770,456,68
275.6566,34635,742,396,770,456,68
275.6830,34636,742,395,770,455,70
275.7085,34637,742,396,770,455,72
275.7344,34638,742,395,770,455,72
275.7602,34639,742,395,770,455,72
275.7865,34640,742,396,770,456,73
275.8125,34641,742,396,770,454,71
275.8393,34642,742,397,771,455,60
275.8636,34643,742,396,772,456,53
275.8909,34644,741,396,771,458,57
275.9159,34645,741,396,771,458,57
275.9429,34646,742,396,772,456,58
275.9679,34647,741,396,771,458,52
275.9939,34648,741,396,771,458,52
276.0199,34649,742,396,772,456,53
276.0458,34650,740,396,772,458,70
276.0715,34651,740,396,772,458,70
276.0998,34652,740,396,772,458,70
276.1241,34653,740,397,772,459,68
276.1500,34654,740,396,772,456,70
276.1761,34655,740,397,772,457,62
276.2015,34656,740,397,773,457,65
276.2290,34657,741,396,773,456,70
276.2554,34658,741,396,773,456,70
276.2822,34659,739,397,773,457,66
276.3071,34660,740,397,774,457,63
276.3340,34661,740,397,774,457,63
276.3601,34662,740,398,774,456,70
276.3869,34663,740,397,774,456,64
276.4113,34664,740,397,774,457,53
276.4364,34665,740,397,774,457,53
276.4629,34666,740,397,774,457,53
276.4892,34667,741,397,774,455,50
276.5161,34668,740,398,774,456,72
276.5422,34669,740,397,774,456,65
276.5674,34670,739,397,775,459,48
276.5933,34671,739,397,775,459,48
276.6218,34672,739,397,775,457,65
276.6451,34673,740,397,774,455,71
276.6731,34674,740,397,774,455,71
276.6984,34675,736,397,774,461,58
276.7254,34676,739,398,775,456,68
276.7495,34677,740,398,774,456,65
276.7761,34678,740,398,774,456,56
276.8015,34679,740,398,774,456,56
276.8277,34680,741,398,775,454,41
276.8525,34681,740,398,774,456,59
276.8793,34682,740,398,774,456,59
276.9044,34683,734,398,774,468,42
276.9291,34684,734,398,774,468,42
276.9555,34685,739,398,775,458,51
276.9821,34686,740,398,774,456,53
277.0063,34687,740,398,774,456,53
277.0592,34689,740,398,774,456,67
277.0842,34690,740,398,774,456,76
277.1091,34691,740,397,774,455,71
277.1354,34692,740,397,774,455,71
277.1621,34693,739,398,775,458,69
277.1882,34694,739,398,775,456,75
277.2129,34695,739,398,775,455,76
277.2382,34696,739,398,775,455,76
277.2650,34697,738,398,776,458,58
277.2922,34698,738,398,776,458,58
277.3178,34699,738,398,775,458,61
277.3445,34700,740,398,775,454,74
277.3698,34701,740,398,775,454,74
277.3950,34702,738,398,776,458,50
277.4202,34703,739,398,775,456,64
277.4447,34704,739,398,775,455,72
277.4717,34705,739,398,775,455,72
277.4974,34706,740,398,775,456,68
277.5231,34707,741,398,775,454,76
277.5483,34708,740,398,776,454,74
277.5722,34709,739,398,775,456,62
277.5993,34710,739,398,775,456,62
277.6255,34711,740,397,776,455,46
277.6502,34712,740,397,776,455,46
277.6763,34713,732,398,775,468,55
277.7013,34714,732,398,775,468,55
277.7282,34715,731,398,775,475,42
277.7532,34716,729,398,775,479,55
277.7771,34717,729,398,775,479,55
277.8295,34719,732,398,775,469,34
277.8558,34720,734,398,776,460,64
277.8801,34721,735,398,775,462,37
277.9072,34722,737,398,775,458,68
277.9313,34723,737,398,775,458,68
277.9593,34724,737,398,775,460,52
277.9849,34725,736,398,776,460,49
278.0116,34726,736,398,776,461,53
278.0379,34727,736,398,776,461,53
278.0623,34728,734,398,776,465,35
278.0868,34729,733,398,775,468,54
278.1143,34730,733,398,775,468,54
278.1410,34731,736,397,776,459,63
278.2169,34734,727,398,775,483,44
278.2421,34735,727,399,775,485,55
278.2678,34736,727,399,775,485,55
278.2938,34737,726,398,774,486,64
278.3200,34738,726,399,774,487,57
278.3451,34739,726,398,774,487,67
278.3725,34740,726,398,774,487,67
278.3974,34741,726,399,774,485,65
278.4223,34742,727,398,775,484,66
278.4470,34743,727,398,775,484,66
278.4740,34744,726,398,774,486,63
278.5026,34745,727,399,775,485,57
278.5262,34746,727,398,775,484,59
278.5509,34747,727,398,775,486,63
278.5757,34748,727,398,775,486,63
278.6041,34749,726,398,775,486,56
278.6285,34750,727,399,775,483,69
278.6538,34751,729,398,775,480,67
278.6792,34752,728,398,774,484,65
278.7058,34753,728,398,774,484,65
278.7308,34754,727,399,775,485,50
278.7569,34755,727,399,775,485,66
278.7822,34756,727,399,775,485,66
278.8072,34757,727,399,775,485,62
278.8342,34758,727,399,775,483,54
278.8592,34759,727,399,775,485,43
278.8835,34760,727,400,775,484,48
278.9113,34761,727,400,775,484,48
278.9371,34762,727,399,775,484,62
278.9638,34763,727,399,775,484,57
278.9882,34764,726,399,775,486,66
279.0148,34765,728,400,776,484,56
279.0401,34766,728,400,776,484,56
279.0670,34767,728,399,776,482,69
279.0909,34768,728,400,776,484,67
279.1197,34769,728,400,776,484,67
279.1431,34770,730,399,776,483,63
279.1700,34771,728,400,776,486,69
279.1951,34772,728,400,776,482,62
279.2198,34773,729,400,776,482,62
279.2461,34774,729,400,776,482,62
279.2733,34775,733,398,775,468,67
279.2992,34776,730,400,776,480,64
279.3260,34777,732,399,776,475,65
279.3514,34778,732,399,776,470,66
279.3775,34779,732,399,776,470,66
279.4037,34780,730,399,776,481,56
279.4283,34781,733,400,775,468,66
279.4553,34782,733,400,775,468,66
279.5078,34784,741,400,770,448,69
279.5322,34785,749,400,772,442,74
279.5580,34786,744,402,774,444,79
279.5842,34787,744,402,774,444,79
279.6111,34788,741,402,777,444,81
279.6366,34789,739,402,779,444,79
279.6623,34790,737,401,781,443,79
279.6873,34791,734,400,782,442,78
279.7129,34792,734,400,782,442,78
279.7424,34793,733,400,783,442,78
279.7641,34794,730,398,782,444,77
279.7914,34795,730,398,782,444,77
279.8165,34796,728,398,782,444,76
279.8430,34797,727,398,781,441,75
279.8690,34798,725,398,781,432,75
279.8949,34799,724,398,780,430,74
279.9213,34800,724,398,780,430,74
279.9482,34801,723,398,779,430,75
279.9730,34802,723,398,779,430,75
279.9998,34803,722,398,778,430,75
280.0247,34804,720,397,778,433,74
280.0496,34805,720,397,776,429,74
280.0758,34806,720,397,776,429,74
280.1015,34807,718,397,776,431,73
280.1261,34808,718,397,776,431,73
280.1520,34809,718,398,776,432,72
280.1778,34810,718,399,776,431,72
280.2023,34811,716,399,776,423,72
280.2308,34812,716,400,775,422,69
280.2563,34813,716,400,775,422,69
280.2811,34814,715,400,775,420,69
280.3073,34815,714,400,776,419,65
280.3337,34816,714,400,774,420,64
280.3592,34817,714,400,774,428,70
280.3856,34818,714,400,774,428,70
280.4110,34819,712,400,774,423,69
280.4369,34820,712,401,774,427,66
280.4616,34821,712,401,774,427,66
280.4871,34822,711,400,774,423,67
280.5127,34823,710,400,774,424,64
280.5376,34824,710,400,776,430,65
280.5630,34825,710,400,774,426,63
280.5890,34826,710,400,774,426,63
280.6158,34827,710,400,776,428,65
280.6411,34828,708,401,776,429,61
280.6670,34829,708,400,776,430,63
280.6924,34830,708,400,776,426,59
280.7191,34831,708,400,776,426,59
280.7464,34832,708,400,776,430,63
280.7729,34833,707,400,776,430,59
280.7991,34834,707,400,776,430,59
280.8260,34835,707,401,775,426,59
280.8529,34836,707,401,775,426,59
280.8809,34837,706,401,776,429,56
280.9051,34838,706,401,774,419,60
280.9329,34839,706,401,774,419,60
280.9567,34840,705,401,775,418,61
280.9835,34841,706,401,776,431,60
281.0075,34842,705,402,777,432,59
281.0352,34843,704,402,774,420,58
281.0602,34844,704,402,774,418,60
281.0880,34845,704,402,774,418,60
281.1123,34846,704,401,774,419,60
281.1390,34847,704,401,774,419,60
281.1650,34848,704,402,778,440,65
281.1893,34849,704,402,774,420,58
281.2163,34850,704,402,778,434,58
281.2443,34851,704,402,778,434,58
281.2682,34852,704,402,776,432,59
281.2953,34853,704,402,776,432,59
281.3208,34854,703,402,777,434,58
281.3456,34855,702,403,772,419,57
281.3712,34856,702,402,772,418,57
281.3981,34857,702,402,774,420,56
281.4238,34858,702,402,774,420,56
281.4570,34859,702,403,777,433,57
281.4808,34860,702,403,774,419,58
281.5075,34861,702,403,774,419,58
281.5308,34862,702,403,774,419,56
281.5579,34863,700,403,774,420,56
281.5843,34864,701,403,775,421,55
281.6095,34865,700,403,772,420,56
281.6343,34866,700,403,772,420,56
281.6616,34867,700,403,773,420,57
281.6870,34868,700,403,773,420,57
281.7123,34869,700,403,776,429,56
281.7400,34870,700,403,774,420,57
281.7649,34871,700,403,774,420,57
281.7932,34872,700,403,772,420,57
281.8247,34873,699,403,770,419,60
281.8452,34874,699,403,770,419,60
281.8712,34875,699,404,773,420,56
281.8970,34876,699,404,773,420,57
281.9239,34877,699,404,773,420,57
281.9499,34878,698,404,772,420,56
281.9762,34879,699,404,777,430,59
282.0042,34880,699,404,777,430,59
282.0341,34881,698,403,768,419,57
282.0593,34882,698,403,768,419,57
282.0847,34883,698,404,768,422,57
282.1099,34884,698,404,776,428,57
282.1371,34885,698,404,776,428,57
282.1635,34886,698,404,769,422,56
282.1884,34887,698,404,778,432,60
282.2141,34888,698,404,771,422,57
282.2446,34889,698,404,771,422,57
282.2696,34890,698,404,770,422,56
282.2949,34891,698,404,776,428,58
282.3267,34892,698,404,770,422,58
282.3518,34893,696,404,768,420,56
282.3776,34894,697,404,770,422,57
282.4070,34895,697,404,770,422,57
282.4297,34896,697,404,772,424,59
282.4609,34897,697,404,772,424,59
282.4886,34898,697,404,769,422,56
282.5120,34899,697,404,769,422,56
282.5424,34900,697,404,777,432,61
282.5668,34901,697,404,777,430,61
282.5949,34902,696,404,776,430,61
282.6224,34903,697,404,777,432,63
282.6458,34904,696,405,768,421,56
282.6757,34905,696,405,768,421,56
282.7023,34906,697,405,777,431,61
282.7288,34907,696,405,778,433,65
282.7580,34908,696,404,770,424,59
282.7824,34909,697,406,777,430,61
282.8106,34910,697,405,779,435,65
282.8369,34911,697,405,779,435,65
282.8619,34912,697,405,779,435,65
282.8918,34913,697,405,779,435,65
282.9172,34914,696,404,772,426,60
282.9434,34915,696,405,778,432,62
282.9763,34916,696,404,772,428,61
282.9993,34917,696,405,778,433,63
283.0295,34918,696,405,778,434,64
283.0554,34919,696,404,770,424,59
283.0800,34920,697,405,779,434,63
283.1088,34921,697,405,779,434,63
283.1391,34922,696,405,778,433,64
283.1621,34923,696,406,774,428,59
283.1934,34924,696,406,774,428,59
283.2193,34925,694,404,748,420,69
283.2448,34926,685,409,742,419,59
283.2756,34927,674,408,734,422,66
283.3035,34928,666,406,726,424,70
283.3278,34929,658,405,720,426,71
283.3610,34930,652,407,713,427,70
283.3855,34931,652,407,713,427,70
283.4134,34932,647,409,707,427,68
283.4428,34933,642,411,700,429,65
283.4700,34934,637,412,697,429,63
283.5008,34935,632,411,694,430,64
283.5290,34936,632,411,694,430,64
283.5532,34937,629,412,691,430,52
283.5876,34938,622,414,676,429,50
283.6139,34939,606,414,666,431,62
283.6381,34940,595,411,669,433,71
283.6710,34941,584,410,668,434,72
283.7011,34942,584,410,668,434,72
283.7256,34943,574,412,659,436,68
283.7524,34944,566,418,648,438,68
283.7822,34945,557,416,647,440,71
283.8082,34946,551,419,638,441,72
283.8365,34947,544,424,600,448,74
283.8649,34948,544,424,600,448,74
283.8913,34949,531,423,591,447,72
283.9199,34950,516,432,588,452,68
283.9523,34951,504,433,580,455,75
283.9809,34952,494,434,575,458,76
284.0055,34953,485,433,571,459,78
284.0384,34954,476,434,564,462,78
284.0603,34955,468,435,562,463,79
284.0875,34956,468,435,562,463,79
284.1158,34957,462,436,554,464,76
284.1474,34958,455,438,550,466,72
284.1710,34959,450,451,509,472,72
284.1995,34960,450,451,509,472,72
284.2273,34961,440,448,506,472,75
284.2566,34962,427,452,490,472,64
284.2814,34963,415,456,492,474,59
284.3183,34964,404,462,488,476,61
284.3439,34965,396,463,480,477,59
284.3684,34966,387,463,477,477,56
284.3928,34967,387,463,477,477,56
284.4200,34968,380,464,468,478,65
284.4469,34969,374,461,441,480,67
284.4762,34970,364,459,437,483,70
284.5039,34971,347,463,422,479,64
284.5336,34972,335,463,415,477,60
284.5644,34973,335,463,415,477,60
284.5933,34974,324,462,410,474,57
284.6195,34975,317,461,408,473,64
284.6461,34976,310,460,401,472,59
284.6759,34977,301,461,394,473,54
284.7044,34978,295,460,390,472,47
284.7278,34979,295,460,390,472,47
284.7534,34980,294,462,384,472,41
284.7789,34981,280,464,368,474,37
284.8036,34982,275,464,365,474,41
284.8313,34983,271,464,358,474,41
284.9109,34986,261,465,353,475,32
284.9888,34989,252,464,336,474,38
285.0409,34991,245,464,327,474,34
285.5078,35009,209,456,261,477,60
285.5078,35009,226,462,302,475,33
285.5311,35010,214,450,249,482,69
285.5311,35010,178,448,186,486,42
285.5586,35011,214,450,249,482,69
285.5586,35011,178,448,186,486,42
285.5844,35012,216,445,239,487,70
285.5844,35012,224,452,274,486,46
285.5844,35012,178,446,186,488,32
285.6103,35013,213,442,243,488,66
285.6350,35014,213,442,243,488,66
285.6612,35015,213,442,243,488,66
285.6870,35016,212,434,247,486,75
285.7122,35017,210,430,248,486,77
285.7392,35018,210,428,250,488,77
285.7646,35019,211,426,252,490,76
285.7913,35020,211,426,252,490,76
285.8180,35021,212,423,253,490,75
285.8428,35022,211,422,255,480,72
285.8690,35023,213,422,256,474,73
285.8953,35024,213,422,256,474,73
285.9217,35025,219,430,262,470,72
285.9459,35026,214,431,269,457,53
285.9730,35027,212,427,278,457,67
285.9978,35028,212,427,278,457,67
286.0239,35029,212,427,286,453,64
286.0493,35030,211,426,292,452,64
286.0760,35031,211,426,292,452,64
286.1025,35032,225,424,305,444,62
286.1275,35033,225,424,305,444,62
286.1535,35034,224,423,309,443,63
286.1793,35035,226,423,313,440,64
286.2058,35036,228,423,316,438,61
286.2320,35037,230,422,320,436,56
286.2579,35038,230,422,320,436,56
286.2847,35039,232,422,325,435,50
286.3099,35040,239,421,328,433,39
286.3365,35041,239,421,328,433,39
286.3612,35042,250,420,332,434,33
286.8809,35062,274,413,363,429,32
286.9833,35066,284,414,370,430,30
287.0089,35067,284,414,370,430,30
287.0620,35069,282,414,372,430,34
287.3196,35079,291,414,381,430,33
287.3980,35082,298,414,383,430,30
287.4499,35084,298,415,384,429,35
287.4755,35085,300,414,385,430,35
287.5019,35086,300,414,385,430,35
287.5289,35087,304,415,385,429,31
287.5552,35088,302,414,388,430,47
287.5799,35089,299,414,387,430,41
287.6080,35090,299,414,387,430,41
287.6338,35091,303,414,389,429,43
287.6602,35092,306,414,389,429,41
287.6850,35093,304,413,390,429,42
287.7109,35094,304,413,390,429,42
287.7374,35095,312,413,391,429,50
287.7642,35096,310,414,390,429,44
287.7886,35097,310,412,392,429,46
287.8139,35098,315,414,392,428,41
287.8399,35099,315,414,392,428,41
287.8656,35100,310,413,392,429,42
287.8922,35101,309,414,393,430,45
287.9191,35102,310,415,392,429,38
287.9441,35103,309,415,392,429,38
287.9710,35104,309,415,392,429,38
287.9962,35105,312,415,393,429,39
288.0229,35106,310,415,394,429,35
288.0486,35107,310,415,394,429,35
288.0751,35108,316,414,397,429,44
288.1010,35109,320,415,394,429,34
288.1258,35110,320,415,393,429,35
289.6309,35168,321,414,400,428,33
289.6573,35169,322,415,400,427,32
289.6834,35170,322,415,400,427,32
289.9966,35182,323,415,401,428,30
290.0229,35183,323,415,401,428,30
290.1147,35186,327,415,402,427,35
290.1394,35187,324,415,402,428,34
290.1661,35188,324,415,402,428,34
290.1943,35189,324,415,402,427,37
290.2208,35190,323,414,402,428,41
290.2443,35191,323,414,402,428,43
290.2700,35192,320,414,402,428,48
290.2952,35193,320,414,402,428,50
290.3242,35194,317,414,403,428,54
290.3520,35195,317,414,403,428,54
290.3789,35196,320,414,402,428,48
290.4122,35197,320,414,402,428,48
290.4381,35198,328,414,404,428,47
290.4662,35199,328,414,404,428,47
290.4930,35200,328,414,403,428,57
290.5239,35201,328,414,404,428,58
290.5472,35202,328,414,404,428,56
290.5710,35203,327,414,404,428,56
290.6024,35204,327,414,404,428,56
290.6316,35205,327,414,404,428,55
290.6552,35206,328,414,404,428,56
290.6795,35207,329,414,404,428,55
290.7070,35208,329,414,404,428,55
290.7336,35209,327,414,404,428,56
290.7583,35210,327,414,404,428,55
290.7846,35211,330,414,405,428,55
290.8095,35212,329,414,405,428,55
290.8361,35213,329,414,405,428,55
290.8641,35214,329,414,405,428,55
290.8910,35215,330,414,406,428,54
290.9160,35216,331,414,406,428,52
290.9431,35217,329,414,406,428,54
290.9676,35218,328,415,405,428,50
290.9951,35219,328,415,405,428,50
291.0194,35220,329,414,406,428,49
291.0456,35221,329,415,406,428,50
291.0720,35222,329,415,406,428,50
291.0976,35223,328,415,406,428,50
291.1232,35224,326,415,406,429,49
291.1501,35225,326,414,406,428,48
291.1743,35226,326,414,407,428,50
291.2033,35227,326,414,407,428,50
291.2301,35228,327,414,407,428,48
291.2567,35229,327,414,407,428,48
291.2816,35230,332,414,406,428,48
291.3086,35231,327,415,407,429,40
291.3350,35232,327,415,407,429,40
291.3624,35233,327,415,407,429,34
291.3880,35234,328,415,407,428,41
291.4128,35235,327,415,407,429,33
291.4389,35236,327,415,407,429,33
291.4651,35237,330,415,407,428,38
291.4895,35238,329,415,407,428,39
291.5166,35239,329,415,407,427,41
291.5442,35240,330,415,407,427,38
291.5679,35241,330,415,407,427,38
291.5948,35242,333,415,407,427,42
291.6211,35243,330,415,407,427,37
291.6480,35244,328,415,408,428,41
291.6762,35245,328,415,408,428,41
291.7560,35248,329,415,407,428,31
291.7804,35249,329,415,407,428,31
291.8322,35251,329,415,408,428,30
291.8593,35252,330,415,408,428,35
291.8850,35253,329,415,408,427,37
291.9093,35254,331,415,408,427,36
291.9352,35255,331,415,408,427,36
291.9870,35257,328,415,408,428,40
292.0136,35258,328,415,408,428,40
292.0388,35259,328,415,408,428,40
292.0667,35260,328,415,408,428,40
292.0919,35261,330,415,408,428,43
292.1168,35262,329,415,408,428,45
292.1428,35263,329,415,408,428,45
292.1700,35264,329,415,408,428,46
292.1960,35265,330,415,408,427,49
292.2211,35266,331,415,408,428,42
292.2473,35267,329,415,408,428,39
292.2741,35268,329,415,408,428,39
292.2992,35269,330,415,408,428,44
292.3242,35270,328,415,408,428,48
292.3497,35271,330,415,408,428,47
292.3763,35272,328,415,409,428,50
292.4021,35273,328,415,409,428,50
292.4279,35274,327,415,409,429,51
292.4555,35275,327,415,409,429,48
292.4795,35276,327,415,409,429,48
292.5070,35277,327,415,409,429,49
292.5321,35278,330,415,409,428,49
292.5592,35279,329,415,409,429,49
292.5834,35280,328,415,410,429,47
292.6099,35281,328,415,410,429,47
292.6352,35282,328,415,409,428,48
292.6623,35283,326,415,410,429,48
292.6884,35284,328,415,410,428,48
292.7133,35285,329,415,409,428,39
292.7402,35286,329,415,409,428,39
292.7640,35287,329,415,410,429,41
292.7893,35288,330,415,410,428,45
292.8162,35289,330,415,410,428,45
292.8429,35290,332,415,410,427,48
292.8679,35291,327,415,410,429,49
292.8938,35292,328,415,410,429,45
292.9192,35293,328,415,410,428,43
292.9466,35294,328,415,410,428,43
292.9741,35295,327,415,410,429,41
292.9985,35296,330,415,410,429,33
293.1025,35300,329,416,410,428,30
293.3385,35309,324,417,412,433,31
293.3894,35311,323,417,411,433,32
293.4149,35312,323,418,412,434,33
293.4417,35313,323,418,412,434,33
293.5975,35319,322,418,411,434,31
293.6240,35320,321,418,412,434,34
293.6493,35321,321,418,412,434,34
293.6778,35322,322,418,411,434,36
293.7043,35323,323,419,411,433,30
293.7292,35324,322,418,412,434,39
293.8095,35327,323,418,413,434,31
293.8371,35328,323,418,412,434,38
293.8619,35329,323,418,412,434,38
293.8895,35330,322,418,411,434,30
293.9156,35331,323,418,412,434,30
294.1572,35340,324,418,414,434,34
294.9001,35368,329,415,417,429,35
294.9262,35369,329,415,417,429,35
294.9536,35370,333,415,417,429,32
294.9801,35371,332,415,418,429,31
295.0074,35372,331,415,416,429,35
295.1382,35377,333,415,418,429,35
295.1633,35378,333,415,418,429,35
295.1894,35379,333,415,418,429,30
295.2143,35380,334,415,419,429,36
295.2408,35381,334,415,419,429,36
295.2648,35382,334,415,419,429,36
295.2932,35383,332,415,418,429,44
295.3187,35384,334,415,419,429,42
295.3453,35385,334,415,419,429,45
295.3709,35386,334,414,419,430,46
295.3957,35387,334,415,419,429,48
295.4209,35388,334,415,419,429,48
295.4488,35389,333,415,419,429,45
295.4755,35390,333,415,418,429,36
295.4997,35391,333,415,418,429,36
295.5263,35392,334,415,419,430,34
295.5530,35393,334,415,419,430,35
295.5784,35394,337,415,419,429,36
295.6034,35395,336,415,419,429,46
295.6291,35396,336,415,419,429,46
295.6574,35397,336,415,419,429,46
295.6811,35398,335,415,419,431,42
295.7065,35399,334,415,420,431,41
295.7314,35400,335,415,420,431,43
295.7579,35401,335,415,420,431,43
295.7879,35402,335,415,420,431,48
295.8143,35403,334,415,419,431,37
295.8411,35404,334,415,419,431,37
295.9164,35407,336,415,419,430,39
295.9434,35408,337,415,419,431,37
295.9693,35409,337,415,419,431,37
295.9942,35410,337,415,419,431,39
296.0199,35411,336,415,419,430,40
296.0454,35412,336,415,419,430,42
296.0718,35413,336,415,419,430,42
296.0970,35414,337,415,419,431,42
296.1230,35415,337,415,419,431,42
296.1485,35416,337,415,419,431,46
296.1739,35417,337,415,419,431,46
296.2008,35418,337,415,420,431,43
296.2259,35419,339,415,420,430,41
296.2523,35420,338,415,420,431,46
296.2775,35421,337,415,420,431,46
296.3039,35422,337,415,420,431,46
296.3310,35423,337,414,420,430,54
296.3586,35424,338,414,420,430,50
296.3823,35425,336,415,420,431,43
296.4093,35426,338,415,420,431,41
296.4337,35427,338,415,420,431,41
296.4609,35428,338,415,420,431,41
296.4887,35429,343,415,421,429,40
296.5130,35430,343,415,421,429,40
296.5400,35431,340,414,420,430,51
296.5644,35432,338,415,421,431,50
296.5909,35433,338,415,421,431,47
296.6174,35434,338,415,421,431,43
296.6422,35435,338,415,421,431,43
296.6690,35436,338,415,421,431,45
296.6955,35437,338,415,421,431,36
297.3687,35463,338,415,423,431,31
297.5758,35471,337,415,423,431,39
297.5993,35472,337,415,423,431,47
297.6258,35473,338,415,424,431,49
297.6501,35474,338,414,424,432,54
297.6770,35475,338,414,424,432,54
297.7010,35476,340,414,424,432,62
297.7288,35477,341,414,424,432,65
297.7546,35478,341,414,424,432,64
297.7814,35479,341,414,423,432,63
297.8069,35480,341,414,423,432,63
297.8321,35481,341,414,424,432,61
297.8575,35482,342,414,424,432,67
297.8851,35483,342,414,424,432,67
297.9114,35484,344,414,424,432,66
297.9383,35485,343,414,425,432,68
297.9634,35486,344,414,424,432,69
297.9896,35487,342,414,425,432,69
298.0149,35488,342,414,425,432,69
298.0419,35489,342,414,424,432,67
298.0658,35490,343,414,424,432,68
298.0927,35491,343,414,424,432,67
298.1162,35492,342,414,424,432,69
298.1435,35493,342,414,424,432,69
298.1682,35494,342,414,425,432,71
298.1932,35495,344,413,425,432,72
298.2201,35496,344,413,425,432,72
298.2448,35497,343,414,425,432,71
298.2712,35498,343,413,425,433,71
298.2972,35499,343,414,426,432,70
298.3214,35500,343,413,425,433,72
298.3478,35501,343,413,425,433,72
298.3748,35502,343,413,425,433,70
298.3997,35503,341,414,425,434,68
298.4253,35504,344,414,424,434,69
298.4502,35505,344,413,425,433,71
298.4752,35506,344,413,425,433,71
298.5030,35507,344,413,425,433,71
298.5294,35508,344,413,425,433,71
298.5569,35509,343,413,425,433,71
298.5827,35510,343,413,425,433,71
298.6089,35511,343,414,424,434,69
298.6330,35512,340,415,425,435,70
298.6595,35513,340,415,425,435,70
298.6859,35514,341,414,426,434,69
298.7113,35515,346,414,426,433,65
298.7381,35516,345,414,427,432,66
298.7633,35517,344,414,427,432,64
298.7878,35518,346,414,427,432,63
298.8123,35519,346,414,427,432,63
298.8381,35520,346,414,427,432,60
298.8662,35521,346,414,427,432,54
298.8897,35522,345,414,428,432,56
298.9182,35523,345,414,428,432,56
298.9421,35524,344,414,428,432,47
298.9681,35525,344,414,428,432,50
298.9926,35526,340,416,427,434,43
299.0183,35527,340,416,427,434,43
299.0457,35528,341,416,428,434,43
299.0733,35529,342,416,428,434,53
299.0958,35530,340,416,428,434,44
299.1217,35531,340,416,426,434,55
299.1485,35532,340,416,426,434,55
299.1758,35533,339,416,426,434,54
299.2019,35534,340,417,427,433,41
299.2281,35535,340,416,427,434,53
299.2534,35536,340,416,427,434,53
299.2790,35537,339,418,428,434,42
299.3053,35538,341,418,428,434,52
299.3298,35539,341,418,428,434,55
299.3564,35540,341,418,428,434,55
299.3823,35541,341,417,428,435,61
299.4083,35542,341,418,427,434,54
299.4334,35543,341,418,428,434,54
299.4594,35544,341,418,428,434,54
299.4863,35545,342,418,428,434,54
299.5122,35546,342,418,428,434,55
299.5378,35547,342,418,428,436,57
299.5631,35548,342,418,428,434,55
299.5893,35549,342,418,428,434,55
299.6146,35550,342,418,428,434,55
299.6397,35551,342,418,428,434,55
299.6658,35552,342,418,428,434,57
299.6914,35553,342,418,428,434,57
299.7195,35554,342,418,429,434,46
299.7440,35555,341,418,429,434,52
299.7683,35556,343,419,429,435,49
299.7933,35557,343,419,429,435,47
299.8197,35558,343,419,429,435,47
299.8461,35559,343,419,428,435,50
299.8742,35560,344,418,429,434,48
299.8982,35561,345,418,430,434,47
299.9260,35562,345,418,430,434,47
299.9524,35563,344,418,429,434,47
299.9764,35564,344,420,429,434,48
300.0011,35565,343,419,430,435,52
300.0268,35566,343,419,430,435,52
300.0527,35567,343,419,430,435,52
300.0792,35568,344,420,429,436,47
300.1060,35569,345,420,429,434,43
300.1294,35570,345,420,429,434,43
300.1562,35571,345,420,429,434,43
300.1811,35572,346,419,430,435,51
300.2084,35573,347,419,431,435,54
300.2317,35574,345,420,430,435,42
300.2585,35575,345,420,430,435,41
300.2844,35576,345,420,430,435,41
300.3096,35577,348,419,431,433,36
300.3356,35578,348,419,431,433,36
300.3626,35579,346,420,430,434,35
300.3891,35580,346,420,430,434,33
300.4136,35581,346,420,429,434,30
300.4401,35582,346,420,429,434,30
300.4655,35583,348,419,431,434,48
300.4921,35584,348,419,431,434,48
300.5190,35585,348,420,432,434,49
300.5442,35586,350,419,432,433,47
300.5697,35587,350,419,432,433,46
300.5961,35588,350,418,432,434,54
300.6233,35589,350,418,432,434,54
300.6479,35590,350,419,432,435,57
300.6741,35591,350,419,432,435,57
300.7008,35592,350,419,432,434,56
300.7263,35593,349,420,433,434,58
300.7517,35594,350,420,432,434,57
300.7778,35595,350,419,433,435,58
300.8028,35596,350,419,433,435,56
300.8289,35597,350,419,433,435,56
300.8536,35598,349,419,433,435,55
300.8809,35599,349,419,433,435,55
300.9050,35600,349,420,433,434,58
300.9297,35601,350,419,434,435,54
300.9571,35602,350,419,434,435,54
300.9826,35603,349,419,434,435,55
301.0077,35604,349,419,434,435,55
301.0339,35605,349,420,434,434,52
301.0594,35606,349,420,433,434,52
301.0866,35607,350,419,434,433,57
301.1121,35608,350,419,434,433,56
301.1382,35609,349,420,434,434,53
301.1632,35610,349,420,434,434,53
301.1903,35611,349,420,434,434,49
301.2157,35612,349,420,434,434,56
301.2831,35613,351,420,434,434,54
301.3097,35614,351,420,434,434,54
301.3354,35615,350,419,434,433,53
301.3613,35616,352,419,435,433,53
301.3867,35617,353,419,435,433,47
301.4122,35618,354,420,435,433,42
301.4391,35619,354,420,435,433,42
301.4646,35620,354,419,435,433,39
301.4908,35621,353,419,435,433,42
301.5158,35622,352,420,436,433,44
301.5426,35623,352,419,436,433,48
301.5670,35624,352,419,436,433,48
301.5949,35625,351,420,436,433,48
301.6176,35626,351,420,436,433,52
301.6444,35627,351,420,436,433,52
301.6718,35628,351,420,436,433,52
301.6973,35629,350,420,436,433,48
301.7231,35630,352,420,435,433,47
301.7473,35631,352,419,436,433,39
301.7733,35632,352,419,436,433,39
301.8002,35633,360,420,436,432,37
301.8262,35634,360,420,436,432,40
301.8529,35635,357,420,437,433,46
301.8780,35636,353,420,436,433,52
301.9034,35637,353,420,436,433,52
301.9316,35638,360,420,436,433,48
301.9572,35639,354,420,437,433,52
301.9821,35640,361,420,437,433,54
302.0092,35641,361,420,437,433,54
302.0353,35642,360,420,437,433,46
302.0597,35643,354,420,437,433,44
302.0866,35644,355,420,438,433,41
302.1121,35645,355,420,438,433,41
302.1382,35646,359,420,437,433,45
302.1640,35647,354,421,437,433,45
302.1896,35648,352,421,437,433,49
302.2150,35649,358,421,438,433,50
302.2394,35650,358,421,438,433,50
302.2668,35651,359,421,438,433,46
302.2944,35652,373,421,438,433,39
302.3178,35653,370,421,438,433,40
302.3436,35654,370,421,438,433,40
302.3702,35655,370,421,438,433,33
303.5322,35700,363,415,442,431,35
303.6102,35703,363,415,442,431,30
303.7387,35708,365,415,442,431,33
303.7633,35709,363,415,443,431,43
303.7898,35710,363,415,443,431,43
303.8180,35711,362,415,443,432,45
303.8423,35712,363,415,443,432,52
303.8688,35713,363,414,443,432,54
303.8932,35714,362,415,443,433,52
303.9199,35715,362,415,443,433,52
303.9468,35716,363,415,443,433,56
304.0243,35717,369,414,444,432,58
304.0510,35718,369,414,444,432,58
304.0761,35719,367,414,443,432,64
304.1016,35720,367,414,444,432,61
304.1283,35721,367,414,444,432,61
304.1546,35722,366,415,444,433,61
304.1809,35723,366,414,444,433,64
304.2065,35724,369,414,444,432,66
304.2296,35725,368,414,444,432,68
304.2557,35726,368,414,444,432,68
304.2831,35727,366,414,444,432,67
304.3097,35728,366,414,444,432,66
304.3364,35729,365,414,444,433,64
304.3610,35730,367,414,444,432,66
304.3864,35731,367,414,444,432,66
304.4123,35732,367,414,444,432,68
304.4381,35733,368,414,445,432,69
304.4624,35734,368,414,445,432,69
304.4891,35735,366,414,445,432,68
304.5142,35736,366,414,445,432,71
304.5409,35737,366,414,444,432,68
304.5662,35738,366,413,444,433,68
304.5920,35739,366,413,444,433,68
304.6191,35740,367,414,445,432,68
304.6449,35741,369,414,445,432,70
304.6710,35742,367,413,445,432,71
304.6963,35743,368,413,445,432,71
304.7223,35744,368,413,445,432,71
304.7511,35745,368,413,445,433,72
304.7753,35746,368,413,445,433,71
304.8011,35747,370,413,445,433,71
304.8273,35748,370,413,445,433,71
304.8530,35749,370,413,445,433,71
304.8797,35750,371,412,446,432,71
304.9058,35751,370,412,446,432,72
304.9321,35752,370,412,446,432,73
304.9576,35753,370,412,446,432,73
304.9831,35754,371,412,447,432,73
305.0101,35755,370,412,447,432,73
305.0335,35756,371,412,447,432,72
305.0600,35757,371,412,447,432,72
305.0849,35758,369,412,448,432,72
305.1098,35759,370,412,448,432,71
305.1364,35760,370,412,448,432,71
305.1624,35761,370,412,448,432,72
305.1882,35762,370,412,448,432,73
305.2149,35763,368,412,448,432,72
305.2395,35764,368,412,448,432,72
305.2646,35765,368,412,448,432,72
305.2922,35766,369,412,449,432,72
305.3167,35767,369,412,448,432,72
305.3416,35768,370,411,449,431,73
305.3683,35769,371,411,449,431,72
305.3948,35770,371,411,449,431,72
305.4202,35771,371,411,449,431,72
305.4459,35772,370,411,449,431,73
305.4714,35773,370,411,449,431,73
305.4974,35774,370,410,449,432,74
305.5235,35775,369,411,449,431,74
305.5494,35776,366,411,449,432,74
305.5742,35777,368,411,448,432,74
305.5997,35778,368,411,448,432,74
305.6257,35779,368,411,449,432,73
305.6524,35780,368,411,449,432,73
305.6780,35781,367,412,450,432,72
305.7037,35782,368,412,450,432,74
305.7290,35783,368,412,450,432,74
305.7567,35784,368,412,451,432,73
305.7809,35785,367,412,451,432,72
305.8069,35786,367,412,451,432,72
305.8332,35787,368,412,451,432,73
305.8594,35788,368,412,451,432,72
305.8840,35789,367,412,452,432,72
305.9098,35790,368,412,452,432,73
305.9376,35791,368,412,452,432,73
305.9630,35792,367,412,451,432,71
305.9877,35793,367,413,451,431,67
306.0129,35794,367,413,452,431,66
306.0386,35795,367,413,452,431,66
306.0661,35796,367,413,452,431,66
306.0915,35797,366,414,452,432,66
306.1190,35798,368,414,452,432,61
306.1443,35799,368,414,452,432,61
306.1710,35800,365,413,451,435,62
306.1966,35801,369,413,452,433,60
306.2229,35802,369,414,452,433,62
306.2471,35803,367,413,453,433,62
306.2755,35804,367,413,453,433,62
306.3014,35805,368,414,453,433,61
306.3274,35806,370,414,453,433,60
306.3530,35807,366,414,452,434,61
306.3789,35808,366,415,451,435,59
306.4032,35809,366,415,452,435,57
306.4295,35810,366,415,452,435,57
306.4567,35811,365,416,452,434,51
306.4811,35812,365,416,452,434,51
306.5082,35813,365,416,452,434,49
306.5341,35814,366,416,453,434,47
306.5600,35815,366,416,453,434,48
306.5842,35816,366,415,453,434,56
306.6102,35817,366,416,453,434,54
306.6360,35818,366,416,453,434,54
306.6626,35819,366,416,452,434,51
306.6870,35820,367,416,453,434,45
306.7130,35821,367,417,453,434,52
306.7382,35822,368,416,454,434,54
306.7662,35823,368,416,454,434,54
306.7901,35824,368,416,453,434,53
306.8159,35825,368,416,453,434,53
306.8432,35826,367,417,453,435,55
306.8696,35827,368,417,453,434,50
306.8948,35828,368,416,453,435,56
306.9200,35829,368,416,454,434,49
306.9452,35830,369,416,453,434,56
306.9720,35831,369,416,453,434,56
306.9990,35832,368,417,454,433,47
307.0256,35833,370,417,454,434,55
307.0500,35834,370,418,454,434,56
307.0757,35835,370,417,454,434,53
307.1019,35836,370,417,454,434,53
307.1279,35837,370,418,454,434,54
307.1549,35838,370,418,454,434,54
307.1801,35839,371,418,455,434,49
307.2058,35840,371,417,454,434,50
307.2324,35841,370,418,454,434,53
307.2563,35842,370,418,454,434,47
307.2811,35843,370,418,454,434,41
307.3075,35844,370,418,454,434,41
307.3340,35845,370,418,455,434,43
307.3597,35846,370,418,455,434,39
307.3850,35847,370,418,455,434,51
307.4108,35848,369,418,455,435,55
307.4372,35849,369,418,455,435,55
307.4624,35850,370,418,456,434,48
307.4892,35851,370,418,456,434,48
307.5158,35852,370,418,456,435,53
307.5420,35853,370,418,456,434,52
307.5672,35854,371,418,455,434,45
307.5927,35855,371,418,455,434,38
307.6172,35856,371,418,455,434,38
307.6451,35857,370,417,456,433,41
307.6719,35858,370,418,455,434,48
307.6967,35859,370,418,456,434,48
307.7215,35860,371,418,455,434,47
307.7477,35861,370,418,456,434,51
307.7729,35862,370,418,456,434,51
307.7988,35863,370,418,456,434,51
307.8250,35864,370,418,456,434,51
307.8512,35865,371,418,455,434,41
307.8774,35866,371,418,457,433,37
307.9013,35867,372,418,456,433,36
307.9272,35868,372,418,456,433,42
307.9530,35869,370,418,456,434,54
307.9787,35870,370,418,456,434,54
308.0061,35871,371,418,457,434,47
308.0333,35872,371,418,456,434,54
308.0573,35873,372,419,457,433,44
308.0841,35874,372,418,457,434,47
308.1092,35875,372,418,457,434,47
308.1346,35876,371,418,457,433,43
308.1620,35877,371,418,457,434,50
308.1877,35878,371,418,457,434,50
308.2135,35879,371,419,457,433,32
308.5486,35892,372,417,459,433,35
308.6759,35897,373,418,460,433,32
308.7020,35898,372,418,461,434,42
308.7283,35899,372,418,461,433,36
308.7538,35900,372,418,461,434,44
308.7800,35901,372,418,461,434,44
308.8061,35902,372,418,460,433,40
308.8319,35903,372,418,460,433,40
310.0685,35951,382,415,464,429,37
310.0930,35952,382,415,464,429,37
310.1218,35953,381,415,464,430,34
310.1476,35954,383,415,464,430,35
310.1734,35955,383,415,464,430,43
310.1990,35956,383,415,464,430,43
310.2273,35957,383,415,464,431,41
310.2494,35958,383,414,464,430,52
310.2765,35959,383,415,464,431,46
310.3018,35960,383,415,464,431,46
310.3300,35961,383,414,464,432,49
310.3546,35962,385,414,464,430,50
310.3813,35963,385,414,464,430,55
310.4047,35964,384,414,464,430,64
310.4311,35965,384,414,464,430,64
310.4568,35966,384,414,464,430,64
310.4824,35967,383,414,464,431,65
310.5077,35968,384,414,464,431,67
310.5329,35969,384,414,464,431,67
310.5602,35970,384,413,464,431,68
310.5858,35971,384,413,464,431,68
310.6108,35972,386,414,464,430,67
310.6365,35973,386,414,464,430,67
310.6623,35974,386,413,465,431,69
310.6887,35975,384,413,465,431,68
310.7141,35976,386,413,465,431,70
310.7398,35977,386,413,465,431,69
310.7650,35978,386,413,465,431,69
310.7910,35979,385,413,465,431,69
310.8174,35980,386,413,465,431,70
310.8429,35981,386,413,465,431,70
310.8676,35982,385,413,465,431,70
310.8945,35983,385,413,465,431,70
310.9199,35984,384,413,465,431,70
310.9448,35985,384,413,465,431,69
310.9729,35986,384,413,465,431,69
310.9970,35987,385,413,466,431,70
311.0223,35988,383,413,466,431,68
311.0486,35989,384,413,466,431,69
311.0754,35990,384,413,466,431,69
311.1013,35991,384,413,466,431,70
311.1270,35992,384,413,466,431,70
311.1532,35993,386,413,466,431,70
311.1765,35994,385,413,466,431,71
311.2026,35995,384,413,466,431,71
311.2301,35996,384,413,466,431,71
311.2559,35997,386,413,466,431,72
311.2791,35998,386,413,466,431,72
311.3057,35999,385,412,466,432,73
311.3329,36000,388,412,466,432,74
311.3572,36001,387,412,466,432,75
311.3835,36002,388,411,466,433,74
311.4082,36003,388,411,466,433,74
311.4356,36004,388,411,466,433,74
311.4628,36005,390,411,466,433,75
311.4890,36006,390,410,466,432,75
311.5134,36007,388,411,466,433,75
311.5389,36008,392,411,467,433,74
311.5643,36009,392,411,467,433,74
311.5910,36010,389,410,467,432,75
311.6153,36011,389,410,467,432,75
311.6425,36012,390,410,466,432,75
311.6694,36013,389,410,467,432,75
311.6933,36014,390,410,467,432,75
311.7185,36015,388,410,467,432,75
311.7448,36016,390,410,467,432,75
311.7721,36017,390,410,467,432,75
311.7976,36018,389,410,467,432,75
311.8258,36019,389,410,467,432,75
311.8508,36020,389,410,468,432,75
311.8766,36021,389,410,468,432,75
311.9030,36022,389,410,468,432,75
311.9275,36023,389,410,468,432,75
311.9544,36024,389,410,468,432,75
311.9813,36025,389,410,468,432,75
312.0066,36026,389,410,468,432,75
312.0332,36027,388,410,468,432,75
312.0579,36028,390,410,468,433,75
312.0830,36029,388,411,468,433,74
312.1100,36030,388,411,468,433,74
312.1349,36031,387,411,469,433,74
312.1641,36032,387,410,469,432,73
312.1867,36033,388,410,470,432,74
312.2121,36034,389,411,470,431,73
312.2380,36035,389,411,470,431,73
312.2634,36036,389,411,471,431,73
312.2893,36037,389,411,471,431,73
312.3146,36038,389,412,471,430,72
312.3397,36039,388,412,471,430,71
312.3668,36040,387,412,471,430,71
312.3919,36041,387,412,472,430,71
312.4171,36042,387,412,472,430,71
312.4440,36043,386,413,471,430,70
312.4696,36044,386,414,472,430,68
312.4962,36045,386,414,471,430,66
312.5195,36046,385,414,472,430,64
312.5451,36047,385,414,472,430,64
312.5728,36048,387,414,472,430,64
312.5987,36049,386,414,472,430,63
312.6256,36050,386,414,472,430,63
312.6494,36051,385,414,473,430,61
312.6768,36052,389,415,473,429,58
312.7018,36053,390,415,473,429,57
312.7277,36054,388,415,473,429,54
312.7522,36055,388,415,473,429,54
312.7785,36056,391,414,474,428,48
312.8056,36057,385,415,473,429,45
312.8301,36058,386,415,473,430,46
312.8569,36059,386,415,473,430,46
312.8821,36060,390,415,474,429,46
312.9087,36061,390,415,474,429,46
312.9343,36062,392,415,474,428,38
312.9596,36063,392,415,474,428,38
312.9857,36064,390,415,474,429,46
313.0121,36065,391,415,474,429,45
313.0369,36066,392,415,474,428,36
313.0619,36067,397,415,474,427,35
313.0875,36068,397,415,474,427,35
313.1143,36069,393,416,474,428,31
313.1394,36070,395,415,474,427,30
313.1659,36071,395,415,474,427,30
314.8957,36138,401,419,479,433,30
314.9221,36139,401,419,479,433,38
314.9461,36140,405,419,479,433,36
314.9733,36141,405,419,479,433,36
314.9986,36142,402,419,480,433,45
315.0245,36143,404,418,480,433,47
315.0500,36144,403,418,480,433,59
315.0751,36145,404,418,480,433,61
315.1013,36146,404,418,480,433,61
315.1267,36147,404,418,481,433,60
315.1520,36148,404,418,481,433,62
315.1793,36149,404,418,481,433,62
315.2040,36150,402,418,481,434,66
315.2290,36151,405,418,481,434,65
315.2541,36152,403,418,481,434,66
315.2794,36153,403,418,481,434,66
315.3071,36154,403,418,481,434,69
315.3328,36155,402,418,482,434,66
315.3591,36156,401,418,480,434,69
315.3870,36157,405,418,481,434,70
315.4111,36158,405,418,481,434,70
315.4373,36159,412,418,482,434,70
315.4624,36160,411,418,482,434,71
315.4893,36161,408,417,482,435,73
315.5140,36162,408,417,482,435,73
315.5424,36163,408,417,482,435,73
315.5670,36164,413,417,482,435,72
315.5929,36165,408,418,482,435,73
315.6168,36166,406,419,482,435,71
315.6431,36167,406,419,482,435,71
315.6693,36168,409,420,483,436,71
315.6961,36169,409,419,482,435,72
315.7200,36170,407,419,483,436,73
315.7458,36171,411,420,482,436,72
315.7715,36172,411,420,482,436,72
315.7979,36173,407,419,483,436,73
315.8231,36174,410,419,484,436,72
315.8502,36175,410,419,484,436,72
315.8746,36176,409,419,483,436,72
315.9008,36177,406,419,484,436,73
315.9262,36178,407,419,484,436,73
315.9521,36179,407,419,484,436,73
315.9782,36180,404,419,484,436,72
316.0051,36181,408,420,484,436,71
316.0294,36182,408,419,483,436,71
316.0556,36183,408,419,484,437,72
316.0812,36184,413,420,484,436,71
316.1086,36185,413,420,484,436,71
316.1350,36186,412,419,484,437,73
316.1599,36187,410,419,484,437,73
316.1860,36188,410,419,484,437,73
316.2116,36189,412,418,484,437,74
316.2373,36190,410,418,484,437,74
316.2622,36191,410,419,484,437,74
316.2871,36192,410,419,484,437,74
316.3132,36193,415,419,484,437,71
316.3393,36194,420,420,484,438,70
316.3647,36195,409,420,484,438,71
316.3908,36196,413,420,485,438,71
316.4180,36197,413,420,485,438,71
316.4442,36198,410,419,485,437,73
316.4694,36199,408,419,485,437,73
316.4960,36200,409,419,485,437,72
316.5211,36201,410,420,485,438,71
316.5461,36202,410,420,485,438,71
316.5723,36203,409,421,485,437,71
316.5972,36204,412,420,485,438,70
316.6252,36205,412,420,485,438,70
316.6497,36206,413,420,486,438,72
316.6766,36207,415,420,486,438,71
316.7008,36208,419,420,486,438,71
316.7261,36209,415,420,486,438,72
316.7513,36210,415,420,486,438,72
316.7796,36211,418,420,486,438,71
316.8044,36212,412,420,486,438,72
316.8312,36213,414,420,486,438,71
316.8562,36214,418,420,487,438,72
316.8823,36215,418,420,487,438,72
316.9072,36216,416,420,486,438,72
316.9366,36217,418,420,486,438,71
316.9590,36218,418,420,486,438,71
316.9854,36219,415,420,487,438,72
317.0115,36220,415,420,487,438,71
317.0373,36221,419,420,487,438,72
317.0625,36222,413,420,487,438,71
317.0873,36223,413,420,487,438,71
317.1133,36224,423,419,487,439,71
317.1393,36225,424,420,487,440,72
317.1664,36226,425,418,488,440,73
317.1935,36227,424,419,488,439,73
317.2172,36228,424,419,488,439,73
317.2422,36229,419,418,488,440,74
317.2676,36230,417,418,488,440,74
317.2933,36231,417,418,488,440,74
317.3193,36232,420,418,488,440,74
317.3465,36233,419,418,489,440,74
317.3711,36234,421,418,488,440,74
317.3969,36235,421,418,489,440,75
317.4219,36236,421,418,489,440,75
317.4496,36237,420,418,488,440,74
317.4758,36238,422,418,489,440,74
317.5010,36239,420,418,489,440,74
317.5262,36240,420,419,490,441,74
317.5531,36241,420,419,490,441,74
317.5773,36242,421,418,490,440,75
317.6040,36243,423,417,490,441,75
317.6295,36244,423,417,490,441,75
317.6557,36245,423,417,490,441,75
317.6816,36246,425,417,490,441,75
317.7070,36247,425,417,490,441,75
317.7328,36248,424,418,490,442,75
317.7598,36249,424,418,490,442,75
317.7847,36250,426,418,490,442,75
317.8123,36251,427,418,490,442,76
317.8370,36252,426,418,491,442,75
317.8620,36253,425,417,491,442,75
317.8892,36254,425,417,491,442,75
317.9153,36255,426,418,490,442,75
317.9411,36256,426,418,491,442,75
317.9667,36257,426,418,491,442,75
317.9938,36258,428,419,491,441,74
318.0210,36259,426,419,491,441,73
318.0458,36260,426,419,491,441,73
318.0733,36261,422,420,492,440,72
318.0975,36262,422,420,492,440,72
318.1263,36263,424,420,492,440,71
318.1512,36264,425,420,493,440,71
318.1770,36265,418,419,493,439,70
318.2021,36266,411,419,493,439,70
318.2262,36267,411,419,493,439,70
318.2520,36268,416,421,493,439,69
318.2767,36269,418,421,494,439,69
318.3059,36270,418,421,494,439,69
318.3340,36271,416,420,494,439,70
318.3588,36272,417,420,494,439,69
318.3856,36273,413,421,494,439,69
318.4101,36274,416,420,494,438,68
318.4359,36275,416,420,494,438,68
318.4611,36276,416,420,494,438,68
318.4909,36277,418,422,495,438,68
318.5136,36278,415,422,495,438,67
318.5402,36279,415,421,495,439,65
318.5652,36280,416,422,495,438,67
318.5911,36281,416,422,495,438,67
318.6153,36282,415,422,496,438,65
318.6422,36283,415,422,496,438,65
318.6676,36284,418,422,495,438,66
318.6939,36285,419,422,496,438,65
318.7217,36286,420,423,496,438,66
318.7440,36287,416,422,496,438,66
318.7703,36288,417,422,495,438,67
318.7957,36289,417,422,495,438,67
318.8229,36290,417,422,496,438,67
318.8493,36291,417,422,496,438,67
318.8740,36292,423,424,496,438,65
318.8996,36293,422,424,496,438,64
318.9269,36294,422,424,496,438,64
318.9508,36295,419,424,496,438,64
318.9761,36296,419,424,496,438,64
319.0042,36297,422,424,497,438,63
319.0293,36298,415,424,497,438,64
319.0567,36299,418,424,497,438,63
319.0810,36300,418,424,497,438,64
319.1088,36301,418,424,497,438,63
319.1341,36302,418,424,497,438,63
319.1600,36303,415,423,498,437,64
319.1870,36304,420,424,497,438,63
319.2114,36305,420,424,497,438,63
319.2371,36306,420,424,497,438,63
319.2628,36307,420,424,497,438,63
319.2908,36308,419,424,497,438,64
319.3166,36309,415,422,497,438,64
319.3430,36310,415,422,497,438,64
319.3681,36311,415,423,497,437,62
319.3949,36312,416,424,498,438,61
319.4194,36313,418,424,498,438,60
319.4442,36314,416,423,498,437,58
319.4698,36315,416,423,498,437,58
319.4966,36316,422,425,498,437,57
319.5218,36317,422,425,498,437,58
319.5469,36318,421,424,498,436,58
319.5730,36319,424,424,498,436,56
319.5981,36320,424,424,498,436,56
319.6249,36321,430,425,498,437,56
319.6496,36322,430,425,498,437,56
319.6754,36323,425,424,498,436,56
319.7012,36324,421,424,498,436,57
319.7273,36325,422,424,498,436,56
319.7523,36326,429,425,499,437,55
319.7780,36327,429,425,499,437,56
319.8054,36328,429,425,499,437,56
319.8321,36329,431,425,499,437,58
319.8591,36330,430,426,499,436,57
319.8832,36331,431,426,499,436,59
319.9091,36332,430,425,499,437,57
319.9343,36333,430,425,499,437,57
319.9620,36334,429,425,499,437,57
319.9853,36335,430,425,499,437,57
320.0114,36336,430,425,499,437,57
320.0396,36337,431,426,499,436,57
320.0642,36338,428,425,499,437,56
320.0888,36339,432,425,499,437,57
320.1140,36340,424,424,498,436,56
320.1417,36341,424,424,498,436,56
320.1668,36342,431,425,499,437,57
320.1926,36343,432,425,499,437,57
320.2174,36344,429,425,499,437,57
320.2432,36345,432,425,499,437,58
320.2688,36346,432,425,499,437,58
320.2952,36347,430,425,499,437,56
320.3210,36348,430,425,499,437,56
320.3490,36349,423,424,498,437,56
320.3745,36350,422,425,498,437,55
320.4008,36351,430,425,499,437,56
320.4271,36352,429,425,499,437,57
320.4512,36353,429,425,499,437,57
320.4772,36354,429,425,499,437,57
320.5032,36355,422,424,498,437,56
320.5299,36356,429,425,499,437,58
320.5567,36357,432,425,499,437,60
320.5820,36358,422,424,499,437,59
320.6080,36359,422,424,499,437,59
320.6342,36360,430,425,499,437,59
320.6591,36361,430,425,499,437,59
320.6865,36362,430,425,499,437,59
320.7116,36363,431,425,499,437,58
320.7394,36364,431,425,499,437,58
320.7629,36365,431,425,499,437,59
320.7895,36366,432,425,500,437,60
320.8148,36367,432,425,500,437,60
320.8409,36368,430,425,499,437,58
320.8670,36369,432,425,499,437,60
320.8927,36370,433,425,500,437,60
320.9177,36371,432,425,499,437,59
320.9434,36372,432,425,499,437,59
320.9708,36373,433,425,500,437,60
320.9944,36374,434,425,500,437,60
321.0215,36375,434,425,500,437,60
321.0493,36376,434,425,500,437,61
321.0743,36377,434,425,500,437,60
321.0997,36378,430,425,500,437,58
321.1241,36379,431,425,500,437,59
321.1497,36380,431,425,500,437,59
321.1761,36381,434,425,500,437,60
321.2020,36382,435,425,500,437,60
321.2281,36383,432,425,501,437,59
321.2544,36384,430,424,500,436,58
321.2789,36385,430,424,500,436,58
321.3055,36386,435,425,501,437,61
321.3294,36387,435,425,501,437,61
321.3578,36388,431,425,500,437,58
321.3843,36389,428,425,500,437,57
321.4097,36390,428,425,500,437,57
321.4352,36391,428,424,500,436,57
321.4600,36392,426,424,500,436,56
321.4856,36393,426,424,500,436,56
321.5126,36394,428,424,500,437,58
321.5375,36395,429,425,500,437,57
321.5642,36396,430,425,500,437,57
321.5890,36397,428,425,500,437,57
321.6145,36398,428,425,500,437,57
321.6413,36399,429,425,501,437,58
321.6666,36400,430,425,501,437,58
321.6921,36401,430,425,501,437,58
321.7191,36402,432,425,501,437,59
321.7458,36403,434,425,501,437,60
321.7708,36404,430,425,501,437,58
321.7966,36405,430,425,501,437,59
321.8227,36406,430,425,501,437,59
321.8494,36407,436,426,501,437,60
321.8793,36408,434,426,502,437,60
321.9023,36409,432,426,501,437,59
321.9272,36410,431,427,502,437,60
321.9523,36411,431,427,502,437,60
321.9796,36412,432,426,502,438,61
322.0054,36413,435,427,502,437,61
322.0309,36414,435,427,502,437,61
322.0586,36415,433,426,502,438,60
322.0824,36416,434,427,502,437,59
322.1096,36417,421,426,501,438,60
322.1352,36418,431,426,501,438,60
322.1614,36419,431,426,501,438,60
322.1887,36420,430,426,502,438,60
322.2122,36421,432,427,502,438,61
322.2391,36422,429,426,502,438,61
322.2642,36423,421,426,501,438,60
322.2892,36424,423,426,501,438,60
322.3174,36425,423,426,501,438,60
322.3424,36426,431,427,502,438,61
322.3684,36427,431,427,502,438,61
322.3962,36428,432,427,502,438,61
322.4219,36429,432,426,502,438,60
322.4472,36430,432,426,502,438,60
322.4725,36431,432,427,502,438,61
322.4983,36432,430,427,502,438,61
322.5248,36433,430,427,502,438,61
322.5491,36434,432,426,502,438,61
322.5766,36435,424,426,501,438,62
322.6001,36436,430,426,502,438,61
322.6262,36437,432,426,502,438,61
322.6531,36438,432,426,502,438,61
322.6783,36439,423,426,502,438,61
322.7033,36440,423,426,502,438,61
322.7288,36441,421,426,502,438,61
322.7565,36442,420,426,502,438,61
322.7811,36443,432,426,502,438,61
322.8052,36444,420,426,502,438,63
322.8326,36445,420,426,502,438,63
322.8593,36446,420,426,502,438,63
322.8840,36447,420,426,502,438,63
322.9082,36448,435,426,502,438,61
322.9345,36449,420,426,502,438,62
322.9600,36450,420,426,502,438,62
322.9871,36451,426,426,502,438,62
323.0121,36452,424,426,502,438,62
323.0384,36453,424,426,502,438,62
323.0647,36454,420,426,502,438,63
323.0912,36455,422,426,502,438,63
323.1159,36456,424,426,502,438,63
323.1429,36457,427,426,502,438,63
323.1666,36458,427,426,502,438,63
323.1954,36459,427,426,502,438,63
323.2212,36460,425,426,502,438,63
323.2453,36461,426,426,502,438,63
323.2711,36462,426,426,502,438,63
323.2982,36463,426,426,502,438,63
323.3252,36464,429,426,502,438,64
323.3501,36465,426,426,502,438,63
323.3769,36466,424,426,502,438,64
323.4040,36467,424,426,502,438,64
323.4304,36468,427,426,502,438,62
323.4559,36469,425,425,502,439,64
323.4798,36470,435,427,503,439,64
323.5061,36471,429,426,502,439,65
323.5320,36472,429,426,502,439,65
323.5578,36473,427,425,502,439,64
323.5852,36474,436,427,503,439,63
323.6086,36475,436,427,503,439,64
323.6349,36476,436,427,503,439,64
323.6622,36477,436,427,503,439,64
323.6882,36478,436,427,502,439,65
323.7129,36479,437,427,503,439,64
323.7419,36480,437,427,503,439,64
323.7694,36481,433,426,503,438,62
323.7928,36482,435,427,503,439,63
323.8193,36483,429,425,502,439,64
323.8444,36484,437,426,502,439,64
323.8711,36485,437,426,502,439,64
323.8971,36486,424,425,502,439,64
323.9225,36487,419,425,502,439,65
323.9484,36488,422,425,502,439,63
323.9755,36489,421,425,502,439,63
323.9988,36490,421,425,502,439,63
324.0256,36491,424,426,502,439,62
324.0515,36492,424,426,502,439,62
324.0769,36493,424,426,502,439,62
324.1054,36494,421,426,502,439,62
324.1289,36495,419,426,502,439,65
324.1543,36496,418,425,502,439,65
324.1800,36497,417,425,502,439,66
324.2066,36498,417,425,502,439,66
324.2317,36499,418,426,502,439,63
324.2602,36500,420,426,502,439,59
324.2833,36501,421,427,502,439,63
324.3094,36502,427,427,502,439,62
324.3349,36503,427,427,502,439,62
324.3613,36504,421,426,502,439,65
324.3859,36505,423,426,502,440,64
324.4129,36506,423,426,502,440,64
324.4372,36507,429,426,502,440,64
324.4644,36508,422,426,502,440,66
324.4901,36509,424,426,502,440,63
324.5163,36510,428,426,502,440,64
324.5413,36511,428,426,502,440,64
324.5704,36512,430,426,502,440,65
324.5940,36513,430,426,502,440,66
324.6196,36514,426,426,502,440,66
324.6442,36515,428,426,502,440,65
324.6696,36516,428,426,502,440,65
324.6972,36517,422,426,502,440,67
324.7230,36518,423,426,501,440,67
324.7485,36519,423,426,501,440,67
324.7759,36520,422,426,501,440,67
324.8029,36521,420,426,502,440,67
324.8276,36522,420,426,502,440,65
324.8521,36523,420,426,502,440,64
324.8788,36524,420,426,502,440,64
324.9054,36525,423,427,503,439,60
324.9318,36526,429,428,502,440,61
324.9566,36527,435,428,503,440,58
324.9821,36528,434,428,503,439,55
325.0079,36529,434,428,503,439,55
325.0344,36530,430,427,503,439,56
325.0593,36531,436,428,503,440,54
325.0859,36532,436,428,503,440,54
325.1120,36533,426,427,503,439,54
325.1375,36534,424,427,503,439,56
325.1632,36535,424,427,503,439,56
325.1894,36536,430,427,503,439,56
325.2151,36537,430,427,503,439,56
325.2418,36538,436,428,503,439,55
325.2674,36539,428,427,503,439,54
325.2918,36540,432,427,504,439,55
325.3179,36541,428,427,503,439,54
325.3430,36542,428,427,503,439,54
325.3716,36543,435,428,504,439,56
325.3968,36544,434,427,504,439,56
325.4232,36545,428,427,503,439,53
325.4495,36546,428,427,503,439,53
325.4742,36547,427,427,503,439,54
325.5016,36548,431,427,504,439,53
325.5248,36549,437,428,504,439,54
325.5510,36550,437,428,504,439,54
325.5767,36551,438,428,504,439,54
325.6021,36552,434,428,504,439,54
325.6282,36553,438,428,504,439,54
325.6547,36554,435,427,504,439,56
325.6790,36555,435,427,504,439,56
325.7073,36556,434,427,504,439,54
325.7330,36557,438,428,504,438,53
325.7586,36558,436,427,504,439,54
325.7850,36559,436,427,504,439,54
325.8111,36560,438,428,504,439,54
325.8371,36561,434,428,504,439,53
325.8616,36562,435,428,504,439,55
325.8871,36563,435,428,504,439,55
325.9151,36564,435,428,504,439,54
325.9408,36565,432,428,504,439,53
325.9670,36566,432,428,504,439,52
325.9919,36567,428,428,503,438,52
326.0161,36568,424,426,504,438,53
326.0422,36569,424,426,504,438,53
326.0691,36570,434,428,504,439,52
326.0950,36571,427,427,503,439,51
326.1213,36572,427,427,503,439,51
326.1466,36573,434,428,504,438,50
326.1737,36574,436,429,504,439,50
326.1997,36575,433,428,504,439,52
326.2261,36576,433,428,504,439,52
326.2525,36577,431,427,503,439,53
326.2784,36578,426,427,503,439,52
326.3053,36579,429,427,503,439,51
326.3294,36580,426,427,503,439,53
326.3560,36581,424,427,504,439,53
326.3822,36582,424,427,504,439,53
326.4085,36583,424,427,504,439,53
326.4352,36584,428,427,504,439,54
326.4595,36585,428,427,504,439,54
326.4863,36586,427,427,504,439,53
326.5122,36587,424,427,504,439,49
326.5375,36588,430,427,504,439,52
326.5623,36589,426,427,504,439,50
326.5894,36590,426,427,504,439,50
326.6160,36591,432,428,504,439,50
326.6422,36592,428,428,503,440,51
326.6668,36593,428,427,504,439,52
326.6920,36594,428,427,504,439,52
326.7180,36595,428,427,504,439,52
326.7449,36596,424,427,503,439,54
326.7698,36597,430,428,503,440,51
326.7961,36598,430,428,503,440,51
326.8213,36599,424,427,503,439,52
326.8478,36600,428,427,504,439,53
326.8725,36601,424,427,504,439,51
326.8986,36602,424,426,503,440,52
326.9248,36603,424,426,503,440,52
326.9530,36604,421,425,503,439,52
326.9791,36605,420,425,503,439,52
327.0059,36606,419,424,503,440,54
327.0308,36607,419,422,503,440,53
327.0564,36608,419,422,503,440,53
327.0824,36609,424,426,503,440,52
327.1088,36610,426,427,503,439,49
327.1594,36611,426,427,503,439,50
327.1764,36612,426,427,503,439,50
327.1938,36613,426,426,503,440,51
327.2139,36614,426,427,503,439,50
327.2382,36615,426,427,503,439,50
327.2633,36616,426,427,503,439,50
327.2897,36617,428,428,503,440,46
327.3154,36618,435,428,504,440,49
327.3431,36619,430,427,504,439,49
327.3670,36620,435,428,504,440,46
327.3920,36621,435,428,504,440,46
327.4201,36622,435,428,504,440,51
327.4457,36623,429,428,503,440,50
327.4716,36624,427,427,503,439,50
327.4972,36625,427,427,503,439,50
327.5240,36626,424,425,503,439,49
327.5512,36627,428,427,503,439,50
327.5750,36628,434,428,504,440,48
327.6009,36629,434,428,504,440,48
327.6269,36630,434,428,504,440,49
327.6533,36631,434,428,504,440,49
327.6786,36632,435,428,504,440,50
327.7055,36633,427,427,503,439,51
327.7312,36634,434,428,504,440,49
327.7584,36635,434,428,504,440,49
327.7840,36636,432,428,503,440,49
327.8089,36637,436,428,504,440,51
327.8340,36638,436,428,504,440,51
327.8609,36639,438,429,504,440,50
327.8858,36640,434,429,503,440,48
327.9113,36641,432,428,504,440,50
327.9361,36642,432,428,504,440,50
327.9623,36643,433,428,504,440,49
327.9912,36644,436,429,504,440,46
328.0136,36645,434,429,503,439,46
328.0399,36646,434,429,503,439,46
328.0659,36647,433,429,504,440,47
328.0923,36648,433,429,504,440,47
328.1198,36649,433,429,504,440,47
328.1431,36650,433,429,503,440,44
328.1698,36651,433,429,503,440,44
328.1973,36652,430,430,503,440,38
328.2230,36653,428,429,503,439,44
328.2483,36654,428,429,503,439,39
328.2753,36655,433,430,503,440,34
328.2997,36656,433,430,503,440,34
328.3254,36657,429,430,503,440,39
328.3522,36658,429,430,502,440,36
328.3769,36659,420,425,502,440,47
328.4019,36660,432,430,503,440,40
328.4284,36661,432,430,503,440,40
328.4543,36662,432,430,503,440,40
328.4797,36663,426,428,503,440,44
328.5073,36664,426,428,503,440,44
328.5326,36665,426,428,503,441,47
328.5592,36666,419,423,503,441,58
328.5824,36667,418,422,503,441,54
328.6083,36668,418,422,503,441,55
328.6352,36669,418,422,503,441,55
328.6610,36670,418,423,503,441,54
328.6871,36671,417,421,503,441,55
328.7129,36672,417,421,503,441,60
328.7370,36673,416,420,503,441,61
328.7633,36674,416,420,503,441,61
328.7909,36675,418,421,503,441,58
328.8173,36676,416,420,503,441,63
328.8426,36677,416,420,503,441,63
328.8687,36678,416,420,503,441,63
328.8965,36679,417,420,503,442,64
328.9197,36680,418,422,503,442,64
328.9450,36681,417,421,503,441,60
328.9720,36682,417,421,503,441,60
328.9990,36683,418,422,503,442,63
329.0249,36684,417,420,503,442,67
329.0498,36685,416,420,503,442,65
329.0755,36686,416,420,503,442,65
329.1029,36687,415,418,503,442,67
329.1268,36688,417,420,503,442,64
329.1539,36689,418,422,504,442,62
329.1791,36690,419,423,504,442,58
329.2062,36691,419,423,504,442,58
329.2325,36692,418,422,504,442,57
329.2574,36693,418,422,504,442,62
329.2820,36694,417,420,503,442,69
329.3078,36695,417,420,503,442,69
329.3342,36696,417,420,504,442,67
329.3608,36697,418,420,504,442,68
329.3866,36698,419,421,503,443,67
329.4113,36699,418,423,504,443,63
329.4378,36700,418,423,504,443,63
329.4632,36701,418,422,503,442,61
329.4896,36702,419,424,504,442,54
329.5143,36703,418,421,504,443,63
329.5411,36704,418,421,504,443,63
329.5668,36705,420,421,504,443,61
329.5915,36706,420,421,504,443,64
329.6171,36707,420,421,504,443,64
329.6433,36708,419,421,504,443,64
329.6691,36709,420,421,504,443,62
329.6965,36710,418,420,504,443,66
329.7211,36711,420,421,504,443,62
329.7464,36712,418,420,504,443,66
329.7723,36713,418,420,504,443,66
329.7994,36714,419,421,504,443,62
329.8257,36715,419,420,504,443,68
329.8512,36716,418,419,504,443,70
329.8770,36717,418,419,504,443,70
329.9025,36718,418,420,504,444,72
329.9279,36719,418,419,504,443,69
329.9545,36720,418,421,504,443,66
329.9801,36721,418,421,504,443,66
330.0072,36722,418,420,504,444,68
330.0333,36723,420,422,505,444,67
330.0575,36724,419,422,505,444,69
330.0823,36725,418,421,505,443,68
330.1086,36726,418,421,505,443,68
330.1352,36727,418,422,505,444,63
330.1618,36728,418,421,505,444,69
330.1869,36729,419,421,505,444,68
330.2130,36730,419,421,505,444,68
330.2400,36731,418,420,505,444,71
330.2642,36732,419,420,505,444,69
330.2909,36733,419,421,506,445,69
330.3163,36734,419,421,506,445,69
330.3411,36735,420,423,506,445,68
330.3688,36736,419,422,505,444,70
330.3940,36737,419,421,506,445,70
330.4196,36738,419,421,506,445,70
330.4470,36739,419,421,506,445,71
330.4723,36740,419,422,506,444,69
330.4979,36741,419,422,506,444,69
330.5242,36742,419,421,506,445,71
330.5477,36743,419,421,506,445,70
330.5755,36744,419,421,506,445,70
330.5999,36745,419,420,506,444,71
330.6253,36746,419,420,506,444,71
330.6528,36747,418,419,505,445,74
330.6785,36748,418,419,505,445,73
330.7042,36749,418,419,505,445,75
330.7298,36750,416,420,505,446,74
330.7558,36751,416,420,505,446,74
330.7815,36752,416,419,506,445,75
330.8063,36753,418,420,505,446,75
330.8336,36754,419,420,505,446,74
330.8580,36755,417,420,506,446,75
330.8831,36756,418,420,505,446,74
330.9099,36757,418,420,505,446,74
330.9352,36758,417,420,505,446,74
330.9606,36759,417,420,505,446,74
330.9874,36760,417,420,505,446,74
331.0141,36761,418,420,505,446,75
331.0397,36762,418,420,505,446,75
331.0643,36763,418,421,506,446,74
331.0921,36764,418,421,505,446,73
331.1166,36765,418,421,505,446,73
331.1420,36766,417,421,505,446,74
331.1689,36767,418,421,506,447,75
331.1933,36768,418,421,506,447,74
331.2212,36769,417,421,506,447,75
331.2472,36770,417,421,506,447,75
331.2732,36771,419,421,505,447,75
331.2974,36772,419,422,506,447,74
331.3238,36773,419,422,506,447,74
331.3533,36774,417,421,506,447,74
331.3766,36775,417,421,506,447,75
331.4010,36776,418,422,506,448,74
331.4261,36777,419,421,505,447,74
331.4530,36778,419,421,505,447,74
331.4783,36779,418,421,505,447,74
331.5050,36780,419,421,505,447,74
331.5309,36781,418,421,505,447,75
331.5556,36782,419,421,506,447,73
331.5800,36783,419,421,506,447,73
331.6058,36784,418,420,506,448,75
331.6321,36785,418,420,506,448,75
331.6586,36786,418,421,505,447,74
331.6837,36787,420,422,506,448,72
331.7083,36788,418,420,505,448,75
331.7351,36789,418,420,505,448,76
331.7597,36790,418,420,505,448,76
331.7878,36791,418,420,506,448,77
331.8130,36792,418,420,506,448,76
331.8389,36793,419,420,506,449,78
331.8647,36794,419,421,506,449,77
331.8898,36795,419,421,506,449,77
331.9159,36796,418,421,506,449,76
331.9422,36797,418,421,506,449,76
331.9668,36798,418,421,506,449,76
331.9923,36799,419,421,506,449,76
332.0198,36800,419,422,506,450,74
332.0441,36801,419,422,506,450,74
332.0700,36802,419,421,505,449,75
332.0957,36803,419,421,505,449,75
332.1213,36804,419,420,505,450,75
332.1485,36805,418,421,506,449,75
332.1724,36806,419,421,506,449,75
332.1986,36807,419,421,506,449,74
332.2247,36808,419,421,506,449,74
332.2513,36809,419,421,506,449,75
332.2758,36810,419,422,506,450,73
332.3021,36811,419,422,506,450,73
332.3286,36812,420,422,506,450,73
332.3550,36813,419,421,506,449,76
332.3809,36814,419,421,506,449,76
332.4065,36815,420,422,506,450,74
332.4309,36816,420,422,506,450,74
332.4578,36817,420,422,506,450,74
332.4835,36818,419,422,506,450,72
332.5081,36819,419,420,505,450,74
332.5341,36820,420,421,505,449,75
332.5586,36821,420,421,505,449,75
332.5865,36822,419,420,506,449,76
332.6133,36823,418,419,506,449,73
332.6385,36824,418,419,506,449,73
332.6669,36825,418,419,506,449,75
332.6915,36826,418,418,506,448,73
332.7173,36827,419,418,506,448,74
332.7422,36828,420,418,506,448,74
332.7676,36829,420,418,506,448,74
332.7940,36830,421,418,506,448,74
332.8196,36831,420,417,506,448,73
332.8451,36832,420,416,506,448,73
332.8710,36833,420,416,506,448,73
332.8961,36834,420,416,506,448,73
332.9238,36835,423,420,505,448,68
332.9480,36836,423,419,505,447,71
332.9743,36837,423,419,505,447,71
333.0018,36838,426,421,505,447,64
333.0261,36839,426,421,505,447,64
333.0519,36840,425,423,506,447,61
333.0774,36841,426,422,505,446,68
333.1031,36842,426,422,505,446,68
333.1293,36843,426,422,505,446,62
333.1564,36844,426,424,506,446,57
333.1818,36845,425,421,505,446,61
333.2074,36846,426,422,505,446,67
333.2320,36847,426,422,505,446,67
333.2598,36848,426,422,505,446,67
333.2849,36849,427,428,506,446,59
333.3110,36850,427,428,506,446,59
333.3389,36851,426,427,505,447,58
333.3639,36852,431,432,506,446,51
333.3898,36853,432,432,506,446,53
333.4146,36854,432,431,506,446,52
333.4422,36855,432,431,506,446,52
333.4669,36856,431,432,506,446,56
333.4932,36857,431,431,505,446,55
333.5200,36858,433,432,505,446,55
333.5454,36859,426,426,505,446,58
333.5701,36860,426,428,505,446,58
333.5959,36861,426,428,505,446,58
333.6212,36862,431,432,506,446,59
333.6486,36863,431,432,506,446,59
333.6754,36864,431,432,506,446,59
333.7012,36865,434,433,506,446,55
333.7289,36866,432,432,506,446,56
333.7553,36867,426,428,506,446,56
333.7798,36868,432,432,506,446,56
333.8067,36869,432,432,506,446,56
333.8316,36870,433,433,506,446,54
333.8589,36871,433,432,506,446,55
333.8833,36872,436,433,505,445,52
333.9096,36873,424,423,505,445,57
333.9343,36874,424,423,505,445,57
333.9601,36875,434,432,506,445,55
333.9849,36876,434,432,506,445,55
334.0143,36877,433,432,506,446,55
334.0387,36878,428,427,505,445,54
334.0648,36879,426,424,506,444,59
334.0901,36880,435,432,506,445,57
334.1158,36881,426,427,506,445,56
334.1412,36882,426,427,506,445,56
334.1675,36883,432,432,506,446,58
334.1931,36884,428,427,506,445,59
334.2183,36885,426,427,506,445,60
334.2442,36886,428,428,506,444,58
334.2711,36887,428,428,506,444,58
334.2954,36888,427,425,504,444,59
334.3219,36889,425,422,503,444,55
334.3484,36890,425,422,503,444,55
334.3751,36891,424,422,503,444,57
334.3995,36892,423,421,502,445,60
334.4262,36893,424,421,502,445,61
334.4511,36894,428,427,506,445,57
334.4773,36895,428,427,506,445,57
334.5037,36896,429,428,506,444,55
334.5293,36897,436,431,506,445,55
334.5562,36898,424,422,500,444,54
334.5812,36899,436,431,506,445,55
334.6065,36900,436,431,506,445,55
334.6335,36901,436,431,507,445,56
334.6589,36902,434,430,507,444,56
334.6857,36903,434,430,507,444,56
334.7128,36904,428,428,506,444,57
334.7394,36905,424,422,503,444,57
334.7644,36906,424,422,503,444,61
334.7892,36907,424,422,502,445,64
334.8151,36908,424,422,502,445,64
334.8408,36909,424,421,502,445,66
334.8670,36910,423,421,501,445,59
334.8910,36911,424,421,502,445,61
334.9159,36912,430,427,507,445,56
334.9419,36913,430,427,507,445,56
334.9672,36914,424,422,502,444,60
334.9951,36915,426,426,505,444,59
335.0196,36916,426,426,505,444,59
335.0461,36917,424,422,503,444,65
335.0732,36918,424,422,504,444,65
335.0967,36919,423,421,502,444,62
335.1232,36920,424,422,504,444,65
335.1481,36921,424,422,504,444,65
335.1752,36922,426,424,507,444,62
335.1997,36923,423,422,504,444,64
335.2254,36924,426,425,507,444,61
335.2506,36925,424,423,504,444,62
335.2766,36926,424,423,504,444,62
335.3032,36927,424,423,504,445,66
335.3284,36928,423,422,504,444,64
335.3557,36929,423,422,504,444,64
335.3852,36930,423,422,503,444,61
335.4092,36931,427,425,507,444,58
335.4341,36932,426,425,507,445,61
335.4581,36933,427,425,507,444,59
335.4846,36934,427,425,507,444,59
335.5111,36935,426,425,507,445,62
335.5381,36936,424,422,504,444,63
335.5608,36937,423,422,503,444,63
335.5873,36938,423,422,504,444,63
335.6129,36939,423,422,504,444,63
335.6422,36940,423,422,505,444,62
335.6642,36941,426,425,508,443,61
335.6922,36942,426,425,508,443,61
335.7174,36943,425,424,507,444,62
335.7427,36944,423,422,504,444,62
335.7667,36945,423,423,504,444,64
335.7922,36946,423,423,504,444,64
335.8186,36947,423,422,505,444,66
335.8441,36948,423,422,504,444,65
335.8711,36949,423,422,505,444,65
335.8948,36950,423,422,504,444,62
335.9217,36951,423,422,504,444,62
335.9471,36952,424,424,502,444,62
335.9741,36953,424,424,504,444,61
336.0008,36954,424,424,505,444,60
336.0263,36955,424,424,505,444,60
336.0527,36956,424,424,505,444,60
336.0781,36957,426,426,508,444,59
336.1022,36958,427,426,508,444,58
336.1278,36959,427,426,508,444,58
336.1572,36960,428,426,508,444,56
336.1836,36961,426,426,508,444,59
336.2093,36962,425,426,508,444,60
336.2335,36963,425,425,508,444,61
336.2583,36964,426,426,509,444,61
336.2858,36965,426,426,509,444,61
336.3109,36966,425,425,509,444,63
336.3360,36967,429,427,510,445,63
336.3614,36968,425,425,509,445,65
336.3884,36969,425,425,509,445,65
336.4142,36970,429,428,510,446,64
336.4397,36971,424,424,506,446,63
336.4661,36972,429,428,510,446,64
336.4919,36973,429,428,510,446,64
336.5173,36974,429,427,510,446,65
336.5443,36975,429,427,510,445,65
336.5709,36976,428,427,510,445,66
336.5970,36977,428,427,510,445,66
336.6212,36978,428,427,510,445,66
336.6464,36979,428,427,509,445,65
336.6737,36980,428,427,509,445,65
336.6969,36981,428,426,510,446,66
336.7245,36982,428,426,510,446,66
336.7493,36983,428,426,510,446,66
336.7750,36984,425,424,505,444,65
336.8008,36985,427,425,508,445,62
336.8264,36986,427,425,508,445,62
336.8545,36987,427,425,508,445,62
336.8789,36988,430,427,510,445,65
336.9040,36989,428,424,508,444,61
336.9297,36990,435,428,510,446,64
336.9561,36991,435,428,510,446,64
336.9807,36992,434,428,510,446,65
337.0082,36993,426,424,509,444,64
337.0333,36994,435,428,510,446,65
337.0590,36995,435,428,510,446,65
337.0844,36996,430,426,510,446,64
337.1093,36997,431,427,510,445,63
337.1342,36998,431,427,510,445,63
337.1609,36999,430,427,510,445,65
337.1873,37000,430,427,510,445,64
337.2120,37001,426,424,509,444,63
337.2371,37002,426,424,509,444,63
337.2633,37003,426,424,509,444,63
337.2885,37004,430,427,510,445,65
337.3145,37005,430,426,511,446,65
337.3423,37006,428,426,510,446,66
337.3665,37007,431,427,510,445,64
337.3928,37008,431,427,510,445,64
337.4167,37009,429,427,510,445,66
337.4430,37010,430,427,510,445,65
337.4708,37011,430,427,510,445,65
337.4964,37012,430,427,510,445,65
337.5222,37013,429,427,510,445,67
337.5483,37014,430,427,510,445,65
337.5741,37015,431,427,510,445,63
337.5995,37016,431,427,510,445,63
337.6252,37017,430,427,510,445,65
337.6523,37018,430,427,510,445,65
337.6781,37019,432,428,511,444,64
337.7033,37020,433,428,511,444,64
337.7312,37021,433,428,511,444,64
337.7559,37022,429,427,511,444,64
337.7794,37023,432,428,511,444,65
337.8050,37024,432,428,511,444,65
337.8323,37025,426,425,509,443,63
337.8579,37026,434,428,511,444,63
337.8830,37027,435,428,511,444,63
337.9082,37028,434,428,510,445,65
337.9351,37029,434,428,510,445,65
337.9609,37030,429,427,510,445,64
337.9869,37031,429,428,511,444,63
338.0132,37032,425,425,509,443,61
338.0431,37033,425,425,509,443,61
338.0691,37034,426,426,509,442,49
338.0942,37035,426,426,509,442,49
338.1186,37036,435,429,511,443,52
338.1457,37037,429,428,509,442,50
338.1723,37038,429,428,509,442,50
338.1991,37039,434,430,511,442,45
338.2248,37040,436,430,510,442,38
338.2494,37041,429,428,509,442,39
338.2751,37042,427,429,509,441,34
338.3009,37043,427,429,509,441,34
338.3282,37044,436,432,512,442,39
338.3540,37045,437,432,512,442,31
338.3791,37046,435,432,512,443,31
338.4042,37047,435,432,512,442,36
338.4298,37048,435,432,512,442,36
338.4567,37049,435,432,512,442,36
338.4813,37050,438,432,512,442,34
338.5093,37051,438,432,512,442,34
338.5344,37052,444,432,513,444,30
338.5602,37053,436,432,513,444,33
338.5852,37054,437,432,514,444,31
338.6116,37055,439,432,514,444,33
338.6368,37056,439,432,514,444,33
338.6627,37057,440,432,513,442,34
338.6892,37058,438,433,512,443,30
338.7150,37059,437,432,513,442,35
338.7408,37060,438,433,513,443,40
338.7664,37061,438,433,513,443,40
338.7925,37062,435,432,514,442,34
338.8172,37063,435,432,514,442,34
338.8434,37064,440,433,514,443,35
338.8701,37065,439,433,514,443,39
338.8967,37066,441,433,514,443,39
338.9239,37067,442,432,514,444,40
338.9467,37068,442,433,514,443,36
338.9743,37069,442,433,514,443,36
338.9998,37070,445,433,514,443,41
339.0257,37071,440,433,514,443,40
339.0518,37072,439,433,514,443,38
339.0764,37073,440,433,514,444,39
339.1046,37074,440,433,514,444,39
339.1284,37075,445,433,514,443,41
339.1544,37076,444,433,514,443,43
339.1808,37077,444,433,514,443,43
339.2058,37078,444,433,514,444,41
339.2327,37079,443,433,514,444,43
339.2578,37080,444,433,514,443,47
339.2823,37081,446,433,514,444,51
339.3088,37082,446,433,514,444,51
339.3346,37083,445,434,514,444,49
339.3610,37084,449,434,514,444,50
339.3876,37085,448,433,514,444,51
339.4118,37086,449,434,514,444,49
339.4378,37087,449,434,514,444,49
339.4629,37088,449,434,515,444,51
339.4883,37089,449,434,515,444,51
339.5151,37090,448,433,515,445,50
339.5397,37091,445,434,515,444,51
339.5668,37092,447,434,514,444,54
339.5922,37093,446,433,514,445,55
339.6182,37094,449,433,515,445,57
339.6439,37095,449,433,515,445,57
339.6718,37096,446,433,514,445,57
339.6971,37097,446,433,514,445,59
339.7232,37098,448,433,514,445,60
339.7464,37099,448,433,514,445,58
339.7727,37100,448,433,514,445,58
339.8001,37101,450,433,514,445,56
339.8242,37102,450,433,514,445,56
339.8519,37103,451,434,514,444,53
339.8774,37104,452,433,514,445,54
339.9054,37105,449,433,514,445,57
339.9296,37106,448,433,514,445,58
339.9556,37107,453,433,514,445,57
339.9807,37108,453,433,514,445,57
340.0072,37109,454,433,514,444,55
340.0336,37110,453,433,515,444,55
340.0601,37111,456,433,514,444,52
340.0855,37112,458,433,515,443,51
340.1100,37113,458,433,515,443,51
340.1382,37114,455,433,515,443,51
340.1614,37115,455,433,515,443,51
340.1890,37116,455,433,515,443,54
340.2140,37117,455,433,515,444,54
340.2418,37118,452,432,515,444,57
340.2670,37119,453,433,515,444,58
340.2918,37120,451,432,516,444,58
340.3189,37121,451,432,516,444,58
340.3456,37122,453,432,515,444,58
340.3724,37123,455,432,516,444,58
340.3983,37124,452,432,516,444,58
340.4234,37125,454,432,516,444,58
340.4486,37126,454,432,516,444,58
340.4756,37127,454,433,516,444,56
340.5009,37128,458,433,515,444,58
340.5273,37129,458,433,515,444,58
340.5541,37130,452,432,516,444,59
340.5789,37131,456,432,516,444,59
340.6054,37132,456,432,516,444,59
340.6292,37133,456,433,516,445,57
340.6568,37134,456,433,516,445,57
340.6823,37135,457,433,516,445,57
340.7092,37136,457,433,516,445,59
340.7338,37137,459,433,516,445,60
340.7709,37138,457,433,516,445,59
340.7961,37139,456,433,517,445,61
340.8213,37140,456,433,517,445,61
340.8463,37141,457,432,516,444,60
340.8728,37142,450,432,516,444,58
340.8972,37143,456,432,516,444,59
340.9244,37144,456,432,516,444,59
340.9518,37145,464,433,516,445,48
340.9767,37146,460,433,516,444,54
341.0022,37147,461,433,516,443,56
341.0264,37148,460,433,517,443,51
341.0540,37149,460,433,517,443,51
341.0787,37150,459,433,516,443,49
341.1058,37151,456,433,516,443,33
341.2083,37155,449,430,517,441,34
341.2330,37156,449,430,517,441,34
341.2593,37157,449,430,517,441,34
341.2846,37158,447,430,516,442,48
341.3119,37159,453,430,517,442,50
341.3370,37160,450,430,517,442,51
341.3623,37161,450,429,517,442,51
341.3882,37162,450,429,517,442,51
341.4132,37163,452,429,518,443,55
341.4410,37164,452,429,518,441,54
341.4641,37165,456,429,518,441,53
341.4909,37166,456,429,518,441,51
341.5163,37167,456,429,518,441,51
341.5425,37168,452,429,518,441,56
341.5674,37169,452,429,518,441,56
341.5940,37170,452,428,518,442,56
341.6195,37171,450,428,518,442,59
341.6450,37172,450,428,518,442,59
341.6712,37173,455,428,518,442,60
341.6979,37174,455,428,518,442,60
341.7249,37175,455,428,518,442,60
341.7493,37176,454,428,518,442,60
341.7781,37177,456,428,518,442,61
341.8038,37178,454,427,518,442,64
341.8278,37179,454,427,518,442,63
341.8540,37180,454,427,518,442,63
341.8796,37181,454,427,518,441,62
341.9075,37182,455,427,518,442,62
341.9313,37183,455,427,518,442,62
341.9582,37184,458,427,519,441,62
341.9819,37185,457,426,519,442,63
342.0079,37186,454,426,518,442,65
342.0340,37187,454,426,518,442,65
342.0611,37188,454,426,518,442,65
342.0864,37189,446,426,519,442,64
342.1132,37190,452,426,519,442,64
342.1401,37191,452,427,519,441,63
342.1649,37192,452,426,518,441,64
342.1910,37193,452,426,518,441,64
342.2162,37194,450,426,518,442,65
342.2423,37195,448,426,519,442,65
342.2680,37196,448,426,519,442,65
342.2937,37197,448,426,519,442,65
342.3220,37198,447,426,519,442,64
342.3475,37199,448,426,518,442,64
342.3727,37200,448,426,519,442,65
342.3964,37201,448,426,519,442,65
342.4231,37202,438,426,518,442,67
342.4478,37203,438,425,518,443,69
342.4743,37204,438,425,518,443,69
342.4994,37205,441,425,518,443,69
342.5262,37206,441,425,518,443,69
342.5529,37207,439,425,518,443,69
342.5776,37208,439,425,518,443,69
342.6051,37209,440,425,518,443,70
342.6297,37210,439,425,518,443,70
342.6577,37211,439,425,519,443,71
342.6811,37212,440,425,518,443,70
342.7068,37213,440,424,518,442,70
342.7318,37214,440,424,518,442,70
342.7585,37215,439,424,519,442,71
342.7851,37216,439,424,519,442,71
342.8081,37217,440,424,519,442,72
342.8336,37218,439,423,520,443,72
342.8598,37219,439,423,520,443,72
342.8874,37220,439,423,520,443,72
342.9117,37221,439,423,520,443,72
342.9414,37222,438,423,519,443,72
342.9649,37223,438,423,520,443,72
342.9908,37224,438,423,520,443,72
343.0163,37225,437,423,519,443,72
343.0425,37226,437,423,519,443,72
343.0684,37227,440,423,520,443,72
343.0935,37228,446,423,520,443,72
343.1198,37229,438,422,520,442,73
343.1449,37230,438,423,520,443,72
343.1713,37231,437,422,520,442,73
343.1969,37232,437,422,520,442,73
343.2221,37233,437,422,521,442,73
343.2487,37234,437,422,521,442,73
343.2751,37235,437,422,521,442,73
343.3008,37236,436,422,520,442,74
343.3269,37237,437,422,520,443,73
343.3522,37238,437,421,520,443,73
343.3782,37239,437,421,520,443,73
343.4044,37240,436,422,520,442,74
343.4296,37241,437,422,520,442,73
343.4576,37242,437,421,521,443,74
343.4810,37243,436,422,521,442,74
343.5070,37244,436,422,520,442,74
343.5331,37245,436,422,520,442,74
343.5587,37246,439,422,521,442,74
343.5845,37247,439,422,521,442,74
343.6120,37248,438,422,521,442,74
343.6397,37249,437,422,521,442,74
343.6656,37250,436,422,521,442,74
343.6912,37251,437,421,522,442,75
343.7165,37252,438,421,521,442,75
343.7422,37253,438,421,521,442,75
343.7694,37254,436,421,522,442,75
343.7942,37255,440,421,522,442,74
343.8219,37256,441,420,522,442,75
343.8458,37257,437,420,522,442,75
343.8739,37258,437,420,522,442,75
343.8980,37259,437,421,522,442,74
343.9244,37260,438,420,522,442,75
343.9498,37261,438,420,522,442,75
343.9757,37262,434,420,522,442,75
344.0022,37263,436,420,522,442,75
344.0272,37264,449,421,522,443,75
344.0524,37265,436,420,522,442,75
344.0791,37266,436,420,522,442,75
344.1045,37267,435,420,523,442,74
344.1324,37268,438,420,523,442,75
344.1566,37269,436,420,523,442,74
344.1809,37270,441,420,522,442,75
344.2081,37271,441,420,522,442,75
344.2339,37272,436,420,522,442,74
344.2597,37273,456,420,524,442,74
344.2857,37274,456,420,524,442,74
344.3115,37275,456,420,524,442,74
344.3384,37276,443,421,522,443,72
344.3630,37277,478,421,528,443,70
344.3884,37278,478,421,528,443,70
344.4140,37279,479,422,542,444,73
344.4413,37280,474,426,552,446,74
344.4685,37281,476,426,561,448,65
344.4924,37282,495,434,572,450,59
344.5172,37283,512,436,578,452,68
344.5440,37284,512,436,578,452,68
344.5711,37285,520,436,584,452,71
344.5956,37286,520,436,584,452,71
344.6231,37287,523,436,591,454,72
344.6459,37288,519,437,596,455,73
344.6735,37289,524,438,600,456,72
344.6981,37290,529,438,605,456,71
344.7242,37291,556,436,610,456,73
344.7496,37292,556,436,610,456,73
344.7757,37293,557,436,624,458,72
344.8010,37294,559,433,637,453,72
344.8273,37295,565,428,649,452,72
344.8832,37296,579,423,669,453,75
344.9083,37297,579,423,669,453,75
344.9351,37298,586,421,676,455,76
344.9613,37299,586,421,676,455,76
344.9870,37300,594,420,684,456,77
345.0149,37301,600,418,690,455,77
345.0372,37302,607,417,697,455,77
345.0645,37303,614,416,702,454,75
345.0896,37304,626,416,708,448,70
345.1159,37305,626,416,708,448,70
345.1423,37306,657,412,717,437,67
345.1683,37307,666,412,732,432,69
345.1935,37308,670,418,746,436,66
345.2200,37309,670,418,746,436,66
345.2446,37310,688,418,758,438,74
345.2716,37311,702,418,768,440,72
345.2963,37312,702,418,768,440,72
345.3239,37313,691,419,777,441,74
345.3480,37314,698,419,786,443,74
345.3748,37315,705,420,792,444,69
345.4002,37316,710,422,800,444,66
345.4255,37317,715,423,805,445,67
345.4515,37318,715,423,805,445,67
345.4780,37319,722,424,812,446,61
345.5044,37320,744,430,818,446,53
345.5287,37321,772,426,822,448,72
345.5287,37321,733,426,763,438,38
345.5576,37322,776,423,832,451,71
345.5576,37322,752,421,776,450,35
345.5808,37323,776,423,832,451,71
345.5808,37323,752,421,776,450,35
345.6079,37324,780,420,844,448,77
345.6326,37325,780,420,844,448,77
345.6594,37326,784,416,852,444,78
345.6848,37327,796,412,860,441,76
345.7120,37328,803,410,867,440,75
345.7357,37329,804,406,873,440,74
345.7620,37330,806,404,878,440,74
345.7874,37331,806,404,878,440,74
345.8142,37332,803,402,883,440,76
345.8408,37333,807,400,887,438,75
345.8650,37334,816,398,892,436,76
345.8910,37335,815,396,896,436,75
345.9173,37336,815,396,896,436,75
345.9440,37337,818,394,900,436,76
345.9712,37338,818,394,900,436,76
345.9966,37339,819,393,903,435,76
346.0232,37340,823,390,907,436,76
346.0499,37341,823,390,907,436,76
346.0732,37342,834,388,912,432,74
346.0994,37343,837,387,915,431,73
346.1254,37344,837,387,915,431,73
346.1509,37345,836,386,918,432,75
346.1771,37346,838,384,920,430,75
346.2020,37347,840,382,922,432,76
346.2272,37348,849,386,923,424,74
346.2535,37349,849,386,923,424,74
346.2795,37350,873,378,915,416,47
346.3070,37351,873,378,915,416,47
346.3322,37352,880,372,914,416,81
346.3580,37353,878,371,916,425,79
346.3852,37354,872,372,918,436,81
346.4096,37355,863,377,919,443,81
346.4362,37356,863,377,919,443,81
346.4634,37357,863,377,919,443,81
346.4879,37358,851,402,907,456,72
346.5130,37359,842,416,902,463,79
346.5381,37360,828,430,882,462,65
346.5634,37361,818,443,882,463,40
346.5885,37362,818,443,882,463,40
346.6164,37363,807,454,865,467,66
346.6410,37364,798,455,860,469,70
346.6674,37365,798,455,860,469,70
346.6943,37366,792,454,836,470,70
346.7209,37367,772,446,830,474,76
346.7444,37368,750,445,818,465,57
346.7721,37369,734,444,792,458,65
346.7957,37370,734,444,792,458,65
346.8230,37371,722,444,786,460,66
346.8482,37372,722,444,786,460,66
346.8737,37373,722,444,786,460,66
346.8996,37374,700,442,790,462,64
346.9262,37375,691,447,755,470,68
346.9525,37376,678,446,746,470,67
346.9775,37377,663,451,733,471,56
347.0043,37378,663,451,733,471,56
347.0309,37379,650,461,716,475,63
347.0584,37380,639,461,715,477,66
347.0829,37381,630,461,702,477,65
347.1073,37382,620,462,693,478,61
347.1348,37383,620,462,693,478,61
347.1601,37384,611,465,683,479,60
347.1854,37385,611,465,683,479,60
347.2122,37386,604,466,686,480,61
347.2390,37387,597,467,675,481,58
347.2650,37388,590,470,657,482,54
347.2909,37389,585,466,648,482,56
347.3161,37390,577,468,639,483,56
347.3428,37391,577,468,639,483,56
347.3691,37392,563,470,623,484,62
347.3945,37393,550,470,616,482,52
347.4212,37394,539,474,601,484,53
347.4470,37395,528,474,592,484,53
347.4728,37396,528,474,592,484,53
347.4984,37397,519,473,583,483,49
347.5253,37398,511,474,568,484,49
347.5497,37399,511,474,568,484,49
347.5772,37400,504,474,563,484,52
347.6015,37401,497,475,555,485,54
347.6260,37402,491,475,551,485,61
347.6523,37403,486,475,548,485,60
347.6782,37404,486,475,548,485,60
347.7034,37405,480,476,543,486,56
347.7300,37406,474,476,535,486,57
347.7545,37407,470,477,531,487,58
347.7803,37408,466,476,525,488,61
347.8052,37409,466,476,525,488,61
347.8319,37410,462,474,522,492,70
347.8567,37411,462,474,522,492,70
347.8851,37412,455,473,518,491,71
347.9117,37413,446,472,516,490,66
347.9389,37414,435,474,502,490,64
347.9389,37414,488,467,525,489,45
347.9636,37415,426,477,492,489,63
347.9636,37415,490,468,517,490,54
347.9912,37416,419,476,486,489,64
348.0146,37417,419,476,486,489,64
348.0415,37418,411,476,479,488,64
348.0679,37419,406,475,474,487,65
348.0920,37420,400,474,464,486,62
348.1189,37421,394,474,459,486,63
348.1433,37422,394,474,459,486,63
348.1701,37423,390,474,453,486,65
348.1945,37424,386,473,449,485,62
348.2219,37425,386,473,449,485,62
348.2482,37426,381,473,448,485,62
348.2737,37427,377,472,447,484,63
348.2993,37428,373,472,442,484,64
348.3245,37429,370,472,440,484,61
348.3494,37430,370,472,440,484,61
348.3767,37431,366,472,436,484,60
348.4021,37432,363,469,430,484,65
348.4289,37433,359,466,421,486,72
348.4546,37434,347,468,407,484,62
348.4788,37435,347,468,407,484,62
348.5053,37436,337,467,411,483,63
348.5329,37437,327,467,402,481,61
348.5582,37438,327,467,402,481,61
348.5854,37439,318,468,403,480,58
348.6110,37440,311,468,400,480,54
348.6345,37441,305,468,394,480,47
348.6609,37442,300,470,382,482,50
348.6879,37443,300,470,382,482,50
348.7125,37444,293,470,372,482,50
348.7399,37445,288,470,370,482,54
348.7639,37446,284,470,369,482,58
348.7920,37447,279,470,369,483,62
348.8158,37448,279,470,369,483,62
348.8434,37449,276,470,365,483,62
348.8680,37450,272,471,361,483,53
348.8938,37451,272,471,361,483,53
348.9223,37452,268,472,346,483,52
348.9491,37453,265,472,336,484,48
348.9739,37454,262,472,338,484,48
348.9995,37455,259,473,329,483,42
349.0778,37458,253,474,319,484,30
349.1048,37459,251,474,312,484,36
349.1292,37460,249,474,313,484,41
349.1552,37461,246,474,309,484,33
349.1796,37462,246,474,309,484,33
350.2394,37503,208,474,262,486,52
350.2660,37504,208,474,262,486,52
350.2927,37505,215,466,252,496,75
350.2927,37505,266,473,291,487,52
350.2927,37505,178,468,188,501,50
350.3188,37506,217,461,240,503,70
350.3188,37506,228,461,275,494,51
350.3442,37507,217,462,238,508,72
350.3694,37508,217,462,238,508,72
350.3958,37509,217,462,241,513,75
350.3958,37509,230,456,258,487,35
350.4222,37510,216,466,244,518,75
350.4222,37510,222,455,253,477,39
350.4484,37511,216,466,244,518,75
350.4484,37511,222,455,253,477,39
350.4734,37512,214,462,246,522,77
350.4980,37513,215,466,247,522,76
350.5239,37514,215,466,247,522,76
350.5518,37515,215,463,247,521,75
350.5768,37516,216,470,248,521,74
350.6033,37517,216,470,248,521,74
350.6287,37518,217,460,248,521,76
350.6530,37519,218,467,248,521,74
350.6792,37520,219,471,247,521,74
350.7051,37521,219,471,247,521,74
350.7309,37522,219,466,248,522,73
350.7574,37523,219,460,248,522,73
350.7826,37524,217,459,248,521,74
350.8072,37525,219,463,247,521,72
350.8334,37526,219,463,247,521,72
350.8594,37527,219,463,247,521,72
350.8853,37528,222,468,246,521,68
350.9102,37529,219,466,246,521,68
350.9364,37530,219,466,246,521,68
350.9630,37531,219,468,246,520,66
350.9884,37532,221,470,246,520,64
351.0152,37533,216,468,245,520,48
351.0389,37534,216,468,245,520,48
351.0931,37536,224,486,284,563,32
351.1190,37537,246,522,322,570,32
351.1951,37540,244,522,328,566,40
351.2211,37541,242,525,333,571,41
351.2456,37542,231,494,244,540,38
351.2712,37543,231,494,244,540,38
351.2980,37544,231,494,244,540,38
351.5311,37553,259,547,313,567,30
351.5575,37554,262,539,303,567,39
351.5824,37555,266,540,297,570,32
351.6083,37556,266,540,297,570,32
351.6352,37557,255,533,290,575,30
351.7373,37561,268,489,309,591,39
351.7632,37562,266,490,307,592,35
351.7899,37563,267,491,306,591,37
351.8147,37564,268,492,308,594,46
351.8397,37565,268,492,308,594,46
351.8672,37566,268,489,312,597,57
351.8934,37567,269,492,315,596,60
351.9193,37568,269,490,316,590,46
351.9434,37569,268,492,315,594,53
351.9712,37570,268,492,315,594,53
351.9968,37571,268,491,320,594,45
352.0738,37574,260,490,317,592,34
352.1000,37575,254,484,318,590,47
352.1265,37576,254,483,316,587,63
352.1519,37577,254,482,316,590,54
352.1782,37578,254,482,316,590,54
352.2040,37579,253,482,313,586,62
352.2296,37580,254,484,315,584,55
352.2563,37581,254,484,313,582,50
352.5379,37592,255,495,267,516,45
352.5646,37593,255,495,268,515,44
352.5896,37594,254,494,267,516,43
352.6161,37595,254,494,267,516,43
352.6433,37596,254,494,267,516,43
352.6684,37597,254,494,267,516,44
352.6931,37598,254,494,267,516,46
352.7184,37599,254,494,267,516,46
352.7462,37600,253,493,267,515,47
352.7709,37601,253,492,267,516,50
352.7971,37602,253,492,267,516,49
352.8236,37603,252,492,267,516,46
352.8484,37604,252,492,267,516,46
352.8761,37605,252,492,267,516,50
352.9015,37606,252,492,267,516,52
352.9289,37607,252,491,266,516,52
352.9540,37608,251,490,267,516,54
352.9796,37609,251,490,267,516,54
353.0076,37610,251,491,267,517,54
353.0320,37611,250,490,267,516,50
353.0567,37612,250,490,267,516,50
353.0843,37613,250,490,267,516,53
353.1095,37614,250,490,267,516,51
353.1354,37615,250,490,268,516,56
353.1602,37616,249,490,268,516,52
353.1877,37617,249,489,269,516,57
353.2130,37618,249,489,269,516,57
353.2384,37619,249,490,267,516,48
353.2650,37620,249,489,268,516,52
353.2896,37621,249,488,269,516,56
353.3159,37622,249,488,269,516,56
353.3413,37623,249,489,266,517,42
353.3669,37624,248,488,267,516,43
353.3933,37625,248,488,267,516,43
353.4200,37626,248,488,266,516,42
353.4468,37627,248,488,267,516,47
353.4731,37628,248,488,266,516,42
353.4961,37629,246,487,264,517,42
353.5230,37630,246,487,264,517,44
353.5488,37631,246,487,264,517,44
353.5744,37632,246,486,264,516,49
353.6029,37633,246,486,265,516,47
353.6283,37634,246,486,264,516,51
353.6539,37635,246,486,265,516,49
353.6809,37636,246,486,265,516,49
353.7064,37637,245,486,265,516,50
353.7309,37638,245,486,264,516,58
353.7562,37639,245,486,264,516,58
353.7839,37640,245,486,265,516,57
353.8091,37641,245,486,264,516,57
353.8343,37642,245,486,264,516,62
353.8619,37643,244,486,264,516,63
353.8869,37644,244,486,264,516,63
353.9140,37645,244,486,264,517,65
353.9410,37646,244,485,264,517,66
353.9646,37647,244,485,263,517,66
353.9907,37648,244,485,264,517,68
354.0161,37649,244,485,264,517,68
354.0411,37650,243,485,263,517,68
354.0665,37651,243,485,263,517,68
354.0932,37652,243,485,263,517,68
354.1195,37653,243,485,263,517,69
354.1452,37654,242,485,263,517,71
354.1698,37655,242,485,264,517,71
354.1967,37656,242,485,264,517,71
354.2221,37657,242,485,264,517,71
354.2482,37658,242,484,264,517,72
354.2739,37659,242,484,264,516,71
354.2993,37660,241,484,263,517,72
354.3254,37661,241,484,263,517,72
354.3510,37662,241,484,263,517,72
354.3782,37663,241,483,263,517,73
354.4040,37664,241,483,264,517,72
354.4296,37665,241,483,264,517,72
354.4579,37666,241,483,264,517,73
354.4834,37667,241,483,264,517,73
354.5086,37668,241,483,263,517,73
354.5341,37669,240,483,263,517,73
354.5581,37670,240,483,263,517,73
354.5851,37671,240,483,263,517,73
354.6109,37672,240,483,264,517,73
354.6366,37673,240,482,263,517,74
354.6617,37674,240,482,263,517,74
354.6878,37675,240,482,263,517,74
354.7129,37676,240,482,264,517,75
354.7381,37677,240,482,264,517,74
354.7654,37678,240,482,264,517,74
354.7917,37679,240,482,264,516,75
354.8167,37680,240,481,263,517,75
354.8424,37681,240,481,263,517,75
354.8691,37682,240,482,264,516,74
354.8932,37683,240,482,264,516,74
354.9207,37684,240,481,264,517,74
354.9464,37685,240,481,263,517,76
354.9719,37686,240,481,264,517,76
354.9965,37687,240,481,263,517,76
355.0220,37688,240,481,263,517,76
355.0482,37689,240,481,264,517,75
355.0738,37690,240,481,263,517,74
355.1002,37691,240,481,263,517,74
355.1256,37692,240,481,263,517,75
355.1532,37693,240,481,263,517,75
355.1762,37694,240,481,264,517,75
355.2028,37695,240,481,264,517,75
355.2282,37696,240,481,264,517,75
355.2539,37697,240,481,264,517,75
355.2815,37698,241,481,263,517,75
355.3070,37699,241,480,263,516,76
355.3318,37700,241,480,263,516,75
355.3577,37701,241,480,263,516,75
355.3831,37702,241,480,263,516,76
355.4112,37703,241,480,263,516,75
355.4350,37704,241,480,263,516,75
355.4611,37705,241,480,263,516,75
355.4894,37706,242,480,263,517,74
355.5148,37707,241,479,263,517,76
355.5390,37708,241,479,263,517,76
355.5648,37709,241,479,263,517,75
355.5922,37710,241,479,263,517,75
355.6171,37711,241,479,263,517,75
355.6431,37712,241,479,263,517,75
355.6694,37713,241,479,263,517,74
355.6951,37714,241,479,263,517,74
355.7210,37715,242,479,263,517,74
355.7472,37716,242,478,263,517,73
355.7741,37717,242,478,263,517,73
355.8001,37718,242,479,263,517,74
355.8252,37719,242,479,263,517,73
355.8510,37720,242,478,263,516,74
355.8760,37721,242,478,263,516,75
355.9029,37722,242,478,263,516,75
355.9291,37723,242,479,263,517,73
355.9552,37724,242,480,263,518,73
355.9809,37725,242,479,262,517,73
356.0069,37726,242,479,262,517,74
356.0322,37727,242,479,262,517,74
356.0566,37728,242,479,262,517,74
356.0824,37729,242,478,262,518,73
356.1107,37730,242,478,262,518,73
356.1360,37731,242,477,262,517,73
356.1626,37732,242,478,262,518,72
356.1871,37733,242,478,261,518,73
356.2121,37734,242,477,262,517,72
356.2380,37735,242,477,262,517,72
356.2646,37736,242,477,262,517,72
356.2899,37737,242,477,262,517,71
356.3160,37738,242,478,261,518,72
356.3410,37739,241,476,261,518,73
356.3663,37740,241,476,261,518,73
356.3925,37741,242,476,262,518,72
356.4183,37742,241,477,261,517,73
356.4439,37743,241,477,261,517,73
356.4708,37744,242,477,261,517,73
356.4960,37745,241,477,262,517,73
356.5222,37746,241,476,262,518,73
356.5466,37747,241,476,262,518,73
356.5729,37748,242,476,262,518,72
356.5990,37749,241,476,262,517,73
356.6251,37750,241,476,262,518,73
356.6492,37751,241,476,262,518,73
356.6746,37752,241,476,262,518,73
356.7011,37753,241,476,262,518,73
356.7276,37754,241,476,261,518,73
356.7531,37755,241,476,261,518,73
356.7793,37756,242,476,261,518,72
356.8048,37757,242,476,262,518,73
356.8298,37758,242,476,262,518,73
356.8545,37759,241,476,262,518,73
356.8808,37760,241,476,262,518,74
356.9092,37761,241,476,262,518,74
356.9369,37762,241,476,262,518,73
356.9613,37763,241,476,262,518,74
356.9881,37764,241,476,262,518,74
357.0123,37765,241,476,262,518,73
357.0409,37766,241,476,262,518,73
357.0656,37767,241,476,262,518,74
357.0921,37768,241,476,262,518,74
357.1187,37769,241,476,262,518,73
357.1446,37770,241,476,262,518,74
357.1712,37771,241,476,262,518,74
357.1981,37772,243,475,262,518,69
357.2224,37773,245,476,261,520,59
357.2492,37774,245,476,261,520,59
357.2752,37775,244,477,266,521,72
357.3032,37776,243,477,269,521,77
357.3274,37777,241,476,270,521,76
357.3532,37778,240,475,272,521,77
357.3771,37779,240,475,272,521,77
357.4059,37780,240,474,273,522,77
357.4289,37781,240,472,274,522,77
357.4567,37782,240,472,274,522,77
357.4823,37783,238,471,275,523,78
357.5075,37784,239,470,276,520,78
357.5332,37785,240,469,277,521,78
357.5582,37786,240,468,278,520,77
357.5852,37787,240,468,278,520,77
357.6122,37788,240,468,279,518,78
357.6380,37789,241,466,280,518,79
357.6646,37790,241,465,281,519,79
357.6890,37791,242,465,282,519,80
357.7142,37792,241,464,283,519,80
357.7408,37793,241,464,283,519,80
357.7679,37794,242,463,283,519,80
357.7926,37795,242,463,283,519,80
357.8199,37796,242,462,284,518,79
357.8461,37797,242,462,284,520,79
357.8725,37798,242,462,285,518,79
357.8965,37799,243,462,285,520,79
357.9231,37800,242,461,286,519,79
357.9493,37801,242,461,286,519,79
357.9745,37802,242,460,286,518,79
358.0022,37803,242,460,287,520,78
358.0253,37804,243,460,288,518,79
358.0509,37805,243,460,288,518,79
358.0778,37806,243,460,288,518,79
358.1032,37807,244,459,288,518,80
358.1298,37808,244,459,288,518,80
358.1566,37809,245,459,288,517,80
358.1821,37810,243,459,289,519,79
358.2084,37811,244,458,290,518,80
358.2339,37812,244,458,289,518,80
358.2583,37813,244,458,290,519,80
358.2858,37814,244,458,290,519,80
358.3115,37815,243,458,290,520,80
358.3380,37816,244,458,290,519,80
358.3645,37817,244,458,291,518,80
358.3892,37818,244,458,291,518,80
358.4165,37819,244,458,291,518,80
358.4421,37820,244,457,292,519,80
358.4691,37821,244,457,292,519,81
358.4951,37822,244,457,292,519,81
358.5218,37823,245,457,292,519,80
358.5471,37824,244,456,292,518,80
358.5744,37825,244,457,292,518,81
358.5991,37826,244,456,292,518,81
358.6261,37827,244,456,292,518,81
358.6531,37828,244,456,292,518,80
358.6792,37829,244,456,292,518,80
358.7043,37830,243,456,292,520,80
358.7310,37831,243,455,293,520,80
358.7562,37832,242,455,293,521,80
358.7831,37833,242,455,293,521,80
358.8080,37834,242,455,293,521,80
358.8349,37835,242,455,293,521,80
358.8597,37836,242,454,293,520,80
358.8872,37837,241,454,293,520,80
358.9132,37838,241,455,293,521,80
358.9388,37839,240,454,294,522,80
358.9629,37840,240,454,293,522,80
358.9893,37841,240,454,293,522,80
359.0159,37842,240,454,294,522,80
359.0422,37843,239,454,294,524,80
359.0677,37844,240,454,294,522,79
359.0926,37845,240,453,294,523,79
359.1182,37846,240,453,294,523,79
359.1451,37847,241,453,294,521,79
359.1714,37848,240,453,295,522,79
359.1980,37849,240,453,295,522,79
359.2220,37850,244,453,295,519,79
359.2491,37851,244,453,295,519,79
359.2734,37852,241,453,295,521,79
359.2995,37853,241,453,295,521,79
359.3260,37854,241,453,295,521,79
359.3527,37855,241,452,295,520,79
359.3780,37856,241,452,295,520,79
359.4062,37857,239,453,295,522,80
359.4292,37858,241,452,295,520,80
359.4555,37859,241,452,295,520,80
359.4807,37860,240,453,294,521,78
359.5071,37861,240,453,294,521,78
359.5344,37862,240,453,294,521,78
359.5607,37863,237,453,294,525,79
359.5858,37864,236,453,294,527,80
359.6118,37865,236,452,294,528,81
359.6360,37866,236,452,294,528,81
359.6629,37867,236,452,294,528,81
359.6900,37868,236,452,294,526,80
359.7173,37869,236,452,294,528,78
359.7418,37870,235,452,294,528,80
359.7671,37871,235,451,294,527,77
359.7931,37872,235,451,294,527,77
359.8211,37873,235,451,294,527,76
359.8441,37874,235,450,293,528,76
359.8709,37875,235,450,293,528,76
359.8962,37876,235,451,294,527,80
359.9235,37877,235,451,294,527,80
359.9476,37878,236,450,294,526,80
359.9739,37879,235,450,294,527,78
360.0001,37880,235,450,294,527,78
360.0248,37881,236,450,294,526,79
360.0515,37882,236,450,294,526,79
360.0773,37883,234,449,294,527,79
360.1017,37884,235,449,294,526,80
360.1294,37885,235,449,294,526,80
360.1541,37886,235,449,294,526,79
360.1810,37887,235,449,294,525,79
360.2050,37888,235,449,294,525,79
360.2318,37889,236,449,294,525,80
360.2571,37890,235,449,293,525,80
360.2834,37891,235,449,293,525,80
360.3082,37892,234,449,294,526,77
360.3344,37893,234,449,294,526,77
360.3613,37894,233,449,294,526,80
360.3865,37895,234,449,294,526,80
360.4121,37896,234,449,295,525,78
360.4385,37897,234,449,295,525,78
360.4633,37898,234,449,295,525,78
360.4913,37899,238,448,296,520,74
360.5160,37900,238,448,296,520,74
360.5425,37901,237,448,296,520,75
360.5680,37902,240,448,295,518,77
360.5933,37903,242,449,296,517,77
360.6212,37904,241,448,296,516,77
360.6485,37905,240,448,296,518,77
360.6749,37906,240,448,296,518,77
360.7007,37907,240,448,297,518,79
360.7254,37908,241,448,297,518,79
360.7524,37909,240,448,297,518,79
360.7757,37910,239,448,298,518,79
360.8026,37911,239,448,298,518,79
360.8282,37912,240,447,298,517,79
360.8559,37913,240,447,298,517,79
360.8810,37914,240,447,298,517,79
360.9072,37915,242,446,299,516,79
360.9332,37916,241,446,300,516,78
360.9579,37917,242,446,299,516,79
360.9845,37918,242,446,300,516,80
361.0107,37919,242,446,300,515,79
361.0356,37920,242,446,300,515,79
361.0620,37921,242,446,300,516,80
361.0883,37922,241,447,301,515,80
361.1132,37923,240,446,300,515,79
361.1387,37924,241,446,301,515,81
361.1655,37925,241,446,301,515,81
361.1908,37926,241,445,301,515,80
361.2172,37927,241,445,301,515,80
361.2441,37928,240,446,302,515,81
361.2725,37929,240,446,302,514,81
361.2966,37930,239,445,302,515,80
361.3232,37931,241,446,302,514,81
361.3482,37932,241,446,302,514,81
361.3749,37933,240,446,302,514,81
361.3997,37934,241,446,302,514,79
361.4249,37935,240,445,303,515,80
361.4522,37936,241,445,302,513,80
361.4770,37937,240,445,302,515,80
361.5031,37938,240,445,302,515,80
361.5296,37939,241,445,302,514,80
361.5538,37940,240,446,302,514,80
361.5810,37941,240,446,302,514,80
361.6064,37942,240,446,302,514,79
361.6335,37943,240,446,302,514,80
361.6591,37944,240,446,303,514,79
361.6850,37945,240,446,302,514,80
361.7091,37946,240,446,302,514,80
361.7360,37947,240,445,303,513,79
361.7609,37948,240,445,303,513,80
361.7882,37949,241,445,303,513,79
361.8122,37950,241,445,303,513,77
361.8391,37951,241,445,303,513,77
361.8638,37952,239,446,303,514,79
361.8910,37953,239,446,303,514,79
361.9153,37954,241,445,304,512,77
361.9433,37955,241,445,304,511,79
361.9682,37956,241,445,304,512,77
361.9928,37957,240,445,304,513,77
362.0193,37958,240,445,304,513,77
362.0461,37959,240,446,304,512,75
362.0707,37960,241,445,304,511,75
362.0976,37961,240,446,304,512,72
362.1230,37962,240,445,304,511,75
362.1492,37963,240,445,304,511,73
362.1754,37964,240,445,304,511,73
362.2021,37965,240,445,304,512,71
362.2267,37966,240,444,305,512,78
362.2542,37967,240,444,305,512,78
362.2792,37968,241,445,305,509,78
362.3063,37969,241,445,305,507,74
362.3297,37970,240,445,305,511,77
362.3571,37971,240,445,305,511,78
362.3821,37972,240,445,305,511,78
362.4078,37973,242,445,306,507,78
362.4341,37974,240,444,305,510,75
362.4601,37975,241,444,305,508,77
362.4861,37976,241,445,305,507,76
362.5115,37977,241,445,305,507,76
362.5388,37978,240,444,305,510,77
362.5638,37979,240,445,306,509,78
362.5891,37980,240,445,306,509,78
362.6155,37981,238,445,306,511,75
362.6421,37982,240,445,306,509,75
362.6694,37983,239,444,306,510,76
362.6942,37984,241,445,306,507,78
362.7210,37985,241,445,306,507,78
362.7467,37986,239,444,306,510,78
362.7726,37987,240,445,306,509,77
362.7974,37988,240,444,306,508,77
362.8249,37989,241,444,306,506,78
362.8497,37990,241,444,306,506,78
362.8780,37991,242,444,306,504,78
362.9021,37992,239,444,306,508,78
362.9292,37993,239,444,306,508,78
362.9540,37994,240,444,307,508,77
362.9800,37995,240,444,307,508,78
363.0048,37996,242,444,307,504,79
363.0321,37997,241,444,307,506,77
363.0562,37998,241,444,307,506,77
363.0852,37999,240,444,306,508,77
363.1111,38000,242,444,307,503,78
363.1375,38001,240,444,306,508,75
363.1611,38002,241,445,306,505,77
363.1873,38003,241,445,306,505,77
363.2130,38004,241,444,306,505,79
363.2392,38005,240,444,307,506,76
363.2641,38006,240,444,307,506,76
363.2910,38007,241,444,306,504,77
363.3161,38008,238,444,307,508,78
363.3420,38009,241,444,307,506,77
363.3678,38010,243,443,307,501,77
363.3935,38011,243,443,307,501,77
363.4216,38012,239,444,307,508,77
363.4470,38013,242,444,306,501,77
363.4743,38014,240,444,306,506,79
363.4990,38015,241,443,306,505,77
363.5240,38016,240,444,306,508,77
363.5512,38017,240,444,306,508,77
363.5765,38018,239,443,307,508,78
363.6027,38019,239,443,307,508,78
363.6291,38020,242,443,306,503,77
363.6551,38021,239,443,306,507,78
363.6811,38022,240,442,305,508,77
363.7069,38023,240,442,303,507,75
363.7309,38024,240,442,303,507,75
363.7582,38025,241,441,302,505,77
363.7840,38026,245,440,301,500,77
363.8109,38027,253,439,301,495,78
363.8362,38028,247,438,300,497,77
363.8607,38029,252,436,300,496,78
363.8875,38030,252,436,300,496,78
363.9156,38031,248,436,300,496,75
363.9440,38032,248,435,300,497,77
363.9690,38033,248,435,300,497,77
363.9943,38034,249,434,300,496,77
364.0195,38035,244,434,300,498,77
364.0459,38036,244,434,300,498,77
364.0727,38037,246,433,299,498,77
364.0978,38038,246,433,299,498,77
364.1257,38039,246,432,298,498,76
364.1510,38040,246,433,298,499,76
364.1760,38041,246,432,298,500,76
364.2021,38042,247,430,298,500,76
364.2281,38043,248,430,298,500,75
364.2546,38044,248,430,298,500,75
364.2796,38045,248,430,299,500,75
364.3070,38046,248,430,299,500,75
364.3308,38047,248,430,298,500,76
364.3582,38048,247,430,299,502,77
364.3834,38049,251,429,299,501,74
364.4083,38050,248,428,298,502,74
364.4346,38051,248,428,298,502,74
364.4614,38052,248,428,298,502,74
364.4883,38053,248,428,299,502,74
364.5129,38054,249,428,299,502,74
364.5394,38055,250,428,299,502,73
364.5642,38056,250,427,298,502,74
364.5909,38057,250,427,298,502,74
364.6147,38058,251,428,299,502,71
364.6417,38059,251,428,299,502,71
364.6693,38060,272,431,302,485,70
364.6943,38061,270,438,310,476,72
364.7211,38062,266,441,316,473,62
364.7460,38063,265,442,322,474,60
364.7719,38064,265,442,326,478,57
364.7970,38065,265,442,326,478,57
364.8241,38066,266,443,330,459,57
364.8241,38066,264,445,310,481,37
364.8510,38067,266,443,330,459,57
364.8510,38067,264,445,310,481,37
364.8753,38068,273,443,338,456,62
364.9028,38069,273,443,341,455,63
364.9272,38070,273,443,341,455,63
364.9542,38071,275,443,343,455,63
364.9784,38072,282,442,344,458,73
365.0062,38073,282,442,344,458,73
365.0323,38074,293,438,348,462,74
365.0592,38075,295,436,356,461,76
365.0843,38076,294,439,363,461,75
365.1085,38077,286,438,369,464,75
365.1339,38078,286,438,369,464,75
365.1611,38079,289,440,375,464,76
365.1871,38080,294,442,380,466,74
365.2130,38081,303,445,385,467,70
365.2384,38082,303,445,385,467,70
365.2673,38083,332,445,392,475,75
365.2928,38084,332,445,392,475,75
365.3190,38085,335,443,405,475,73
365.3454,38086,335,443,405,475,73
365.3711,38087,336,445,415,477,69
365.3979,38088,342,450,422,480,74
365.4242,38089,350,458,432,482,70
365.4490,38090,356,460,438,483,73
365.4749,38091,361,460,444,484,70
365.5011,38092,361,460,444,484,70
365.5257,38093,367,462,451,484,71
365.5524,38094,367,462,451,484,71
365.5789,38095,374,464,457,484,70
365.6051,38096,380,468,463,486,70
365.6308,38097,384,470,467,486,68
365.6556,38098,386,471,471,487,65
365.6808,38099,386,471,471,487,65
365.7079,38100,402,473,476,487,65
365.7338,38101,400,473,480,488,67
365.7610,38102,406,474,483,488,60
365.7869,38103,407,474,487,488,59
365.8110,38104,407,474,487,488,59
365.8378,38105,424,476,492,489,56
365.8645,38106,423,476,495,489,59
365.8891,38107,424,477,498,489,58
365.9153,38108,424,477,498,489,58
365.9431,38109,429,477,501,489,50
365.9664,38110,435,478,504,488,36
366.0948,38115,462,476,514,490,66
366.1218,38116,463,470,518,492,73
366.1468,38117,468,468,527,492,72
366.1720,38118,468,468,527,492,72
366.1972,38119,469,467,537,491,74
366.2239,38120,469,467,537,491,74
366.2491,38121,476,464,542,485,72
366.2759,38122,484,460,550,484,69
366.3007,38123,494,458,556,486,74
366.3256,38124,501,456,561,486,74
366.3523,38125,501,456,561,486,74
366.3807,38126,506,454,566,484,76
366.4053,38127,506,451,572,483,76
366.4327,38128,502,452,576,484,74
366.4590,38129,499,450,580,487,76
366.4838,38130,498,450,585,488,77
366.5099,38131,498,450,585,488,77
366.5361,38132,501,448,589,488,76
366.5622,38133,501,448,589,488,76
366.5892,38134,505,448,592,486,76
366.6143,38135,508,446,595,486,76
366.6410,38136,532,436,596,468,75
366.6730,38137,534,434,604,470,76
366.6993,38138,538,432,613,472,75
366.7253,38139,547,426,621,472,78
366.7509,38140,547,426,621,472,78
366.7782,38141,545,423,627,469,77
366.8041,38142,550,420,634,465,79
366.8301,38143,555,418,639,462,79
366.8575,38144,555,418,639,462,79
366.8816,38145,561,415,643,461,79
366.9088,38146,562,413,648,461,79
366.9325,38147,566,411,654,457,79
366.9590,38148,566,411,654,457,79
366.9861,38149,568,410,658,454,78
367.0120,38150,573,408,661,453,78
367.0360,38151,576,406,665,451,78
367.0634,38152,578,405,668,451,78
367.0877,38153,578,405,668,451,78
367.1148,38154,582,404,670,449,78
367.1408,38155,587,403,673,447,77
367.1663,38156,590,402,676,446,78
367.1928,38157,590,402,676,446,78
367.2189,38158,592,400,680,444,78
367.2435,38159,595,400,683,442,77
367.2709,38160,596,398,686,441,77
367.2950,38161,596,398,686,441,77
367.3231,38162,600,396,689,438,77
367.3490,38163,601,396,691,438,77
367.3745,38164,603,394,694,436,78
367.3999,38165,604,393,696,435,78
367.4245,38166,604,393,696,435,78
367.4520,38167,607,393,697,433,78
367.4790,38168,609,392,699,432,79
367.5020,38169,610,392,702,432,78
367.5297,38170,610,392,702,432,78
367.5559,38171,611,390,703,430,78
367.5810,38172,612,390,706,430,78
367.6066,38173,614,389,708,428,77
367.6318,38174,614,389,708,428,77
367.6576,38175,614,389,708,428,77
367.6854,38176,617,387,711,427,78
367.7118,38177,620,386,712,426,78
367.7375,38178,620,386,714,424,78
367.7620,38179,620,386,714,424,78
367.7892,38180,622,385,716,423,78
367.8142,38181,622,385,716,423,77
367.8404,38182,626,388,716,420,75
367.8666,38183,626,388,716,420,75
367.8934,38184,665,387,723,411,63
367.9189,38185,666,388,732,402,47
367.9440,38186,670,388,740,402,45
367.9701,38187,670,388,740,402,45
367.9982,38188,657,387,745,403,55
368.0251,38189,660,386,752,402,44
368.0525,38190,660,386,752,402,44
368.0777,38191,667,386,761,404,67
368.1042,38192,672,385,766,403,57
368.1300,38193,672,385,766,403,57
368.1555,38194,678,385,770,402,44
368.3112,38200,704,383,788,397,34
368.3386,38201,704,383,788,397,34
368.3642,38202,705,383,789,397,32
368.3899,38203,744,380,792,404,70
368.4170,38204,748,380,804,406,73
368.4420,38205,748,380,804,406,73
368.4691,38206,756,388,824,414,74
368.4929,38207,756,388,824,414,74
368.5193,38208,772,391,831,417,73
368.5430,38209,779,391,837,420,75
368.5707,38210,779,391,837,420,75
368.5982,38211,776,392,843,422,72
368.6233,38212,775,392,848,424,72
368.6489,38213,785,392,853,426,74
368.6741,38214,785,392,853,426,74
368.7008,38215,784,393,857,429,73
368.7248,38216,789,394,861,430,74
368.7526,38217,787,393,865,432,74
368.7770,38218,804,396,868,434,74
368.8030,38219,804,396,868,434,74
368.8272,38220,806,396,872,436,74
368.8549,38221,806,396,872,436,74
368.8795,38222,807,397,877,435,71
368.9061,38223,807,397,877,435,71
368.9329,38224,835,405,879,435,66
368.9574,38225,838,396,886,440,78
368.9829,38226,844,382,888,432,67
369.0090,38227,844,382,888,432,67
369.0349,38228,860,356,904,426,77
369.0627,38229,862,337,910,411,70
369.0871,38230,878,319,914,397,59
369.1119,38231,898,306,918,378,56
369.1373,38232,902,296,922,364,58
369.1641,38233,902,296,922,364,58
369.1908,38234,903,285,925,349,66
369.2141,38235,905,277,927,335,71
369.2409,38236,905,277,927,335,71
369.2687,38237,905,277,927,335,71
369.2929,38238,907,262,931,322,72
369.3189,38239,908,256,934,318,74
369.3447,38240,908,256,934,318,74
369.3727,38241,909,251,937,315,73
369.4000,38242,910,246,938,312,71
369.4255,38243,912,241,940,303,71
369.4518,38244,916,245,947,295,71
369.4766,38245,912,249,950,281,56
369.4766,38245,911,254,931,312,38
369.5030,38246,912,249,950,281,56
369.5030,38246,911,254,931,312,38
369.5278,38247,914,242,945,284,68
369.5541,38248,922,240,945,292,63
369.5801,38249,922,240,945,292,63
369.6064,38250,927,240,945,300,66
369.6341,38251,926,245,946,309,68
369.6589,38252,925,255,943,316,68
369.6833,38253,919,265,947,319,78
369.7089,38254,919,265,947,319,78
369.7370,38255,915,276,949,330,78
369.7639,38256,909,278,947,342,74
369.7883,38257,900,299,939,349,69
369.8134,38258,894,308,940,360,74
369.8379,38259,894,308,940,360,74
369.8667,38260,887,310,937,370,76
369.8910,38261,880,316,930,378,71
369.9191,38262,875,320,927,384,73
369.9438,38263,875,320,927,384,73
369.9698,38264,870,327,925,391,72
369.9950,38265,864,338,922,397,73
370.0208,38266,860,339,920,403,75
370.0460,38267,860,339,920,403,75
370.0732,38268,857,335,919,407,77
370.0979,38269,853,338,917,410,79
370.1244,38270,848,359,908,407,68
370.1499,38271,834,372,892,402,61
370.1761,38272,834,372,892,402,61
370.2029,38273,818,389,888,409,67
370.2290,38274,806,388,880,412,76
370.2537,38275,794,386,876,414,78
370.2808,38276,794,386,876,414,78
370.3058,38277,784,387,874,417,77
370.3307,38278,776,391,862,417,70
370.3570,38279,767,391,843,417,64
370.3823,38280,767,391,843,417,64
370.4078,38281,755,403,821,425,69
370.4356,38282,745,399,806,429,77
370.4609,38283,736,397,816,431,76
370.4875,38284,728,396,814,435,76
370.5108,38285,728,396,814,435,76
370.5393,38286,720,396,808,438,73
370.5638,38287,713,399,799,441,74
370.5900,38288,706,405,794,443,75
370.6159,38289,706,405,794,443,75
370.6429,38290,701,407,787,445,76
370.6683,38291,696,408,782,447,75
370.6949,38292,690,408,778,448,75
370.7210,38293,690,408,778,448,75
370.7466,38294,686,409,774,451,74
370.7735,38295,682,411,771,453,74
370.8003,38296,677,413,767,453,70
370.8241,38297,672,415,764,455,70
370.8494,38298,671,418,758,454,58
370.8765,38299,671,418,758,454,58
370.9039,38300,663,436,720,454,64
370.9279,38301,650,442,714,456,68
370.9555,38302,650,442,714,456,68
370.9813,38303,641,438,706,458,72
371.0089,38304,630,438,710,458,72
371.0328,38305,622,436,712,460,71
371.0582,38306,622,436,712,460,71
371.0841,38307,614,438,704,462,69
371.1100,38308,608,440,700,462,66
371.1377,38309,602,441,695,463,66
371.1610,38310,597,444,691,464,67
371.1871,38311,590,443,686,465,69
371.2131,38312,590,443,686,465,69
371.2396,38313,584,446,679,467,67
371.2651,38314,579,448,673,468,70
371.2911,38315,579,448,673,468,70
371.3181,38316,575,450,667,468,69
371.3453,38317,571,452,657,469,68
371.3709,38318,567,453,651,469,69
371.3976,38319,563,454,647,470,68
371.4218,38320,563,454,647,470,68
371.4495,38321,559,455,635,471,68
371.4753,38322,556,455,632,471,68
371.5002,38323,552,456,628,472,68
371.5271,38324,549,456,623,472,69
371.5528,38325,549,456,623,472,69
371.5786,38326,546,456,624,472,67
371.6071,38327,543,458,613,473,68
371.6309,38328,540,458,612,474,67
371.6568,38329,540,458,612,474,67
371.6817,38330,538,458,609,473,68
371.7082,38331,535,458,610,474,68
371.7321,38332,532,459,600,474,67
371.7580,38333,532,459,600,474,67
371.7842,38334,530,460,602,474,65
371.8119,38335,527,460,593,474,65
371.8358,38336,525,461,589,475,63
371.8617,38337,524,462,588,476,63
371.8861,38338,524,462,588,476,63
371.9137,38339,522,461,584,475,62
371.9391,38340,517,458,577,475,69
371.9637,38341,510,461,574,475,61
371.9911,38342,510,461,574,475,61
372.0175,38343,502,462,566,474,60
372.0437,38344,495,462,559,474,63
372.0691,38345,490,462,556,474,52
372.0964,38346,490,462,556,474,52
372.1209,38347,482,464,546,474,37
372.1717,38349,473,465,537,475,44
372.1980,38350,469,465,531,475,51
372.2229,38351,469,465,531,475,51
372.2501,38352,466,465,528,475,33
372.2768,38353,462,465,523,475,39
372.3033,38354,458,465,520,475,34
372.3299,38355,458,465,520,475,34
372.3568,38356,454,466,512,476,49
372.3818,38357,452,462,509,480,62
372.4072,38358,446,460,506,482,72
372.4333,38359,446,460,506,482,72
372.4606,38360,446,460,506,482,72
372.4854,38361,431,458,508,480,67
372.5131,38362,422,461,510,481,55
372.5391,38363,417,468,492,482,47
372.5391,38363,434,455,509,479,37
372.5630,38364,411,470,490,482,57
372.5895,38365,411,470,490,482,57
372.6156,38366,406,471,471,483,55
372.6412,38367,401,471,461,483,49
372.6671,38368,401,471,461,483,49
372.6941,38369,396,473,453,483,31
372.7211,38370,392,472,453,484,55
372.7445,38371,388,472,449,484,53
372.7698,38372,385,472,445,484,49
372.7958,38373,385,472,445,484,49
372.8220,38374,381,473,441,484,43
372.8471,38375,381,473,441,484,43
372.8720,38376,375,474,436,484,52
372.8969,38377,372,474,433,485,48
372.9230,38378,372,474,433,485,48
372.9508,38379,369,474,429,485,47
372.9751,38380,366,474,426,485,33
373.0033,38381,366,474,426,485,33
373.0290,38382,364,475,420,485,30
373.0551,38383,362,474,423,486,39
373.0818,38384,370,462,403,490,63
373.1073,38385,370,462,414,492,73
373.1334,38386,370,462,414,492,73
373.1596,38387,364,451,423,487,76
373.1855,38388,360,447,437,484,77
373.2096,38389,378,442,452,473,69
373.2358,38390,378,442,452,473,69
373.2611,38391,378,442,452,473,69
373.2881,38392,388,432,475,460,77
373.3144,38393,396,428,485,456,75
373.3397,38394,406,425,494,453,73
373.3664,38395,406,425,494,453,73
373.3925,38396,416,423,502,451,77
373.4177,38397,421,420,510,452,77
373.4423,38398,436,420,515,448,74
373.4682,38399,436,420,515,448,74
373.4948,38400,468,423,528,440,59
373.5209,38401,476,418,542,436,65
373.5456,38402,470,414,553,436,72
373.5709,38403,487,412,565,436,71
373.5979,38404,487,412,565,436,71
373.6235,38405,491,410,573,436,75
373.6490,38406,491,410,573,436,75
373.6740,38407,499,404,590,436,77
373.7001,38408,499,404,590,436,77
373.7251,38409,505,403,597,435,78
373.7513,38410,511,400,603,434,78
373.7783,38411,511,400,603,434,78
373.8032,38412,516,398,609,432,77
373.8290,38413,525,395,615,429,78
373.8549,38414,531,394,621,427,76
373.8808,38415,536,393,626,425,76
373.9063,38416,536,393,626,425,76
373.9323,38417,541,391,631,423,77
373.9582,38418,546,390,636,420,79
373.9859,38419,550,388,640,418,79
374.0098,38420,552,387,644,415,78
374.0357,38421,552,387,644,415,78
374.0613,38422,552,387,644,415,78
374.0874,38423,562,386,652,412,77
374.1119,38424,562,386,652,412,77
374.1387,38425,564,384,656,412,75
374.1642,38426,567,383,659,413,77
374.1907,38427,570,382,662,412,77
374.2151,38428,573,381,666,411,77
374.2432,38429,573,381,666,411,77
374.2675,38430,576,380,669,412,77
374.2942,38431,578,379,672,411,76
374.3198,38432,581,378,675,410,77
374.3439,38433,584,378,678,410,76
374.3694,38434,584,378,678,410,76
374.3951,38435,588,376,680,408,76
374.4210,38436,591,376,684,406,76
374.4476,38437,591,376,684,406,76
374.4733,38438,595,374,687,404,75
374.4989,38439,598,374,690,403,78
374.5248,38440,600,374,692,402,77
374.5501,38441,602,372,694,400,78
374.5761,38442,602,372,694,400,78
374.6034,38443,609,374,693,399,70
374.6287,38444,645,372,701,396,69
374.6543,38445,647,372,709,394,73
374.6780,38446,648,373,718,395,73
374.7049,38447,648,373,718,395,73
374.7316,38448,646,374,724,396,74
374.7553,38449,645,374,730,398,73
374.7829,38450,645,374,730,398,73
374.8083,38451,651,374,736,398,74
374.8335,38452,656,375,740,399,75
374.8588,38453,662,375,746,400,73
374.8844,38454,668,376,750,401,73
374.9098,38455,668,376,750,401,73
374.9368,38456,668,373,754,401,73
374.9618,38457,688,376,758,400,68
374.9885,38458,684,374,764,400,56
375.0120,38459,707,385,773,403,68
375.0383,38460,707,385,773,403,68
375.0649,38461,705,385,779,405,71
375.0908,38462,713,386,785,406,74
375.1190,38463,713,386,785,406,74
375.1440,38464,719,387,789,407,75
375.1689,38465,714,387,794,407,73
375.1947,38466,717,388,799,408,72
375.2222,38467,720,387,802,409,73
375.2468,38468,720,387,802,409,73
375.2733,38469,724,388,806,410,73
375.2985,38470,725,388,811,410,73
375.3246,38471,735,390,815,411,71
375.3481,38472,733,390,817,412,72
375.3744,38473,733,390,817,412,72
375.4022,38474,732,389,820,412,71
375.4257,38475,736,390,823,412,69
375.4525,38476,736,390,823,412,69
375.4788,38477,734,389,826,413,71
375.5049,38478,753,395,829,413,66
375.5289,38479,742,393,832,414,66
375.5548,38480,744,394,834,414,65
375.5796,38481,744,394,834,414,65
375.6084,38482,752,395,836,415,65
375.6331,38483,749,394,839,414,68
375.6582,38484,749,395,841,415,69
375.6833,38485,752,395,844,415,64
375.7085,38486,752,395,844,415,64
375.7343,38487,763,398,847,416,61
375.7600,38488,763,398,847,416,61
375.7862,38489,761,398,849,416,62
375.8142,38490,766,397,852,417,61
375.8381,38491,777,400,853,418,61
375.8637,38492,774,399,854,418,61
375.8889,38493,797,402,853,424,71
375.9156,38494,797,402,853,424,71
375.9410,38495,804,395,846,433,76
375.9688,38496,818,392,846,433,77
375.9922,38497,809,388,847,434,77
376.0178,38498,809,388,849,438,79
376.0433,38499,809,388,849,438,79
376.0696,38500,806,391,852,443,80
376.0955,38501,806,391,852,443,80
376.1218,38502,801,400,851,442,79
376.1484,38503,794,403,842,439,76
376.1746,38504,789,414,845,438,64
376.1997,38505,783,418,845,438,53
376.2257,38506,783,418,845,438,53
376.2519,38507,777,416,845,440,54
376.2775,38508,770,425,842,441,57
376.3028,38509,765,423,842,443,64
376.3275,38510,761,431,831,444,58
376.3536,38511,761,431,831,444,58
376.3807,38512,757,432,829,444,49
376.4059,38513,753,430,827,446,43
376.4321,38514,753,430,827,446,43
376.4587,38515,750,432,820,446,45
376.4863,38516,747,434,811,447,49
376.5098,38517,742,436,805,448,57
376.5364,38518,740,436,806,448,54
376.5620,38519,740,436,806,448,54
376.5889,38520,737,438,802,450,54
376.6133,38521,734,438,798,450,60
376.6411,38522,732,440,794,450,58
376.6649,38523,730,440,792,451,51
376.6911,38524,728,440,790,452,64
376.7173,38525,728,440,790,452,64
376.7439,38526,725,440,787,452,62
376.7692,38527,724,441,786,452,52
376.7955,38528,724,441,786,452,52
376.8196,38529,722,441,782,452,42
376.8460,38530,722,441,782,452,42
376.8707,38531,717,442,777,452,44
376.8957,38532,717,442,777,452,44
376.9233,38533,716,442,776,452,43
376.9498,38534,715,442,775,452,31
376.9747,38535,712,442,772,452,41
376.9995,38536,712,443,772,453,42
377.0249,38537,709,443,769,453,53
377.0548,38538,709,443,769,453,53
377.0780,38539,708,442,770,454,60
377.1042,38540,706,442,770,454,60
377.1291,38541,706,442,770,454,60
377.1563,38542,704,442,768,454,64
377.1809,38543,703,442,768,454,61
377.2066,38544,703,438,763,454,65
377.2066,38544,760,442,794,456,33
377.2328,38545,703,438,763,454,65
377.2328,38545,760,442,794,456,33
377.2569,38546,703,438,763,454,65
377.2569,38546,760,442,794,456,33
377.2835,38547,671,436,735,452,68
377.3094,38548,658,440,724,453,67
377.3352,38549,646,439,724,455,68
377.3590,38550,636,439,718,457,70
377.3870,38551,636,439,718,457,70
377.4123,38552,627,440,707,458,70
377.4373,38553,618,439,710,459,71
377.4639,38554,618,439,710,459,71
377.4897,38555,612,440,702,460,71
377.5149,38556,605,440,697,462,70
377.5418,38557,599,440,695,462,73
377.5676,38558,599,440,695,462,73
377.5932,38559,593,439,689,463,75
377.6186,38560,588,439,684,464,74
377.6441,38561,583,446,647,472,67
377.6693,38562,583,446,647,472,67
377.6946,38563,583,446,647,472,67
377.7226,38564,553,456,621,474,64
377.7460,38565,539,457,611,477,73
377.7729,38566,528,458,599,479,73
377.7990,38567,528,458,599,479,73
377.8253,38568,519,458,599,480,76
377.8497,38569,511,456,599,482,74
377.8757,38570,502,459,592,483,67
377.9017,38571,502,459,592,483,67
377.9281,38572,494,464,568,484,62
377.9544,38573,486,469,563,485,63
377.9799,38574,479,471,557,486,62
378.0049,38575,474,473,547,487,61
378.0310,38576,474,473,547,487,61
378.0569,38577,474,473,547,487,61
378.0835,38578,462,476,526,488,48
378.8817,38609,386,478,446,488,50
378.9108,38610,386,478,446,488,50
378.9340,38611,395,462,430,494,73
378.9596,38612,396,460,425,493,72
378.9847,38613,392,453,437,491,78
379.0100,38614,390,445,445,485,80
379.0364,38615,390,445,445,485,80
379.0669,38616,394,442,454,482,77
379.0900,38617,397,438,462,476,75
379.1155,38618,400,434,468,468,77
379.1408,38619,400,429,475,465,77
379.1665,38620,400,429,475,465,77
379.1918,38621,403,426,480,460,77
379.2175,38622,407,424,486,458,75
379.2434,38623,407,424,486,458,75
379.2717,38624,407,420,491,456,76
379.2964,38625,409,419,495,453,77
379.3233,38626,412,417,499,451,77
379.3469,38627,416,416,502,448,78
379.3730,38628,416,416,502,448,78
379.3999,38629,420,414,506,446,78
379.4256,38630,424,412,510,442,77
379.4532,38631,426,410,514,441,76
379.4766,38632,426,408,516,440,76
379.5061,38633,426,408,516,440,76
379.5293,38634,429,407,520,439,76
379.5553,38635,432,405,523,437,77
379.5793,38636,432,405,523,437,77
379.6063,38637,435,404,527,436,78
379.6319,38638,438,404,529,434,78
379.6567,38639,441,402,532,432,78
379.6821,38640,442,402,534,432,78
379.7090,38641,442,402,534,432,78
379.7353,38642,446,401,536,431,78
379.7611,38643,450,400,538,428,77
379.7852,38644,454,400,541,428,76
379.8110,38645,454,400,541,428,76
379.8379,38646,456,399,543,427,76
379.8635,38647,458,398,546,426,75
379.8881,38648,458,398,546,426,75
379.9146,38649,460,397,548,425,76
379.9395,38650,463,396,549,425,75
379.9667,38651,466,395,552,424,75
379.9920,38652,467,394,554,424,74
380.0170,38653,468,394,555,424,75
380.0442,38654,468,394,555,424,75
380.0687,38655,469,393,557,423,75
380.0955,38656,471,393,558,423,75
380.1209,38657,474,392,560,422,74
380.1471,38658,474,392,561,422,74
380.1729,38659,474,392,561,422,74
380.1982,38660,476,391,562,421,75
380.2242,38661,476,391,562,421,75
380.2511,38662,478,391,564,421,76
380.2766,38663,480,390,566,420,77
380.3069,38664,480,390,568,420,78
380.3310,38665,483,389,570,420,79
380.3564,38666,485,388,571,420,79
380.3825,38667,485,388,571,420,79
380.4083,38668,486,388,572,420,79
380.4348,38669,487,388,573,420,79
380.4601,38670,489,388,574,420,78
380.4857,38671,490,387,576,419,78
380.5112,38672,490,387,576,419,78
380.5382,38673,493,386,577,418,79
380.5631,38674,494,385,578,419,79
380.5883,38675,494,385,578,419,79
380.6161,38676,496,385,579,419,79
380.6408,38677,496,385,580,419,80
380.6655,38678,498,383,582,419,79
380.6920,38679,500,383,582,419,79
380.7168,38680,500,383,582,419,79
380.7430,38681,500,383,584,419,79
380.7700,38682,501,385,584,419,79
380.7954,38683,530,386,588,414,77
380.8212,38684,537,385,595,411,74
380.8464,38685,537,385,595,411,74
380.8720,38686,539,384,604,408,73
380.8980,38687,544,384,612,410,75
380.9242,38688,544,384,612,410,75
380.9493,38689,537,388,619,412,75
380.9759,38690,540,389,624,414,75
381.0021,38691,545,388,630,414,74
381.0261,38692,547,384,636,416,73
381.0532,38693,547,384,636,416,73
381.0780,38694,550,384,640,418,73
381.1050,38695,554,388,644,418,75
381.1311,38696,585,396,645,426,68
381.1555,38697,596,392,654,434,76
381.1811,38698,596,392,654,434,76
381.2064,38699,597,392,663,440,73
381.2321,38700,597,392,663,440,73
381.2580,38701,602,394,668,448,78
381.2842,38702,610,397,676,453,77
381.3091,38703,610,397,684,457,78
381.3371,38704,616,398,690,462,76
381.3614,38705,616,398,690,462,76
381.3868,38706,620,398,694,466,79
381.4130,38707,624,401,698,469,81
381.4387,38708,629,404,703,472,79
381.4638,38709,631,407,708,474,78
381.4897,38710,635,413,713,478,78
381.5156,38711,635,413,713,478,78
381.5414,38712,639,416,717,480,78
381.5682,38713,639,416,717,480,78
381.5946,38714,642,420,720,482,77
381.6213,38715,660,436,724,478,74
381.6444,38716,660,436,724,478,74
381.6709,38717,676,457,738,481,69
381.6962,38718,676,457,738,481,69
381.7219,38719,682,457,748,481,72
381.7479,38720,682,456,754,480,75
381.7744,38721,682,456,754,480,75
381.7993,38722,677,453,760,481,75
381.8254,38723,680,452,766,482,72
381.8519,38724,683,451,771,485,74
381.8756,38725,687,450,775,486,75
381.9028,38726,687,450,775,486,75
381.9291,38727,691,450,780,483,73
381.9553,38728,696,449,784,479,75
381.9798,38729,698,448,788,478,77
382.0056,38730,698,448,790,478,76
382.0318,38731,698,448,790,478,76
382.0568,38732,698,448,790,478,76
382.0832,38733,705,446,795,474,75
382.1093,38734,705,446,795,474,75
382.1366,38735,708,446,798,472,71
382.1630,38736,712,445,802,471,70
382.1876,38737,717,444,804,468,70
382.2133,38738,718,444,806,468,71
382.2385,38739,718,444,806,468,71
382.2645,38740,719,443,808,468,73
382.2908,38741,722,442,810,466,73
382.3161,38742,723,442,812,466,72
382.3413,38743,732,443,814,463,70
382.3690,38744,732,443,814,463,70
382.3934,38745,728,441,816,465,71
382.4192,38746,731,441,818,463,72
382.4450,38747,731,441,818,463,72
382.4721,38748,731,441,818,463,72
382.4967,38749,738,441,820,461,70
382.5231,38750,739,441,822,461,70
382.5481,38751,743,440,823,460,70
382.5731,38752,743,440,823,460,70
382.6007,38753,744,440,824,460,70
382.6254,38754,742,440,826,460,69
382.6519,38755,746,440,826,460,69
382.6768,38756,751,440,829,460,69
382.7016,38757,751,440,829,460,69
382.7292,38758,756,439,830,459,69
382.7544,38759,755,439,831,459,70
382.7822,38760,755,439,831,459,70
382.8071,38761,754,439,832,459,70
382.8332,38762,757,439,833,459,69
382.8588,38763,764,439,834,457,70
382.8859,38764,755,438,835,458,69
382.9111,38765,755,438,835,458,69
382.9380,38766,764,438,836,457,71
382.9643,38767,764,438,836,457,71
382.9924,38768,764,438,838,458,71
383.0159,38769,766,438,838,457,71
383.0417,38770,766,438,838,457,71
383.0686,38771,771,438,839,456,72
383.0940,38772,770,438,840,456,71
383.1197,38773,770,438,840,456,71
383.1460,38774,764,437,840,457,70
383.1720,38775,768,438,842,456,70
383.1983,38776,774,438,842,456,71
383.2240,38777,789,430,836,454,54
383.3011,38780,800,428,832,460,52
383.3267,38781,790,432,834,462,73
383.3523,38782,788,432,836,460,64
383.3772,38783,788,432,836,460,64
383.4056,38784,786,434,838,458,31
383.4820,38787,770,431,828,441,38
383.5090,38788,766,430,826,442,41
383.5339,38789,763,430,818,440,56
383.5596,38790,762,427,806,445,71
383.5848,38791,762,427,806,445,71
383.6121,38792,751,426,809,446,72
383.6380,38793,738,431,796,452,70
383.6634,38794,725,430,785,456,75
383.6898,38795,716,430,778,460,75
383.7138,38796,716,430,778,460,75
383.7398,38797,709,432,776,462,74
383.7658,38798,702,432,774,465,75
383.7909,38799,702,432,774,465,75
383.8180,38800,696,436,762,466,73
383.8439,38801,690,441,757,469,64
383.8692,38802,682,450,728,468,63
383.9967,38807,601,455,665,465,43
384.0242,38808,588,456,650,466,52
384.0493,38809,588,456,650,466,52
384.0754,38810,577,456,637,468,48
384.1020,38811,566,457,628,467,56
384.1273,38812,556,457,620,469,61
384.1531,38813,556,457,620,469,61
384.1779,38814,548,458,608,470,63
384.2054,38815,540,459,600,471,64
384.2303,38816,532,459,594,471,63
384.2557,38817,532,459,594,471,63
384.2833,38818,525,460,585,470,58
384.3078,38819,518,460,582,471,62
384.3341,38820,511,460,577,472,57
384.3598,38821,506,460,570,472,59
384.3840,38822,506,460,570,472,59
384.4107,38823,500,461,569,471,60
384.4382,38824,495,462,566,472,55
384.4620,38825,489,462,555,472,54
384.4889,38826,489,462,555,472,54
384.5135,38827,485,462,548,472,48
384.5399,38828,480,462,544,472,42
384.5632,38829,475,462,539,472,40
384.5896,38830,475,462,539,472,40
384.6154,38831,471,462,535,472,42
384.6408,38832,467,462,530,472,41
384.6659,38833,463,463,525,473,30
384.6929,38834,460,463,521,473,30
384.7159,38835,460,463,521,473,30
384.7432,38836,456,462,518,472,38
384.7695,38837,452,463,516,473,38
384.8477,38840,446,463,516,473,35
384.8724,38841,442,462,507,472,33
384.9781,38845,434,463,502,473,31
385.2865,38857,412,464,490,474,35
385.3120,38858,411,464,494,474,35
385.3380,38859,408,464,492,474,36
385.3630,38860,407,464,487,474,33
385.3883,38861,407,464,487,474,33
385.5431,38867,402,458,462,476,66
385.5680,38868,402,458,462,476,66
385.5943,38869,408,447,448,482,78
385.6211,38870,408,449,440,485,79
385.6463,38871,408,449,440,485,79
385.6722,38872,403,445,452,485,78
385.6982,38873,403,445,452,485,78
385.7247,38874,401,441,459,483,79
385.7512,38875,400,439,465,483,78
385.7767,38876,398,437,471,481,77
385.8008,38877,400,434,477,476,77
385.8265,38878,401,433,482,473,77
385.8529,38879,401,433,482,473,77
385.8772,38880,403,430,486,470,78
385.9044,38881,403,430,486,470,78
385.9307,38882,406,428,491,466,77
385.9576,38883,411,427,495,462,77
385.9816,38884,415,425,498,457,75
386.0073,38885,416,424,502,454,77
386.0319,38886,416,424,502,454,77
386.0592,38887,417,424,504,454,78
386.0840,38888,417,424,504,454,78
386.1089,38889,420,421,511,451,78
386.1351,38890,422,420,514,450,78
386.1614,38891,422,420,514,450,78
386.1867,38892,427,420,518,446,78
386.2115,38893,430,419,520,445,78
386.2380,38894,430,419,520,445,78
386.2640,38895,433,418,522,443,77
386.2898,38896,434,418,524,442,75
386.3149,38897,440,417,527,440,75
386.3408,38898,444,417,529,439,75
386.3676,38899,444,417,529,439,75
386.3947,38900,445,416,532,438,74
386.4194,38901,446,415,534,437,74
386.4454,38902,446,415,534,437,74
386.4734,38903,448,414,536,436,73
386.4959,38904,452,413,538,435,72
386.5219,38905,452,413,538,435,72
386.5462,38906,449,413,541,436,70
386.5730,38907,449,413,541,436,70
386.5998,38908,459,412,543,434,69
386.6250,38909,457,412,545,434,70
386.6493,38910,460,411,546,433,73
386.6760,38911,462,411,548,433,73
386.7034,38912,462,411,548,433,73
386.7272,38913,467,412,550,432,70
386.7548,38914,470,412,551,432,71
386.7791,38915,468,413,552,433,71
386.8054,38916,475,413,555,431,68
386.8307,38917,475,413,555,431,68
386.8557,38918,475,413,555,431,68
386.8817,38919,475,413,555,431,68
386.9075,38920,476,413,558,430,62
386.9339,38921,474,413,560,431,60
386.9594,38922,473,414,561,432,61
386.9862,38923,474,414,562,432,61
387.0112,38924,474,414,562,432,61
387.0363,38925,474,414,564,432,60
387.0614,38926,476,414,565,430,59
387.0892,38927,477,413,566,431,57
387.1129,38928,490,414,568,427,57
387.1382,38929,490,414,569,428,56
387.1653,38930,490,414,569,428,56
387.1907,38931,491,414,570,428,59
387.2168,38932,491,414,570,428,59
387.2428,38933,497,414,571,426,59
387.2694,38934,491,414,573,428,58
387.2943,38935,495,414,574,426,56
387.3213,38936,495,414,575,426,57
387.3457,38937,504,414,576,426,55
387.3718,38938,504,414,576,426,55
387.3966,38939,505,414,577,426,54
387.4232,38940,503,414,578,426,55
387.4475,38941,505,414,579,425,53
387.4735,38942,505,414,579,426,53
387.4995,38943,505,414,579,426,53
387.5257,38944,508,415,580,425,47
387.5526,38945,512,414,582,424,49
387.5781,38946,512,414,582,424,49
387.6039,38947,512,414,582,424,49
387.6299,38948,514,414,582,424,46
387.6548,38949,512,414,584,424,48
387.6808,38950,513,414,585,424,49
387.7074,38951,513,414,585,424,49
387.7333,38952,518,414,586,424,46
387.7588,38953,518,414,586,424,45
387.7851,38954,521,414,587,424,51
387.8099,38955,521,414,587,424,51
387.8384,38956,522,414,588,424,47
387.8622,38957,524,414,588,424,46
387.8888,38958,522,414,590,424,51
387.9130,38959,522,414,590,424,51
387.9392,38960,524,414,590,424,49
387.9640,38961,523,414,591,424,48
387.9899,38962,522,414,592,424,47
388.0153,38963,522,414,592,424,47
388.0433,38964,522,414,592,424,48
388.0682,38965,522,414,592,424,46
388.0932,38966,525,414,593,424,44
388.1183,38967,529,414,594,424,50
388.1450,38968,532,414,594,424,48
388.1699,38969,532,414,594,424,48
388.1975,38970,533,414,595,424,54
388.2219,38971,533,414,595,424,52
388.2483,38972,533,414,595,424,52
388.2744,38973,534,414,596,424,52
388.2996,38974,532,414,596,424,51
388.3245,38975,533,414,597,424,47
388.3527,38976,533,414,597,424,47
388.3791,38977,535,414,597,424,45
388.4047,38978,534,414,598,424,47
388.4308,38979,534,414,598,424,46
388.4559,38980,534,414,598,424,50
388.4820,38981,534,414,598,424,50
388.5097,38982,532,414,598,424,47
388.5341,38983,535,414,599,424,48
388.5599,38984,533,414,600,424,46
388.5853,38985,533,414,600,424,46
388.6124,38986,534,414,600,424,46
388.6372,38987,538,414,600,424,41
388.6616,38988,536,414,600,424,42
388.6870,38989,536,414,600,424,42
388.7139,38990,536,414,600,424,39
388.7423,38991,536,414,600,424,47
388.7667,38992,537,414,601,424,48
388.7911,38993,537,414,601,424,47
388.8186,38994,536,414,602,424,48
388.8425,38995,536,414,602,424,48
388.8693,38996,536,414,602,424,47
388.8939,38997,538,414,602,424,46
388.9195,38998,538,414,602,424,46
388.9469,38999,538,414,603,424,48
388.9709,39000,537,414,603,424,50
388.9977,39001,534,414,604,424,47
389.0232,39002,534,414,604,424,47
389.0494,39003,536,414,604,424,44
389.0766,39004,535,414,605,424,45
389.1027,39005,536,414,604,424,45
389.1272,39006,535,414,605,424,44
389.1530,39007,535,414,605,424,44
389.1798,39008,534,414,606,424,42
389.2064,39009,535,414,606,424,42
389.2327,39010,538,414,606,424,39
389.2570,39011,538,414,607,424,40
389.2837,39012,538,414,607,424,40
389.3108,39013,537,414,607,424,41
389.3350,39014,536,414,607,424,41
389.3610,39015,535,414,607,424,45
389.3863,39016,535,414,607,424,45
389.4132,39017,536,414,608,424,43
389.4410,39018,537,414,608,424,45
389.4648,39019,542,414,608,424,41
389.4892,39020,539,414,609,424,40
389.5162,39021,539,414,609,424,40
389.5455,39022,540,414,608,424,42
389.5688,39023,542,414,610,424,42
389.5949,39024,540,414,609,424,43
389.6192,39025,540,414,609,424,43
389.6455,39026,542,414,610,424,40
389.6710,39027,542,414,610,424,37
389.6981,39028,544,414,610,424,38
389.7224,39029,544,414,610,424,38
389.7493,39030,545,414,611,424,39
389.7747,39031,546,414,611,424,41
389.8008,39032,545,414,611,424,40
389.8248,39033,546,415,612,425,41
389.8510,39034,546,415,612,425,41
389.8761,39035,540,414,612,424,40
389.9021,39036,546,414,612,424,38
389.9265,39037,546,414,612,424,40
389.9541,39038,546,414,612,424,40
389.9771,39039,551,414,610,428,65
390.0042,39040,557,408,609,437,73
390.0286,39041,557,408,609,437,73
390.0553,39042,557,408,609,437,73
390.0817,39043,566,403,614,446,79
390.1058,39044,569,403,619,449,82
390.1308,39045,569,403,621,451,81
390.1565,39046,569,403,621,451,81
390.1830,39047,570,404,622,454,78
390.2087,39048,567,405,625,457,78
390.2350,39049,564,404,626,458,77
390.2625,39050,570,404,628,460,78
390.2870,39051,570,404,628,460,78
390.3125,39052,566,404,630,462,78
390.3387,39053,571,403,631,463,78
390.3671,39054,571,403,631,463,78
390.3916,39055,571,403,633,465,77
390.4181,39056,573,405,634,467,76
390.4428,39057,573,405,634,467,76
390.4685,39058,576,406,636,469,77
390.4947,39059,576,406,636,469,77
390.5215,39060,578,408,638,470,75
390.5484,39061,577,406,639,472,75
390.5739,39062,578,408,640,472,74
390.5997,39063,580,411,641,473,71
390.6255,39064,580,411,641,473,71
390.6520,39065,579,408,642,474,72
390.6765,39066,582,415,642,475,72
390.7021,39067,582,415,642,475,72
390.7545,39069,608,438,636,476,70
390.7800,39070,597,441,638,476,73
390.8058,39071,589,449,639,477,69
390.8311,39072,589,449,639,477,69
390.8584,39073,589,449,639,477,69
390.8843,39074,576,462,634,482,60
390.9098,39075,571,463,631,483,59
390.9333,39076,566,456,634,484,60
390.9612,39077,566,456,634,484,60
390.9864,39078,561,453,637,485,63
391.0093,39079,557,457,635,485,63
391.0356,39080,557,457,635,485,63
391.0637,39081,554,457,636,485,62
391.0875,39082,548,466,602,484,59
391.1136,39083,534,473,594,485,67
391.1393,39084,534,473,594,485,67
391.1658,39085,524,471,584,487,68
391.1923,39086,515,469,583,487,63
391.2181,39087,504,474,569,488,54
391.2437,39088,504,474,569,488,54
391.3982,39094,544,469,569,487,31
391.8349,39111,428,470,477,490,68
391.8615,39112,433,460,464,492,69
391.8871,39113,432,457,464,489,73
391.9127,39114,430,452,474,488,75
391.9381,39115,430,452,474,488,75
391.9639,39116,427,447,480,485,77
391.9895,39117,426,442,487,482,77
392.0158,39118,426,442,487,482,77
392.0415,39119,424,439,494,483,78
392.0698,39120,424,436,500,478,78
392.0936,39121,426,434,504,474,77
392.1195,39122,425,432,509,470,76
392.1446,39123,425,432,509,470,76
392.1723,39124,428,429,514,466,76
392.1980,39125,433,427,518,463,76
392.2243,39126,437,425,522,459,75
392.2490,39127,447,424,526,454,74
392.2746,39128,446,422,529,452,75
392.3010,39129,446,422,529,452,75
392.3257,39130,448,420,532,450,77
392.3520,39131,448,420,532,450,77
392.3800,39132,449,418,535,448,77
392.4042,39133,449,417,537,448,77
392.4291,39134,458,416,540,446,75
392.4544,39135,477,415,544,443,74
392.4799,39136,477,415,544,443,74
392.5066,39137,474,413,547,443,75
392.5335,39138,476,412,550,441,74
392.5589,39139,460,412,550,442,75
392.5855,39140,463,411,552,441,74
392.6094,39141,463,411,552,441,74
392.6359,39142,466,411,555,441,73
392.6619,39143,500,413,558,439,71
392.6872,39144,500,413,558,439,71
392.7108,39145,499,415,564,441,56
392.7388,39146,512,415,572,427,52
392.7632,39147,512,414,580,426,58
392.7632,39147,494,416,515,440,32
392.7882,39148,517,414,587,426,60
392.8139,39149,517,414,587,426,60
392.8412,39150,521,414,593,426,62
392.8672,39151,528,413,598,425,64
392.8918,39152,530,412,602,424,65
392.9174,39153,539,412,607,424,65
392.9430,39154,539,412,607,424,65
392.9701,39155,536,412,610,424,65
392.9961,39156,532,411,614,424,67
393.0218,39157,539,411,617,425,67
393.0471,39158,539,411,617,425,67
393.0734,39159,543,411,621,425,67
393.0993,39160,550,410,625,425,67
393.1231,39161,551,410,627,424,69
393.1511,39162,551,410,627,424,69
393.1779,39163,551,410,630,424,69
393.2031,39164,565,409,633,424,68
393.2274,39165,565,409,636,425,68
393.2539,39166,560,408,638,424,67
393.2795,39167,560,408,638,424,67
393.3063,39168,574,408,642,422,66
393.3330,39169,571,407,643,423,66
393.3574,39170,572,408,646,422,66
393.3850,39171,572,408,646,422,66
393.4094,39172,559,408,647,424,65
393.4352,39173,562,407,650,425,67
393.4599,39174,564,407,652,425,68
393.4862,39175,564,407,652,425,68
393.5121,39176,563,407,653,427,70
393.5369,39177,565,407,655,429,72
393.5630,39178,565,406,657,428,71
393.5873,39179,567,406,659,429,72
393.6135,39180,567,406,659,429,72
393.6389,39181,570,405,662,427,72
393.6655,39182,570,405,663,429,73
393.6909,39183,572,405,664,429,73
393.7163,39184,572,405,664,429,73
393.7429,39185,573,405,665,429,74
393.7682,39186,575,405,667,429,72
393.7938,39187,576,405,668,429,73
393.8210,39188,576,405,668,429,73
393.8468,39189,578,404,670,429,74
393.8721,39190,580,404,670,430,75
393.8973,39191,580,404,672,429,74
393.9259,39192,581,403,673,429,75
393.9518,39193,581,403,673,429,75
393.9775,39194,583,403,675,429,73
394.0036,39195,584,404,676,430,73
394.0290,39196,586,403,677,429,73
394.0551,39197,586,403,677,429,73
394.0820,39198,589,403,679,427,73
394.1075,39199,589,403,679,427,74
394.1327,39200,588,403,680,429,73
394.1581,39201,588,403,680,429,73
394.1861,39202,590,402,682,428,74
394.2110,39203,591,402,683,428,75
394.2377,39204,592,402,684,428,75
394.2611,39205,593,402,685,428,73
394.2879,39206,593,402,685,428,73
394.3134,39207,595,402,685,428,75
394.3392,39208,596,402,686,427,74
394.3642,39209,596,402,686,427,74
394.3898,39210,596,402,686,427,74
394.4166,39211,596,401,688,427,73
394.4408,39212,599,402,687,425,68
394.4660,39213,638,398,684,423,68
394.4921,39214,638,398,684,423,68
394.5708,39217,644,388,678,436,74
394.5955,39218,642,389,680,439,75
394.6224,39219,642,389,680,439,75
394.6488,39220,638,389,682,443,77
394.6740,39221,634,393,682,445,78
394.6990,39222,631,400,682,446,78
394.7247,39223,628,407,673,443,71
394.7508,39224,628,407,673,443,71
394.7753,39225,623,410,673,440,68
394.8009,39226,618,422,676,440,56
394.8270,39227,618,422,676,440,56
394.8523,39228,618,422,676,440,56
394.8787,39229,606,427,678,444,39
394.9043,39230,600,427,678,445,55
394.9299,39231,600,427,678,445,55
394.9548,39232,596,424,678,446,65
394.9808,39233,593,427,675,447,52
395.0076,39234,589,426,675,448,55
395.0326,39235,585,435,653,451,65
395.0582,39236,581,434,645,454,74
395.0852,39237,581,434,645,454,74
395.1117,39238,575,434,647,454,75
395.1372,39239,575,434,647,454,75
395.1609,39240,569,434,649,454,73
395.1880,39241,564,435,650,455,74
395.2134,39242,559,435,651,455,73
395.2393,39243,559,435,651,455,73
395.2641,39244,559,435,651,455,73
395.2897,39245,550,436,646,456,69
395.3160,39246,548,438,642,456,66
395.3421,39247,544,445,613,457,61
395.3685,39248,540,445,608,457,61
395.3930,39249,537,446,605,458,61
395.4199,39250,537,446,605,458,61
395.4450,39251,537,446,605,458,61
395.4723,39252,534,446,604,458,53
395.4979,39253,532,445,603,459,50
395.5230,39254,529,445,605,459,45
395.5500,39255,528,447,598,459,41
396.5355,39293,481,453,548,465,34
396.5594,39294,480,453,548,465,35
396.5866,39295,480,453,548,465,36
396.6125,39296,479,454,547,465,36
396.6376,39297,479,454,547,465,36
396.6631,39298,478,454,550,465,41
396.6891,39299,477,455,547,465,40
396.7155,39300,477,454,549,465,42
396.7407,39301,477,455,545,465,46
396.7674,39302,477,455,545,465,46
396.7939,39303,475,455,542,465,46
396.8174,39304,474,455,540,465,49
396.8442,39305,474,455,540,465,49
396.8715,39306,474,455,540,465,49
396.8964,39307,473,455,540,465,51
396.9217,39308,472,455,540,465,49
396.9471,39309,472,455,540,465,49
396.9741,39310,472,455,538,465,51
397.0008,39311,471,455,535,465,52
397.0249,39312,470,456,536,466,55
397.0509,39313,469,456,536,466,57
397.0762,39314,469,456,537,466,57
397.1028,39315,469,456,537,466,57
397.1280,39316,468,456,536,466,58
397.1545,39317,468,456,535,466,57
397.1825,39318,468,456,535,466,57
397.2078,39319,468,454,532,466,58
397.2338,39320,470,448,530,468,71
397.2601,39321,476,440,520,472,69
397.2844,39322,479,439,511,477,49
397.3107,39323,479,439,511,477,49
397.3374,39324,480,440,512,480,76
397.3632,39325,478,439,516,481,80
397.3879,39326,476,434,514,480,80
397.4144,39327,475,430,516,480,81
397.4401,39328,475,430,516,480,81
397.4659,39329,474,427,520,480,81
397.4911,39330,474,426,522,480,82
397.5174,39331,474,426,522,480,82
397.5432,39332,475,424,524,478,81
397.5690,39333,475,422,526,476,80
397.5949,39334,475,420,528,476,80
397.6211,39335,474,419,530,477,81
397.6457,39336,474,419,530,477,81
397.6727,39337,474,418,531,478,82
397.6989,39338,475,417,532,475,82
397.7240,39339,474,416,534,475,82
397.7489,39340,474,415,536,473,82
397.7750,39341,474,415,536,473,82
397.8030,39342,474,413,537,471,82
397.8268,39343,474,413,538,471,82
397.8530,39344,474,413,538,471,82
397.8770,39345,475,412,540,470,82
397.9045,39346,475,412,540,470,81
397.9286,39347,477,411,542,469,80
397.9554,39348,477,411,542,469,80
397.9811,39349,477,411,543,468,80
398.0082,39350,479,410,544,466,80
398.0349,39351,480,410,546,466,80
398.0588,39352,480,409,546,465,80
398.0838,39353,481,409,547,463,79
398.1094,39354,481,409,547,463,79
398.1365,39355,482,409,548,463,80
398.1614,39356,482,409,548,465,80
398.1901,39357,482,409,548,465,80
398.2161,39358,483,408,550,464,79
398.2407,39359,483,408,550,464,80
398.2662,39360,485,407,551,462,80
398.2922,39361,485,407,552,463,80
398.3183,39362,485,407,552,463,80
398.3466,39363,485,407,553,461,80
398.3721,39364,486,407,554,461,80
398.3970,39365,486,407,554,461,80
398.4221,39366,485,406,555,460,80
398.4489,39367,485,406,555,460,80
398.4755,39368,486,407,556,459,80
398.5020,39369,486,407,557,459,80
398.5262,39370,486,407,557,459,80
398.5538,39371,486,406,558,458,80
398.5793,39372,487,407,558,459,80
398.6053,39373,487,406,559,458,80
398.6300,39374,488,406,560,458,80
398.6550,39375,488,406,560,458,80
398.6819,39376,488,406,561,456,79
398.7079,39377,489,405,561,455,79
398.7335,39378,489,405,561,455,79
398.7583,39379,490,405,563,452,78
398.7844,39380,490,405,563,452,78
398.8109,39381,490,405,562,453,79
398.8359,39382,490,406,563,454,79
398.8641,39383,490,406,563,454,79
398.8895,39384,490,405,564,453,78
398.9160,39385,491,405,565,452,78
398.9420,39386,491,405,565,453,78
398.9676,39387,492,405,565,451,78
398.9930,39388,492,404,566,450,79
399.0196,39389,492,404,566,450,79
399.0462,39390,497,404,567,447,78
399.0721,39391,496,404,567,447,79
399.0964,39392,497,404,567,446,78
399.1222,39393,497,404,567,446,78
399.1484,39394,497,404,567,446,78
399.1751,39395,499,404,568,445,77
399.1994,39396,498,404,568,446,78
399.2274,39397,498,404,568,446,78
399.2534,39398,499,404,569,444,77
399.2792,39399,498,404,569,444,77
399.3039,39400,498,403,570,443,77
399.3299,39401,498,403,570,443,77
399.3572,39402,500,403,570,442,77
399.3851,39403,497,404,571,444,77
399.4132,39404,500,403,572,441,76
399.4369,39405,496,403,572,442,76
399.4611,39406,495,403,572,441,77
399.4882,39407,495,403,572,441,77
399.5132,39408,496,404,573,442,76
399.5390,39409,498,403,573,440,75
399.5651,39410,498,403,573,440,75
399.5931,39411,500,403,573,439,75
399.6165,39412,500,403,574,439,75
399.6429,39413,500,403,574,439,75
399.6686,39414,505,403,575,438,75
399.6938,39415,505,403,575,438,75
399.7196,39416,501,402,575,438,76
399.7471,39417,502,403,575,438,75
399.7722,39418,501,402,575,438,76
399.7975,39419,501,403,575,437,76
399.8235,39420,501,403,575,437,76
399.8484,39421,500,403,576,437,76
399.8768,39422,523,404,577,434,75
399.9026,39423,523,404,577,434,75
399.9282,39424,524,407,578,435,65
399.9539,39425,534,405,584,429,76
399.9792,39426,533,404,593,430,78
400.0054,39427,537,406,601,433,79
400.0309,39428,537,406,601,433,79
400.0567,39429,537,406,601,433,79
400.0830,39430,552,410,614,440,74
400.1092,39431,552,411,620,443,74
400.1332,39432,564,413,624,445,75
400.1592,39433,564,413,624,445,75
400.1852,39434,569,414,628,447,76
400.2116,39435,574,416,632,449,79
400.2372,39436,574,416,632,449,79
400.2645,39437,574,416,636,452,76
400.2912,39438,576,416,640,452,75
400.3151,39439,579,419,643,453,75
400.3410,39440,568,416,645,456,72
400.3664,39441,568,416,645,456,72
400.3936,39442,596,426,646,464,75
400.4187,39443,598,424,656,468,77
400.4438,39444,598,424,656,468,77
400.4688,39445,600,424,674,476,75
400.4952,39446,600,424,674,476,75
400.5213,39447,604,432,682,478,75
400.5475,39448,607,435,687,481,75
400.5727,39449,607,435,687,481,75
400.5996,39450,608,435,694,483,75
400.6258,39451,610,439,698,485,74
400.6521,39452,613,443,704,487,72
400.6770,39453,618,453,708,489,73
400.7027,39454,618,453,708,489,73
400.7294,39455,622,456,714,490,73
400.7557,39456,628,460,717,492,71
400.7808,39457,631,460,721,494,70
400.8052,39458,644,463,724,495,72
400.8307,39459,644,463,724,495,72
400.8570,39460,644,463,724,495,72
400.8829,39461,680,466,732,494,73
400.9089,39462,680,466,732,494,73
400.9350,39463,688,464,738,497,78
400.9609,39464,688,462,744,497,78
400.9859,39465,689,458,751,496,76
401.0099,39466,684,454,756,498,78
401.0376,39467,684,454,756,498,78
401.0631,39468,686,451,760,497,77
401.0897,39469,688,450,764,494,77
401.1142,39470,694,447,768,495,77
401.1394,39471,702,445,772,495,66
401.1655,39472,702,445,772,495,66
401.1915,39473,703,442,775,496,33
401.2985,39477,716,438,784,480,44
401.3252,39478,715,436,787,482,45
401.3520,39479,716,435,790,482,32
401.3755,39480,716,435,790,482,32
401.4029,39481,716,434,792,482,34
401.4301,39482,717,432,794,482,39
401.4571,39483,720,430,796,480,34
401.4809,39484,721,429,799,477,37
401.5064,39485,721,429,799,477,37
401.5330,39486,722,428,800,478,56
401.5575,39487,722,427,802,477,55
401.5839,39488,722,427,802,477,55
401.6111,39489,724,426,804,476,68
401.6365,39490,724,425,804,477,71
401.6621,39491,726,424,806,476,73
401.6883,39492,728,422,808,474,77
401.7146,39493,728,422,808,474,77
401.7421,39494,728,421,810,474,77
401.7671,39495,730,420,810,472,77
401.7913,39496,735,420,813,468,75
401.8184,39497,735,420,813,468,74
401.8430,39498,732,419,814,471,75
401.8715,39499,732,419,814,471,75
401.8968,39500,733,418,815,472,75
401.9231,39501,735,418,816,470,76
401.9489,39502,735,418,816,470,76
401.9750,39503,746,413,812,463,64
402.0021,39504,770,408,806,448,53
402.0530,39506,775,414,811,452,78
402.0791,39507,775,414,811,452,78
402.1039,39508,769,414,814,450,79
402.1296,39509,764,412,818,444,74
402.1550,39510,759,409,819,445,75
402.1815,39511,755,409,819,438,74
402.2060,39512,755,409,819,438,74
402.2330,39513,751,410,818,452,75
402.2575,39514,746,411,818,450,64
402.2840,39515,746,411,818,450,64
402.3091,39516,741,410,810,436,63
402.3369,39517,736,410,810,432,60
402.3623,39518,733,410,803,424,60
402.3623,39518,771,412,815,444,51
402.3873,39519,730,411,804,425,61
402.3873,39519,775,413,815,442,50
402.4113,39520,730,411,804,425,61
402.4113,39520,775,413,815,442,50
402.4399,39521,727,410,801,422,62
402.4655,39522,724,410,798,422,61
402.4883,39523,722,410,802,424,57
402.5138,39524,718,410,792,422,56
402.5411,39525,718,410,792,422,56
402.5662,39526,716,410,790,422,57
402.5919,39527,714,410,804,427,60
402.6185,39528,714,410,804,427,60
402.6453,39529,711,410,787,420,58
402.6696,39530,710,410,794,422,57
402.6956,39531,708,409,786,421,57
402.7216,39532,706,408,780,420,58
402.7485,39533,706,408,780,420,58
402.7746,39534,705,408,790,420,58
402.8021,39535,704,408,788,420,57
402.8252,39536,702,407,766,419,57
402.8519,39537,700,407,766,419,55
402.8788,39538,700,407,766,419,55
402.9052,39539,699,407,765,419,55
402.9310,39540,697,406,763,418,55
402.9559,39541,697,406,763,418,55
402.9821,39542,696,407,778,419,54
403.0080,39543,695,406,759,418,53
403.0343,39544,694,406,766,418,48
403.0599,39545,692,406,766,418,48
403.0841,39546,692,406,766,418,48
403.1111,39547,692,406,775,418,47
403.1367,39548,691,406,769,418,40
403.1608,39549,690,405,774,417,38
403.1862,39550,689,407,767,417,38
403.2121,39551,689,407,767,417,38
403.2391,39552,688,405,767,417,40
403.2649,39553,687,406,763,416,42
403.2910,39554,687,406,763,416,42
403.3175,39555,687,406,765,416,40
403.3438,39556,686,405,772,417,41
403.3681,39557,685,405,770,417,46
403.3946,39558,684,404,766,416,40
403.4206,39559,684,404,766,416,40
403.4480,39560,683,404,757,416,32
403.4731,39561,681,405,749,415,41
403.5000,39562,679,404,749,416,35
403.5241,39563,679,404,748,416,34
403.5520,39564,679,404,748,416,34
403.5765,39565,678,405,742,415,45
403.6028,39566,678,404,742,416,46
403.6262,39567,677,404,747,416,38
403.6525,39568,677,404,747,416,38
403.6779,39569,676,403,743,415,49
403.7034,39570,676,403,740,415,42
403.7294,39571,676,403,740,415,42
403.7561,39572,674,403,744,415,50
403.7830,39573,674,403,742,415,43
403.8080,39574,673,404,735,414,58
403.8342,39575,672,403,736,415,58
403.8598,39576,672,402,737,414,54
403.8853,39577,672,402,737,414,54
403.9143,39578,671,403,737,415,56
403.9387,39579,672,403,734,415,62
403.9623,39580,670,403,736,415,58
403.9890,39581,670,403,736,415,58
404.0150,39582,670,403,734,415,63
404.0399,39583,669,402,740,414,60
404.0659,39584,668,402,734,414,65
404.0901,39585,668,402,734,414,65
404.1180,39586,668,402,738,414,64
404.1421,39587,668,402,734,415,65
404.1690,39588,667,401,741,415,63
404.1942,39589,667,401,741,415,63
404.2220,39590,666,401,740,415,63
404.2461,39591,666,401,734,415,64
404.2734,39592,666,401,742,415,62
404.2974,39593,664,401,740,415,63
404.3245,39594,664,401,740,415,63
404.3498,39595,664,399,744,415,63
404.3739,39596,664,399,750,415,63
404.4009,39597,664,399,750,415,63
404.4259,39598,664,399,736,415,63
404.4527,39599,664,399,736,415,63
404.4782,39600,663,399,743,415,62
404.5041,39601,663,398,749,416,61
404.5301,39602,663,398,749,416,61
404.5565,39603,663,399,746,416,61
404.5822,39604,662,398,744,416,61
404.6086,39605,662,400,730,416,61
404.6346,39606,662,398,748,416,60
404.6616,39607,662,398,748,416,60
404.6884,39608,662,395,755,417,63
404.7126,39609,660,398,742,416,60
404.7400,39610,660,398,742,416,60
404.7663,39611,662,396,754,416,60
404.7916,39612,661,396,751,416,61
404.8189,39613,660,399,725,417,61
404.8461,39614,660,399,725,417,61
404.8712,39615,659,399,727,417,60
404.8990,39616,659,399,727,417,60
404.9226,39617,660,395,752,417,62
404.9499,39618,659,398,725,418,62
404.9760,39619,658,399,724,417,63
405.0027,39620,658,399,724,417,63
405.0286,39621,658,398,724,418,63
405.0549,39622,658,398,724,418,63
405.0791,39623,658,398,722,418,65
405.1058,39624,658,398,722,418,65
405.1316,39625,658,398,726,418,64
405.1588,39626,657,398,723,418,65
405.1841,39627,658,398,722,418,67
405.2091,39628,657,398,721,418,67
405.2359,39629,657,398,721,418,67
405.2611,39630,657,398,721,418,67
405.2876,39631,657,398,721,418,64
405.3145,39632,657,398,721,418,65
405.3393,39633,657,397,723,418,63
405.3649,39634,657,397,723,418,63
405.3909,39635,656,396,722,418,64
405.4180,39636,656,394,732,418,64
405.4425,39637,656,396,724,418,65
405.4681,39638,656,396,724,418,65
405.4944,39639,656,394,729,418,66
405.5232,39640,656,394,725,418,65
405.5478,39641,656,396,724,418,65
405.5720,39642,656,395,720,417,65
405.5982,39643,656,395,720,417,65
405.6243,39644,655,394,725,418,65
405.6507,39645,655,394,725,418,65
405.6757,39646,654,392,738,418,67
405.7019,39647,654,392,738,418,67
405.7276,39648,655,394,725,418,67
405.7520,39649,655,396,719,418,66
405.7779,39650,654,395,722,418,66
405.8034,39651,654,395,722,418,66
405.8307,39652,654,394,725,418,68
405.8567,39653,655,391,743,417,69
405.8831,39654,655,394,723,418,67
405.9087,39655,654,394,724,418,68
405.9361,39656,654,394,724,418,68
405.9624,39657,654,388,744,418,70
405.9885,39658,653,393,733,417,68
406.0132,39659,653,392,729,418,70
406.0406,39660,653,392,729,418,70
406.0659,39661,653,392,729,418,70
406.0910,39662,654,392,730,418,71
406.1168,39663,653,394,725,418,70
406.1428,39664,653,394,725,418,70
406.1707,39665,653,392,731,418,70
406.1971,39666,653,393,723,417,71
406.2239,39667,652,393,726,417,72
406.2512,39668,653,393,725,417,71
406.2746,39669,653,393,725,417,71
406.3032,39670,653,395,719,417,72
406.3284,39671,653,394,720,417,71
406.3532,39672,653,392,723,418,69
406.3809,39673,653,392,723,418,69
406.4060,39674,652,392,704,426,74
406.4325,39675,640,391,700,429,75
406.4574,39676,632,389,708,433,77
406.4830,39677,624,391,706,437,74
406.5081,39678,624,391,706,437,74
406.5369,39679,617,394,705,440,75
406.5648,39680,611,399,701,443,77
406.5892,39681,606,402,694,446,79
406.6136,39682,602,405,685,449,79
406.6400,39683,597,408,679,451,78
406.6678,39684,597,408,679,451,78
406.6927,39685,593,410,675,454,78
406.7192,39686,593,410,675,454,78
406.7436,39687,589,411,674,455,77
406.7709,39688,585,413,671,457,77
406.7961,39689,582,414,668,458,78
406.8210,39690,578,416,666,460,79
406.8474,39691,578,416,666,460,79
406.8730,39692,575,416,663,462,77
406.8994,39693,573,417,661,463,78
406.9261,39694,572,418,658,464,77
406.9509,39695,567,421,655,467,77
406.9756,39696,564,420,652,468,77
407.0022,39697,564,420,652,468,77
407.0283,39698,561,422,649,469,77
407.0522,39699,559,423,647,470,76
407.0793,39700,559,423,647,470,76
407.1058,39701,557,424,645,471,76
407.1294,39702,555,426,641,472,76
407.1556,39703,553,427,639,473,78
407.1837,39704,553,427,639,473,78
407.2073,39705,550,428,638,472,77
407.2337,39706,546,438,604,470,73
407.2582,39707,537,442,603,468,65
407.2833,39708,528,457,596,469,59
407.2833,39708,578,439,608,467,48
407.3088,39709,528,457,596,469,59
407.3088,39709,578,439,608,467,48
407.3380,39710,519,458,587,468,63
407.3629,39711,513,458,593,469,64
407.3878,39712,505,458,578,468,63
407.4126,39713,505,458,578,468,63
407.4378,39714,500,457,570,468,64
407.4640,39715,495,458,562,468,61
407.4895,39716,490,458,554,468,63
407.5170,39717,490,458,554,468,63
407.5430,39718,485,457,551,469,62
407.5690,39719,481,458,555,469,60
407.5944,39720,478,458,544,469,60
407.6207,39721,478,458,544,469,60
407.6463,39722,474,458,542,468,63
407.6717,39723,471,458,538,469,64
407.6980,39724,468,457,540,469,61
407.7232,39725,464,458,530,469,61
407.7490,39726,464,458,530,469,61
407.7753,39727,462,457,534,469,61
407.8011,39728,458,457,528,469,62
407.8267,39729,458,457,528,469,62
407.8535,39730,456,458,524,469,64
407.8786,39731,453,457,522,469,62
407.9049,39732,450,457,520,469,60
407.9295,39733,448,457,519,469,61
407.9557,39734,446,457,523,469,60
407.9813,39735,446,457,523,469,60
408.0081,39736,444,457,522,469,60
408.0360,39737,442,458,516,468,61
408.0578,39738,440,457,513,469,63
408.0852,39739,440,457,513,469,63
408.1121,39740,438,457,510,469,63
408.1373,39741,436,458,519,470,64
408.1609,39742,434,458,496,472,68
408.1870,39743,434,458,496,472,68
408.2142,39744,430,457,496,473,68
408.2394,39745,427,456,493,474,71
408.2643,39746,422,457,493,475,71
408.2896,39747,422,457,493,475,71
408.3159,39748,419,457,493,475,70
408.3429,39749,416,458,486,476,68
408.3699,39750,412,458,483,476,67
408.3939,39751,410,458,478,476,68
408.4196,39752,410,458,478,476,68
408.4463,39753,407,460,478,476,66
408.4710,39754,404,459,473,477,65
408.4959,39755,404,459,473,477,65
408.5244,39756,402,462,488,478,62
408.5498,39757,400,462,486,478,62
408.5742,39758,398,462,488,478,61
408.6009,39759,397,460,492,478,60
408.6244,39760,397,460,492,478,60
408.6529,39761,395,460,462,478,63
408.6780,39762,390,458,454,480,73
408.7023,39763,385,458,454,482,73
408.7275,39764,378,458,450,480,72
408.7275,39764,422,453,462,480,32
408.7548,39765,378,458,450,480,72
408.7548,39765,422,453,462,480,32
408.7795,39766,373,458,450,480,73
408.8051,39767,369,457,448,479,72
408.8323,39768,369,457,448,479,72
408.8573,39769,369,457,448,479,72
408.8854,39770,361,456,444,479,71
408.9098,39771,357,455,442,479,72
408.9359,39772,357,455,442,479,72
408.9610,39773,357,455,442,479,72
408.9880,39774,353,454,441,480,73
409.0121,39775,348,453,439,479,72
409.0387,39776,345,452,438,480,74
409.0643,39777,342,451,436,479,73
409.0892,39778,340,451,436,479,74
409.1156,39779,340,451,436,479,74
409.1420,39780,338,451,434,479,73
409.1674,39781,338,451,434,479,73
409.1939,39782,336,450,432,479,72
409.2208,39783,334,450,430,478,73
409.2456,39784,334,450,430,478,73
409.2720,39785,330,449,423,477,75
409.2980,39786,330,449,423,477,75
409.3249,39787,328,448,421,476,75
409.3521,39788,326,448,420,476,76
409.3780,39789,324,448,416,474,75
409.4049,39790,323,447,414,473,74
409.4292,39791,326,440,404,468,70
409.4551,39792,326,440,404,468,70
409.4801,39793,332,432,379,471,75
409.4801,39793,344,451,404,473,30
409.5056,39794,333,428,375,474,70
409.5324,39795,333,428,375,474,70
409.5576,39796,333,425,375,475,67
409.5835,39797,333,422,373,476,68
409.6093,39798,332,417,364,477,72
409.6350,39799,332,417,364,477,72
409.6615,39800,332,417,364,477,72
409.6871,39801,331,412,359,476,75
409.7139,39802,331,409,358,473,76
409.7396,39803,331,406,360,472,77
409.7651,39804,330,404,361,470,78
409.7928,39805,330,404,361,470,78
409.8177,39806,331,402,362,469,77
409.8419,39807,331,400,363,470,76
409.8687,39808,331,400,363,470,76
409.8954,39809,331,398,364,470,75
409.9215,39810,330,397,366,469,75
409.9475,39811,336,408,374,454,69
410.0232,39814,333,412,389,426,63
410.0232,39814,329,414,348,454,37
410.0499,39815,333,412,389,426,63
410.0499,39815,329,414,348,454,37
410.0753,39816,335,411,404,427,72
410.1021,39817,333,412,409,428,71
410.1261,39818,333,412,409,428,71
410.1520,39819,333,411,415,429,71
410.1780,39820,334,410,420,430,72
410.2039,39821,334,410,420,430,72
410.2308,39822,335,410,424,430,70
410.2566,39823,347,412,428,430,70
410.2823,39824,356,412,432,431,71
410.3078,39825,359,412,434,432,71
410.3351,39826,359,412,434,432,71
410.3610,39827,362,412,438,432,70
410.3879,39828,375,413,442,433,69
410.4120,39829,374,413,445,433,68
410.4377,39830,374,413,445,433,68
410.4640,39831,374,413,445,433,68
410.4892,39832,376,413,450,435,71
410.5155,39833,377,413,452,435,71
410.5420,39834,377,413,452,435,71
410.5685,39835,380,414,455,436,71
410.5940,39836,384,414,457,436,73
410.6189,39837,384,414,460,436,72
410.6445,39838,384,413,462,437,73
410.6707,39839,384,413,462,437,73
410.6970,39840,386,414,464,438,73
410.7230,39841,383,414,466,438,74
410.7494,39842,383,414,468,438,73
410.7741,39843,383,414,470,438,73
410.8015,39844,383,414,470,438,73
410.8273,39845,383,414,471,438,73
410.8521,39846,383,414,471,438,73
410.8769,39847,383,414,471,438,73
410.9053,39848,387,413,474,439,74
410.9292,39849,388,412,477,440,73
410.9550,39850,390,412,478,440,72
410.9797,39851,392,412,479,440,72
411.0062,39852,392,412,479,440,72
411.0344,39853,392,412,480,440,73
411.0590,39854,393,412,482,441,72
411.0869,39855,397,412,483,441,73
411.1091,39856,397,412,484,440,72
411.1338,39857,397,412,484,440,72
411.1608,39858,400,411,486,441,74
411.1857,39859,402,412,487,442,72
411.2133,39860,402,412,487,442,72
411.2372,39861,408,413,488,442,73
411.2642,39862,408,413,490,443,73
411.2892,39863,410,414,491,443,74
411.3143,39864,410,413,491,443,73
411.3402,39865,410,413,491,443,73
411.3667,39866,413,413,493,443,73
411.3923,39867,413,412,494,444,73
411.4188,39868,415,414,495,444,72
411.4420,39869,417,416,496,444,72
411.4684,39870,417,416,496,444,72
411.4946,39871,417,414,497,444,73
411.5199,39872,417,414,497,444,73
411.5450,39873,417,414,497,444,73
411.5717,39874,418,415,498,445,73
411.5970,39875,417,414,499,444,73
411.6245,39876,417,414,500,444,73
411.6480,39877,417,414,500,444,73
411.6744,39878,417,416,501,444,72
411.7023,39879,422,419,502,444,70
411.7274,39880,426,421,503,445,70
411.7515,39881,420,417,502,445,72
411.7776,39882,420,417,502,445,72
411.8040,39883,422,419,504,445,70
411.8295,39884,422,419,505,445,70
411.8550,39885,422,419,505,445,70
411.8813,39886,430,424,505,445,70
411.9068,39887,424,419,506,445,72
411.9327,39888,428,424,507,445,71
411.9571,39889,423,418,507,445,72
411.9834,39890,423,418,507,445,72
412.0095,39891,424,419,508,445,73
412.0351,39892,424,419,508,445,72
412.0613,39893,426,424,505,450,68
412.0871,39894,457,423,500,461,77
412.1122,39895,457,423,500,461,77
412.1382,39896,465,410,497,460,74
412.1637,39897,469,405,495,463,65
412.1889,39898,469,405,495,463,65
412.2150,39899,479,410,495,472,58
412.2150,39899,454,408,492,434,48
412.2421,39900,480,424,494,490,65
412.2676,39901,478,425,494,493,66
412.2918,39902,476,433,493,497,67
412.3183,39903,476,433,493,497,67
412.3464,39904,471,436,494,490,73
412.3698,39905,464,443,499,479,76
412.3960,39906,457,440,504,468,74
412.4206,39907,450,438,506,468,67
412.4466,39908,450,438,506,468,67
412.4732,39909,446,442,506,478,64
412.5017,39910,440,456,506,480,68
412.5256,39911,435,459,508,479,66
412.5524,39912,435,459,508,479,66
412.5777,39913,431,460,509,476,58
412.6030,39914,427,461,498,473,58
412.6833,39917,419,456,491,468,58
412.7071,39918,415,468,483,480,60
412.7325,39919,412,467,484,479,62
412.7578,39920,409,462,481,472,58
412.7838,39921,409,462,481,472,58
412.8093,39922,406,464,485,476,60
412.8369,39923,405,466,488,478,65
412.8615,39924,403,455,474,467,60
412.8882,39925,403,455,474,467,60
412.9155,39926,400,456,472,468,58
412.9392,39927,398,468,471,481,49
412.9648,39928,396,470,468,482,55
412.9915,39929,396,470,468,482,55
413.0174,39930,394,458,470,472,65
413.0436,39931,392,460,470,474,59
413.0688,39932,390,465,468,479,54
413.0947,39933,388,457,459,469,63
413.1195,39934,388,457,459,469,63
413.1469,39935,387,451,462,470,68
413.1733,39936,382,464,441,484,72
413.1990,39937,375,466,439,485,71
413.2261,39938,375,466,439,485,71
413.2510,39939,367,456,435,470,66
413.2757,39940,361,457,440,471,64
413.3029,39941,355,465,437,477,55
413.3269,39942,355,465,437,477,55
413.3532,39943,351,454,431,468,58
413.3798,39944,347,453,440,467,56
413.4044,39945,341,462,410,474,54
413.4309,39946,338,466,409,478,56
413.4556,39947,338,466,409,478,56
413.4850,39948,333,453,430,467,49
413.5088,39949,331,454,424,466,55
413.5348,39950,327,461,415,473,56
413.5611,39951,327,461,415,473,56
413.5876,39952,324,456,394,468,61
413.6900,39956,316,463,393,475,49
413.7679,39959,307,458,382,470,61
413.7929,39960,306,457,374,469,62
413.8188,39961,306,457,374,469,62
413.8693,39963,301,456,374,468,62
413.8965,39964,301,456,374,468,62
413.9227,39965,298,461,374,473,59
414.0257,39969,293,456,358,468,66
414.0528,39970,293,456,358,468,66
414.0788,39971,286,449,347,469,76
414.1046,39972,277,450,347,472,74
414.1298,39973,271,457,349,477,72
414.1554,39974,271,457,349,477,72
414.1820,39975,265,452,346,472,73
414.2070,39976,258,452,343,471,76
414.2321,39977,254,456,337,477,73
414.2590,39978,254,456,337,477,73
414.2845,39979,250,461,333,481,74
414.3096,39980,246,452,332,476,77
414.3353,39981,246,452,332,476,77
414.3620,39982,242,451,334,477,77
414.3872,39983,238,456,332,482,74
414.4139,39984,234,454,325,480,75
414.4389,39985,234,454,325,480,75
414.4645,39986,234,454,325,480,75
414.4920,39987,228,456,322,482,74
414.5189,39988,225,461,316,487,72
414.5437,39989,222,456,313,482,71
414.5684,39990,219,455,314,481,73
414.5937,39991,219,455,314,481,73
414.6207,39992,217,458,312,486,71
414.6445,39993,216,462,278,484,64
414.6710,39994,216,462,278,484,64
414.6974,39995,222,452,261,484,74
414.7222,39996,224,454,269,492,72
414.7474,39997,221,456,260,499,78
414.7721,39998,216,440,268,494,80
414.7981,39999,216,440,268,494,80
414.8242,40000,214,434,275,490,81
414.8514,40001,214,434,275,490,81
414.8759,40002,218,430,291,484,76
414.9019,40003,224,422,297,473,75
414.9259,40004,224,422,297,473,75
414.9531,40005,228,420,304,470,76
414.9781,40006,231,420,310,466,78
415.0049,40007,231,420,310,466,78
415.0294,40008,236,414,314,452,75
415.0562,40009,239,411,319,447,76
415.0806,40010,238,410,324,449,77
415.1047,40011,240,409,327,447,77
415.1312,40012,240,409,327,447,77
415.1590,40013,241,404,332,440,74
415.1852,40014,244,403,336,435,77
415.2096,40015,247,404,338,434,78
415.2353,40016,247,404,338,434,78
415.2606,40017,247,404,338,434,78
415.2876,40018,261,396,345,426,74
415.3133,40019,271,397,347,427,74
415.3399,40020,271,397,347,427,74
415.3675,40021,273,398,351,428,75
415.3934,40022,283,394,353,424,73
415.4178,40023,287,393,355,423,73
415.4433,40024,291,393,358,425,74
415.4688,40025,291,393,358,425,74
415.4956,40026,293,392,360,422,72
415.5214,40027,286,388,362,420,75
415.5454,40028,285,389,364,421,73
415.5711,40029,291,390,366,422,71
415.5972,40030,291,390,366,422,71
415.6220,40031,287,388,369,420,74
415.6499,40032,287,388,369,420,74
415.6747,40033,314,391,370,419,69
415.6747,40033,282,404,329,422,31
415.7011,40034,311,388,370,422,69
415.7267,40035,322,386,375,426,79
415.7519,40036,326,382,380,429,79
415.7769,40037,330,383,385,435,77
415.8056,40038,330,383,385,435,77
415.8319,40039,329,384,390,441,77
415.8591,40040,330,382,394,444,78
415.8844,40041,338,383,396,447,76
415.9081,40042,354,404,396,456,70
415.9345,40043,354,404,396,456,70
415.9600,40044,362,402,407,464,77
415.9855,40045,365,403,416,470,75
416.0122,40046,365,403,416,470,75
416.0384,40047,367,406,422,476,78
416.0657,40048,368,415,428,483,75
416.0901,40049,370,423,434,485,68
416.1156,40050,372,427,438,488,69
416.1420,40051,372,427,438,488,69
416.1679,40052,376,438,443,492,57
416.1938,40053,403,457,450,489,72
416.2197,40054,409,468,458,488,79
416.2441,40055,408,468,468,490,77
416.2714,40056,408,468,468,490,77
416.2952,40057,415,468,478,492,76
416.3208,40058,415,468,478,492,76
416.3473,40059,422,466,488,489,75
416.3738,40060,421,464,495,486,74
416.3992,40061,431,463,502,485,75
416.4251,40062,433,462,508,485,72
416.4510,40063,442,459,514,483,72
416.4766,40064,442,459,514,483,72
416.5028,40065,442,458,518,482,72
416.5294,40066,446,458,524,482,73
416.5553,40067,452,457,528,481,75
416.5795,40068,454,454,533,480,76
416.6065,40069,454,454,533,480,76
416.6332,40070,456,454,536,480,68
416.6575,40071,456,454,540,480,60
416.6839,40072,456,454,540,480,60
416.7096,40073,492,452,542,476,70
416.7371,40074,502,447,547,486,77
416.7609,40075,506,447,560,489,70
416.7874,40076,524,459,572,487,60
416.8132,40077,524,459,572,487,60
416.8391,40078,526,468,582,486,64
416.8668,40079,535,466,591,488,70
416.8909,40080,544,465,598,489,77
416.9160,40081,548,462,602,488,76
416.9414,40082,548,462,602,488,76
416.9680,40083,550,461,610,487,73
416.9934,40084,551,460,615,487,73
417.0194,40085,551,460,615,487,73
417.0456,40086,558,459,622,485,73
417.0721,40087,560,458,626,484,74
417.0961,40088,560,457,630,484,73
417.1214,40089,557,456,633,486,72
417.1483,40090,557,456,633,486,72
417.1775,40091,560,455,638,483,70
417.2010,40092,561,454,641,482,69
417.2261,40093,558,454,644,486,69
417.2516,40094,560,453,647,485,65
417.2772,40095,560,453,647,485,65
417.3042,40096,567,452,651,481,62
417.3297,40097,567,452,651,481,62
417.3554,40098,569,452,654,480,66
417.3818,40099,568,452,656,482,67
417.4080,40100,569,451,659,481,68
417.4324,40101,571,450,661,481,71
417.4597,40102,571,450,661,481,71
417.4860,40103,573,450,664,480,71
417.5119,40104,576,450,666,480,72
417.5380,40105,574,449,668,479,71
417.5631,40106,580,449,670,477,70
417.5880,40107,584,448,672,476,72
417.6133,40108,584,448,672,476,72
417.6397,40109,587,448,675,474,73
417.6649,40110,589,447,677,473,74
417.6930,40111,589,447,677,473,74
417.7189,40112,590,447,678,473,74
417.7429,40113,593,447,679,471,74
417.7680,40114,594,446,682,471,73
417.7932,40115,595,446,684,470,70
417.8196,40116,595,446,684,470,70
417.8473,40117,597,446,686,470,69
417.8718,40118,600,446,688,468,65
417.8971,40119,604,444,690,466,68
417.9216,40120,604,444,690,466,68
417.9485,40121,605,444,691,466,69
417.9757,40122,613,445,693,465,69
418.0008,40123,624,445,694,463,69
418.0267,40124,624,445,694,463,69
418.0532,40125,624,444,696,462,70
418.0770,40126,615,444,697,464,70
418.1032,40127,614,444,698,464,69
418.1287,40128,609,443,699,465,69
418.1548,40129,609,443,699,465,69
418.1806,40130,611,444,701,464,68
418.2060,40131,618,444,703,462,64
418.2330,40132,616,443,704,463,66
418.2582,40133,621,442,705,462,66
418.2838,40134,621,442,705,462,66
418.3095,40135,620,442,706,462,66
418.3357,40136,622,442,708,462,66
418.3608,40137,622,442,708,462,66
418.3875,40138,618,442,708,464,69
418.4133,40139,618,442,710,463,68
418.4398,40140,618,442,710,463,68
418.4679,40141,620,442,712,464,69
418.4939,40142,620,442,712,464,69
418.5194,40143,621,441,713,463,68
418.5456,40144,622,442,714,464,69
418.5719,40145,624,442,716,464,68
418.5978,40146,631,441,717,459,66
418.6239,40147,631,441,717,459,66
418.6494,40148,634,441,718,458,65
418.6754,40149,631,441,719,459,66
418.7017,40150,631,441,719,459,66
418.7283,40151,632,441,720,459,67
418.7538,40152,637,441,721,457,66
418.7793,40153,649,440,723,456,65
418.8047,40154,651,441,723,455,67
418.8307,40155,651,441,723,455,67
418.8570,40156,651,441,723,455,67
418.8820,40157,658,440,724,454,66
418.9070,40158,658,440,724,454,66
418.9342,40159,656,440,726,454,66
418.9591,40160,654,440,726,454,64
418.9853,40161,658,439,728,454,64
419.0094,40162,652,439,728,455,63
419.0365,40163,652,439,728,455,63
419.0612,40164,660,439,729,454,65
419.0889,40165,660,439,730,454,63
419.1130,40166,658,438,730,454,62
419.1388,40167,659,439,731,455,65
419.1646,40168,659,439,731,455,65
419.1919,40169,656,439,732,455,58
419.2153,40170,656,439,732,455,58
419.2425,40171,663,438,733,454,60
419.2679,40172,666,438,734,454,64
419.2937,40173,665,438,735,454,61
419.3190,40174,669,438,735,452,61
419.3443,40175,669,438,735,452,61
419.3707,40176,671,438,735,452,59
419.3968,40177,669,438,736,452,60
419.4233,40178,670,439,736,452,52
419.4498,40179,701,433,731,459,33
419.5266,40182,688,427,724,469,37
419.5524,40183,689,426,726,474,74
419.5790,40184,689,426,726,474,74
419.6040,40185,684,431,728,479,76
419.6288,40186,679,439,729,483,80
419.6542,40187,675,443,727,485,78
419.6798,40188,675,443,727,485,78
419.7080,40189,670,443,724,487,76
419.7331,40190,667,446,721,488,75
419.7589,40191,664,449,719,491,75
419.7835,40192,661,461,708,487,71
419.8109,40193,653,465,703,487,75
419.8358,40194,653,465,703,487,75
419.8627,40195,645,464,707,490,75
419.8887,40196,635,460,704,490,75
419.9145,40197,635,460,704,490,75
419.9400,40198,628,458,694,488,74
419.9680,40199,622,456,692,489,55
419.9919,40200,616,454,685,486,67
420.0195,40201,611,453,687,487,74
420.0458,40202,611,453,687,487,74
420.0709,40203,606,451,684,485,72
420.0971,40204,603,450,681,482,72
420.1242,40205,599,450,679,482,73
420.1494,40206,595,448,679,484,77
420.1733,40207,595,448,679,484,77
420.1995,40208,592,448,676,484,75
420.2263,40209,588,447,672,481,72
420.2530,40210,588,447,672,481,72
420.2786,40211,584,445,670,479,75
420.3040,40212,581,445,669,479,74
420.3298,40213,578,443,668,479,74
420.3546,40214,577,443,667,477,73
420.3811,40215,577,443,667,477,73
420.4070,40216,574,442,666,477,75
420.4338,40217,572,442,666,476,71
420.4589,40218,570,442,662,474,74
420.4842,40219,566,443,626,463,69
420.5095,40220,566,443,626,463,69
420.5378,40221,560,443,622,461,69
420.5599,40222,552,443,618,457,68
420.5873,40223,552,443,618,457,68
420.6128,40224,544,444,614,456,63
420.6383,40225,540,445,624,456,60
420.6641,40226,532,446,614,456,54
420.6895,40227,528,447,608,457,45
420.7148,40228,528,447,608,457,45
420.7417,40229,522,447,604,457,48
420.7679,40230,518,447,591,457,31
420.7921,40231,514,447,590,457,34
420.8709,40234,507,446,572,456,40
421.6992,40266,453,447,515,461,55
421.7273,40267,453,447,515,461,55
421.7525,40268,451,446,516,462,65
421.7769,40269,446,446,516,462,60
421.8020,40270,441,447,505,461,44
422.5807,40300,390,452,452,466,59
422.6052,40301,387,450,446,468,74
422.6323,40302,387,450,446,468,74
422.6591,40303,380,448,455,468,72
422.6834,40304,372,450,451,466,66
422.7097,40305,365,454,442,466,60
422.7366,40306,365,454,442,466,60
422.7610,40307,358,454,438,466,59
422.7882,40308,353,454,436,466,54
422.8134,40309,349,455,438,466,52
422.8372,40310,349,455,438,466,52
422.8631,40311,349,455,438,466,52
422.8920,40312,338,454,416,466,39
422.9169,40313,335,455,417,465,33
422.9430,40314,332,455,412,465,31
422.9680,40315,332,455,412,465,31
423.0193,40317,324,454,402,465,37
423.0453,40318,321,456,415,466,39
423.0710,40319,321,456,415,466,39
423.0974,40320,318,454,408,466,38
423.3552,40330,302,445,362,467,66
423.4329,40333,308,443,340,475,74
423.4581,40334,305,443,348,476,78
423.4851,40335,300,440,355,476,74
423.5093,40336,298,436,363,466,76
423.5375,40337,298,436,363,466,76
423.5621,40338,297,436,370,468,73
423.5892,40339,318,434,380,452,56
423.6147,40340,328,434,388,446,63
423.6394,40341,328,434,388,446,63
423.6659,40342,328,434,388,446,63
423.6923,40343,332,433,402,445,62
423.7167,40344,344,433,408,443,50
423.7430,40345,344,433,408,443,50
423.7709,40346,345,432,413,442,41
423.7970,40347,354,432,418,442,35
423.8195,40348,360,432,422,442,35
423.8983,40351,369,430,432,440,39
423.9281,40352,372,430,435,440,44
423.9519,40353,373,430,438,440,49
423.9764,40354,378,430,441,440,51
424.0034,40355,378,430,441,440,51
424.0281,40356,382,430,445,440,56
424.0541,40357,392,430,448,440,58
424.0791,40358,392,430,448,440,58
424.1056,40359,393,430,451,440,58
424.1334,40360,397,429,454,440,56
424.1562,40361,397,428,456,440,62
424.1831,40362,399,429,458,439,53
424.2073,40363,402,429,461,439,54
424.2354,40364,402,429,461,439,54
424.2615,40365,406,429,464,440,49
424.2894,40366,404,428,466,440,61
424.3116,40367,407,428,469,440,63
424.3382,40368,407,428,469,440,63
424.3640,40369,410,428,470,440,62
424.3894,40370,411,428,471,440,65
424.4153,40371,411,428,471,440,65
424.4419,40372,412,428,474,440,64
424.4699,40373,412,427,475,439,63
424.4929,40374,412,427,478,439,62
424.5179,40375,413,427,480,439,63
424.5429,40376,413,427,480,439,63
424.5695,40377,417,427,481,440,62
424.5956,40378,422,428,482,440,62
424.6208,40379,423,428,484,440,58
424.6470,40380,422,428,486,440,60
424.6724,40381,422,428,486,440,60
424.6964,40382,425,428,487,440,60
424.7226,40383,423,428,489,440,61
424.7498,40384,423,428,489,440,61
424.7743,40385,422,429,490,441,62
424.8007,40386,423,428,492,442,63
424.8255,40387,423,428,493,442,63
424.8522,40388,423,428,494,442,62
424.8781,40389,423,428,494,442,62
424.9044,40390,424,428,496,442,64
424.9306,40391,427,428,497,442,64
424.9556,40392,427,428,498,442,65
424.9813,40393,426,428,500,442,64
425.0080,40394,426,428,500,442,64
425.0341,40395,427,429,501,443,65
425.0607,40396,432,428,502,442,66
425.0849,40397,432,428,502,442,66
425.1119,40398,430,428,502,442,66
425.1386,40399,432,428,503,442,66
425.1643,40400,430,428,504,443,66
425.1900,40401,431,428,505,443,66
425.2162,40402,431,428,505,443,66
425.2428,40403,432,429,506,443,65
425.2693,40404,433,429,507,443,66
425.2949,40405,437,428,508,443,66
425.3194,40406,440,428,509,442,65
425.3451,40407,436,428,509,442,64
425.3740,40408,436,428,509,442,64
425.3981,40409,439,429,510,441,60
425.4240,40410,439,429,510,441,60
425.4509,40411,439,429,511,441,60
425.4755,40412,441,430,511,440,58
425.5025,40413,444,430,512,440,57
425.5283,40414,440,430,513,440,57
425.5530,40415,440,430,513,440,57
425.5788,40416,442,430,514,440,57
425.6048,40417,440,430,514,440,59
425.6296,40418,439,429,515,440,58
425.6550,40419,446,430,516,440,56
425.6794,40420,446,430,516,440,56
425.7068,40421,442,429,517,439,59
425.7323,40422,448,429,518,440,58
425.7581,40423,448,429,518,440,58
425.7862,40424,450,429,518,440,58
425.8093,40425,448,429,518,440,59
425.8347,40426,445,428,518,440,59
425.8612,40427,450,429,520,440,60
425.8871,40428,450,429,520,440,60
425.9154,40429,444,428,520,440,58
425.9419,40430,446,428,520,440,58
425.9644,40431,446,428,522,440,61
425.9899,40432,444,428,522,440,61
426.0160,40433,444,428,522,440,61
426.0417,40434,446,428,522,440,63
426.0674,40435,444,428,523,440,62
426.0920,40436,444,428,523,440,62
426.1195,40437,444,428,524,440,62
426.1440,40438,445,428,524,440,62
426.1711,40439,444,428,525,440,64
426.1952,40440,444,428,526,440,63
426.2201,40441,444,428,526,440,63
426.2478,40442,445,428,526,440,64
426.2730,40443,446,428,526,440,63
426.2988,40444,445,428,527,440,64
426.3240,40445,446,428,528,440,66
426.3507,40446,446,428,528,440,66
426.3757,40447,446,428,528,440,67
426.4000,40448,446,428,528,440,67
426.4267,40449,446,427,528,439,67
426.4546,40450,446,427,529,439,67
426.4801,40451,446,427,530,439,68
426.5044,40452,446,428,530,440,68
426.5313,40453,446,427,530,440,70
426.5574,40454,446,427,530,440,70
426.5838,40455,447,426,530,440,70
426.6091,40456,448,426,530,440,70
426.6344,40457,447,426,531,440,70
426.6598,40458,448,427,531,440,68
426.6868,40459,448,427,531,440,68
426.7137,40460,448,427,532,439,68
426.7389,40461,448,427,532,439,67
426.7643,40462,448,427,532,439,67
426.7899,40463,449,427,532,439,67
426.8176,40464,448,427,532,439,68
426.8423,40465,448,427,532,439,68
426.8689,40466,450,427,534,439,67
426.8930,40467,450,427,534,439,67
426.9207,40468,451,427,534,439,67
426.9460,40469,453,427,534,439,66
426.9708,40470,454,427,534,439,67
426.9964,40471,451,426,535,440,67
427.0230,40472,451,426,535,440,67
427.0498,40473,455,427,536,439,66
427.0774,40474,456,427,536,439,67
427.1020,40475,456,427,536,439,67
427.1288,40476,456,427,536,439,66
427.1550,40477,462,427,537,439,67
427.1810,40478,461,427,537,439,67
427.2074,40479,462,427,538,439,66
427.2327,40480,462,427,538,439,66
427.2587,40481,462,427,538,439,66
427.2876,40482,470,426,538,438,63
427.3092,40483,470,425,539,438,63
427.3379,40484,472,424,539,438,63
427.3609,40485,474,424,541,438,65
427.3868,40486,474,424,541,438,65
427.4127,40487,468,424,541,438,66
427.4378,40488,468,424,541,438,66
427.4661,40489,466,424,542,438,66
427.4907,40490,468,424,542,438,67
427.5153,40491,467,424,542,438,67
427.5421,40492,468,424,543,439,68
427.5675,40493,468,424,543,439,68
427.5924,40494,468,424,544,438,68
427.6189,40495,467,424,544,439,68
427.6451,40496,467,424,544,439,68
427.6707,40497,470,423,544,439,69
427.6951,40498,470,423,544,439,69
427.7224,40499,469,423,545,439,68
427.7472,40500,467,423,545,439,69
427.7729,40501,467,423,545,439,69
427.7990,40502,467,422,546,438,70
427.8261,40503,468,422,546,438,70
427.8508,40504,468,422,546,438,70
427.8771,40505,468,422,546,438,70
427.9019,40506,468,422,546,438,70
427.9295,40507,470,422,547,438,70
427.9549,40508,470,422,548,438,70
427.9815,40509,471,422,547,438,70
428.0060,40510,472,422,548,438,70
428.0315,40511,472,422,548,438,70
428.0587,40512,472,422,548,438,70
428.0829,40513,470,421,548,438,71
428.1093,40514,470,421,548,438,71
428.1371,40515,470,422,548,438,71
428.1616,40516,472,422,548,438,70
428.1870,40517,471,422,549,438,71
428.2112,40518,470,421,550,437,71
428.2369,40519,470,421,550,437,71
428.2629,40520,474,421,550,437,71
428.2891,40521,472,421,550,437,71
428.3156,40522,474,420,550,438,71
428.3410,40523,474,420,550,438,72
428.3677,40524,474,420,550,438,72
428.3926,40525,473,420,550,438,71
428.4193,40526,473,420,550,438,72
428.4441,40527,473,420,550,438,72
428.4694,40528,473,420,550,438,72
428.4966,40529,483,423,551,439,65
428.5228,40530,481,423,551,437,62
428.5482,40531,482,424,552,436,60
428.5731,40532,482,424,552,436,60
428.5993,40533,480,424,554,436,57
428.6258,40534,482,424,554,436,58
428.6514,40535,485,424,556,436,58
428.6760,40536,485,424,557,436,54
428.7007,40537,485,424,557,436,54
428.7285,40538,482,424,558,436,54
428.7545,40539,482,425,558,435,49
428.7789,40540,483,425,559,435,49
428.8058,40541,483,425,559,435,49
428.8313,40542,483,425,559,435,48
428.8570,40543,482,425,560,435,52
428.8819,40544,484,425,560,435,49
428.9094,40545,484,425,560,435,49
428.9344,40546,483,425,562,435,52
428.9608,40547,482,425,562,435,52
428.9861,40548,489,424,563,436,53
429.0122,40549,490,425,564,435,53
429.0373,40550,490,425,564,435,53
429.0646,40551,477,426,563,436,52
429.0896,40552,490,425,564,435,53
429.1160,40553,492,425,565,435,55
429.1420,40554,492,425,565,435,55
429.1681,40555,495,425,565,435,54
429.1922,40556,497,426,565,436,54
429.2191,40557,497,426,565,436,54
429.2452,40558,495,425,566,435,53
429.2711,40559,494,426,566,436,56
429.2969,40560,490,425,566,435,55
429.3227,40561,494,425,566,435,55
429.3482,40562,494,425,566,435,56
429.3732,40563,494,425,566,435,56
429.3993,40564,495,425,566,435,55
429.4260,40565,495,425,567,435,56
429.4500,40566,495,425,567,435,57
429.4774,40567,495,425,567,435,57
429.5051,40568,493,425,567,436,54
429.5281,40569,483,425,567,435,53
429.5541,40570,496,425,568,435,52
429.5808,40571,496,425,568,435,52
429.6069,40572,494,425,568,435,52
429.6328,40573,494,425,567,435,54
429.6581,40574,494,425,568,436,55
429.6830,40575,495,425,568,435,54
429.7095,40576,495,425,568,435,54
429.7357,40577,493,425,569,435,52
429.7637,40578,490,425,568,435,56
429.7882,40579,495,425,568,435,52
429.8128,40580,495,425,568,435,52
429.8404,40581,495,425,569,435,53
429.8663,40582,496,424,570,436,55
429.8910,40583,494,424,570,436,58
429.9174,40584,494,424,570,436,58
429.9422,40585,493,424,571,436,57
429.9690,40586,492,424,570,436,56
429.9942,40587,497,424,571,436,54
430.0198,40588,493,425,572,435,55
430.0451,40589,493,425,572,435,55
430.0712,40590,494,424,572,436,52
430.0977,40591,498,425,572,435,55
430.1228,40592,495,425,573,435,56
430.1480,40593,495,425,573,435,56
430.1735,40594,496,424,573,436,56
430.1996,40595,494,424,574,436,56
430.2255,40596,494,424,574,436,56
430.2518,40597,496,425,574,435,57
430.2806,40598,493,425,574,435,56
430.3062,40599,494,425,574,435,57
430.3318,40600,497,425,575,435,55
430.3557,40601,498,425,574,435,56
430.3822,40602,498,425,574,435,56
430.4093,40603,497,425,575,435,56
430.4343,40604,501,425,575,435,57
430.4599,40605,502,425,576,435,56
430.4849,40606,502,425,576,435,55
430.5133,40607,502,425,576,435,55
430.5377,40608,500,425,576,435,59
430.5651,40609,512,425,576,435,57
430.5919,40610,512,425,576,435,57
430.6183,40611,500,425,576,435,58
430.6437,40612,511,425,576,435,60
430.6700,40613,500,425,576,435,58
430.6961,40614,509,425,577,435,57
430.7198,40615,509,425,577,435,57
430.7467,40616,501,425,576,435,58
430.7730,40617,509,425,577,435,58
430.7971,40618,508,425,578,435,60
430.8228,40619,507,425,577,435,59
430.8479,40620,507,425,577,435,59
430.8740,40621,508,425,578,435,59
430.8979,40622,508,425,578,435,61
430.9252,40623,508,425,578,435,61
430.9519,40624,499,424,577,436,60
430.9779,40625,509,425,577,435,60
431.0029,40626,497,424,577,436,57
431.0310,40627,512,425,578,435,58
431.0564,40628,512,425,578,435,58
431.0823,40629,511,424,577,435,56
431.1082,40630,512,424,577,435,55
431.1339,40631,512,423,578,435,58
431.1595,40632,509,423,578,435,58
431.1861,40633,509,423,578,435,58
431.2109,40634,509,423,577,435,58
431.2374,40635,510,421,578,435,60
431.2622,40636,510,421,578,435,60
431.2890,40637,496,420,578,434,58
431.3155,40638,509,421,578,435,60
431.3400,40639,496,419,578,435,62
431.3649,40640,494,418,578,434,64
431.3908,40641,494,418,578,434,64
431.4177,40642,512,421,580,435,65
431.4425,40643,498,419,580,435,65
431.4690,40644,500,419,580,435,66
431.4938,40645,497,419,581,435,67
431.5210,40646,497,419,581,435,67
431.5447,40647,498,418,581,434,67
431.5694,40648,503,419,581,435,67
431.5959,40649,503,419,581,435,67
431.6212,40650,504,418,582,434,68
431.6489,40651,504,418,582,434,68
431.6747,40652,514,419,582,435,69
431.6999,40653,506,419,582,435,70
431.7256,40654,506,419,582,435,70
431.7551,40655,502,418,582,434,69
431.7797,40656,504,418,582,434,69
431.8059,40657,503,419,583,435,70
431.8322,40658,502,419,582,435,69
431.8575,40659,502,419,582,435,69
431.8839,40660,518,419,584,435,69
431.9083,40661,518,419,584,435,69
431.9367,40662,518,419,584,435,69
431.9619,40663,505,419,583,435,69
431.9878,40664,518,419,584,435,70
432.0121,40665,510,418,583,434,69
432.0379,40666,510,418,583,434,69
432.0643,40667,510,418,583,434,69
432.0908,40668,508,418,584,434,69
432.1175,40669,504,418,584,434,69
432.1429,40670,508,418,584,434,70
432.1681,40671,502,418,584,434,69
432.1951,40672,499,418,583,434,71
432.2192,40673,499,418,583,434,71
432.2460,40674,500,418,583,434,70
432.2711,40675,500,418,583,434,70
432.2969,40676,501,418,583,434,70
432.3231,40677,502,418,584,434,68
432.3483,40678,503,418,583,434,66
432.3740,40679,507,418,583,434,65
432.3993,40680,501,418,583,434,63
432.4262,40681,501,418,583,434,63
432.4542,40682,501,418,583,434,63
432.4766,40683,508,419,586,433,32
432.5038,40684,516,420,586,434,32
432.5797,40687,515,419,587,433,30
432.6053,40688,515,419,587,433,30
432.6322,40689,518,420,588,434,35
433.1209,40708,512,421,591,433,32
433.1450,40709,514,421,592,433,31
433.1713,40710,512,421,592,433,35
433.1976,40711,512,421,592,433,35
433.2230,40712,514,422,592,433,35
433.2493,40713,514,422,592,433,35
433.2750,40714,514,422,592,433,35
433.3007,40715,510,421,592,433,38
433.3266,40716,514,421,592,433,34
433.4591,40721,523,420,593,433,31
433.5090,40723,525,419,593,433,35
433.5340,40724,525,419,593,433,35
433.5607,40725,524,419,594,433,33
433.5850,40726,523,419,593,433,31
433.6111,40727,523,419,593,433,31
433.6387,40728,522,419,594,433,32
433.6644,40729,524,419,594,433,33
433.6898,40730,503,415,591,431,32
433.7155,40731,502,414,590,431,34
433.7422,40732,502,414,590,431,34
433.7670,40733,520,418,594,433,31
433.7931,40734,503,414,591,431,37
433.8190,40735,503,414,591,430,39
433.8426,40736,504,413,592,431,46
433.8681,40737,504,413,592,431,46
433.8949,40738,507,414,594,432,44
433.9199,40739,504,414,591,431,41
433.9481,40740,504,414,591,431,41
433.9733,40741,504,414,586,430,38
433.9988,40742,504,414,588,430,42
434.0247,40743,504,413,587,430,43
434.0511,40744,509,415,594,431,44
434.0755,40745,509,415,594,431,44
434.1030,40746,507,414,594,432,48
434.1293,40747,510,413,594,431,43
434.1549,40748,512,414,594,432,45
434.1808,40749,524,414,595,432,46
434.2070,40750,524,414,595,432,46
434.2331,40751,509,414,595,432,47
434.2591,40752,509,413,595,431,51
434.2845,40753,509,413,595,431,51
434.3109,40754,510,414,595,432,49
434.3370,40755,511,414,595,432,51
434.3620,40756,509,414,595,432,54
434.3887,40757,509,414,595,432,54
434.4152,40758,509,414,595,432,54
434.4397,40759,514,415,596,431,55
434.4660,40760,516,414,596,432,55
434.4912,40761,514,415,596,431,55
434.5168,40762,519,415,597,431,51
434.5409,40763,519,415,597,431,51
434.5687,40764,515,415,596,431,52
434.5931,40765,520,415,596,431,52
434.6198,40766,520,415,596,431,52
434.6444,40767,515,414,597,432,50
434.6712,40768,518,414,597,432,47
434.6972,40769,514,415,596,431,43
434.7211,40770,516,415,596,431,46
434.7481,40771,516,415,596,431,46
434.7745,40772,515,415,597,431,45
434.8027,40773,515,415,597,431,51
434.8273,40774,511,414,596,431,51
434.8519,40775,518,415,597,431,49
434.8793,40776,518,415,597,431,49
434.9055,40777,520,414,596,431,58
434.9307,40778,518,414,596,430,62
434.9576,40779,518,414,596,430,62
434.9829,40780,524,414,597,432,55
435.0092,40781,517,414,597,432,59
435.0344,40782,515,414,597,431,56
435.0594,40783,516,414,598,430,50
435.0859,40784,516,414,598,430,50
435.1131,40785,515,414,597,428,50
435.1381,40786,512,414,598,428,49
435.1637,40787,516,414,598,428,42
437.6163,40882,532,415,607,427,37
437.6410,40883,532,415,607,427,37
437.6694,40884,532,415,607,427,37
437.6943,40885,531,414,608,428,48
437.7195,40886,532,414,608,428,47
437.7456,40887,532,414,608,428,47
437.7717,40888,533,414,608,428,55
437.7963,40889,532,414,608,428,59
437.8234,40890,536,414,608,428,60
437.8483,40891,534,414,608,428,61
437.8749,40892,534,414,608,428,61
437.9001,40893,529,414,609,428,62
437.9264,40894,536,414,609,428,63
437.9525,40895,537,414,609,428,62
437.9785,40896,534,414,608,428,62
438.0030,40897,534,413,608,429,64
438.0281,40898,534,413,608,429,64
438.0555,40899,534,413,608,429,64
438.0809,40900,534,413,608,429,64
438.1065,40901,534,412,608,428,67
438.1344,40902,533,412,609,428,66
438.1579,40903,530,412,608,429,66
438.1843,40904,534,412,609,429,67
438.2098,40905,534,412,609,429,67
438.2353,40906,535,412,609,429,69
438.2624,40907,536,411,610,429,69
438.2879,40908,536,411,610,429,69
438.3119,40909,536,412,610,428,70
438.3379,40910,536,412,610,428,70
438.3652,40911,536,411,610,429,69
438.3910,40912,537,411,610,429,70
438.4159,40913,537,411,610,429,70
438.4427,40914,540,412,610,428,70
438.4678,40915,541,412,610,428,70
438.4942,40916,542,412,610,428,70
438.5192,40917,540,412,610,428,69
438.5448,40918,538,412,610,428,69
438.5710,40919,538,412,610,428,69
438.5963,40920,542,412,610,428,70
438.6240,40921,544,412,610,428,69
438.6479,40922,540,412,610,428,69
438.6729,40923,538,411,610,428,68
438.6999,40924,538,411,610,428,68
438.7260,40925,536,411,610,428,70
438.7510,40926,536,411,610,428,70
438.7781,40927,540,412,610,428,69
438.8048,40928,540,412,610,428,69
438.8306,40929,540,412,610,428,68
438.8554,40930,543,412,611,428,69
438.8821,40931,543,412,611,428,69
438.9062,40932,540,412,611,428,69
438.9343,40933,539,412,611,428,67
438.9582,40934,537,412,611,428,68
438.9831,40935,543,412,611,428,68
438.9831,40935,519,406,575,426,30
439.0093,40936,543,412,611,428,68
439.0093,40936,519,406,575,426,30
439.0358,40937,540,412,612,428,69
439.0607,40938,542,412,612,428,69
439.0867,40939,542,412,612,428,69
439.1122,40940,546,412,612,428,68
439.1385,40941,540,412,612,427,67
439.1643,40942,546,412,612,427,68
439.1892,40943,538,412,612,427,68
439.2148,40944,538,412,612,427,68
439.2410,40945,542,412,612,427,68
439.2685,40946,540,412,612,427,67
439.2929,40947,541,412,613,427,67
439.3181,40948,539,412,613,427,67
439.3440,40949,539,412,613,427,67
439.3709,40950,543,412,613,427,68
439.3976,40951,543,413,613,427,67
439.4218,40952,543,413,613,427,67
439.4471,40953,538,413,613,427,66
439.4751,40954,547,413,613,427,65
439.5010,40955,550,412,613,426,67
439.5257,40956,550,412,614,426,66
439.5528,40957,536,413,612,426,65
439.5768,40958,536,413,612,426,65
439.6042,40959,548,412,612,426,66
439.6281,40960,547,412,613,426,67
439.6540,40961,545,412,613,426,66
439.6795,40962,545,412,613,426,66
439.7098,40963,544,412,613,426,65
439.7335,40964,544,412,613,426,66
439.7583,40965,544,412,613,426,66
439.7860,40966,545,412,613,426,66
439.8111,40967,544,412,614,426,65
439.8360,40968,543,412,613,426,65
439.8620,40969,545,412,614,426,65
439.8865,40970,545,412,614,426,65
439.9142,40971,544,412,614,426,66
439.9396,40972,544,412,614,426,66
439.9657,40973,543,412,614,426,66
439.9899,40974,545,412,615,425,67
440.0164,40975,545,412,615,425,67
440.0434,40976,546,412,614,425,66
440.0692,40977,546,412,614,425,66
440.0950,40978,546,412,614,425,66
440.1212,40979,544,412,614,425,65
440.1470,40980,544,412,614,426,67
440.1723,40981,547,411,614,425,67
440.1987,40982,547,411,613,425,68
440.2230,40983,547,411,613,425,68
440.2521,40984,545,411,614,425,67
440.2751,40985,536,411,614,425,68
440.3010,40986,544,410,614,426,70
440.3270,40987,545,410,613,426,71
440.3527,40988,545,410,613,426,71
440.3778,40989,549,409,613,427,72
440.4047,40990,550,409,614,427,73
440.4296,40991,550,409,614,427,73
440.4564,40992,544,409,614,428,72
440.4820,40993,544,409,614,428,73
440.5076,40994,544,408,614,428,73
440.5342,40995,544,408,613,428,73
440.5597,40996,544,408,613,428,73
440.5865,40997,546,408,614,428,73
440.6121,40998,544,408,614,428,74
440.6375,40999,544,409,614,429,74
440.6628,41000,544,408,614,428,74
440.6879,41001,550,408,614,428,75
440.7141,41002,550,408,614,428,75
440.7396,41003,546,408,614,428,74
440.7670,41004,546,408,614,428,74
440.7919,41005,544,408,614,428,75
440.8187,41006,548,408,614,428,75
440.8437,41007,548,408,614,428,75
440.8694,41008,553,408,615,428,75
440.8694,41008,525,408,571,426,32
440.8948,41009,553,408,615,428,75
440.8948,41009,525,408,571,426,32
440.9209,41010,548,408,614,428,75
440.9461,41011,552,408,614,428,75
440.9721,41012,551,407,615,428,75
440.9968,41013,549,407,615,428,75
441.0237,41014,549,407,615,428,75
441.0508,41015,551,407,615,429,75
441.0752,41016,549,407,615,429,75
441.1011,41017,546,406,615,428,75
441.1269,41018,546,406,615,428,75
441.1539,41019,549,406,615,428,75
441.1779,41020,543,406,615,428,74
441.2039,41021,550,406,616,428,75
441.2291,41022,550,406,616,428,75
441.2561,41023,550,406,616,428,75
441.2839,41024,545,406,615,428,75
441.3072,41025,552,406,616,428,76
441.3339,41026,546,406,616,428,76
441.3584,41027,546,406,616,428,76
441.3861,41028,549,405,615,429,76
441.4120,41029,552,405,616,428,76
441.4362,41030,551,406,615,428,76
441.4633,41031,551,406,615,428,76
441.4895,41032,551,405,615,428,76
441.5136,41033,547,405,616,428,76
441.5407,41034,548,405,616,428,75
441.5662,41035,548,405,616,428,75
441.5939,41036,548,405,616,428,75
441.6181,41037,546,405,616,427,75
441.6452,41038,546,405,616,427,75
441.6709,41039,551,404,615,428,76
441.6965,41040,551,404,615,428,76
441.7219,41041,547,404,615,428,76
441.7484,41042,552,405,616,428,75
441.7723,41043,548,406,616,428,75
441.7993,41044,548,406,616,428,75
441.8248,41045,545,406,617,428,74
441.8508,41046,542,405,617,427,75
441.8756,41047,542,406,618,426,74
441.9020,41048,542,406,618,426,74
441.9298,41049,548,406,618,426,74
441.9531,41050,541,406,618,425,73
441.9794,41051,542,406,618,424,73
442.0048,41052,539,406,619,424,72
442.0325,41053,539,406,619,424,72
442.0577,41054,539,406,619,424,72
442.0848,41055,544,406,620,424,72
442.1111,41056,544,406,620,424,72
442.1370,41057,544,406,620,424,72
442.1650,41058,546,406,620,424,71
442.1898,41059,539,406,619,424,70
442.2166,41060,540,406,619,424,71
442.2434,41061,540,406,619,424,71
442.2690,41062,547,407,620,424,70
442.2954,41063,543,406,619,424,69
442.3218,41064,546,406,620,424,69
442.3479,41065,542,406,620,424,69
442.3729,41066,542,407,620,423,70
442.4038,41067,542,407,620,423,70
442.4258,41068,545,407,621,423,69
442.4506,41069,545,407,621,423,69
442.4768,41070,545,407,621,423,69
442.5035,41071,546,408,621,424,68
442.5288,41072,543,407,621,423,68
442.5544,41073,540,407,622,423,68
442.5798,41074,543,407,621,423,68
442.6057,41075,543,407,621,423,68
442.6317,41076,542,408,622,424,68
442.6580,41077,542,407,622,423,67
442.6830,41078,544,408,622,423,68
442.7091,41079,543,408,621,423,67
442.7340,41080,543,408,621,423,67
442.7609,41081,542,408,622,423,68
442.7884,41082,540,408,622,424,68
442.8141,41083,542,408,620,424,67
442.8409,41084,542,408,620,424,67
442.8681,41085,542,408,620,424,67
442.8907,41086,544,409,620,423,65
442.9184,41087,540,409,621,423,64
442.9430,41088,540,409,621,423,64
442.9694,41089,544,410,622,422,62
442.9977,41090,539,410,621,423,63
443.0231,41091,538,410,622,422,63
443.0475,41092,540,410,622,422,62
443.0749,41093,540,410,622,422,61
443.0995,41094,540,410,622,422,61
443.1282,41095,542,410,622,422,63
443.1537,41096,543,410,623,422,60
443.1779,41097,543,410,623,422,60
443.2063,41098,546,410,622,422,61
443.2309,41099,542,410,622,422,62
443.2556,41100,542,410,622,422,63
443.2817,41101,542,410,622,422,63
443.3078,41102,548,410,622,422,62
443.3337,41103,546,411,622,422,56
443.3600,41104,547,411,623,422,58
443.3844,41105,545,410,623,422,60
443.4109,41106,544,410,622,422,61
443.4348,41107,544,410,622,422,61
443.4621,41108,542,411,622,422,59
443.4873,41109,541,411,622,423,57
443.5137,41110,541,411,622,423,57
443.5399,41111,541,410,622,422,59
443.5671,41112,539,411,623,423,60
443.5910,41113,542,410,622,422,60
443.6171,41114,542,410,622,422,60
443.6432,41115,542,410,622,422,63
443.6692,41116,550,410,622,422,62
443.6936,41117,548,409,624,423,63
443.7217,41118,550,408,624,422,65
443.7445,41119,550,408,624,422,65
443.7707,41120,550,408,624,422,65
443.7989,41121,550,408,624,423,66
443.8241,41122,550,408,624,422,65
443.8497,41123,550,408,624,422,65
443.8780,41124,552,408,624,422,66
443.9009,41125,548,408,624,423,66
443.9271,41126,548,408,624,422,67
443.9531,41127,548,408,624,422,67
443.9788,41128,545,407,624,423,66
444.0044,41129,549,407,624,423,66
444.0296,41130,544,407,624,423,67
444.0559,41131,544,407,624,423,67
444.0831,41132,543,406,624,422,68
444.1077,41133,543,406,624,422,68
444.1351,41134,544,407,624,423,69
444.1609,41135,546,407,624,423,69
444.1863,41136,546,407,624,423,69
444.2130,41137,546,407,624,423,68
444.2379,41138,546,407,624,423,69
444.2637,41139,544,406,624,423,70
444.2888,41140,544,406,624,423,70
444.3180,41141,545,406,624,423,70
444.3434,41142,546,405,624,423,70
444.3693,41143,548,406,624,424,70
444.3941,41144,546,406,624,424,70
444.4195,41145,548,406,625,424,71
444.4456,41146,548,406,625,424,71
444.4727,41147,547,406,625,424,72
444.4992,41148,548,406,624,424,72
444.5229,41149,547,406,625,424,71
444.5491,41150,547,406,625,424,71
444.5749,41151,544,406,624,424,72
444.6017,41152,548,405,625,423,73
444.6251,41153,544,405,625,424,73
444.6526,41154,544,405,625,424,73
444.6787,41155,545,405,625,424,72
444.7047,41156,545,405,625,424,73
444.7287,41157,547,404,625,424,74
444.7550,41158,548,404,626,424,74
444.7813,41159,548,404,626,424,74
444.8067,41160,543,404,625,424,75
444.8331,41161,543,404,625,424,75
444.8581,41162,547,404,625,424,75
444.8848,41163,547,404,625,424,75
444.9097,41164,547,404,625,424,75
444.9362,41165,547,404,625,424,75
444.9606,41166,547,404,625,424,75
444.9870,41167,550,403,626,425,76
445.0128,41168,547,404,625,424,76
445.0378,41169,550,404,626,424,75
445.0641,41170,550,403,626,425,76
445.0887,41171,550,403,626,425,76
445.1159,41172,549,403,625,425,75
445.1433,41173,551,403,625,425,76
445.1690,41174,548,403,624,425,76
445.1928,41175,549,403,625,425,75
445.2193,41176,549,403,625,425,75
445.2450,41177,550,403,624,425,75
445.2721,41178,547,403,625,425,75
445.2983,41179,551,403,625,425,76
445.3246,41180,551,403,625,425,76
445.3513,41181,547,403,625,425,76
445.3769,41182,548,403,625,425,75
445.4031,41183,549,402,625,426,76
445.4266,41184,548,402,626,425,76
445.4526,41185,548,402,626,425,76
445.4778,41186,554,402,626,425,76
445.5061,41187,561,402,626,426,76
445.5306,41188,552,402,626,426,76
445.5577,41189,552,402,626,426,76
445.5849,41190,554,402,625,425,76
445.6086,41191,555,402,625,425,76
445.6345,41192,555,402,625,425,76
445.6610,41193,555,402,625,425,76
445.6879,41194,552,401,626,425,76
445.7139,41195,552,401,626,425,76
445.7379,41196,554,401,626,425,76
445.7632,41197,556,401,626,425,76
445.7908,41198,556,401,626,425,76
445.8179,41199,557,401,626,425,76
445.8421,41200,558,402,626,424,76
445.8681,41201,554,401,626,425,76
445.8932,41202,554,401,626,425,76
445.9216,41203,555,402,626,424,76
445.9445,41204,558,401,626,425,77
445.9691,41205,554,401,626,425,76
445.9963,41206,554,401,626,425,76
446.0211,41207,556,401,626,425,76
446.0486,41208,556,401,626,425,76
446.0739,41209,552,401,626,425,77
446.0990,41210,554,401,626,425,76
446.1253,41211,554,401,626,425,76
446.1509,41212,554,401,626,425,76
446.1776,41213,561,400,627,426,76
446.2041,41214,558,401,626,425,76
446.2276,41215,560,401,626,425,76
446.2547,41216,560,401,626,425,76
446.2794,41217,560,401,626,425,76
446.3053,41218,560,401,626,425,76
446.3322,41219,560,401,626,425,76
446.3570,41220,560,401,626,425,76
446.3848,41221,556,400,626,424,76
446.4099,41222,561,401,626,425,76
446.4364,41223,561,401,626,425,76
446.4618,41224,561,401,626,425,76
446.4896,41225,563,401,627,425,77
446.5137,41226,556,401,626,425,76
446.5384,41227,562,400,627,426,76
446.5643,41228,561,400,627,426,76
446.5920,41229,561,400,627,426,76
446.6162,41230,553,401,627,425,76
446.6423,41231,564,400,626,424,76
446.6694,41232,564,400,626,424,76
446.6959,41233,562,399,626,424,75
446.7215,41234,561,399,625,425,75
446.7466,41235,560,398,626,426,75
446.7732,41236,560,399,625,427,76
446.7981,41237,560,399,625,427,76
446.8241,41238,562,398,626,428,76
446.8517,41239,560,398,626,428,76
446.8760,41240,560,398,626,428,76
446.9028,41241,563,398,625,428,77
446.9285,41242,563,398,625,428,77
446.9539,41243,562,397,626,428,77
446.9789,41244,562,397,626,428,77
447.0050,41245,560,396,626,428,76
447.0308,41246,566,397,626,427,77
447.0582,41247,560,396,626,428,77
447.0820,41248,564,396,626,428,77
447.1088,41249,560,396,626,428,77
447.1352,41250,560,396,626,428,77
447.1619,41251,566,396,626,428,78
447.1877,41252,564,396,626,428,77
447.2118,41253,564,396,626,428,77
447.2383,41254,564,396,626,428,77
447.2647,41255,564,396,626,428,77
447.2898,41256,564,396,626,428,77
447.3172,41257,564,395,626,428,77
447.3428,41258,564,395,626,428,77
447.3680,41259,565,394,626,428,77
447.3937,41260,560,390,623,424,74
447.4199,41261,567,386,615,424,71
447.4446,41262,582,387,612,427,67
447.4707,41263,582,387,612,427,67
447.4965,41264,587,388,613,428,64
447.5240,41265,574,390,616,430,74
447.5476,41266,578,388,618,432,78
447.5741,41267,578,386,618,434,79
447.6008,41268,578,386,618,434,79
447.6256,41269,577,385,619,434,80
447.6511,41270,576,385,619,433,80
447.6765,41271,576,385,619,433,80
447.7029,41272,576,392,618,430,75
447.7289,41273,575,394,621,426,69
447.7543,41274,572,394,624,422,66
447.7790,41275,569,394,625,420,68
447.8046,41276,569,394,625,420,68
447.8313,41277,566,396,624,423,63
447.8567,41278,570,399,624,433,54
447.8567,41278,565,395,621,411,37
447.8837,41279,562,397,622,423,48
447.9077,41280,592,398,622,436,49
447.9077,41280,562,396,620,410,44
447.9340,41281,592,398,622,436,49
447.9340,41281,562,396,620,410,44
447.9598,41282,597,398,623,436,49
447.9598,41282,560,395,618,407,46
447.9862,41283,597,398,623,436,49
447.9862,41283,560,395,618,407,46
448.0107,41284,559,395,617,405,49
448.0107,41284,601,399,623,437,46
448.0364,41285,558,394,616,406,51
448.0364,41285,600,398,622,438,44
448.0625,41286,556,395,616,405,52
448.0625,41286,604,398,622,438,41
448.0625,41286,563,397,621,435,40
448.0870,41287,556,394,616,406,53
448.0870,41287,604,398,622,438,43
448.0870,41287,565,397,621,437,40
448.1128,41288,554,394,616,406,55
448.1128,41288,603,398,623,438,37
448.1128,41288,560,397,621,437,37
448.1407,41289,554,394,616,406,55
448.1407,41289,603,398,623,438,37
448.1407,41289,560,397,621,437,37
448.1664,41290,554,394,616,406,55
448.1664,41290,602,398,622,438,38
448.1664,41290,560,397,620,435,33
448.1917,41291,552,395,616,406,55
448.1917,41291,602,398,622,438,35
448.1917,41291,560,397,620,436,32
448.2161,41292,552,395,616,407,56
448.2161,41292,602,398,622,438,38
448.2432,41293,551,395,615,407,56
448.2432,41293,602,398,622,438,37
448.2674,41294,551,395,615,407,56
448.2674,41294,602,398,622,438,37
448.2946,41295,551,395,613,407,57
448.2946,41295,605,399,621,439,32
448.3213,41296,551,395,613,407,57
448.3213,41296,605,399,621,439,32
448.3488,41297,549,395,615,409,55
448.3488,41297,599,399,622,437,43
448.3730,41298,548,396,614,408,55
448.3730,41298,602,399,622,439,40
448.3988,41299,548,396,613,408,56
448.3988,41299,602,399,622,438,44
448.4261,41300,546,396,616,412,54
448.4261,41300,601,399,623,437,41
448.4529,41301,546,396,616,416,56
448.4529,41301,598,398,622,436,44
448.4786,41302,546,396,616,416,56
448.4786,41302,598,398,622,436,44
448.5067,41303,545,395,609,409,56
448.5067,41303,595,398,623,436,36
448.5298,41304,545,396,609,410,52
448.5298,41304,594,398,624,438,39
448.5555,41305,545,397,612,417,50
448.5555,41305,591,398,623,438,47
448.5808,41306,545,397,609,418,55
448.5808,41306,589,397,623,435,41
448.6062,41307,545,397,609,418,55
448.6062,41307,589,397,623,435,41
448.6330,41308,544,396,604,412,61
448.6330,41308,596,398,624,436,35
448.6578,41309,543,396,603,410,63
448.6840,41310,543,396,603,410,63
448.7091,41311,542,396,602,410,65
448.7362,41312,540,395,602,411,68
448.7609,41313,540,396,602,412,69
448.7857,41314,540,395,602,411,70
448.8129,41315,540,395,602,411,70
448.8407,41316,539,395,601,411,70
448.8666,41317,538,395,600,411,71
448.8920,41318,537,395,599,411,70
448.9173,41319,536,396,598,412,70
448.9428,41320,536,396,598,412,70
448.9691,41321,536,396,598,412,69
448.9953,41322,536,396,598,412,69
449.0217,41323,535,396,597,412,69
449.0466,41324,534,396,597,412,68
449.0735,41325,535,397,597,412,67
449.0990,41326,533,397,595,412,68
449.1237,41327,533,396,596,412,69
449.1511,41328,533,396,596,412,69
449.1762,41329,532,397,596,412,67
449.2024,41330,532,396,594,412,65
449.2278,41331,532,396,594,412,66
449.2530,41332,532,397,594,413,68
449.2789,41333,532,397,594,413,68
449.3067,41334,532,396,594,414,70
449.3310,41335,531,396,594,414,70
449.3565,41336,531,396,594,414,70
449.3844,41337,530,395,592,413,69
449.4100,41338,529,396,595,414,71
449.4359,41339,529,396,592,414,70
449.4607,41340,528,396,592,414,69
449.4858,41341,528,396,592,414,69
449.5137,41342,528,396,590,414,68
449.5391,41343,528,396,591,414,70
449.5657,41344,528,396,594,414,68
449.5896,41345,527,396,590,414,69
449.6160,41346,527,396,590,414,69
449.6427,41347,527,396,589,414,69
449.6690,41348,526,396,588,414,68
449.6932,41349,526,396,588,414,68
449.7206,41350,526,396,588,414,69
449.7459,41351,526,395,588,413,71
449.7720,41352,525,396,588,414,69
449.7998,41353,524,394,586,414,71
449.8257,41354,524,394,586,414,71
449.8517,41355,525,394,587,414,71
449.8780,41356,524,395,588,413,71
449.9021,41357,524,395,588,413,71
449.9265,41358,524,394,586,414,71
449.9541,41359,523,395,585,413,72
449.9793,41360,523,395,585,413,72
450.0055,41361,523,394,585,414,72
450.0332,41362,523,394,585,414,72
450.0585,41363,522,396,585,414,72
450.0845,41364,522,396,584,414,72
450.1090,41365,522,396,584,414,72
450.1351,41366,523,396,580,416,74
450.1594,41367,523,396,580,416,74
450.1868,41368,523,395,581,416,75
450.2130,41369,522,394,582,416,75
450.2406,41370,522,394,583,417,76
450.2654,41371,521,394,583,418,77
450.2923,41372,521,394,583,418,76
450.3168,41373,521,394,583,418,76
450.3440,41374,521,392,581,418,77
450.3694,41375,521,392,583,418,77
450.3959,41376,521,392,583,418,77
450.4217,41377,520,392,583,418,77
450.4493,41378,520,392,583,418,77
450.4750,41379,520,392,580,418,78
450.5012,41380,520,391,580,419,77
450.5249,41381,520,391,580,419,77
450.5520,41382,518,391,578,419,78
450.5771,41383,518,391,578,419,78
450.6017,41384,518,391,576,419,79
450.6277,41385,518,390,577,420,78
450.6545,41386,518,390,577,420,78
450.6789,41387,517,390,576,420,79
450.7034,41388,517,390,576,420,79
450.7310,41389,517,390,577,420,78
450.7583,41390,516,390,574,420,78
450.7850,41391,516,392,574,420,78
450.8096,41392,516,391,574,420,78
450.8357,41393,516,391,574,420,78
450.8616,41394,516,391,574,420,78
450.8878,41395,516,390,574,420,78
450.9150,41396,516,391,574,420,78
450.9392,41397,516,391,576,420,77
450.9650,41398,516,391,576,421,77
450.9912,41399,516,391,576,421,77
451.0185,41400,516,390,574,420,78
451.0433,41401,516,391,574,420,77
451.0694,41402,516,391,574,420,77
451.0968,41403,515,390,573,420,78
451.1223,41404,515,390,575,420,78
451.1480,41405,515,390,573,420,78
451.1745,41406,515,391,579,421,77
451.1991,41407,515,391,579,421,77
451.2253,41408,515,391,573,421,78
451.2505,41409,515,391,573,421,78
451.2757,41410,514,391,574,421,77
451.3011,41411,514,390,572,420,78
451.3279,41412,514,390,572,420,78
451.3520,41413,513,391,571,421,78
451.3782,41414,513,390,571,420,78
451.4051,41415,513,390,571,420,78
451.4312,41416,512,390,570,420,78
451.4570,41417,514,391,570,421,78
451.4844,41418,512,389,570,421,78
451.5076,41419,512,389,570,421,78
451.5334,41420,512,389,570,421,78
451.5598,41421,512,390,570,422,78
451.5852,41422,512,389,569,421,78
451.6127,41423,512,390,568,422,78
451.6379,41424,512,390,568,422,78
451.6632,41425,512,390,568,422,78
451.6881,41426,511,389,568,422,79
451.7132,41427,511,389,569,421,79
451.7395,41428,511,389,569,421,79
451.7669,41429,512,390,574,422,77
451.7920,41430,512,390,568,422,78
451.8188,41431,510,390,568,422,78
451.8417,41432,510,390,568,422,78
451.8669,41433,510,390,569,422,78
451.8949,41434,510,390,568,422,78
451.9212,41435,510,390,568,422,77
451.9451,41436,511,389,568,422,78
451.9709,41437,510,390,572,422,76
451.9985,41438,510,390,572,422,76
452.0246,41439,510,390,579,422,75
452.0515,41440,510,390,579,422,75
452.0766,41441,510,390,579,422,75
452.1034,41442,510,390,576,422,77
452.1297,41443,509,389,575,423,77
452.1551,41444,510,389,580,423,77
452.1793,41445,509,389,570,423,77
452.2055,41446,509,389,570,423,77
452.2319,41447,509,389,575,423,77
452.2567,41448,509,388,570,424,78
452.2828,41449,509,389,568,423,78
452.3079,41450,509,388,571,424,78
452.3359,41451,509,388,571,424,78
452.3614,41452,509,388,575,424,77
452.3861,41453,508,388,571,424,78
452.4139,41454,508,388,571,424,78
452.4390,41455,509,388,575,424,77
452.4664,41456,508,388,570,424,77
452.4909,41457,508,389,572,424,77
452.5180,41458,509,388,571,424,77
452.5450,41459,509,388,571,424,77
452.5695,41460,508,388,574,424,77
452.5960,41461,508,388,570,424,77
452.6206,41462,508,388,570,424,78
452.6458,41463,508,388,573,424,78
452.6714,41464,508,388,573,424,78
452.6985,41465,508,388,569,424,78
452.7245,41466,508,388,569,424,77
452.7512,41467,508,388,569,424,77
452.7764,41468,507,389,568,425,78
452.8031,41469,507,388,570,424,77
452.8330,41470,508,388,572,424,77
452.8552,41471,508,388,570,424,77
452.8807,41472,508,388,573,424,76
452.9074,41473,508,388,573,424,76
452.9348,41474,508,388,572,424,77
452.9590,41475,508,387,574,423,77
452.9855,41476,508,388,572,424,76
453.0107,41477,508,388,568,424,76
453.0364,41478,508,388,568,424,76
453.0621,41479,507,389,569,423,76
453.0878,41480,507,389,569,423,76
453.1129,41481,506,389,565,423,77
453.1398,41482,506,390,565,423,77
453.1640,41483,506,390,564,423,77
453.1908,41484,505,391,563,423,76
453.2155,41485,505,391,563,423,76
453.2439,41486,504,391,564,423,75
453.2685,41487,505,392,563,422,75
453.2940,41488,504,391,566,423,75
453.3189,41489,505,388,573,422,74
453.3453,41490,504,388,574,422,75
453.3719,41491,504,388,574,422,75
453.3967,41492,504,388,582,422,75
453.4218,41493,504,388,577,422,74
453.4490,41494,504,388,577,422,74
453.4740,41495,504,388,574,422,74
453.5007,41496,504,388,582,422,74
453.5252,41497,504,387,581,422,74
453.5512,41498,504,387,581,422,74
453.5779,41499,504,387,582,422,74
453.6030,41500,504,388,566,422,73
453.6282,41501,504,388,579,422,74
453.6544,41502,505,387,583,422,74
453.6800,41503,505,387,583,422,74
453.7080,41504,504,386,588,422,74
453.7321,41505,506,383,595,421,75
453.7570,41506,504,386,583,422,73
453.7829,41507,504,386,583,422,73
453.8108,41508,504,386,586,422,72
453.8365,41509,503,387,584,421,72
453.8617,41510,503,387,578,422,72
453.8887,41511,503,387,578,422,72
453.9155,41512,504,386,586,422,72
453.9410,41513,503,387,580,422,70
453.9659,41514,503,384,591,422,73
453.9911,41515,503,384,591,422,71
454.0160,41516,503,384,591,422,71
454.0432,41517,503,382,592,422,73
454.0700,41518,502,382,592,422,72
454.0938,41519,503,384,590,422,71
454.1199,41520,503,384,590,422,71
454.1457,41521,503,384,590,422,74
454.1712,41522,503,384,590,422,73
454.1976,41523,502,384,590,422,71
454.2232,41524,502,384,590,422,71
454.2491,41525,502,385,586,421,72
454.2756,41526,502,385,585,421,69
454.3027,41527,502,385,587,421,72
454.3272,41528,501,385,586,421,71
454.3527,41529,501,385,586,421,71
454.3795,41530,502,385,586,421,70
454.4064,41531,502,385,588,421,73
454.4330,41532,502,384,586,420,73
454.4587,41533,502,384,586,420,73
454.4865,41534,502,384,586,420,72
454.5097,41535,502,384,587,420,74
454.5370,41536,501,384,589,420,73
454.5629,41537,500,384,587,420,73
454.5882,41538,500,384,587,420,73
454.6141,41539,501,384,585,420,72
454.6407,41540,500,385,587,421,71
454.6667,41541,500,384,583,420,73
454.6930,41542,500,386,582,420,71
454.7188,41543,500,386,582,420,71
454.7455,41544,500,385,584,420,72
454.7695,41545,500,385,583,421,73
454.7980,41546,500,385,583,421,73
454.8237,41547,500,386,582,420,74
454.8514,41548,500,386,584,420,74
454.8766,41549,500,386,583,420,74
454.9039,41550,499,386,587,420,74
454.9277,41551,499,386,587,420,74
454.9537,41552,500,386,585,420,73
454.9792,41553,499,386,582,420,71
455.0055,41554,500,386,584,420,75
455.0317,41555,499,386,584,420,74
455.0567,41556,499,386,584,420,74
455.0835,41557,499,385,585,420,74
455.1099,41558,499,386,583,420,73
455.1341,41559,499,385,584,420,73
455.1592,41560,499,385,584,420,73
455.1857,41561,499,386,583,420,73
455.2124,41562,498,385,584,419,73
455.2387,41563,498,385,584,419,73
455.2642,41564,498,385,584,419,73
455.2909,41565,500,385,584,419,74
455.3171,41566,500,384,585,420,73
455.3427,41567,499,384,585,420,73
455.3706,41568,499,384,585,420,74
455.3939,41569,499,384,585,420,72
455.4223,41570,499,384,585,420,72
455.4472,41571,499,384,585,420,73
455.4734,41572,499,384,585,420,74
455.5002,41573,499,384,585,420,74
455.5269,41574,498,384,586,420,73
455.5494,41575,498,386,584,420,72
455.5758,41576,498,386,582,420,73
455.6010,41577,498,386,584,420,72
455.6270,41578,498,386,584,420,72
455.6523,41579,498,386,584,420,72
455.6781,41580,498,386,584,420,72
455.7038,41581,498,386,582,420,71
455.7292,41582,498,386,582,420,71
455.7560,41583,498,384,586,420,71
455.7823,41584,498,386,584,420,74
455.8069,41585,498,384,585,420,72
455.8324,41586,498,384,585,420,72
455.8584,41587,498,384,586,420,72
455.8854,41588,498,384,584,420,73
455.9106,41589,498,385,583,421,71
455.9365,41590,498,385,583,421,71
455.9619,41591,498,385,582,421,72
455.9888,41592,498,384,584,420,69
456.0140,41593,498,384,580,420,68
456.0399,41594,498,384,580,420,68
456.0646,41595,498,384,579,420,69
456.0910,41596,498,384,579,420,69
456.1165,41597,498,384,583,420,72
456.1432,41598,498,385,583,420,74
456.1708,41599,498,385,583,420,74
456.1947,41600,498,386,583,420,73
456.2196,41601,498,384,584,420,71
456.2455,41602,497,384,582,420,68
456.2707,41603,497,384,582,420,68
456.2981,41604,497,384,583,420,67
456.3240,41605,498,385,582,421,69
456.3481,41606,497,386,583,420,71
456.3747,41607,498,384,583,420,71
456.4010,41608,498,384,583,420,71
456.4269,41609,498,386,584,420,72
456.4528,41610,498,386,584,420,72
456.4774,41611,497,385,583,421,72
456.5042,41612,497,385,583,421,72
456.5307,41613,497,384,584,420,74
456.5581,41614,497,385,581,421,74
456.5818,41615,496,385,584,421,74
456.6080,41616,496,385,584,421,74
456.6328,41617,497,385,580,421,74
456.6592,41618,497,386,579,420,73
456.6844,41619,496,386,582,420,74
456.7123,41620,496,386,580,420,73
456.7363,41621,496,386,580,420,73
456.7641,41622,496,386,578,420,73
456.7891,41623,496,385,581,421,72
456.8162,41624,497,385,579,421,72
456.8416,41625,497,385,579,421,72
456.8706,41626,497,385,579,421,72
456.8943,41627,496,385,579,421,72
456.9208,41628,496,386,578,420,72
456.9445,41629,496,386,579,420,74
456.9713,41630,496,386,579,420,74
456.9977,41631,496,384,579,420,73
457.0243,41632,496,384,578,420,71
457.0485,41633,496,384,578,420,69
457.0742,41634,495,384,576,420,64
457.0996,41635,495,384,576,420,64
457.1275,41636,496,384,576,420,67
457.1530,41637,495,384,575,420,66
457.1770,41638,496,384,578,420,66
457.2049,41639,496,384,578,420,66
457.2331,41640,495,386,576,420,64
457.2550,41641,495,384,577,420,63
457.2820,41642,495,384,577,420,63
457.3081,41643,496,384,580,420,67
457.3367,41644,495,386,578,420,66
457.3594,41645,495,386,577,420,60
457.3856,41646,494,386,576,419,59
457.4109,41647,495,388,573,420,56
457.4366,41648,495,388,573,420,56
457.4630,41649,494,388,572,419,55
457.4889,41650,494,401,559,419,55
457.5130,41651,494,389,572,419,56
457.5408,41652,494,389,572,419,56
457.5642,41653,494,389,573,419,54
457.5895,41654,494,400,560,420,53
457.6154,41655,494,400,560,420,53
457.6420,41656,493,390,573,420,55
457.6676,41657,493,402,560,420,56
457.6928,41658,493,387,574,419,52
457.7181,41659,493,388,572,420,53
457.7438,41660,493,388,572,420,53
457.7710,41661,493,389,573,419,54
457.7966,41662,493,400,560,420,56
457.8220,41663,493,390,573,420,53
457.8471,41664,493,400,561,420,55
457.8747,41665,493,400,561,420,55
457.9010,41666,493,388,574,420,55
457.9270,41667,493,390,572,420,55
457.9540,41668,493,386,574,420,58
457.9794,41669,493,386,574,420,58
458.0057,41670,493,388,575,420,54
458.0315,41671,493,386,577,420,56
458.0558,41672,493,384,577,420,60
458.0824,41673,493,384,577,420,60
458.1084,41674,493,384,577,420,58
458.1341,41675,493,384,578,420,60
458.1608,41676,493,383,580,420,61
458.1863,41677,493,385,577,420,62
458.2109,41678,493,385,577,420,62
458.2363,41679,494,386,577,420,59
458.2609,41680,494,384,576,420,61
458.2878,41681,494,384,576,420,61
458.3132,41682,494,386,576,420,58
458.3410,41683,493,388,575,420,61
458.3653,41684,493,388,575,420,60
458.3897,41685,492,386,574,420,63
458.4151,41686,492,386,574,420,63
458.4414,41687,492,388,574,420,60
458.4683,41688,492,388,574,420,56
458.4938,41689,492,388,574,420,57
458.5183,41690,492,386,576,420,60
458.5455,41691,492,386,576,420,60
458.5692,41692,492,387,575,421,58
458.5983,41693,491,388,575,421,60
458.6218,41694,491,388,575,421,60
458.6477,41695,492,387,576,421,62
458.6737,41696,491,387,577,421,61
458.6990,41697,491,386,577,421,64
458.7238,41698,492,386,577,422,64
458.7496,41699,492,386,577,422,64
458.7773,41700,492,386,578,422,66
458.8034,41701,491,388,576,422,62
458.8289,41702,492,388,576,422,63
458.8537,41703,491,394,570,422,63
458.8806,41704,491,394,570,422,63
458.9058,41705,490,394,568,422,63
458.9331,41706,491,387,577,422,63
458.9571,41707,491,387,577,422,63
458.9838,41708,491,389,575,422,61
459.0089,41709,491,388,575,422,62
459.0349,41710,490,396,564,422,63
459.0592,41711,491,388,577,422,64
459.0855,41712,491,388,577,422,64
459.1130,41713,491,390,575,422,61
459.1391,41714,491,388,578,422,66
459.1641,41715,491,389,576,423,66
459.1894,41716,491,389,575,423,69
459.2157,41717,491,389,575,423,69
459.2409,41718,491,390,575,422,67
459.2660,41719,491,390,574,422,68
459.2930,41720,491,390,574,422,68
459.3193,41721,491,396,566,422,63
459.3451,41722,491,389,575,423,68
459.3711,41723,491,388,577,422,68
459.3968,41724,491,389,575,423,65
459.4217,41725,491,389,575,423,65
459.4495,41726,491,389,577,423,70
459.4754,41727,491,389,575,423,68
459.5007,41728,491,389,575,423,68
459.5259,41729,491,389,575,423,66
459.5532,41730,491,389,575,423,66
459.5772,41731,491,388,575,423,69
459.6028,41732,491,388,575,423,69
459.6286,41733,490,393,570,423,66
459.6562,41734,491,394,569,423,66
459.6819,41735,491,388,575,423,66
459.7066,41736,491,388,574,423,68
459.7330,41737,490,387,576,423,65
459.7589,41738,490,387,576,423,65
459.7859,41739,491,387,575,423,68
459.8112,41740,491,387,576,423,68
459.8362,41741,490,387,576,423,67
459.8617,41742,491,387,576,423,69
459.8870,41743,491,387,576,423,69
459.9123,41744,491,389,576,423,64
459.9383,41745,491,387,577,423,68
459.9646,41746,491,387,577,423,68
459.9924,41747,490,388,576,423,64
460.0170,41748,490,386,578,423,66
460.0439,41749,490,386,578,423,66
460.0672,41750,490,388,577,423,66
460.0938,41751,490,388,577,423,66
460.1194,41752,490,387,577,423,65
460.1461,41753,490,387,576,423,68
460.1721,41754,490,388,576,424,65
460.1983,41755,491,387,577,423,66
460.2238,41756,491,387,577,423,66
460.2499,41757,490,387,574,423,67
460.2753,41758,491,386,575,424,65
460.3021,41759,491,386,575,424,65
460.3272,41760,491,387,577,423,67
460.3550,41761,491,387,574,423,66
460.3785,41762,491,388,573,424,65
460.4034,41763,490,387,574,423,66
460.4296,41764,490,387,574,423,66
460.4571,41765,490,387,574,423,66
460.4821,41766,490,389,572,423,66
460.5081,41767,490,389,572,423,64
460.5330,41768,490,392,566,422,60
460.5597,41769,490,392,566,422,60
460.5847,41770,490,392,568,422,64
460.6107,41771,490,393,568,423,64
460.6362,41772,490,393,568,423,64
460.6638,41773,489,393,567,423,62
460.6901,41774,489,395,567,423,65
460.7166,41775,489,395,569,423,68
460.7411,41776,489,395,569,423,70
460.7686,41777,489,395,569,423,70
460.7943,41778,489,396,565,424,70
460.8207,41779,489,395,569,423,69
460.8446,41780,488,395,568,423,70
460.8692,41781,488,395,568,423,70
460.8969,41782,488,395,568,423,70
460.9227,41783,488,394,568,424,68
460.9477,41784,488,395,566,423,71
460.9731,41785,488,395,566,423,71
460.9996,41786,489,394,568,424,69
461.0248,41787,489,395,567,424,69
461.0509,41788,489,396,567,424,68
461.0769,41789,489,397,565,425,71
461.1009,41790,489,397,565,425,71
461.1296,41791,488,399,564,425,71
461.1552,41792,488,398,566,426,73
461.1818,41793,488,400,566,426,73
461.2058,41794,488,398,567,426,73
461.2325,41795,488,398,567,426,73
461.2578,41796,488,398,567,426,73
461.2842,41797,488,400,564,427,73
461.3094,41798,488,400,564,427,73
461.3349,41799,487,399,567,427,73
461.3622,41800,488,399,568,427,74
461.3871,41801,487,397,572,427,74
461.4115,41802,488,399,568,427,74
461.4381,41803,488,399,568,427,74
461.4648,41804,487,396,573,428,75
461.4897,41805,488,396,574,428,74
461.5159,41806,488,396,572,428,74
461.5418,41807,488,396,572,428,73
461.5667,41808,488,396,572,428,73
461.5941,41809,488,396,571,428,74
461.6190,41810,488,394,570,428,75
461.6432,41811,488,394,570,428,75
461.6712,41812,488,394,570,428,75
461.6983,41813,487,396,571,429,74
461.7209,41814,487,398,569,429,75
461.7469,41815,487,397,571,429,75
461.7727,41816,487,397,571,429,75
461.7993,41817,486,398,569,430,75
461.8245,41818,486,398,573,430,75
461.8496,41819,486,397,570,429,75
461.8759,41820,486,396,570,430,75
461.9019,41821,486,396,570,430,75
461.9294,41822,486,396,573,430,75
461.9550,41823,486,398,568,430,76
461.9811,41824,486,398,568,430,76
462.0076,41825,486,397,571,429,76
462.0348,41826,486,398,572,430,76
462.0613,41827,486,396,572,430,75
462.0861,41828,486,396,570,430,76
462.1117,41829,486,396,570,430,76
462.1381,41830,486,396,572,430,76
462.1648,41831,486,396,572,430,76
462.1908,41832,485,396,571,430,76
462.2159,41833,485,396,571,430,75
462.2409,41834,485,396,571,430,75
462.2691,41835,485,397,572,431,77
462.2921,41836,485,397,572,431,77
462.3183,41837,484,397,572,431,76
462.3443,41838,484,397,572,431,76
462.3709,41839,485,397,573,431,76
462.3957,41840,485,397,573,431,76
462.4232,41841,484,398,574,432,77
462.4480,41842,484,398,574,432,77
462.4746,41843,485,399,569,431,77
462.5029,41844,484,398,572,432,77
462.5279,41845,485,400,569,432,77
462.5520,41846,485,398,573,432,77
462.5768,41847,485,396,574,432,78
462.6039,41848,485,396,574,432,78
462.6308,41849,485,398,571,432,78
462.6566,41850,485,397,573,433,78
462.6821,41851,485,397,573,433,78
462.7091,41852,485,397,572,433,78
462.7347,41853,484,398,572,434,78
462.7614,41854,485,398,569,434,78
462.7870,41855,484,398,573,434,77
462.8124,41856,484,398,573,434,77
462.8378,41857,484,398,570,434,77
462.8644,41858,484,399,570,435,77
462.8891,41859,484,398,570,434,77
462.9154,41860,484,398,569,434,77
462.9411,41861,484,398,569,434,77
462.9699,41862,484,398,570,434,77
462.9944,41863,484,396,572,434,77
463.0191,41864,484,396,572,434,77
463.0471,41865,484,398,570,434,77
463.0726,41866,484,398,570,434,77
463.0958,41867,484,399,568,435,78
463.1231,41868,484,397,572,435,77
463.1483,41869,484,397,572,435,77
463.1747,41870,484,397,570,435,76
463.2009,41871,484,396,572,434,77
463.2255,41872,483,395,573,435,77
463.2520,41873,484,395,574,435,77
463.2777,41874,484,395,574,435,77
463.3050,41875,486,407,541,439,66
463.3310,41876,484,405,540,442,72
463.3561,41877,484,405,540,442,72
463.3837,41878,478,403,546,443,78
463.4093,41879,472,402,548,444,79
463.4341,41880,468,402,546,446,78
463.4596,41881,468,402,546,446,78
463.4856,41882,463,403,545,447,78
463.5123,41883,460,405,544,449,77
463.5381,41884,458,406,540,450,79
463.5639,41885,454,410,538,450,76
463.5875,41886,452,412,539,452,73
463.6147,41887,452,412,539,452,73
463.6401,41888,449,413,538,453,69
463.6658,41889,447,416,536,454,69
463.6919,41890,447,416,536,454,69
463.7193,41891,444,418,534,454,70
463.7451,41892,443,419,533,455,70
463.7713,41893,442,422,530,456,71
463.7968,41894,438,424,528,456,70
463.8218,41895,438,424,528,456,70
463.8489,41896,437,428,521,456,71
463.8733,41897,436,432,518,458,71
463.8997,41898,434,436,507,458,71
463.9254,41899,432,436,510,458,72
463.9516,41900,432,436,510,458,72
463.9770,41901,431,437,505,459,73
464.0033,41902,430,437,506,459,73
464.0270,41903,428,438,504,460,73
464.0538,41904,428,438,504,460,73
464.0803,41905,427,438,504,460,72
464.1047,41906,426,439,502,460,73
464.1299,41907,425,439,501,461,73
464.1566,41908,425,439,501,461,73
464.1823,41909,424,439,504,461,74
464.2088,41910,423,437,510,461,74
464.2341,41911,422,441,499,461,72
464.2590,41912,421,441,500,461,72
464.2849,41913,421,441,500,461,72
464.3121,41914,420,441,503,462,73
464.3380,41915,419,442,502,462,73
464.3628,41916,418,442,500,462,72
464.3887,41917,418,442,500,462,72
464.4159,41918,417,444,490,462,70
464.4396,41919,416,444,478,462,69
464.4660,41920,416,444,488,462,69
464.4911,41921,416,444,488,462,69
464.5187,41922,414,444,482,462,70
464.5433,41923,414,445,482,463,70
464.5696,41924,413,446,479,464,68
464.5945,41925,412,446,476,464,68
464.6205,41926,412,446,476,464,68
464.6462,41927,411,446,476,464,67
464.6727,41928,411,446,477,464,66
464.6966,41929,410,446,476,464,65
464.7229,41930,410,446,476,464,65
464.7478,41931,409,446,471,464,62
464.7754,41932,409,446,473,464,62
464.7991,41933,409,446,473,464,62
464.8263,41934,408,446,471,464,59
464.8522,41935,408,446,471,464,59
464.8791,41936,406,448,468,465,56
464.9031,41937,406,448,468,465,58
464.9295,41938,406,448,468,466,61
464.9546,41939,406,448,468,466,61
464.9818,41940,405,448,468,465,59
465.0064,41941,404,448,468,466,63
465.0328,41942,403,448,467,466,68
465.0576,41943,403,448,467,466,68
465.0843,41944,403,448,467,466,68
465.1082,41945,403,448,466,466,66
465.1347,41946,403,448,466,466,66
465.1606,41947,402,449,465,466,68
465.1876,41948,402,449,466,466,67
465.2114,41949,402,450,466,466,69
465.2364,41950,402,450,466,466,69
465.2632,41951,402,450,466,466,69
465.2883,41952,401,449,465,467,70
465.3143,41953,400,450,464,466,69
465.3400,41954,400,450,464,466,69
465.3647,41955,399,450,464,467,69
465.3911,41956,399,450,464,467,69
465.4156,41957,399,450,463,467,69
465.4432,41958,398,451,462,467,68
465.4675,41959,398,451,462,467,68
465.4943,41960,398,451,461,467,66
465.5210,41961,398,446,458,464,51
465.5464,41962,394,451,456,465,36
465.5715,41963,388,452,458,466,61
465.5992,41964,388,452,458,466,61
465.6246,41965,384,451,460,467,64
465.6510,41966,384,451,460,467,64
465.6755,41967,376,452,444,466,62
465.7017,41968,372,452,444,466,60
465.7281,41969,372,452,444,466,60
465.7550,41970,370,453,445,467,55
465.7808,41971,366,454,442,467,55
465.8064,41972,366,454,442,467,55
465.8327,41973,365,454,445,467,52
465.8583,41974,362,454,445,467,57
465.8840,41975,360,454,444,468,50
465.9091,41976,357,453,444,467,52
465.9351,41977,357,453,444,467,52
465.9612,41978,355,453,445,467,44
465.9874,41979,353,454,438,467,43
466.0145,41980,351,455,430,467,53
466.0387,41981,351,455,430,467,53
466.0663,41982,351,455,430,467,53
466.0917,41983,348,456,430,468,51
466.1185,41984,347,456,425,468,54
466.1458,41985,347,456,425,468,54
466.1706,41986,346,456,422,468,54
466.1966,41987,344,456,427,468,46
466.2243,41988,342,456,422,468,39
466.2492,41989,341,456,422,468,53
466.2762,41990,341,456,422,468,53
466.3026,41991,340,456,417,468,58
466.3284,41992,339,456,421,468,56
466.3527,41993,338,456,405,468,55
466.3789,41994,337,456,416,468,54
466.4038,41995,335,456,423,468,53
466.4295,41996,335,456,423,468,53
466.4569,41997,335,456,423,468,53
466.4838,41998,334,456,421,468,59
466.5088,41999,334,456,421,468,59
466.5356,42000,333,456,418,468,58
466.5619,42001,335,453,390,472,64
466.5866,42002,342,445,378,480,75
466.6118,42003,342,445,378,480,75
466.6371,42004,343,442,383,478,74
466.6622,42005,341,441,382,477,80
466.6873,42006,337,442,386,481,77
466.7143,42007,337,442,386,481,77
466.7411,42008,337,445,391,483,71
466.7648,42009,338,457,396,483,66
466.7908,42010,342,451,399,482,60
466.8148,42011,342,451,399,482,60
466.8423,42012,346,468,403,482,57
466.8691,42013,346,472,407,483,57
466.8937,42014,349,473,412,483,57
466.8937,42014,338,448,354,478,34
466.9186,42015,358,467,417,487,70
466.9459,42016,358,467,417,487,70
466.9709,42017,364,468,424,488,72
466.9964,42018,368,468,433,489,70
467.0227,42019,368,468,433,489,70
467.0482,42020,365,467,439,487,70
467.0757,42021,361,467,443,487,70
467.0999,42022,368,466,450,485,69
467.1272,42023,371,466,454,486,71
467.1506,42024,371,466,454,486,71
467.1779,42025,375,466,459,484,64
467.2044,42026,378,465,461,485,63
467.2307,42027,397,464,465,482,57
467.2550,42028,418,462,473,482,67
467.2827,42029,418,462,473,482,67
467.3065,42030,420,464,488,480,62
467.3331,42031,433,470,500,482,42
467.3577,42032,433,470,500,482,42
467.3838,42033,438,472,508,482,47
467.4091,42034,450,473,517,483,52
467.4356,42035,455,473,525,483,48
467.4608,42036,492,460,534,488,64
467.4864,42037,492,460,534,488,64
467.5148,42038,496,438,568,477,67
467.5417,42039,525,415,587,474,75
467.5668,42040,552,399,606,465,80
467.5926,42041,560,389,620,449,79
467.6162,42042,567,382,631,442,80
467.6431,42043,567,382,631,442,80
467.6694,42044,570,375,642,433,79
467.6948,42045,570,375,642,433,79
467.7223,42046,572,369,652,424,79
467.7470,42047,575,366,659,418,78
467.7725,42048,579,362,667,410,78
467.7961,42049,589,365,673,403,73
467.8217,42050,589,365,673,403,73
467.8482,42051,626,363,684,391,61
467.8730,42052,632,362,694,384,67
467.9000,42053,641,362,703,383,68
467.9267,42054,643,363,712,383,71
467.9511,42055,643,363,712,383,71
467.9765,42056,645,364,719,384,70
468.0021,42057,639,362,725,385,72
468.0279,42058,639,362,725,385,72
468.0534,42059,645,362,731,386,67
468.0790,42060,651,364,735,386,66
468.1039,42061,660,366,742,388,65
468.1308,42062,670,370,748,388,65
468.1557,42063,670,370,748,388,65
468.1822,42064,678,371,752,389,68
468.2089,42065,680,372,756,390,67
468.2333,42066,689,374,759,390,67
468.2596,42067,689,374,759,390,67
468.2867,42068,693,375,763,390,69
468.3117,42069,693,375,765,391,69
468.3368,42070,693,375,765,391,69
468.3647,42071,701,375,769,391,70
468.3895,42072,708,377,772,391,71
468.4156,42073,710,377,774,391,71
468.4420,42074,710,377,774,391,71
468.4683,42075,713,378,780,392,70
468.4938,42076,713,378,780,392,70
468.5200,42077,712,378,782,392,70
468.5452,42078,718,378,784,392,70
468.5709,42079,718,379,786,393,70
468.5960,42080,724,379,788,393,69
468.6228,42081,724,379,788,393,69
468.6470,42082,720,379,789,393,68
468.6744,42083,720,379,789,393,68
468.6998,42084,726,379,792,393,68
468.7259,42085,730,380,794,394,69
468.7507,42086,732,380,796,394,69
468.7758,42087,733,380,797,394,68
468.8019,42088,731,380,799,394,68
468.8265,42089,731,380,799,394,68
468.8548,42090,731,380,799,394,68
468.8793,42091,736,380,802,394,69
468.9090,42092,739,380,803,394,68
468.9355,42093,740,381,805,395,67
468.9600,42094,740,381,805,395,67
468.9859,42095,744,381,806,395,67
469.0117,42096,740,381,807,395,67
469.0387,42097,740,381,807,395,67
469.0648,42098,743,381,808,395,67
469.0908,42099,746,381,810,395,66
469.1160,42100,746,380,812,396,67
469.1414,42101,745,380,813,396,66
469.1681,42102,745,380,813,396,66
469.1934,42103,747,380,813,396,66
469.2184,42104,746,381,814,395,65
469.2457,42105,746,381,814,395,65
469.2695,42106,764,375,818,404,74
469.2982,42107,764,375,818,404,74
469.3247,42108,765,374,825,405,76
469.3492,42109,770,376,830,408,75
469.3759,42110,770,376,830,408,75
469.4020,42111,767,378,835,410,74
469.4278,42112,760,377,838,411,74
469.4528,42113,760,378,842,412,75
469.4772,42114,766,378,846,414,74
469.5038,42115,766,378,846,414,74
469.5311,42116,771,379,849,415,74
469.5563,42117,769,378,851,416,74
469.5830,42118,780,383,854,417,74
469.6069,42119,775,382,856,418,75
469.6327,42120,775,382,856,418,75
469.6580,42121,775,382,856,418,75
469.6836,42122,776,382,860,419,75
469.7080,42123,776,382,860,419,75
469.7368,42124,779,382,863,420,74
469.7612,42125,780,383,864,421,75
469.7866,42126,781,382,865,422,74
469.8117,42127,786,385,866,422,72
469.8371,42128,786,385,866,422,72
469.8641,42129,787,388,869,422,72
469.8893,42130,796,391,871,423,71
469.9147,42131,797,392,871,422,69
469.9401,42132,821,398,874,422,70
469.9665,42133,821,398,874,422,70
469.9917,42134,826,400,878,422,75
470.0183,42135,826,399,884,423,77
470.0441,42136,826,399,884,423,77
470.0727,42137,826,399,884,423,77
470.0974,42138,836,396,894,422,75
470.1209,42139,838,394,898,423,76
470.1486,42140,838,394,898,423,76
470.1733,42141,840,391,900,423,75
470.1999,42142,844,390,904,422,76
470.2252,42143,846,388,907,422,77
470.2510,42144,849,387,909,419,78
470.2771,42145,852,386,910,420,76
470.3026,42146,852,386,910,420,76
470.3290,42147,856,379,904,415,71
470.3566,42148,868,378,900,416,73
470.3830,42149,868,378,900,416,73
470.4077,42150,868,382,903,418,80
470.4344,42151,861,383,907,417,81
470.4588,42152,854,382,910,412,75
470.4850,42153,847,379,912,407,72
470.5108,42154,847,379,912,407,72
470.5356,42155,840,380,912,412,70
470.5620,42156,834,379,915,415,65
470.5860,42157,828,379,891,391,66
470.6117,42158,821,377,889,389,66
470.6370,42159,821,377,889,389,66
470.6638,42160,814,375,880,393,68
470.6885,42161,806,371,860,397,76
470.6885,42161,869,375,900,393,34
470.7169,42162,806,371,860,397,76
470.7169,42162,869,375,900,393,34
470.7429,42163,797,368,857,400,79
470.7687,42164,790,369,860,401,78
470.7941,42165,782,371,858,403,75
470.8197,42166,777,370,857,404,76
470.8473,42167,777,370,857,404,76
470.8717,42168,771,373,853,405,73
470.8975,42169,766,372,850,406,68
470.9230,42170,761,371,847,407,69
470.9488,42171,756,366,844,408,69
470.9739,42172,756,366,844,408,69
471.0055,42173,754,388,808,419,71
471.0255,42174,741,388,797,420,77
471.0520,42175,741,388,797,420,77
471.0780,42176,727,390,803,422,60
471.1056,42177,716,402,795,426,69
471.1310,42178,707,405,793,430,73
471.1554,42179,698,406,778,432,77
471.1812,42180,698,406,778,432,77
471.2095,42181,691,406,777,434,78
471.2342,42182,684,414,740,443,71
471.2587,42183,661,420,727,444,56
471.2843,42184,640,428,709,454,73
471.3109,42185,640,428,709,454,73
471.3362,42186,626,427,706,459,78
471.3619,42187,611,425,697,463,77
471.3891,42188,600,425,690,465,78
471.4145,42189,600,425,690,465,78
471.4406,42190,590,427,680,469,78
471.4666,42191,579,429,673,471,75
471.4914,42192,571,436,663,473,75
471.5172,42193,571,436,663,473,75
471.5440,42194,562,443,656,475,75
471.5691,42195,555,451,649,477,72
471.5944,42196,549,456,641,478,70
471.6199,42197,542,464,624,480,63
471.6462,42198,542,464,624,480,63
471.6727,42199,536,466,614,480,62
471.6979,42200,532,466,596,480,63
471.7228,42201,523,464,579,482,59
471.7492,42202,523,464,579,482,59
471.7764,42203,506,466,572,480,67
471.8010,42204,493,466,568,478,66
471.8258,42205,493,466,568,478,66
471.8531,42206,480,467,558,478,58
471.8775,42207,469,468,548,478,58
471.9048,42208,461,468,541,480,43
471.9307,42209,451,468,527,480,51
471.9555,42210,444,463,496,490,72
471.9816,42211,444,463,496,490,72
472.0076,42212,425,460,493,492,73
472.0336,42213,406,470,478,494,47
472.2108,42220,350,479,412,493,30
472.2371,42221,356,466,392,494,64
472.2630,42222,354,463,388,494,78
472.2879,42223,354,463,388,494,78
472.3155,42224,349,457,404,488,69
472.3393,42225,346,450,416,484,74
472.3679,42226,346,448,428,476,75
472.3923,42227,359,444,439,469,68
472.4188,42228,359,444,439,469,68
472.4429,42229,372,441,449,461,65
472.4681,42230,372,440,458,462,69
472.4940,42231,372,440,458,462,69
472.5217,42232,379,438,466,458,69
472.5476,42233,382,436,473,456,72
472.5709,42234,391,434,479,454,71
472.5958,42235,396,434,484,452,71
472.6218,42236,396,434,484,452,71
472.6494,42237,400,432,490,452,69
472.6747,42238,405,431,495,450,62
472.7015,42239,411,428,500,448,64
472.7252,42240,414,428,504,450,71
472.7526,42241,414,428,504,450,71
472.7757,42242,419,426,508,448,68
472.8018,42243,425,425,512,447,70
472.8274,42244,425,425,512,447,70
472.8563,42245,425,425,512,447,70
472.8809,42246,430,424,518,447,70
472.9053,42247,430,422,522,446,70
472.9311,42248,434,423,524,447,69
472.9570,42249,434,423,524,447,69
472.9843,42250,476,417,521,448,67
473.0107,42251,494,412,516,458,40
473.0360,42252,496,411,515,469,69
473.0619,42253,496,411,517,479,74
473.0882,42254,496,411,517,479,74
473.1165,42255,494,419,516,488,72
473.1399,42256,489,422,514,490,71
473.1669,42257,489,422,514,490,71
473.1921,42258,480,445,515,483,75
473.2180,42259,470,458,519,480,73
473.2444,42260,470,458,519,480,73
473.2692,42261,456,452,522,480,70
473.2947,42262,456,452,522,480,70
473.3210,42263,448,457,522,481,72
473.3484,42264,443,458,512,480,73
473.3763,42265,439,458,512,478,73
473.3996,42266,434,458,511,478,71
473.4246,42267,431,457,512,479,70
473.4522,42268,431,457,512,479,70
473.4764,42269,427,456,509,478,69
473.5030,42270,427,456,509,478,69
473.5286,42271,424,456,508,478,69
473.5548,42272,420,456,511,480,72
473.5794,42273,417,454,511,480,71
473.6060,42274,414,454,509,480,71
473.6308,42275,414,454,509,480,71
473.6557,42276,414,454,509,480,71
473.6819,42277,410,453,497,476,68
473.7079,42278,408,453,482,473,68
473.7350,42279,407,452,480,472,68
473.7589,42280,407,452,480,472,68
473.7844,42281,405,452,476,472,68
473.8097,42282,405,452,476,472,68
473.8352,42283,403,452,477,472,68
473.8628,42284,402,451,473,471,69
473.8877,42285,400,451,478,473,70
473.9121,42286,399,450,478,474,71
473.9374,42287,399,450,478,474,71
473.9647,42288,398,450,480,474,71
473.9907,42289,396,450,481,474,71
474.0164,42290,396,449,482,477,73
474.0409,42291,396,449,482,477,73
474.0672,42292,394,449,482,479,73
474.0921,42293,394,449,482,479,73
474.1186,42294,392,448,480,477,72
474.1428,42295,392,448,480,477,72
474.1706,42296,391,448,469,472,72
474.1955,42297,389,447,468,472,72
474.2210,42298,389,448,477,478,71
474.2456,42299,387,446,465,470,71
474.2716,42300,387,446,465,470,71
474.2967,42301,387,446,473,476,71
474.3229,42302,386,446,472,476,71
474.3488,42303,385,446,465,472,70
474.3755,42304,384,446,468,474,71
474.4012,42305,384,446,468,474,71
474.4263,42306,384,445,467,473,67
474.4523,42307,384,445,467,473,67
474.4795,42308,384,445,467,473,67
474.5051,42309,383,444,462,470,66
474.5309,42310,382,444,462,470,66
474.5563,42311,382,444,462,471,67
474.5830,42312,381,443,462,471,68
474.6080,42313,381,443,462,471,68
474.6343,42314,380,443,462,471,65
474.6595,42315,380,444,463,474,63
474.6848,42316,379,443,462,473,63
474.7108,42317,379,443,462,475,52
474.7353,42318,378,443,458,473,55
474.7623,42319,378,443,458,473,55
474.7889,42320,378,442,457,473,53
474.8125,42321,377,442,457,472,57
474.8390,42322,377,442,457,472,57
474.8662,42323,377,442,457,472,57
474.8898,42324,376,442,456,472,57
474.9168,42325,376,442,457,474,62
474.9430,42326,376,442,457,474,62
474.9695,42327,376,442,456,474,56
474.9941,42328,376,441,457,475,54
475.0196,42329,375,441,456,475,60
475.0463,42330,375,440,455,472,62
475.0715,42331,375,440,455,472,62
475.0983,42332,374,440,453,470,58
475.1240,42333,374,440,452,472,68
475.1495,42334,374,439,452,471,65
475.1753,42335,374,439,452,471,65
475.2013,42336,374,439,452,471,68
475.2273,42337,374,439,453,473,68
475.2526,42338,373,439,450,471,67
475.2782,42339,373,439,450,471,67
475.3037,42340,373,438,450,470,70
475.3291,42341,372,438,448,468,62
475.3549,42342,372,437,450,471,58
475.3817,42343,372,437,446,468,67
475.4049,42344,372,437,446,468,67
475.4330,42345,372,437,444,466,62
475.4569,42346,371,436,446,468,57
475.4844,42347,371,436,443,466,52
475.5096,42348,371,436,443,466,52
475.5357,42349,371,436,444,466,66
475.5609,42350,371,436,443,466,55
475.5859,42351,371,435,443,468,46
475.6117,42352,371,435,443,468,46
475.6388,42353,371,435,445,470,47
475.6646,42354,370,435,446,470,38
475.6906,42355,370,434,434,462,48
475.7155,42356,370,437,430,461,60
475.7419,42357,370,437,430,461,60
475.7680,42358,367,440,427,462,69
475.7941,42359,363,436,428,452,60
475.8180,42360,359,435,426,452,69
475.8444,42361,359,435,426,452,69
475.8694,42362,356,436,428,456,70
475.8958,42363,352,436,424,454,70
475.9221,42364,350,435,428,457,68
475.9488,42365,350,435,428,457,68
475.9756,42366,348,435,427,456,64
476.0011,42367,345,434,425,454,60
476.0269,42368,342,434,422,454,63
476.0519,42369,341,434,422,452,58
476.0782,42370,341,434,422,452,58
476.1045,42371,339,433,422,453,60
476.1319,42372,337,433,417,450,56
476.1562,42373,336,433,418,449,58
476.1834,42374,336,433,418,449,58
476.2088,42375,334,433,398,449,56
476.2339,42376,328,432,387,448,67
476.2586,42377,321,432,385,446,67
476.2867,42378,321,432,385,446,67
476.3113,42379,315,434,390,446,66
476.3389,42380,310,435,388,445,61
476.3630,42381,305,435,383,445,54
476.3881,42382,305,435,383,445,54
476.4148,42383,301,436,381,446,41
476.4415,42384,295,435,368,445,39
476.4678,42385,292,435,367,445,41
476.4930,42386,288,435,366,446,40
476.5173,42387,285,436,357,446,38
476.5446,42388,285,436,357,446,38
476.5721,42389,282,435,350,445,30
476.6739,42393,274,436,354,446,32
477.0343,42407,250,436,331,446,34
477.0599,42408,248,436,330,446,31
477.2006,42413,244,436,327,446,30
477.2270,42414,244,436,327,446,30
477.2526,42415,243,436,324,446,31
477.2776,42416,241,436,323,446,32
477.3035,42417,240,436,326,446,30
477.4585,42423,235,436,318,448,49
477.4840,42424,235,436,318,448,49
477.5094,42425,240,429,286,459,72
477.5352,42426,244,423,282,461,75
477.5613,42427,244,423,282,461,75
477.5887,42428,243,422,285,457,75
477.6128,42429,241,419,281,461,80
477.6381,42430,241,419,281,461,80
477.6643,42431,237,418,290,469,78
477.6911,42432,237,418,290,469,78
477.7169,42433,242,419,296,467,78
477.7418,42434,244,427,300,465,68
477.7680,42435,244,429,304,465,54
477.7944,42436,246,443,308,467,42
477.8194,42437,246,443,308,467,42
477.8463,42438,249,456,311,468,40
477.8463,42438,246,432,311,466,31
477.8720,42439,247,443,313,469,66
477.9009,42440,247,443,313,469,66
477.9244,42441,262,448,316,473,74
477.9493,42442,264,450,322,476,78
477.9749,42443,264,448,330,476,78
478.0020,42444,264,448,330,476,78
478.0266,42445,264,446,335,474,77
478.0528,42446,263,444,340,474,78
478.0789,42447,263,444,340,474,78
478.1046,42448,267,442,347,475,77
478.1299,42449,271,441,350,474,76
478.1555,42450,271,441,350,474,76
478.1811,42451,276,440,354,472,77
478.2088,42452,278,438,357,472,77
478.2332,42453,278,436,360,472,72
478.2596,42454,278,436,360,472,72
478.2843,42455,283,435,362,469,69
478.3111,42456,286,434,365,468,73
478.3352,42457,286,434,365,468,73
478.3630,42458,287,434,367,468,75
478.3888,42459,292,433,370,465,77
478.4151,42460,291,432,370,467,78
478.4395,42461,291,432,370,467,78
478.4666,42462,296,430,374,464,77
478.4927,42463,296,430,374,464,77
478.5190,42464,294,429,376,465,76
478.5446,42465,300,428,378,462,76
478.5699,42466,309,430,378,456,68
478.5962,42467,309,430,378,456,68
478.6223,42468,332,428,380,452,62
478.6483,42469,334,426,386,453,75
478.6738,42470,334,426,386,453,75
478.7009,42471,336,424,393,454,76
478.7259,42472,338,426,399,458,76
478.7523,42473,342,429,404,461,78
478.7764,42474,343,431,409,463,79
478.8020,42475,345,431,413,465,78
478.8273,42476,345,431,413,465,78
478.8568,42477,345,431,413,465,78
478.8810,42478,370,438,416,476,79
478.9038,42479,375,434,422,480,80
478.9306,42480,375,434,422,480,80
478.9568,42481,377,434,430,484,71
478.9818,42482,374,436,437,488,56
479.0071,42483,374,436,437,488,56
479.0349,42484,378,443,442,491,41
479.0615,42485,386,448,448,490,45
479.0868,42486,406,468,456,488,55
479.1115,42487,408,473,461,489,72
479.1369,42488,408,474,465,490,74
479.1628,42489,408,474,465,490,74
479.1891,42490,412,472,469,492,72
479.2149,42491,410,471,473,491,72
479.2397,42492,410,471,473,491,72
479.2646,42493,410,471,473,491,72
479.2909,42494,420,472,482,490,73
479.3160,42495,420,472,486,490,73
479.3418,42496,420,472,486,490,73
479.3680,42497,422,472,489,489,71
479.3960,42498,424,471,494,489,71
479.4200,42499,429,470,496,488,71
479.4463,42500,434,469,500,487,72
479.4724,42501,434,469,500,487,72
479.4981,42502,436,469,502,487,74
479.5249,42503,440,468,505,486,74
479.5520,42504,444,468,507,486,75
479.5763,42505,446,468,510,486,74
479.6033,42506,446,468,510,486,74
479.6267,42507,456,468,510,488,73
479.6527,42508,465,468,519,486,71
479.6788,42509,465,468,519,486,71
479.7052,42510,473,472,533,488,71
479.7329,42511,481,474,541,488,58
479.7595,42512,500,468,554,490,71
479.7838,42513,513,460,563,490,74
479.8121,42514,521,456,573,490,75
479.8387,42515,521,456,573,490,75
479.8663,42516,527,452,583,488,77
479.8907,42517,532,448,590,486,77
479.9172,42518,529,444,597,486,75
479.9417,42519,529,444,597,486,75
479.9692,42520,552,448,604,480,73
479.9947,42521,554,447,616,461,52
480.0196,42522,564,441,632,461,73
480.0468,42523,564,441,632,461,73
480.0731,42524,573,442,646,462,60
480.0964,42525,591,440,659,456,51
480.1241,42526,605,438,669,452,56
480.1481,42527,608,434,679,450,63
480.1748,42528,608,434,679,450,63
480.2006,42529,618,432,688,450,68
480.2258,42530,614,430,696,450,68
480.2527,42531,624,428,704,448,68
480.2780,42532,628,427,710,447,71
480.3043,42533,628,427,710,447,71
480.3298,42534,629,426,716,448,69
480.3548,42535,633,426,723,448,68
480.3814,42536,633,426,723,448,68
480.4068,42537,635,425,727,449,67
480.4337,42538,638,425,732,449,68
480.4586,42539,645,425,737,449,69
480.4849,42540,652,423,742,447,66
480.5110,42541,652,423,742,447,66
480.5381,42542,656,423,747,447,67
480.5630,42543,666,421,752,441,67
480.5891,42544,668,421,756,439,66
480.6143,42545,671,420,759,438,67
480.6421,42546,671,420,759,438,67
480.6661,42547,673,419,762,438,67
480.6928,42548,676,418,766,436,61
480.7180,42549,676,418,766,436,61
480.7430,42550,678,418,768,438,58
480.7693,42551,680,418,772,437,57
480.7950,42552,682,418,774,436,59
480.8206,42553,684,417,778,436,54
480.8475,42554,684,417,778,436,54
480.8742,42555,686,418,780,435,43
480.8996,42556,697,415,785,431,38
480.9239,42557,696,414,787,430,46
480.9506,42558,700,414,790,430,57
480.9758,42559,700,414,790,430,57
481.0022,42560,702,414,792,430,56
481.0265,42561,714,414,794,428,59
481.0535,42562,714,414,794,428,59
481.0784,42563,717,414,797,428,63
481.1050,42564,720,410,798,429,70
481.1313,42565,739,410,803,430,72
481.1559,42566,746,411,810,429,68
481.1832,42567,746,411,810,429,68
481.2096,42568,749,412,817,424,64
481.2348,42569,758,411,822,423,66
481.2610,42570,761,410,827,422,63
481.2866,42571,762,410,832,421,57
481.3128,42572,762,410,832,421,57
481.3390,42573,768,409,836,421,62
481.3629,42574,771,410,840,420,61
481.3896,42575,771,410,840,420,61
481.4159,42576,773,409,845,421,61
481.4424,42577,776,408,848,420,60
481.4671,42578,784,408,852,420,62
481.4927,42579,789,408,855,420,63
481.5182,42580,789,408,855,420,63
481.5442,42581,792,407,858,419,60
481.5696,42582,792,407,860,419,63
481.5956,42583,797,406,863,420,60
481.6207,42584,798,406,866,420,63
481.6486,42585,798,406,866,420,63
481.6717,42586,790,407,868,419,61
481.6978,42587,790,406,870,419,64
481.7247,42588,790,406,870,419,64
481.7500,42589,798,406,872,419,63
481.7759,42590,802,405,875,419,62
481.8007,42591,807,405,877,419,62
481.8268,42592,809,405,879,419,63
481.8531,42593,809,405,879,419,63
481.8780,42594,812,405,880,419,63
481.9053,42595,812,404,882,418,60
481.9317,42596,811,405,883,419,64
481.9559,42597,825,395,881,420,71
481.9834,42598,825,395,881,420,71
482.0083,42599,828,393,890,424,76
482.0339,42600,836,384,894,418,74
482.0592,42601,836,384,894,418,74
482.0864,42602,845,378,899,418,76
482.1133,42603,848,372,904,420,76
482.1384,42604,853,367,907,419,75
482.1655,42605,866,363,910,419,76
482.1906,42606,866,363,910,419,76
482.2179,42607,858,360,912,420,75
482.2431,42608,853,357,915,421,76
482.2680,42609,853,354,917,422,77
482.2933,42610,857,351,920,421,76
482.3188,42611,857,351,920,421,76
482.3454,42612,866,348,922,418,74
482.3708,42613,866,348,922,418,74
482.3963,42614,868,346,924,418,74
482.4237,42615,872,344,926,414,75
482.4497,42616,872,344,926,414,75
482.4741,42617,875,340,927,414,76
482.5010,42618,878,339,928,417,74
482.5255,42619,878,339,928,417,74
482.5519,42620,888,336,930,404,72
482.5780,42621,888,336,930,404,72
482.6042,42622,890,334,930,402,72
482.6313,42623,890,333,932,401,73
482.6573,42624,892,331,933,397,73
482.6830,42625,894,330,934,394,74
482.7065,42626,897,328,935,392,75
482.7350,42627,897,328,935,392,75
482.7609,42628,893,325,935,401,74
482.7878,42629,899,325,937,387,76
482.8110,42630,900,325,938,385,76
482.8358,42631,900,325,938,385,76
482.8618,42632,900,325,938,385,76
482.8875,42633,904,334,940,362,76
482.9132,42634,902,329,936,369,76
482.9391,42635,902,329,936,369,76
482.9661,42636,904,326,934,374,78
482.9932,42637,903,322,933,380,75
483.0177,42638,903,321,933,385,64
483.0443,42639,916,327,936,387,70
483.0699,42640,916,327,936,387,70
483.0954,42641,905,332,943,384,80
483.1211,42642,901,342,946,390,80
483.1477,42643,896,347,946,394,79
483.1719,42644,892,350,944,398,78
483.1986,42645,892,350,944,398,78
483.2233,42646,888,346,942,400,80
483.2492,42647,888,346,942,400,80
483.2755,42648,884,350,940,404,79
483.3031,42649,881,360,937,406,78
483.3279,42650,884,371,932,409,68
483.3530,42651,888,375,910,443,72
483.3789,42652,888,375,910,443,72
483.4048,42653,896,395,914,461,66
483.4322,42654,900,418,916,474,50
483.4574,42655,895,421,919,473,76
483.4832,42656,880,439,922,465,66
483.5082,42657,860,428,922,465,79
483.5353,42658,860,428,922,465,79
483.5605,42659,847,417,918,459,80
483.5858,42660,847,417,918,459,80
483.6120,42661,837,412,904,454,79
483.6367,42662,830,408,898,452,79
483.6639,42663,824,406,891,450,76
483.6871,42664,818,403,888,447,74
483.7139,42665,818,403,888,447,74
483.7397,42666,812,401,880,439,74
483.7660,42667,809,400,879,442,71
483.7921,42668,805,398,876,436,76
483.8174,42669,801,397,875,436,74
483.8418,42670,798,396,872,433,69
483.8678,42671,798,396,872,433,69
483.8951,42672,794,394,870,430,71
483.9209,42673,794,394,870,430,71
483.9481,42674,792,394,866,426,71
483.9730,42675,790,393,866,424,73
483.9993,42676,787,393,865,423,72
484.0249,42677,784,392,864,420,68
484.0507,42678,782,392,864,418,68
484.0761,42679,782,392,864,418,68
484.1021,42680,781,390,860,414,66
484.1286,42681,779,390,855,408,66
484.1541,42682,777,389,853,407,67
484.1799,42683,777,389,853,407,67
484.2048,42684,774,388,850,405,67
484.2308,42685,773,388,845,403,66
484.2561,42686,772,387,843,403,64
484.2831,42687,772,387,843,403,64
484.3078,42688,770,387,848,403,62
484.3350,42689,770,387,848,403,60
484.3606,42690,769,387,851,403,58
484.3866,42691,768,386,846,402,47
484.4120,42692,768,386,846,402,47
484.4385,42693,766,386,847,402,40
484.4644,42694,765,388,855,402,41
484.4883,42695,764,387,854,403,40
484.6434,42701,760,384,818,402,65
484.6694,42702,756,382,810,410,77
484.6952,42703,751,380,807,412,79
484.7208,42704,751,380,807,412,79
484.7470,42705,747,380,807,416,78
484.7735,42706,742,381,808,418,79
484.7991,42707,738,380,810,420,77
484.8249,42708,735,380,811,422,75
484.8492,42709,733,377,814,423,75
484.8758,42710,733,377,814,423,75
484.9015,42711,731,376,811,424,75
484.9268,42712,731,376,811,424,75
484.9542,42713,728,375,810,425,75
484.9821,42714,726,374,806,426,76
485.0047,42715,724,374,804,426,76
485.0310,42716,723,373,803,427,77
485.0570,42717,723,373,803,427,77
485.0838,42718,721,374,801,428,74
485.1088,42719,720,377,800,429,72
485.1354,42720,718,383,798,430,72
485.1606,42721,716,382,798,431,74
485.1874,42722,716,383,796,431,74
485.2122,42723,716,383,796,431,74
485.2380,42724,715,383,795,432,75
485.2662,42725,715,383,795,432,75
485.2939,42726,714,386,794,432,75
485.3212,42727,713,387,793,433,75
485.3449,42728,712,390,792,433,74
485.3720,42729,713,402,771,432,67
485.3999,42730,716,397,774,434,70
485.4236,42731,716,397,774,434,70
485.4507,42732,721,394,753,438,74
485.4765,42733,722,390,750,440,66
485.5010,42734,724,382,749,440,55
485.5272,42735,726,377,736,437,34
485.5528,42736,726,377,736,437,34
485.5790,42737,726,374,736,434,30
485.7092,42742,723,371,751,419,75
485.7329,42743,718,378,761,414,69
485.7599,42744,718,378,761,414,69
485.7849,42745,715,380,771,408,57
485.8111,42746,714,379,778,405,62
485.8366,42747,714,376,782,404,68
485.8612,42748,740,370,788,398,79
485.8864,42749,740,370,788,398,79
485.9139,42750,738,368,795,402,80
485.9400,42751,748,371,804,405,78
485.9645,42752,748,371,804,405,78
485.9913,42753,744,372,810,407,76
486.0169,42754,744,373,814,409,75
486.0421,42755,744,373,814,409,75
486.0674,42756,756,381,824,411,73
486.0932,42757,756,381,824,411,73
486.1198,42758,754,381,828,413,73
486.1465,42759,755,381,832,413,74
486.1713,42760,758,382,834,414,75
486.1966,42761,758,382,837,414,76
486.2223,42762,758,382,837,414,76
486.2488,42763,760,382,840,416,75
486.2742,42764,760,382,842,416,76
486.3000,42765,760,382,842,416,76
486.3265,42766,762,385,844,417,73
486.3524,42767,762,385,846,417,73
486.3763,42768,764,386,848,418,74
486.4008,42769,764,387,850,419,72
486.4271,42770,764,387,850,419,72
486.4532,42771,764,387,850,419,72
486.4796,42772,768,388,854,420,75
486.5037,42773,771,389,855,420,74
486.5294,42774,771,389,855,420,74
486.5560,42775,782,397,858,421,70
486.5825,42776,779,395,859,421,71
486.6058,42777,793,398,861,422,73
486.6335,42778,793,398,861,422,73
486.6588,42779,790,398,864,422,73
486.6841,42780,788,398,866,422,72
486.7091,42781,788,398,866,422,73
486.7353,42782,788,398,866,422,73
486.7620,42783,790,398,868,424,73
486.7881,42784,786,397,869,423,73
486.8138,42785,812,400,870,422,74
486.8388,42786,812,400,870,422,74
486.8634,42787,823,397,880,425,79
486.8908,42788,823,397,880,425,79
486.9170,42789,823,394,884,426,78
486.9418,42790,830,391,886,426,78
486.9685,42791,830,391,886,426,78
486.9942,42792,828,388,890,426,78
487.0192,42793,827,387,893,425,78
487.0448,42794,838,384,892,426,76
487.0718,42795,838,384,892,426,76
487.0976,42796,844,378,884,418,75
487.1234,42797,852,379,886,419,77
487.1490,42798,850,380,890,420,81
487.1737,42799,844,379,892,418,79
487.2008,42800,844,379,892,418,79
487.2271,42801,839,376,897,412,79
487.2521,42802,833,374,897,416,78
487.2791,42803,833,374,897,416,78
487.3041,42804,820,374,894,412,73
487.3318,42805,820,374,894,412,73
487.3575,42806,815,372,885,401,74
487.3819,42807,811,371,881,399,72
487.4075,42808,811,371,881,399,72
487.4342,42809,808,372,872,390,65
487.4620,42810,805,369,859,389,76
487.4874,42811,798,368,858,390,77
487.5127,42812,790,366,856,388,72
487.5377,42813,783,369,852,389,71
487.5643,42814,783,369,852,389,71
487.5897,42815,778,370,852,390,72
487.6162,42816,773,370,850,390,74
487.6408,42817,773,370,850,390,74
487.6677,42818,773,370,850,390,74
487.6934,42819,764,370,846,392,72
487.7182,42820,761,369,845,391,72
487.7446,42821,761,369,845,391,72
487.7711,42822,758,370,840,392,70
487.7981,42823,754,367,840,392,68
487.8239,42824,752,367,836,393,66
487.8489,42825,750,365,836,393,64
487.8743,42826,747,375,817,393,61
487.9006,42827,747,375,817,393,61
487.9258,42828,746,369,822,393,63
487.9532,42829,743,368,824,394,57
487.9771,42830,742,368,824,394,58
488.0030,42831,742,368,824,394,58
488.0279,42832,740,370,820,394,56
488.0535,42833,738,370,816,395,57
488.0798,42834,738,370,816,395,57
488.1057,42835,737,374,791,406,68
488.1335,42836,728,371,788,408,77
488.1589,42837,718,369,792,411,67
488.1838,42838,708,381,788,419,75
488.2099,42839,708,381,788,419,75
488.2356,42840,700,384,778,422,76
488.2621,42841,692,382,772,426,76
488.2888,42842,685,381,769,429,77
488.3152,42843,680,382,762,432,78
488.3399,42844,680,382,762,432,78
488.3673,42845,672,385,758,435,77
488.3919,42846,668,389,753,437,75
488.4172,42847,668,389,753,437,75
488.4434,42848,662,411,722,443,67
488.4692,42849,648,415,706,441,59
488.4946,42850,632,426,700,448,68
488.5207,42851,620,424,696,450,75
488.5451,42852,620,424,696,450,75
488.5727,42853,609,423,697,453,76
488.5985,42854,599,421,692,455,74
488.6249,42855,590,424,681,457,74
488.6492,42856,582,430,674,460,73
488.6751,42857,582,430,674,460,73
488.7011,42858,574,432,668,460,73
488.7260,42859,567,436,665,462,74
488.7534,42860,567,436,665,462,74
488.7788,42861,561,441,655,463,72
488.8044,42862,555,444,645,464,69
488.8306,42863,546,444,612,464,64
488.8306,42863,606,438,638,456,30
488.8545,42864,530,443,613,463,36
488.9344,42867,509,446,593,464,51
488.9591,42868,505,445,587,464,51
488.9842,42869,486,446,556,466,69
489.0099,42870,472,447,546,467,64
489.0367,42871,472,447,546,467,64
489.0614,42872,457,446,533,466,63
489.0876,42873,457,446,533,466,63
489.1136,42874,444,446,521,462,63
489.1392,42875,434,446,518,462,66
489.1659,42876,425,445,509,463,62
489.1908,42877,416,444,501,464,65
489.2166,42878,416,444,501,464,65
489.2420,42879,409,440,496,464,51
489.2681,42880,400,452,478,466,51
489.2929,42881,393,451,477,466,57
489.3188,42882,387,451,473,467,65
489.3440,42883,387,451,473,467,65
489.3692,42884,381,452,471,468,65
489.3947,42885,377,454,463,468,68
489.4231,42886,377,454,463,468,68
489.4481,42887,372,454,459,468,69
489.4738,42888,367,454,438,468,66
489.4990,42889,361,451,424,471,75
489.5266,42890,350,454,419,471,66
489.5520,42891,350,454,419,471,66
489.5772,42892,338,455,416,469,62
489.6041,42893,330,454,410,468,63
489.6308,42894,321,454,409,468,64
489.6560,42895,314,455,401,467,63
489.6817,42896,314,455,401,467,63
489.7069,42897,307,454,398,467,62
489.7351,42898,301,455,386,467,56
489.7593,42899,301,455,386,467,56
489.7851,42900,295,454,384,466,58
489.8114,42901,290,454,380,467,59
489.8360,42902,286,454,378,468,60
489.8627,42903,281,453,378,467,61
489.8877,42904,281,453,378,467,61
489.9164,42905,277,453,374,467,59
489.9419,42906,273,455,365,468,58
489.9676,42907,269,456,354,468,55
489.9922,42908,265,457,344,467,49
490.0172,42909,265,457,344,467,49
490.0441,42910,262,457,343,467,41
490.0683,42911,258,458,344,468,37
490.0948,42912,258,458,344,468,37
490.1454,42914,253,457,346,467,46
490.1716,42915,249,457,340,467,50
490.1968,42916,246,457,335,467,39
490.2221,42917,246,457,335,467,39
490.2481,42918,244,457,335,467,43
490.2744,42919,241,458,327,468,42
490.2999,42920,239,458,325,468,43
490.3256,42921,238,459,333,469,36
490.3517,42922,238,459,333,469,36
490.3783,42923,234,457,314,467,41
490.4046,42924,231,457,310,467,35
490.4327,42925,231,457,310,467,35
490.4584,42926,229,458,310,468,47
490.4828,42927,226,457,311,467,51
490.5077,42928,225,457,312,468,52
490.5331,42929,224,453,293,468,59
490.5582,42930,224,453,293,468,59
490.5843,42931,230,440,275,472,73
490.6110,42932,233,437,265,477,73
490.6354,42933,232,441,280,481,76
490.6618,42934,230,429,267,481,77
490.6877,42935,230,429,267,481,77
490.7143,42936,229,424,267,482,79
490.7395,42937,228,420,268,484,77
490.7657,42938,228,420,268,484,77
490.7921,42939,228,416,272,482,78
490.8189,42940,228,414,275,482,77
490.8439,42941,228,414,275,482,77
490.8687,42942,229,410,280,480,80
490.8962,42943,229,410,280,480,80
490.9231,42944,229,407,282,477,80
490.9498,42945,229,410,285,474,78
490.9743,42946,239,415,290,459,73
491.0006,42947,238,417,295,450,59
491.0251,42948,238,417,295,450,59
491.0524,42949,237,417,280,455,48
491.0768,42950,234,416,302,448,55
491.1044,42951,234,416,302,448,55
491.1298,42952,246,414,316,430,52
491.1298,42952,233,417,303,447,38
491.1548,42953,253,413,320,427,56
491.1809,42954,252,414,325,426,58
491.2072,42955,251,412,329,426,60
491.2318,42956,251,412,329,426,60
491.2589,42957,251,412,329,426,60
491.2846,42958,257,412,336,424,59
491.3107,42959,260,412,339,424,58
491.3358,42960,265,411,342,423,59
491.3629,42961,266,412,344,422,59
491.3873,42962,266,412,344,422,59
491.4147,42963,268,412,348,422,60
491.4379,42964,268,412,348,422,60
491.4657,42965,268,412,350,422,60
491.4928,42966,271,411,352,422,59
491.5171,42967,271,411,354,422,56
491.5427,42968,274,410,356,422,54
491.5677,42969,274,410,356,422,54
491.5936,42970,274,410,358,421,49
491.6195,42971,284,411,360,421,51
491.6462,42972,284,411,360,421,51
491.6715,42973,287,411,363,421,45
491.6988,42974,291,410,365,421,47
491.7220,42975,291,410,365,421,47
491.7487,42976,292,410,367,420,43
491.7728,42977,292,410,367,420,43
491.8000,42978,290,409,367,420,37
491.8246,42979,288,408,368,420,34
491.9292,42983,297,409,373,419,31
493.0639,43027,319,409,382,420,37
493.1144,43029,317,408,382,420,43
493.1407,43030,317,408,382,420,43
493.1680,43031,316,408,382,420,45
493.1929,43032,317,408,383,420,52
493.2183,43033,317,408,383,420,52
493.2454,43034,315,408,383,420,59
493.2717,43035,316,408,385,420,57
493.2992,43036,316,408,386,420,55
493.3230,43037,314,407,384,419,53
493.3487,43038,317,407,392,421,60
493.3740,43039,317,407,392,421,60
493.4018,43040,317,406,396,420,60
493.4261,43041,318,406,397,420,63
493.4508,43042,319,405,399,421,63
493.4760,43043,319,405,399,421,63
493.5028,43044,320,405,400,421,62
493.5296,43045,321,405,401,421,62
493.5578,43046,320,405,403,422,67
493.5828,43047,320,405,403,422,67
493.6089,43048,324,406,403,422,66
493.6351,43049,324,406,404,422,68
493.6600,43050,323,406,405,423,70
493.6855,43051,323,406,405,422,70
493.7108,43052,323,406,405,422,70
493.7377,43053,324,405,406,423,69
493.7636,43054,322,405,406,423,72
493.7885,43055,323,404,406,423,71
493.8145,43056,323,404,406,423,71
493.8408,43057,324,404,406,423,71
493.8659,43058,323,403,407,423,71
493.8912,43059,324,404,407,423,70
493.9180,43060,324,404,407,423,70
493.9454,43061,324,403,407,423,71
493.9748,43062,323,402,408,423,73
494.0000,43063,325,403,408,423,71
494.0240,43064,325,403,408,423,71
494.0499,43065,326,401,408,423,71
494.0752,43066,326,401,408,423,71
494.1018,43067,327,402,408,422,70
494.1268,43068,334,403,408,421,68
494.1531,43069,334,403,408,421,68
494.1807,43070,330,401,408,421,69
494.2057,43071,346,407,409,421,63
494.2307,43072,350,409,410,421,63
494.2573,43073,350,409,410,421,63
494.2827,43074,345,408,411,420,62
494.3083,43075,350,408,411,420,59
494.3352,43076,348,408,411,420,59
494.3588,43077,350,409,412,420,55
494.3845,43078,350,409,412,420,55
494.4106,43079,352,410,412,420,56
494.4390,43080,351,410,413,420,52
494.4643,43081,353,410,414,420,54
494.4893,43082,354,409,414,419,56
494.5155,43083,354,409,414,419,56
494.5416,43084,350,409,414,419,53
494.5651,43085,353,409,414,419,55
494.5916,43086,353,409,414,419,55
494.6182,43087,347,408,414,418,52
494.6444,43088,352,409,415,419,49
494.6692,43089,352,408,415,418,50
494.6958,43090,353,408,416,418,51
494.7207,43091,356,408,416,418,51
494.7475,43092,356,408,416,418,51
494.7727,43093,355,408,416,418,52
494.7986,43094,356,408,417,418,52
494.8229,43095,354,408,416,418,49
494.8516,43096,354,408,416,418,49
494.8754,43097,354,408,417,418,49
494.8999,43098,353,408,418,418,50
494.9282,43099,353,408,418,418,50
494.9527,43100,354,408,418,418,49
494.9776,43101,356,408,418,418,51
495.0038,43102,353,408,419,418,48
495.0293,43103,354,408,419,418,48
495.0545,43104,354,408,419,418,48
495.0828,43105,357,408,419,418,48
495.1076,43106,358,408,419,418,48
495.1359,43107,357,408,420,418,46
495.1587,43108,358,408,420,418,48
495.1851,43109,358,408,420,418,48
495.2091,43110,359,408,420,418,46
495.2354,43111,360,408,421,418,47
495.2608,43112,360,408,421,418,47
495.2888,43113,359,408,421,418,46
495.3129,43114,358,408,421,418,42
495.3389,43115,362,408,421,418,45
495.3630,43116,359,408,421,418,42
495.3896,43117,359,408,421,418,42
495.4166,43118,360,408,422,418,44
495.4428,43119,361,408,422,418,42
495.4684,43120,362,408,422,418,42
495.4944,43121,362,408,422,418,41
495.5210,43122,362,408,422,418,41
495.5459,43123,364,408,422,418,43
495.5710,43124,361,408,422,418,41
495.5978,43125,361,408,422,418,41
495.6227,43126,362,408,422,418,42
495.6497,43127,362,408,422,418,42
495.6745,43128,352,406,422,418,57
495.6995,43129,353,405,422,419,63
495.7255,43130,353,405,422,419,63
495.7529,43131,351,406,422,420,64
495.7774,43132,347,406,423,420,65
495.8018,43133,348,405,423,420,67
495.8270,43134,346,404,424,420,68
495.8552,43135,346,404,424,420,68
495.8788,43136,340,403,424,421,68
495.9048,43137,340,403,424,421,68
495.9313,43138,340,403,424,421,70
495.9578,43139,340,402,424,422,70
495.9826,43140,341,402,426,422,71
496.0074,43141,345,403,426,423,71
496.0329,43142,345,403,426,423,71
496.0594,43143,345,403,426,423,71
496.0856,43144,341,402,426,422,72
496.1127,43145,344,403,426,423,71
496.1388,43146,342,402,427,423,72
496.1639,43147,344,403,428,423,72
496.1901,43148,344,403,428,423,72
496.2156,43149,343,401,427,423,73
496.2420,43150,345,402,428,424,73
496.2688,43151,345,402,428,424,73
496.2939,43152,345,402,429,424,73
496.3193,43153,345,402,429,424,72
496.3468,43154,345,401,429,424,72
496.3708,43155,346,402,428,424,73
496.3975,43156,346,402,428,424,73
496.4226,43157,346,402,429,424,74
496.4496,43158,346,402,429,424,74
496.4750,43159,347,402,429,424,73
496.5012,43160,348,402,429,424,72
496.5269,43161,348,402,429,424,72
496.5520,43162,347,402,429,424,72
496.5762,43163,346,400,430,424,70
496.6037,43164,346,400,430,424,70
496.6327,43165,348,401,430,425,71
496.6565,43166,353,400,430,424,70
496.6812,43167,383,401,431,421,65
496.7060,43168,382,400,432,420,58
496.7333,43169,382,400,432,420,58
496.7572,43170,381,404,433,420,52
496.7841,43171,380,407,434,419,53
496.8092,43172,379,407,435,419,50
496.8349,43173,379,407,435,419,50
496.8609,43174,379,407,435,419,50
496.8863,43175,382,409,437,419,52
496.9117,43176,382,409,437,419,52
496.9406,43177,379,408,438,418,45
496.9634,43178,380,408,439,418,42
496.9887,43179,384,410,440,418,47
497.0144,43180,384,408,440,418,45
497.0413,43181,384,408,440,418,45
497.0673,43182,386,409,441,418,45
497.0934,43183,386,409,441,418,47
497.1195,43184,386,409,443,418,45
497.1462,43185,386,409,443,417,46
497.1691,43186,386,408,443,418,42
497.1970,43187,386,408,443,418,42
497.2222,43188,386,408,444,418,42
497.2480,43189,386,408,444,418,42
497.2729,43190,386,408,444,418,42
497.2993,43191,386,408,445,418,41
497.3248,43192,386,408,445,418,41
497.3510,43193,386,408,446,418,41
497.3763,43194,386,408,446,418,41
497.4030,43195,386,408,446,418,42
497.4283,43196,386,408,446,418,39
497.4538,43197,386,407,447,417,37
497.4799,43198,386,406,447,418,39
497.5059,43199,386,406,447,418,39
497.5315,43200,387,405,446,417,37
497.5569,43201,385,406,447,418,34
497.5841,43202,385,406,447,418,34
497.6093,43203,387,408,447,418,30
497.6874,43206,407,389,448,415,33
497.7128,43207,411,386,448,414,40
497.7406,43208,411,386,448,414,40
497.8165,43211,395,401,449,415,30
497.8419,43212,391,404,450,416,31
497.8681,43213,391,404,450,416,31
497.8947,43214,391,405,450,415,31
497.9190,43215,390,405,450,415,40
497.9480,43216,390,405,450,415,40
497.9723,43217,388,404,450,416,42
497.9995,43218,390,405,451,415,41
498.0246,43219,388,405,450,415,44
498.0507,43220,388,405,450,415,44
498.0766,43221,389,404,450,416,50
498.1024,43222,388,404,451,416,47
498.1278,43223,388,404,451,416,48
498.1526,43224,390,405,451,415,52
498.1785,43225,388,405,451,415,51
498.2033,43226,388,405,451,415,51
498.2286,43227,389,405,452,415,51
498.2546,43228,390,405,452,415,52
498.2817,43229,390,405,452,415,52
498.3061,43230,389,404,452,415,54
498.3316,43231,389,405,453,415,52
498.3589,43232,388,405,453,415,55
498.3838,43233,388,405,453,415,55
498.4099,43234,390,405,453,415,57
498.4369,43235,389,404,453,414,59
498.4631,43236,390,403,453,415,58
498.4873,43237,393,404,453,414,58
498.5141,43238,393,404,453,414,58
498.5394,43239,392,404,454,414,61
498.5651,43240,392,404,454,414,59
498.5918,43241,392,404,454,414,59
498.6170,43242,392,404,454,414,59
498.6444,43243,391,404,454,414,59
498.6690,43244,392,404,454,414,59
498.6955,43245,391,404,453,414,61
498.7197,43246,390,403,453,415,59
498.7470,43247,390,403,453,415,59
498.7727,43248,388,404,453,414,58
498.7987,43249,390,404,453,415,57
498.8238,43250,392,404,453,415,57
498.8487,43251,391,404,454,414,57
498.8755,43252,391,404,454,414,57
498.9013,43253,392,404,453,415,55
498.9252,43254,390,404,454,415,57
498.9518,43255,390,404,454,415,57
498.9787,43256,386,403,453,415,58
499.0039,43257,392,404,454,415,58
499.0314,43258,390,403,454,415,56
499.0559,43259,390,403,454,415,56
499.0831,43260,394,403,454,415,58
499.1079,43261,393,404,454,414,59
499.1356,43262,392,403,454,415,57
499.1594,43263,393,404,454,414,57
499.1849,43264,393,404,454,414,57
499.2120,43265,392,404,454,414,57
499.2370,43266,390,403,455,415,58
499.2628,43267,394,403,454,415,62
499.2912,43268,394,403,454,415,62
499.3151,43269,390,403,454,415,60
499.3392,43270,388,403,454,415,62
499.3652,43271,387,403,454,415,61
499.3917,43272,387,403,454,415,61
499.4181,43273,387,404,455,416,60
499.4437,43274,382,404,455,416,62
499.4695,43275,380,403,456,417,63
499.4958,43276,379,403,455,417,64
499.5216,43277,379,403,455,417,64
499.5467,43278,377,403,456,417,64
499.5728,43279,376,403,456,417,64
499.5999,43280,375,403,457,417,64
499.6238,43281,380,404,456,418,65
499.6530,43282,380,404,456,418,65
499.6758,43283,382,402,456,418,65
499.7009,43284,382,402,456,418,67
499.7280,43285,382,402,456,418,67
499.7529,43286,382,402,457,418,69
499.7788,43287,380,402,458,419,70
499.8053,43288,381,401,457,419,70
499.8297,43289,382,402,458,419,71
499.8548,43290,382,402,458,419,71
499.8821,43291,384,402,458,420,71
499.9079,43292,384,402,458,420,71
499.9329,43293,382,402,457,420,71
499.9594,43294,386,402,457,420,72
499.9848,43295,386,402,457,420,72
500.0095,43296,387,400,457,420,72
500.0352,43297,378,400,457,420,73
500.0618,43298,378,400,457,420,73
500.0883,43299,383,400,458,420,73
500.1143,43300,381,400,458,420,74
500.1392,43301,381,402,457,420,74
500.1651,43302,382,401,458,421,73
500.1891,43303,382,401,458,421,73
500.2169,43304,382,401,458,421,73
500.2421,43305,385,400,458,420,74
500.2677,43306,385,400,458,420,74
500.2943,43307,386,400,458,420,74
500.3192,43308,386,400,458,420,74
500.3474,43309,382,400,458,420,74
500.3714,43310,383,400,458,420,73
500.3976,43311,383,400,458,420,73
500.4247,43312,382,400,458,420,74
500.4495,43313,382,400,458,420,74
500.4767,43314,388,399,457,421,75
500.5029,43315,387,400,458,422,75
500.5283,43316,387,400,458,422,75
500.5544,43317,386,398,458,422,75
500.5818,43318,386,398,458,422,76
500.6048,43319,385,398,458,422,76
500.6306,43320,384,398,458,422,75
500.6569,43321,384,398,458,422,75
500.6818,43322,383,398,459,422,76
500.7060,43323,384,397,459,423,75
500.7335,43324,384,397,459,423,75
500.7608,43325,384,397,459,423,76
500.7853,43326,384,397,459,423,75
500.8097,43327,382,398,459,423,75
500.8354,43328,382,398,459,423,75
500.8620,43329,382,398,459,423,75
500.8872,43330,384,398,460,422,75
500.9139,43331,385,397,460,423,75
500.9369,43332,386,397,460,423,75
500.9638,43333,384,397,460,423,75
500.9888,43334,384,397,460,423,75
501.0155,43335,388,397,461,423,75
501.0394,43336,388,396,462,422,75
501.0667,43337,388,396,462,422,75
501.0934,43338,387,397,461,423,75
501.1180,43339,388,397,461,423,75
501.1439,43340,389,396,462,422,75
501.1719,43341,391,396,462,422,75
501.1957,43342,391,396,462,422,75
501.2214,43343,390,396,462,422,74
501.2467,43344,390,396,462,422,74
501.2732,43345,391,396,462,422,75
501.2975,43346,391,396,462,422,75
501.3238,43347,390,396,462,422,75
501.3496,43348,390,398,461,424,76
501.3756,43349,390,398,461,424,76
501.4012,43350,395,399,459,427,76
501.4276,43351,398,396,458,428,75
501.4526,43352,401,395,459,431,76
501.4780,43353,400,394,459,432,76
501.5031,43354,400,394,459,432,76
501.5299,43355,399,393,460,433,76
501.5561,43356,403,393,460,434,76
501.5824,43357,402,393,461,435,76
501.6069,43358,403,392,462,436,77
501.6330,43359,403,392,462,436,77
501.6593,43360,403,392,462,436,77
501.6847,43361,406,393,463,437,77
501.7119,43362,406,393,463,437,77
501.7370,43363,407,392,463,438,77
501.7634,43364,405,393,463,438,77
501.7893,43365,406,393,464,439,76
501.8144,43366,407,394,465,439,77
501.8416,43367,407,394,465,439,77
501.8678,43368,407,394,465,440,77
501.8939,43369,406,394,466,440,77
501.9191,43370,407,393,467,438,76
501.9439,43371,413,393,469,435,75
501.9693,43372,410,392,472,436,75
501.9958,43373,410,392,472,436,75
502.0216,43374,405,388,475,438,77
502.0459,43375,405,388,475,438,77
502.0728,43376,405,388,475,438,77
502.0975,43377,402,390,479,440,75
502.1237,43378,400,388,482,440,75
502.1509,43379,401,388,483,440,73
502.1756,43380,401,388,483,440,73
502.2012,43381,405,392,484,442,71
502.2272,43382,407,397,486,443,72
502.2523,43383,409,399,487,443,71
502.2796,43384,409,398,488,443,73
502.3064,43385,411,400,490,444,73
502.3316,43386,411,400,490,444,73
502.3572,43387,412,400,492,444,72
502.3830,43388,412,400,492,444,72
502.4099,43389,412,400,492,444,71
502.4358,43390,412,401,493,445,71
502.4617,43391,413,402,494,446,71
502.4864,43392,414,402,494,445,72
502.5140,43393,414,402,496,446,72
502.5388,43394,414,402,496,446,72
502.5646,43395,417,405,496,447,73
502.5894,43396,417,406,497,446,74
502.6159,43397,417,405,498,445,73
502.6413,43398,418,406,498,447,74
502.6663,43399,418,406,498,447,74
502.6935,43400,426,416,499,450,71
502.7187,43401,426,416,499,450,71
502.7447,43402,437,417,502,448,77
502.7722,43403,448,418,506,446,78
502.7963,43404,446,419,510,445,73
502.8222,43405,444,418,514,444,62
502.8486,43406,444,418,514,444,62
502.8756,43407,455,430,518,444,55
502.9021,43408,456,432,521,444,53
502.9273,43409,453,432,524,445,47
502.9523,43410,454,432,527,444,44
502.9791,43411,455,432,528,444,41
503.0064,43412,455,432,528,444,41
503.0822,43415,468,435,534,445,39
503.1087,43416,465,434,535,444,45
503.1346,43417,469,434,537,445,52
503.1609,43418,469,435,538,445,40
503.1851,43419,471,434,540,445,52
503.2146,43420,471,434,540,445,52
503.2394,43421,475,434,542,444,55
503.2646,43422,471,435,544,445,50
503.2907,43423,472,435,545,445,47
503.3163,43424,474,434,547,444,54
503.3418,43425,474,434,547,444,54
503.3697,43426,481,428,545,446,75
503.3950,43427,498,420,546,451,78
503.4205,43428,498,420,546,451,78
503.4471,43429,494,419,554,454,79
503.4720,43430,497,416,563,452,78
503.4985,43431,497,413,573,451,79
503.5226,43432,503,410,580,448,79
503.5494,43433,503,410,580,448,79
503.5768,43434,508,406,588,442,77
503.6018,43435,511,403,593,441,77
503.6263,43436,513,402,597,440,78
503.6520,43437,516,400,603,438,78
503.6797,43438,516,400,603,438,78
503.7049,43439,521,396,608,434,77
503.7293,43440,524,395,612,433,77
503.7559,43441,524,395,612,433,77
503.7823,43442,528,394,616,430,75
503.8070,43443,532,391,620,429,76
503.8322,43444,539,389,625,425,74
503.8571,43445,539,389,625,425,74
503.8835,43446,543,388,628,424,75
503.9099,43447,574,391,630,417,67
503.9369,43448,585,390,643,409,70
503.9620,43449,588,393,656,411,71
503.9876,43450,600,392,667,417,76
504.0132,43451,600,392,667,417,76
504.0391,43452,612,390,677,420,74
504.0639,43453,614,391,686,421,74
504.0916,43454,614,391,686,421,74
504.1192,43455,614,390,693,423,72
504.1446,43456,621,392,701,424,70
504.1680,43457,622,390,708,425,72
504.1934,43458,630,394,714,426,73
504.2197,43459,630,394,714,426,73
504.2472,43460,636,400,720,428,71
504.2734,43461,653,408,725,428,68
504.2988,43462,675,407,727,429,71
504.3232,43463,685,401,733,435,77
504.3495,43464,685,401,733,435,77
504.3764,43465,694,398,746,436,77
504.3999,43466,683,391,756,438,76
504.4273,43467,683,391,756,438,76
504.4531,43468,691,385,765,427,76
504.4807,43469,699,381,773,425,75
504.5056,43470,713,369,769,419,67
504.5319,43471,743,366,771,406,75
504.5573,43472,743,366,771,406,75
504.5838,43473,732,366,776,402,78
504.6096,43474,724,364,779,398,71
504.6340,43475,717,360,779,386,69
504.6578,43476,717,360,779,386,69
504.6870,43477,710,363,774,395,66
504.7127,43478,703,360,761,384,63
504.7374,43479,691,361,755,381,66
504.7630,43480,691,361,755,381,66
504.7881,43481,682,364,744,385,63
504.8132,43482,671,362,735,390,72
504.8386,43483,671,362,735,390,72
504.8656,43484,671,362,735,390,72
504.8912,43485,649,372,717,396,71
504.9165,43486,640,370,710,398,75
504.9429,43487,626,371,690,396,52
504.9680,43488,611,384,683,402,65
504.9937,43489,599,382,679,404,72
505.0195,43490,599,382,679,404,72
505.0457,43491,588,380,676,406,74
505.0717,43492,579,380,671,408,75
505.0966,43493,570,378,664,408,74
505.1222,43494,570,378,664,408,74
505.1469,43495,562,380,654,409,73
505.1739,43496,554,387,615,411,72
505.1992,43497,554,387,615,411,72
505.2258,43498,535,392,603,410,70
505.2523,43499,535,392,603,410,70
505.2788,43500,507,387,591,401,60
505.3031,43501,494,386,569,401,39
505.3300,43502,494,386,569,401,39
505.5117,43509,444,383,529,397,50
505.5360,43510,444,383,529,397,50
505.5625,43511,436,379,497,404,72
505.5892,43512,422,378,492,402,75
505.6154,43513,409,378,490,406,68
505.6391,43514,409,378,490,406,68
505.6663,43515,409,378,490,406,68
505.6923,43516,383,386,473,412,75
505.7188,43517,381,385,468,413,79
505.7447,43518,372,384,460,414,75
505.7693,43519,363,386,455,416,70
505.7968,43520,363,386,455,416,70
505.8216,43521,355,390,449,416,70
505.8481,43522,348,392,443,418,62
505.8739,43523,348,392,443,418,62
505.9007,43524,341,397,433,419,55
505.9249,43525,335,401,423,419,53
505.9514,43526,330,402,423,420,60
505.9759,43527,328,403,378,429,71
506.0011,43528,317,399,373,433,79
506.0267,43529,317,399,373,433,79
506.0538,43530,317,399,373,433,79
506.0808,43531,291,400,373,438,70
506.1058,43532,281,410,364,442,73
506.1316,43533,281,410,364,442,73
506.1566,43534,272,417,359,444,74
506.1819,43535,264,420,353,446,79
506.2065,43536,264,420,353,446,79
506.2328,43537,256,424,341,448,78
506.2593,43538,250,425,326,451,77
506.2843,43539,244,426,323,452,73
506.3107,43540,238,426,326,454,73
506.3355,43541,238,426,326,454,73
506.3630,43542,233,426,321,456,74
506.3894,43543,228,427,318,457,76
506.4165,43544,223,426,311,458,76
506.4409,43545,220,426,308,460,73
506.4666,43546,220,426,308,460,73
506.4919,43547,220,426,308,460,73
506.5170,43548,209,428,301,462,74
506.5437,43549,209,428,301,462,74
506.5693,43550,209,428,298,466,75
506.5971,43551,217,438,252,480,71
506.6208,43552,218,434,243,492,49
506.6208,43552,221,433,268,462,36
507.4236,43583,219,520,234,581,35
507.4463,43584,214,529,241,575,77
507.4733,43585,214,529,241,575,77
507.4981,43586,209,543,240,571,72
507.4981,43586,181,539,192,573,37
507.5243,43587,206,548,240,570,60
507.5243,43587,181,546,193,576,43
507.5243,43587,205,524,236,558,31
507.5498,43588,206,548,240,570,60
507.5498,43588,181,546,193,576,43
507.5498,43588,205,524,236,558,31
507.5748,43589,206,553,242,571,56
507.5748,43589,180,550,192,578,50
507.5748,43589,255,564,282,576,34
507.6005,43590,205,539,241,571,62
507.6005,43590,255,567,288,579,48
507.6005,43590,180,544,190,578,43
507.6258,43591,204,535,240,571,53
507.6258,43591,255,567,291,579,46
507.6258,43591,180,542,190,578,39
507.6508,43592,202,533,229,565,41
507.6508,43592,180,541,190,577,30
507.6780,43593,202,533,229,565,41
507.6780,43593,180,541,190,577,30
507.7037,43594,259,556,293,584,56
507.7037,43594,215,548,243,578,53
507.7037,43594,307,553,324,581,31
507.7306,43595,222,546,243,572,45
507.7306,43595,264,549,286,587,34
508.0386,43607,245,489,299,593,34
508.0645,43608,245,493,295,599,38
508.1669,43612,244,485,297,587,33
508.2468,43615,246,494,264,520,50
508.2726,43616,246,487,273,520,77
508.2977,43617,247,480,277,520,80
508.3227,43618,248,474,280,520,80
508.3492,43619,248,474,280,520,80
508.3756,43620,246,467,284,521,79
508.4018,43621,247,463,287,519,80
508.4288,43622,250,458,290,518,79
508.4546,43623,252,454,291,516,79
508.4807,43624,252,454,291,516,79
508.5068,43625,247,450,294,520,79
508.5323,43626,248,446,295,518,78
508.5573,43627,248,446,295,518,78
508.5855,43628,249,443,298,515,79
508.6109,43629,251,440,299,514,80
508.6361,43630,252,438,300,513,80
508.6627,43631,266,445,309,501,71
508.6878,43632,266,445,309,501,71
508.7162,43633,266,447,320,485,74
508.7406,43634,266,443,329,479,72
508.7673,43635,264,441,338,477,73
508.7921,43636,266,438,344,474,75
508.8172,43637,266,438,344,474,75
508.8438,43638,270,437,350,471,77
508.8694,43639,273,436,355,470,78
508.8951,43640,273,436,355,470,78
508.9199,43641,277,434,359,466,79
508.9473,43642,282,433,364,463,79
508.9734,43643,284,432,368,462,78
508.9966,43644,286,430,371,462,78
509.0239,43645,286,430,371,462,78
509.0492,43646,289,429,375,460,77
509.0759,43647,292,428,379,458,76
509.1007,43648,297,427,381,457,76
509.1260,43649,299,426,384,457,76
509.1517,43650,299,426,384,457,76
509.1779,43651,302,426,386,456,76
509.2038,43652,306,425,388,455,74
509.2307,43653,306,425,388,455,74
509.2559,43654,307,424,390,456,75
509.2827,43655,309,423,392,455,75
509.3057,43656,312,423,394,455,74
509.3323,43657,318,422,398,454,75
509.3581,43658,318,422,398,454,75
509.3852,43659,322,422,399,454,75
509.4105,43660,348,424,403,450,72
509.4358,43661,355,423,414,448,78
509.4621,43662,361,426,425,450,78
509.4878,43663,361,426,425,450,78
509.5139,43664,357,430,435,454,77
509.5400,43665,366,432,443,456,78
509.5652,43666,366,432,443,456,78
509.5921,43667,371,431,451,459,78
509.6175,43668,376,432,457,462,78
509.6428,43669,376,432,457,462,78
509.6680,43670,384,433,470,465,76
509.6930,43671,384,433,470,465,76
509.7207,43672,387,434,476,466,75
509.7470,43673,393,436,480,468,73
509.7718,43674,402,440,484,470,73
509.7979,43675,410,444,490,472,74
509.8244,43676,410,444,490,472,74
509.8512,43677,416,446,494,474,73
509.8774,43678,420,446,498,474,74
509.9020,43679,420,446,498,474,74
509.9290,43680,447,450,501,474,75
509.9558,43681,460,444,505,476,76
509.9820,43682,460,443,516,479,79
510.0079,43683,458,437,526,477,79
510.0329,43684,458,437,526,477,79
510.0589,43685,458,437,526,477,79
510.0845,43686,469,426,543,468,79
510.1106,43687,475,424,549,470,79
510.1345,43688,481,421,556,469,80
510.1607,43689,481,421,556,469,80
510.1882,43690,487,418,562,466,79
510.2135,43691,498,419,567,457,69
510.2393,43692,498,419,567,457,69
510.2653,43693,521,421,585,434,47
510.2909,43694,526,419,603,433,49
510.3162,43695,533,419,618,435,62
510.3412,43696,550,418,630,435,67
510.3668,43697,550,418,630,435,67
510.3955,43698,564,418,642,435,72
510.4186,43699,571,418,651,436,73
510.4463,43700,571,418,651,436,73
510.4706,43701,582,418,668,438,71
510.4967,43702,582,418,668,438,71
510.5236,43703,589,419,675,439,68
510.5482,43704,591,417,681,439,70
510.5728,43705,596,418,686,440,68
510.5981,43706,596,418,686,440,68
510.6244,43707,640,421,684,453,68
510.6490,43708,656,418,684,454,69
510.6754,43709,642,417,688,454,74
510.7008,43710,642,417,688,454,74
510.7292,43711,629,429,690,457,69
510.7526,43712,620,438,686,460,67
510.7778,43713,612,442,682,462,64
510.8033,43714,606,434,686,463,73
510.8310,43715,606,434,686,463,73
510.8559,43716,606,434,686,463,73
510.8829,43717,593,441,683,467,69
510.9086,43718,588,442,680,468,68
510.9330,43719,588,442,680,468,68
510.9581,43720,582,446,676,469,66
510.9837,43721,577,452,669,470,68
511.0082,43722,572,458,654,472,65
511.0343,43723,572,458,654,472,65
511.0609,43724,568,458,650,472,66
511.0848,43725,564,460,634,472,65
511.1113,43726,560,461,628,473,64
511.1363,43727,560,461,628,473,64
511.1646,43728,557,461,620,473,65
511.1910,43729,554,461,616,474,65
511.2160,43730,550,462,612,474,59
511.2408,43731,550,462,612,474,59
511.2674,43732,550,462,612,474,59
511.2927,43733,544,462,606,475,59
511.3190,43734,541,462,603,475,57
511.3450,43735,541,462,603,475,57
511.3716,43736,538,463,602,475,59
511.3971,43737,535,464,599,476,59
511.4221,43738,533,464,597,476,62
511.4481,43739,530,464,596,476,60
511.4728,43740,530,464,596,476,60
511.5008,43741,528,464,592,476,60
511.5259,43742,526,463,589,477,63
511.5517,43743,524,464,582,477,61
511.5765,43744,521,465,581,477,66
511.6017,43745,521,465,581,477,66
511.6279,43746,519,464,579,478,66
511.6532,43747,517,465,579,477,65
511.6784,43748,517,465,579,477,65
511.7050,43749,514,465,576,478,66
511.7308,43750,512,466,572,478,66
511.7582,43751,511,466,571,478,67
511.7817,43752,509,466,569,478,67
511.8086,43753,509,466,569,478,67
511.8366,43754,508,466,568,478,68
511.8615,43755,506,466,565,478,67
511.8871,43756,504,467,564,479,69
511.9121,43757,502,467,562,479,68
511.9377,43758,502,467,562,479,68
511.9638,43759,501,467,562,478,67
511.9877,43760,500,468,559,478,67
512.0131,43761,500,468,559,478,67
512.0408,43762,499,468,559,478,65
512.0688,43763,498,468,557,478,63
512.0940,43764,496,468,555,479,61
512.1197,43765,496,468,554,479,63
512.1457,43766,494,468,552,479,59
512.1708,43767,494,468,552,479,59
512.1987,43768,494,468,551,478,55
512.2245,43769,493,468,550,479,54
512.2494,43770,491,469,548,479,58
512.2748,43771,490,468,547,480,57
512.3005,43772,490,468,547,480,57
512.3252,43773,489,469,547,479,55
512.3507,43774,489,469,547,479,55
512.3788,43775,487,469,547,479,57
512.4029,43776,486,469,545,479,58
512.4292,43777,485,470,543,480,55
512.4551,43778,484,470,543,480,54
512.4551,43778,558,462,587,472,30
512.4807,43779,484,470,543,480,54
512.4807,43779,558,462,587,472,30
512.5067,43780,484,470,542,480,52
512.5317,43781,482,470,542,480,49
512.5576,43782,481,470,541,480,48
512.5841,43783,480,470,540,480,49
512.6087,43784,480,470,540,480,49
512.6348,43785,480,470,540,480,49
512.6597,43786,479,470,540,480,48
512.6865,43787,479,470,540,480,48
512.7127,43788,478,470,541,480,48
512.7393,43789,478,470,537,480,49
512.7637,43790,478,470,539,480,47
512.7884,43791,477,470,537,480,47
512.8156,43792,477,470,537,480,47
512.8416,43793,476,470,538,480,49
512.8692,43794,476,470,536,480,46
512.8950,43795,476,471,534,481,49
512.9200,43796,475,472,532,482,51
512.9464,43797,474,472,532,482,54
512.9709,43798,474,472,532,482,54
512.9972,43799,473,472,533,482,51
513.0230,43800,473,472,533,482,51
513.0494,43801,473,472,532,482,53
513.0753,43802,472,472,531,482,51
513.1009,43803,472,472,529,482,51
513.1260,43804,471,472,530,482,51
513.1518,43805,471,472,530,482,51
513.1787,43806,471,472,530,482,56
513.2054,43807,470,472,529,482,58
513.2316,43808,470,472,529,482,59
513.2560,43809,470,472,529,482,58
513.2817,43810,469,472,528,482,60
513.3064,43811,469,472,528,482,60
513.3330,43812,468,472,528,482,59
513.3594,43813,468,472,528,482,59
513.3855,43814,468,472,526,482,57
513.4108,43815,468,473,526,483,59
513.4370,43816,468,473,525,483,60
513.4628,43817,467,473,526,483,59
513.4891,43818,467,473,526,483,59
513.5148,43819,467,473,524,483,60
513.5412,43820,466,474,524,484,60
513.5680,43821,466,473,524,483,59
513.5919,43822,466,473,524,483,59
513.6182,43823,465,474,523,484,58
513.6447,43824,465,474,523,484,58
513.6689,43825,465,474,522,484,59
513.6953,43826,465,474,522,484,59
513.7207,43827,465,474,522,484,59
513.7459,43828,464,474,522,484,60
513.7714,43829,464,474,522,484,60
513.7960,43830,464,474,522,484,58
513.8216,43831,464,474,522,484,58
513.8492,43832,464,474,521,484,58
513.8750,43833,464,474,521,484,56
513.9007,43834,463,474,521,484,54
513.9260,43835,462,474,520,484,55
513.9523,43836,462,474,520,484,55
513.9796,43837,462,474,519,484,59
514.0046,43838,462,474,519,484,55
514.0299,43839,462,474,519,484,55
514.0568,43840,462,474,518,484,56
514.0833,43841,462,474,518,484,55
514.1087,43842,461,474,518,484,58
514.1348,43843,461,474,517,484,58
514.1594,43844,461,474,517,484,58
514.1863,43845,461,474,517,484,59
514.2125,43846,461,474,517,484,59
514.2369,43847,460,474,517,484,59
514.2641,43848,460,474,516,484,57
514.2887,43849,460,474,516,484,57
514.3169,43850,460,474,516,484,60
514.3429,43851,460,474,516,484,63
514.3678,43852,460,474,516,484,63
514.3952,43853,460,474,516,484,61
514.4212,43854,460,474,516,484,62
514.4477,43855,460,474,516,484,62
514.4729,43856,460,475,516,485,60
514.4997,43857,459,474,516,484,60
514.5255,43858,459,474,516,484,60
514.5517,43859,459,475,516,485,60
514.5772,43860,459,474,517,484,59
514.6031,43861,459,475,516,485,60
514.6295,43862,459,475,516,485,61
514.6535,43863,459,475,516,485,61
514.6798,43864,459,475,516,485,59
514.7055,43865,459,475,517,485,60
514.7326,43866,459,475,517,485,60
514.7571,43867,458,475,517,485,58
514.7825,43868,458,475,517,485,59
514.8075,43869,459,475,516,485,59
514.8337,43870,459,475,516,485,59
514.8598,43871,459,475,516,485,59
514.8854,43872,458,475,516,485,60
514.9128,43873,459,475,517,485,58
514.9371,43874,459,475,517,485,58
514.9628,43875,458,475,516,485,56
514.9875,43876,458,475,516,485,56
515.0146,43877,458,475,516,485,58
515.0400,43878,458,475,516,485,58
515.0691,43879,458,475,517,485,59
515.0930,43880,458,475,517,485,59
515.1180,43881,458,475,517,485,57
515.1432,43882,458,475,516,485,56
515.1693,43883,458,475,516,485,56
515.1950,43884,458,475,517,485,57
515.2211,43885,458,475,516,485,53
515.2469,43886,458,475,516,485,53
515.2717,43887,458,475,517,484,57
515.2979,43888,458,475,517,484,57
515.3238,43889,458,475,517,485,56
515.3499,43890,458,475,517,485,57
515.3750,43891,458,475,517,485,57
515.4030,43892,458,475,516,484,49
515.4280,43893,458,475,517,484,55
515.4540,43894,458,475,516,484,55
515.4809,43895,458,475,516,484,51
515.5066,43896,458,475,514,484,46
515.5329,43897,458,475,514,484,46
515.5578,43898,458,475,516,484,52
515.5853,43899,459,475,516,484,53
515.6100,43900,458,475,515,484,52
515.6351,43901,458,475,515,484,52
515.6608,43902,458,475,515,484,52
515.6886,43903,458,475,517,484,53
515.7131,43904,458,475,516,484,52
515.7407,43905,458,475,516,484,52
515.7667,43906,458,474,517,484,55
515.7933,43907,458,475,516,484,50
515.8181,43908,458,475,516,483,48
515.8427,43909,458,474,516,484,53
515.8685,43910,458,474,516,484,53
515.8962,43911,458,474,516,484,49
515.9209,43912,458,474,517,484,49
515.9465,43913,458,474,517,484,51
515.9706,43914,458,474,517,484,49
515.9969,43915,458,474,517,484,49
516.0237,43916,458,474,517,484,52
516.0498,43917,458,474,517,484,52
516.0750,43918,458,474,517,484,52
516.1012,43919,458,475,517,483,48
516.1270,43920,458,475,516,483,50
516.1518,43921,458,475,517,483,47
516.1780,43922,458,475,516,483,49
516.2040,43923,458,475,516,483,49
516.2312,43924,458,475,517,483,52
516.2581,43925,458,475,516,483,51
516.2821,43926,458,474,516,483,50
516.3074,43927,458,474,516,483,46
516.3322,43928,458,474,516,483,46
516.3596,43929,458,474,516,482,50
516.3842,43930,458,474,516,482,49
516.4104,43931,458,474,516,482,49
516.4360,43932,458,474,516,482,47
516.4626,43933,459,474,515,482,46
516.4872,43934,459,474,517,482,47
516.5139,43935,458,474,516,482,41
516.5406,43936,458,474,516,482,41
516.5651,43937,458,474,516,482,46
516.5918,43938,459,474,516,482,51
516.6162,43939,458,474,516,482,47
516.6422,43940,458,474,516,482,47
516.6677,43941,458,474,516,482,47
516.6936,43942,458,474,517,482,50
516.7189,43943,458,474,517,482,51
516.7453,43944,458,474,517,482,51
516.7722,43945,458,474,516,482,50
516.7961,43946,458,474,516,482,51
516.8241,43947,458,474,517,482,46
516.8478,43948,458,474,517,482,46
516.8752,43949,459,474,517,482,46
516.9009,43950,458,474,516,482,50
516.9279,43951,458,473,517,482,50
516.9528,43952,459,474,517,482,48
516.9791,43953,459,474,517,482,48
517.0046,43954,459,473,517,482,49
517.0326,43955,458,473,517,482,51
517.0575,43956,458,473,516,481,50
517.0836,43957,458,473,516,481,50
517.1086,43958,458,473,517,481,50
517.1333,43959,459,473,517,482,54
517.1606,43960,459,473,516,481,46
517.1852,43961,459,472,517,482,48
517.2111,43962,459,472,517,482,48
517.2371,43963,459,473,517,481,46
517.2630,43964,458,472,518,482,37
517.2873,43965,459,472,516,482,45
517.3133,43966,458,473,516,481,42
517.3395,43967,458,473,516,481,42
517.3660,43968,458,472,517,481,40
517.3938,43969,458,472,517,481,41
517.4165,43970,459,472,516,481,42
517.4426,43971,459,472,516,481,42
517.4688,43972,458,472,517,481,42
517.4944,43973,458,471,516,481,39
517.5198,43974,458,471,516,481,39
517.5462,43975,458,471,517,481,38
517.5719,43976,459,470,518,480,36
517.5971,43977,459,470,517,480,40
517.6228,43978,459,470,517,480,46
517.6483,43979,459,470,517,480,46
517.6754,43980,458,470,517,480,47
517.7005,43981,459,470,517,480,49
517.7261,43982,459,470,518,480,49
517.7506,43983,459,470,517,480,53
517.7783,43984,459,470,517,480,53
517.8027,43985,459,470,518,480,56
517.8289,43986,459,470,517,480,54
517.8540,43987,459,470,517,480,54
517.8793,43988,460,470,520,480,57
517.9058,43989,458,469,518,480,57
517.9306,43990,459,469,517,480,58
517.9575,43991,459,469,517,480,57
517.9828,43992,459,469,517,480,57
518.0092,43993,459,469,518,480,58
518.0358,43994,459,468,517,480,58
518.0610,43995,459,468,518,480,59
518.0860,43996,459,468,519,480,59
518.1123,43997,459,468,519,480,59
518.1363,43998,459,468,518,480,61
518.1622,43999,458,468,518,480,61
518.1886,44000,458,468,518,480,61
518.2161,44001,459,468,519,480,61
518.2412,44002,459,468,520,480,61
518.2666,44003,459,468,519,480,63
518.2925,44004,460,468,520,480,62
518.3184,44005,460,468,520,480,62
518.3430,44006,459,468,522,480,62
518.3698,44007,459,468,519,480,62
518.3954,44008,459,467,519,479,62
518.4213,44009,459,468,520,480,62
518.4467,44010,459,468,520,480,62
518.4719,44011,459,467,522,479,61
518.4982,44012,459,467,522,479,61
518.5239,44013,460,468,522,480,61
518.5494,44014,460,467,521,479,62
518.5764,44015,460,468,522,480,64
518.6028,44016,460,467,521,479,62
518.6282,44017,460,467,522,479,61
518.6532,44018,460,467,522,479,61
518.6811,44019,459,467,523,479,62
518.7069,44020,460,467,522,479,60
518.7334,44021,460,467,522,479,62
518.7595,44022,460,467,524,479,61
518.7850,44023,460,467,524,479,61
518.8092,44024,460,467,524,479,61
518.8354,44025,459,467,522,479,61
518.8617,44026,459,467,522,479,61
518.8882,44027,460,467,524,479,60
518.9137,44028,460,467,524,479,60
518.9400,44029,460,467,524,479,61
518.9654,44030,459,467,524,479,62
518.9916,44031,459,467,524,479,62
519.0178,44032,460,467,526,479,62
519.0427,44033,460,467,526,479,61
519.0678,44034,460,466,524,479,60
519.0929,44035,460,466,523,478,59
519.1194,44036,460,466,523,478,59
519.1451,44037,460,466,526,480,63
519.1705,44038,460,466,526,480,62
519.1957,44039,460,466,526,480,62
519.2245,44040,460,467,524,479,63
519.2489,44041,460,467,524,479,63
519.2751,44042,460,467,524,479,64
519.3020,44043,460,467,524,479,63
519.3274,44044,460,467,524,479,63
519.3530,44045,460,467,524,479,64
519.3790,44046,460,466,526,479,65
519.4030,44047,460,466,527,480,61
519.4284,44048,460,466,526,480,60
519.4543,44049,460,466,526,480,60
519.4799,44050,460,466,526,480,64
519.5073,44051,460,466,526,480,62
519.5331,44052,460,466,526,480,62
519.5588,44053,460,466,525,478,60
519.5861,44054,460,466,528,480,60
519.6091,44055,460,466,526,479,62
519.6351,44056,460,466,526,479,62
519.6616,44057,460,466,526,479,62
519.6880,44058,460,466,526,480,59
519.7144,44059,460,466,526,480,60
519.7395,44060,459,466,526,478,60
519.7655,44061,460,466,530,480,59
519.7930,44062,460,466,530,480,59
519.8173,44063,460,466,530,480,60
519.8443,44064,460,466,532,480,58
519.8695,44065,460,466,532,480,58
519.8967,44066,459,465,529,479,59
519.9218,44067,460,466,529,480,61
519.9477,44068,460,466,532,480,60
519.9721,44069,460,466,532,480,60
519.9986,44070,460,466,532,480,60
520.0252,44071,460,465,526,479,59
520.0513,44072,459,465,528,479,58
520.0773,44073,460,464,530,480,59
520.1027,44074,460,465,531,481,59
520.1279,44075,460,465,530,480,59
520.1536,44076,460,465,530,480,59
520.1791,44077,460,464,530,480,61
520.2052,44078,460,464,530,480,61
520.2331,44079,460,464,530,480,59
520.2575,44080,460,464,529,480,61
520.2829,44081,460,464,530,480,58
520.3088,44082,460,464,530,480,60
520.3348,44083,460,464,530,480,60
520.3614,44084,460,464,534,480,58
520.3860,44085,460,464,530,480,60
520.4129,44086,460,464,532,480,59
520.4380,44087,460,464,532,480,59
520.4648,44088,460,464,532,480,59
520.4890,44089,460,464,532,480,60
520.5164,44090,460,464,528,480,60
520.5413,44091,460,464,528,480,60
520.5672,44092,460,464,527,480,62
520.5941,44093,460,464,526,479,59
520.6192,44094,459,464,529,480,59
520.6444,44095,460,464,531,480,60
520.6711,44096,460,464,531,480,60
520.6972,44097,460,464,533,480,60
520.7237,44098,460,464,530,480,60
520.7485,44099,459,464,528,480,59
520.7738,44100,460,464,529,480,62
520.7997,44101,460,464,529,480,62
520.8256,44102,460,464,530,480,57
520.8518,44103,460,464,530,480,57
520.8777,44104,460,464,530,480,57
520.9040,44105,460,464,528,480,58
520.9298,44106,460,464,529,480,59
520.9552,44107,460,463,536,481,58
520.9808,44108,460,464,532,480,59
521.0057,44109,460,464,532,480,59
521.0329,44110,460,464,528,480,63
521.0581,44111,460,463,530,480,57
521.0830,44112,460,464,532,480,60
521.1081,44113,460,464,531,480,61
521.1349,44114,460,464,531,480,61
521.1606,44115,460,464,531,480,59
521.1857,44116,459,462,530,480,59
521.2128,44117,459,462,530,480,59
521.2381,44118,460,463,533,481,60
521.2672,44119,459,462,528,480,63
521.2907,44120,460,462,527,480,62
521.3158,44121,460,462,526,480,63
521.3426,44122,460,462,526,480,63
521.3691,44123,460,462,529,480,60
521.3938,44124,459,462,527,480,65
521.4206,44125,459,462,526,480,66
521.4450,44126,459,462,530,480,62
521.4723,44127,459,462,530,480,62
521.4978,44128,459,462,527,480,63
521.5226,44129,459,462,527,480,63
521.5491,44130,459,462,527,480,63
521.5756,44131,459,462,526,480,62
521.6008,44132,459,462,528,480,66
521.6251,44133,459,462,525,480,65
521.6510,44134,459,462,526,480,66
521.6766,44135,459,462,526,480,66
521.7037,44136,459,462,526,480,66
521.7298,44137,459,462,525,480,67
521.7551,44138,460,462,528,480,65
521.7816,44139,459,462,526,480,68
521.8075,44140,459,462,526,480,68
521.8318,44141,460,462,526,480,66
521.8582,44142,459,462,527,480,67
521.8857,44143,459,462,527,480,67
521.9107,44144,459,462,528,480,66
521.9363,44145,459,462,525,479,68
521.9629,44146,459,462,525,480,67
521.9861,44147,459,462,524,480,68
522.0133,44148,459,462,524,480,68
522.0395,44149,460,462,526,480,66
522.0648,44150,460,462,528,480,67
522.0892,44151,460,462,528,480,67
522.1158,44152,459,462,526,480,67
522.1405,44153,459,462,526,480,67
522.1692,44154,459,462,526,480,67
522.1928,44155,460,462,526,480,67
522.2183,44156,460,462,526,480,67
522.2442,44157,460,462,526,480,67
522.2698,44158,460,462,522,479,69
522.2986,44159,460,462,526,480,68
522.3212,44160,460,462,526,480,68
522.3469,44161,460,462,526,480,68
522.3736,44162,459,462,525,480,69
522.4015,44163,459,462,526,480,68
522.4273,44164,460,462,526,480,68
522.4508,44165,460,462,527,480,68
522.4776,44166,460,462,527,480,68
522.5031,44167,460,461,525,479,68
522.5289,44168,460,462,525,480,68
522.5556,44169,460,462,525,480,68
522.5817,44170,459,462,526,480,69
522.6064,44171,459,462,524,480,69
522.6329,44172,459,462,527,480,69
522.6590,44173,459,462,525,480,70
522.6852,44174,459,462,525,480,70
522.7106,44175,459,462,526,480,69
522.7363,44176,459,462,525,480,69
522.7636,44177,459,462,527,480,68
522.7870,44178,459,462,526,480,68
522.8138,44179,459,462,526,480,68
522.8398,44180,459,462,526,480,69
522.8669,44181,459,462,527,480,68
522.8919,44182,459,462,529,480,66
522.9169,44183,459,462,529,480,66
522.9428,44184,460,462,523,480,69
522.9685,44185,460,462,522,480,69
522.9939,44186,459,462,523,480,70
523.0200,44187,459,462,523,480,70
523.0457,44188,460,461,523,479,69
523.0728,44189,459,461,525,479,69
523.0975,44190,459,461,524,479,70
523.1230,44191,459,462,525,480,69
523.1493,44192,459,462,525,480,69
523.1764,44193,459,461,527,479,69
523.2024,44194,459,462,524,480,69
523.2286,44195,459,462,525,480,68
523.2535,44196,459,462,525,480,68
523.2824,44197,459,462,526,480,69
523.3052,44198,459,461,525,479,68
523.3316,44199,460,462,525,480,69
523.3573,44200,460,462,525,480,69
523.3849,44201,460,461,524,479,69
523.4105,44202,460,461,524,479,69
523.4350,44203,460,462,526,480,69
523.4607,44204,460,462,524,480,69
523.4860,44205,460,462,524,480,69
523.5128,44206,460,462,527,480,69
523.5390,44207,459,461,524,479,69
523.5641,44208,460,462,525,480,69
523.5900,44209,460,462,525,480,69
523.6171,44210,460,462,524,480,69
523.6407,44211,460,461,524,479,70
523.6663,44212,460,462,524,480,69
523.6921,44213,460,462,524,480,69
523.7173,44214,459,462,527,480,69
523.7436,44215,459,462,526,480,68
523.7694,44216,460,462,526,480,69
523.7954,44217,460,462,524,480,70
523.8192,44218,460,462,524,480,70
523.8472,44219,460,461,522,479,70
523.8729,44220,459,461,526,479,70
523.8978,44221,460,462,526,480,70
523.9255,44222,460,462,526,480,70
523.9520,44223,460,461,528,479,69
523.9759,44224,460,462,527,480,69
524.0012,44225,460,461,524,479,70
524.0285,44226,460,461,524,479,70
524.0528,44227,460,461,524,479,70
524.0806,44228,460,461,525,479,70
524.1047,44229,460,462,528,480,69
524.1308,44230,460,462,525,480,70
524.1567,44231,460,462,525,480,70
524.1823,44232,460,462,525,480,69
524.2083,44233,460,462,529,480,68
524.2330,44234,459,461,528,479,70
524.2580,44235,459,461,528,479,70
524.2855,44236,460,461,528,480,69
524.3111,44237,460,461,528,479,68
524.3357,44238,460,461,528,479,68
524.3629,44239,460,461,526,479,69
524.3873,44240,460,461,526,479,69
524.4145,44241,460,461,526,479,69
524.4397,44242,460,461,526,479,69
524.4661,44243,460,461,526,479,69
524.4938,44244,460,461,528,479,69
524.5191,44245,460,461,528,479,70
524.5455,44246,460,461,526,479,70
524.5706,44247,460,461,530,480,68
524.5961,44248,460,461,530,480,69
524.6220,44249,460,461,530,480,69
524.6469,44250,460,461,527,479,70
524.6738,44251,460,461,527,479,70
524.6995,44252,460,461,528,479,69
524.7258,44253,460,461,529,479,70
524.7529,44254,460,461,526,479,70
524.7773,44255,460,460,528,480,70
524.8022,44256,460,460,530,480,69
524.8283,44257,460,460,530,480,69
524.8558,44258,460,460,530,480,69
524.8810,44259,460,461,525,479,71
524.9066,44260,460,461,530,480,69
524.9319,44261,460,460,529,480,69
524.9587,44262,460,460,529,480,69
524.9840,44263,460,460,528,480,70
525.0108,44264,459,460,528,480,70
525.0365,44265,459,460,528,480,70
525.0632,44266,460,461,527,479,70
525.0900,44267,460,460,527,480,70
525.1151,44268,460,460,529,480,70
525.1396,44269,460,460,528,480,69
525.1655,44270,460,460,528,480,69
525.1923,44271,460,460,529,480,70
525.2184,44272,460,460,528,480,71
525.2440,44273,460,460,528,480,71
525.2688,44274,460,460,529,480,70
525.2976,44275,460,460,529,480,70
525.3231,44276,460,460,528,480,70
525.3490,44277,460,460,528,480,70
525.3739,44278,460,460,529,480,70
525.3997,44279,460,460,528,480,70
525.4262,44280,460,460,528,480,70
525.4508,44281,460,460,526,480,72
525.4768,44282,460,460,524,480,72
525.5021,44283,460,460,524,480,72
525.5287,44284,460,459,524,479,73
525.5542,44285,459,459,522,479,74
525.5797,44286,459,458,524,480,74
525.6050,44287,459,458,522,480,74
525.6317,44288,459,458,522,480,74
525.6571,44289,459,458,522,480,74
525.6828,44290,460,458,522,480,74
525.7079,44291,460,458,522,480,74
525.7352,44292,460,458,521,480,75
525.7619,44293,460,459,521,481,74
525.7864,44294,459,458,520,480,75
525.8116,44295,459,458,520,480,75
525.8382,44296,459,458,520,480,75
525.8650,44297,459,458,519,480,76
525.8889,44298,459,459,520,481,76
525.9159,44299,459,458,520,480,76
525.9431,44300,459,458,518,480,76
525.9676,44301,459,458,518,480,76
525.9926,44302,459,458,519,480,76
526.0192,44303,459,458,520,481,76
526.0456,44304,459,458,520,481,76
526.0727,44305,459,458,519,480,76
526.0979,44306,459,458,519,480,76
526.1233,44307,460,458,519,480,76
526.1512,44308,459,458,520,480,76
526.1770,44309,459,458,520,480,76
526.2027,44310,459,458,519,480,77
526.2293,44311,459,458,520,480,76
526.2542,44312,459,458,519,480,76
526.2808,44313,459,458,519,480,76
526.3057,44314,459,458,519,480,76
526.3320,44315,459,458,520,480,76
526.3570,44316,459,458,519,480,76
526.3827,44317,459,458,519,480,76
526.4094,44318,459,458,521,480,75
526.4359,44319,459,458,520,480,76
526.4617,44320,460,458,520,480,75
526.4867,44321,460,458,520,480,75
526.5119,44322,460,458,520,480,75
526.5396,44323,459,458,520,480,76
526.5667,44324,460,458,521,480,75
526.5937,44325,459,458,521,480,76
526.6179,44326,460,458,520,480,76
526.6442,44327,459,458,519,480,76
526.6718,44328,459,458,519,480,76
526.6976,44329,459,458,521,480,76
526.7232,44330,460,458,520,481,76
526.7488,44331,460,458,520,481,76
526.7736,44332,460,458,520,480,75
526.8009,44333,460,458,520,480,75
526.8246,44334,460,458,521,480,75
526.8502,44335,460,458,521,480,75
526.8764,44336,459,458,519,480,76
526.9033,44337,459,458,518,480,76
526.9284,44338,458,458,519,480,77
526.9543,44339,459,458,519,480,76
526.9806,44340,459,458,518,480,77
527.0060,44341,459,458,518,480,77
527.0316,44342,459,458,518,480,77
527.0570,44343,459,458,519,480,76
527.0826,44344,459,458,519,480,76
527.1093,44345,459,458,518,480,77
527.1335,44346,458,458,519,480,77
527.1590,44347,459,458,518,480,77
527.1851,44348,458,458,518,480,77
527.2112,44349,458,458,518,480,77
527.2366,44350,459,458,519,480,77
527.2622,44351,459,458,519,480,77
527.2873,44352,459,458,519,480,76
527.3159,44353,459,457,520,481,76
527.3394,44354,459,457,520,481,76
527.3667,44355,459,458,520,480,76
527.3906,44356,459,458,520,480,76
527.4178,44357,459,458,518,481,77
527.4437,44358,459,458,519,481,76
527.4720,44359,459,458,520,480,76
527.4949,44360,459,458,521,480,75
527.5228,44361,459,458,519,480,75
527.5471,44362,459,458,519,480,75
527.5730,44363,458,458,518,480,76
527.6005,44364,458,458,518,480,76
527.6250,44365,458,458,518,480,76
527.6509,44366,458,458,519,480,76
527.6767,44367,458,458,519,480,76
527.7016,44368,458,458,518,480,76
527.7286,44369,458,458,518,480,76
527.7543,44370,458,458,519,480,76
527.7812,44371,458,458,518,480,76
527.8060,44372,458,459,518,481,76
527.8317,44373,458,459,518,481,76
527.8577,44374,458,459,518,481,76
527.8824,44375,458,459,518,481,76
527.9087,44376,458,459,517,481,76
527.9362,44377,458,459,518,481,76
527.9611,44378,458,459,518,481,76
527.9869,44379,458,459,518,481,76
528.0125,44380,458,459,518,481,76
528.0384,44381,458,459,518,481,76
528.0638,44382,458,459,518,481,76
528.0898,44383,458,459,518,481,76
528.1175,44384,458,460,518,480,75
528.1439,44385,458,460,519,480,75
528.1669,44386,458,460,519,480,75
528.1929,44387,458,460,519,480,74
528.2192,44388,458,460,519,480,74
528.2448,44389,457,460,520,480,74
528.2709,44390,458,460,520,480,73
528.2958,44391,458,461,520,479,73
528.3206,44392,458,461,521,479,72
528.3470,44393,458,461,521,479,72
528.3726,44394,457,461,522,479,72
528.3979,44395,457,461,522,479,72
528.4245,44396,458,461,522,479,71
528.4523,44397,457,461,522,479,71
528.4770,44398,458,462,522,479,70
528.5019,44399,458,462,522,480,68
528.5279,44400,458,462,522,480,68
528.5557,44401,458,464,522,480,65
528.5806,44402,458,463,526,479,62
528.6068,44403,458,464,524,480,65
528.6321,44404,458,463,522,479,65
528.6579,44405,458,464,526,480,65
528.6851,44406,458,464,526,480,65
528.7109,44407,458,464,528,480,63
528.7366,44408,458,464,528,480,63
528.7640,44409,459,464,530,480,61
528.7879,44410,458,465,528,480,63
528.8142,44411,458,465,526,479,64
528.8394,44412,458,465,526,479,64
528.8659,44413,458,465,526,479,64
528.8936,44414,459,466,526,478,58
528.9163,44415,458,466,526,478,58
528.9431,44416,458,466,526,478,57
528.9669,44417,458,466,524,478,52
528.9937,44418,458,466,524,478,52
529.0194,44419,458,466,528,478,54
529.0465,44420,458,466,528,478,55
529.0731,44421,458,466,528,478,55
529.0978,44422,458,466,526,478,55
529.1231,44423,458,466,526,478,54
529.1489,44424,457,466,526,478,55
529.1740,44425,457,465,525,477,55
529.1993,44426,457,465,525,477,55
529.2268,44427,457,466,522,477,59
529.2524,44428,457,466,522,477,59
529.2780,44429,458,466,522,478,58
529.3041,44430,458,466,522,477,59
529.3293,44431,457,466,521,477,59
529.3547,44432,457,466,521,477,59
529.3810,44433,458,466,522,477,58
529.4071,44434,458,466,522,477,58
529.4336,44435,459,466,523,478,62
529.4591,44436,458,466,524,478,53
529.4851,44437,458,467,523,477,42
529.5110,44438,458,467,522,477,52
529.5350,44439,458,467,522,477,52
529.5610,44440,458,467,521,478,53
529.5883,44441,458,467,521,477,51
529.6124,44442,457,467,519,477,54
529.6380,44443,457,467,519,477,54
529.6631,44444,457,467,519,477,54
529.6897,44445,457,467,519,477,51
529.7157,44446,457,468,520,478,49
529.7410,44447,457,468,520,478,49
529.7679,44448,457,468,519,478,55
529.7946,44449,457,467,520,478,54
529.8198,44450,457,468,519,478,53
529.8444,44451,456,468,518,478,39
529.8708,44452,456,468,518,478,39
529.8977,44453,456,468,519,478,47
529.9232,44454,457,468,518,478,51
529.9489,44455,456,468,518,478,49
529.9741,44456,456,468,519,478,47
529.9994,44457,456,468,518,478,42
530.0240,44458,456,468,518,478,42
530.0521,44459,456,468,518,478,42
530.0759,44460,456,468,518,478,49
530.1030,44461,456,468,518,478,49
530.1288,44462,456,468,517,478,41
530.1544,44463,456,468,518,478,46
530.1794,44464,456,468,516,478,42
530.2055,44465,456,468,516,478,42
530.2331,44466,456,468,518,478,44
530.2595,44467,456,468,516,478,35
530.2854,44468,456,468,518,478,38
530.3110,44469,456,468,517,478,46
530.3364,44470,456,468,517,478,46
530.3617,44471,456,468,516,478,47
530.3898,44472,456,468,516,478,48
530.4143,44473,456,468,516,478,48
530.4382,44474,456,468,516,478,48
530.4658,44475,456,468,516,478,48
530.4913,44476,456,468,516,478,41
530.5160,44477,456,468,516,478,48
530.5427,44478,456,468,516,478,48
530.5679,44479,456,468,516,478,50
530.5944,44480,456,468,516,478,47
530.6196,44481,456,468,516,478,43
530.6448,44482,456,468,516,478,47
530.6693,44483,456,468,516,478,47
530.6981,44484,456,468,515,478,42
530.7246,44485,456,468,515,478,51
530.7496,44486,456,468,516,478,44
530.7741,44487,456,468,516,478,44
530.8006,44488,456,468,516,478,40
530.8275,44489,456,467,516,477,44
530.8519,44490,456,468,516,478,53
530.8790,44491,456,468,516,478,53
530.9045,44492,456,468,516,478,48
530.9319,44493,456,468,516,478,54
530.9560,44494,456,468,518,478,47
530.9818,44495,456,468,516,478,45
531.0060,44496,456,468,516,478,45
531.0331,44497,456,467,514,477,49
531.0589,44498,456,468,515,478,43
531.0829,44499,456,467,514,477,48
531.1108,44500,456,467,514,477,48
531.1364,44501,456,467,514,478,60
531.1608,44502,456,468,515,478,55
531.1846,44503,456,468,514,478,51
531.2119,44504,456,468,514,478,51
531.2372,44505,456,468,513,478,51
531.2638,44506,456,468,512,478,49
531.2893,44507,456,468,514,478,52
531.3174,44508,456,468,514,478,51
531.3396,44509,456,468,514,478,51
531.3676,44510,456,468,513,478,54
531.3942,44511,456,468,514,478,55
531.4170,44512,456,468,513,478,48
531.4447,44513,456,468,513,478,48
531.4692,44514,456,468,513,478,59
531.4957,44515,456,468,512,478,57
531.5210,44516,456,468,512,478,57
531.5470,44517,456,468,513,478,55
531.5729,44518,456,468,514,478,59
531.5996,44519,456,468,514,478,59
531.6245,44520,456,468,514,478,60
531.6520,44521,456,468,515,478,61
531.6752,44522,456,468,515,478,61
531.7017,44523,456,468,515,478,61
531.7280,44524,456,468,514,478,54
531.7527,44525,456,469,510,479,50
531.7779,44526,455,468,514,479,59
531.8037,44527,455,468,514,479,59
531.8291,44528,455,468,513,479,58
531.8539,44529,455,468,513,479,58
531.8818,44530,455,468,515,480,63
531.9079,44531,456,468,515,480,64
531.9326,44532,456,468,514,480,57
531.9582,44533,456,468,514,480,58
531.9841,44534,456,468,514,480,58
532.0093,44535,456,468,514,480,58
532.0358,44536,455,468,513,479,57
532.0632,44537,455,468,514,480,60
532.0886,44538,455,468,514,480,59
532.1139,44539,455,468,514,480,60
532.1396,44540,455,468,514,480,60
532.1666,44541,455,468,514,480,62
532.1927,44542,455,468,514,480,62
532.2182,44543,455,468,514,480,63
532.2448,44544,455,468,514,480,62
532.2705,44545,455,468,512,480,48
532.2947,44546,455,468,514,480,58
532.3219,44547,455,468,514,480,59
532.3478,44548,455,468,514,480,59
532.3740,44549,455,468,514,480,55
532.3990,44550,455,468,512,480,58
532.4242,44551,454,468,514,480,62
532.4498,44552,454,468,513,480,60
532.4768,44553,454,468,513,480,60
532.5012,44554,454,468,512,480,57
532.5274,44555,454,468,512,480,57
532.5528,44556,454,468,511,480,46
532.5799,44557,455,468,510,480,47
532.6042,44558,455,468,512,480,55
532.6293,44559,455,468,514,480,60
532.6549,44560,455,468,514,480,60
532.6817,44561,455,468,514,480,64
532.7097,44562,455,468,515,480,62
532.7338,44563,455,468,514,480,60
532.7584,44564,455,468,516,480,64
532.7846,44565,455,468,516,480,64
532.8109,44566,455,468,515,480,64
532.8357,44567,455,468,514,480,65
532.8620,44568,455,468,514,480,65
532.8871,44569,455,467,515,481,66
532.9144,44570,455,467,514,481,67
532.9396,44571,455,466,515,480,69
532.9670,44572,455,467,515,481,68
532.9927,44573,455,467,515,481,68
533.0188,44574,455,467,515,481,66
533.0450,44575,455,467,514,481,67
533.0716,44576,455,468,514,480,63
533.0948,44577,455,466,514,480,68
533.1207,44578,455,466,514,480,68
533.1474,44579,455,466,514,480,68
533.1736,44580,455,466,514,480,69
533.1994,44581,455,466,514,480,69
533.2250,44582,455,466,513,480,69
533.2513,44583,455,466,513,480,69
533.2774,44584,454,466,514,481,68
533.3020,44585,455,466,514,480,68
533.3276,44586,455,466,514,480,68
533.3542,44587,455,466,514,480,67
533.3806,44588,455,466,514,480,68
533.4045,44589,455,466,513,480,68
533.4308,44590,455,465,513,481,69
533.4576,44591,455,465,514,481,69
533.4837,44592,455,465,514,481,69
533.5098,44593,454,465,514,481,69
533.5364,44594,454,465,514,481,69
533.5611,44595,455,465,514,481,68
533.5878,44596,455,465,514,481,68
533.6140,44597,455,464,514,480,68
533.6383,44598,455,464,514,480,68
533.6647,44599,455,464,514,480,68
533.6917,44600,454,464,514,482,67
533.7185,44601,454,464,514,482,67
533.7446,44602,454,464,514,482,66
533.7687,44603,454,463,514,481,68
533.7956,44604,454,463,514,481,67
533.8207,44605,454,463,514,481,67
533.8478,44606,454,463,513,481,67
533.8720,44607,454,463,513,481,67
533.8981,44608,454,463,513,481,67
533.9249,44609,454,463,513,481,67
533.9516,44610,454,463,514,481,67
533.9759,44611,454,463,513,481,67
534.0006,44612,454,463,514,481,66
534.0264,44613,454,463,514,481,66
534.0529,44614,454,463,514,481,66
534.0778,44615,454,463,514,481,67
534.1030,44616,454,463,513,480,67
534.1281,44617,454,462,514,480,67
534.1548,44618,454,462,514,480,67
534.1816,44619,453,463,514,480,67
534.2065,44620,453,463,514,480,67
534.2348,44621,453,462,513,480,67
534.2596,44622,453,463,514,481,66
534.2840,44623,453,463,514,481,66
534.3097,44624,453,462,513,480,66
534.3352,44625,453,462,513,480,66
534.3619,44626,454,462,514,480,66
534.3878,44627,454,462,516,480,66
534.4134,44628,454,461,514,481,68
534.4394,44629,454,461,514,481,68
534.4646,44630,454,461,514,481,68
534.4933,44631,454,460,515,482,72
534.5192,44632,454,460,515,482,72
534.5444,44633,454,460,515,482,72
534.5715,44634,454,460,515,482,73
534.5987,44635,453,460,514,482,73
534.6232,44636,453,460,514,482,73
534.6478,44637,453,460,515,482,73
534.6743,44638,453,460,515,482,73
534.6995,44639,454,460,514,482,74
534.7252,44640,453,460,516,482,72
534.7531,44641,453,460,517,482,73
534.7777,44642,453,460,516,482,74
534.8038,44643,453,460,515,482,74
534.8283,44644,453,460,515,482,74
534.8540,44645,453,460,515,482,74
534.8800,44646,453,460,515,482,74
534.9075,44647,453,459,514,482,74
534.9327,44648,453,459,515,482,74
534.9577,44649,453,459,515,481,74
534.9841,44650,453,459,514,482,74
535.0115,44651,453,459,514,482,74
535.0365,44652,453,459,515,483,74
535.0619,44653,453,459,515,482,75
535.0881,44654,453,458,515,482,75
535.1142,44655,453,459,512,481,75
535.1388,44656,453,458,512,482,74
535.1635,44657,453,458,512,482,74
535.1911,44658,454,458,512,482,74
535.2160,44659,454,458,513,482,75
535.2436,44660,454,458,513,482,75
535.2689,44661,454,458,514,482,75
535.2942,44662,453,458,514,482,75
535.3191,44663,453,458,514,482,75
535.3460,44664,453,458,514,482,75
535.3706,44665,453,458,514,482,74
535.3974,44666,453,458,513,482,75
535.4210,44667,453,458,515,482,75
535.4478,44668,454,457,515,483,75
535.4738,44669,453,458,514,483,74
535.5005,44670,453,458,514,483,74
535.5266,44671,452,457,512,483,75
535.5510,44672,452,458,514,482,75
535.5767,44673,452,458,514,482,75
535.6036,44674,452,458,514,482,75
535.6292,44675,452,458,512,482,75
535.6552,44676,452,458,512,482,74
535.6795,44677,452,458,512,482,74
535.7058,44678,452,457,512,482,75
535.7326,44679,452,457,512,483,75
535.7589,44680,452,458,512,482,75
535.7848,44681,452,457,514,483,74
535.8107,44682,451,458,512,482,74
535.8354,44683,451,458,512,482,74
535.8623,44684,452,458,513,482,74
535.8871,44685,452,458,513,482,74
535.9118,44686,452,458,513,482,74
535.9374,44687,451,457,513,481,74
535.9641,44688,452,458,510,482,75
535.9897,44689,451,457,509,481,74
536.0148,44690,451,457,509,481,74
536.0412,44691,451,457,511,481,74
536.0680,44692,451,456,512,482,74
536.0916,44693,451,457,511,481,74
536.1183,44694,450,457,511,481,74
536.1428,44695,450,457,511,481,74
536.1690,44696,451,457,511,481,74
536.1945,44697,451,457,510,481,74
536.2213,44698,451,457,510,481,73
536.2470,44699,451,457,510,481,73
536.2736,44700,450,457,511,481,74
536.2991,44701,450,457,509,481,74
536.3245,44702,450,457,512,481,74
536.3509,44703,450,457,512,481,74
536.3777,44704,450,457,510,481,74
536.4030,44705,451,457,510,481,74
536.4287,44706,450,456,512,482,74
536.4527,44707,450,456,512,482,74
536.4782,44708,450,456,512,482,74
536.5054,44709,451,456,509,482,74
536.5321,44710,450,456,509,482,74
536.5569,44711,450,456,512,482,74
536.5827,44712,450,456,512,482,74
536.6087,44713,450,456,512,482,73
536.6353,44714,450,456,510,482,74
536.6615,44715,450,456,510,482,74
536.6864,44716,450,456,510,482,74
536.7129,44717,450,456,508,483,74
536.7387,44718,449,456,509,483,74
536.7650,44719,450,456,508,483,74
536.7890,44720,449,456,507,482,74
536.8159,44721,449,456,507,482,74
536.8413,44722,448,456,508,482,74
536.8674,44723,449,456,506,482,74
536.8919,44724,448,456,508,482,73
536.9190,44725,448,456,508,482,73
536.9437,44726,448,456,506,482,74
536.9691,44727,448,456,506,482,74
536.9939,44728,448,456,506,482,74
537.0215,44729,448,456,506,482,74
537.0472,44730,448,456,505,482,74
537.0731,44731,448,457,505,483,74
537.0988,44732,448,457,506,483,74
537.1246,44733,447,457,510,483,73
537.1491,44734,447,457,510,483,73
537.1759,44735,447,458,509,482,73
537.2037,44736,447,458,511,482,73
537.2273,44737,446,458,514,482,73
537.2528,44738,446,458,514,482,73
537.2776,44739,446,458,514,482,73
537.3030,44740,446,459,512,481,73
537.3293,44741,446,459,512,481,73
537.3570,44742,445,459,514,481,72
537.3822,44743,445,458,512,480,72
537.4097,44744,444,459,511,481,72
537.4347,44745,444,459,512,480,71
537.4596,44746,445,459,511,480,72
537.4849,44747,445,459,511,480,72
537.5119,44748,444,460,512,480,71
537.5373,44749,444,460,511,480,71
537.5643,44750,444,460,512,480,71
537.5885,44751,444,460,513,480,71
537.6156,44752,444,460,513,480,71
537.6398,44753,444,460,512,480,71
537.6659,44754,444,460,512,480,71
537.6926,44755,444,460,512,480,71
537.7173,44756,444,460,510,480,71
537.7443,44757,444,460,510,480,71
537.7695,44758,444,460,512,480,70
537.7957,44759,444,460,511,480,70
537.8217,44760,444,460,511,480,70
537.8480,44761,444,460,510,480,71
537.8730,44762,444,460,510,480,71
537.8990,44763,444,460,512,480,70
537.9242,44764,444,460,510,480,71
537.9526,44765,444,460,510,480,71
537.9770,44766,443,460,510,480,71
538.0028,44767,443,460,510,480,71
538.0283,44768,444,461,510,480,70
538.0530,44769,444,460,509,480,71
538.0808,44770,444,460,509,480,71
538.1047,44771,444,462,512,480,69
538.1310,44772,444,462,508,480,69
538.1566,44773,444,462,508,480,69
538.1847,44774,444,463,511,481,66
538.2090,44775,444,463,510,481,66
538.2363,44776,444,463,512,481,66
538.2605,44777,444,464,511,480,66
538.2869,44778,444,464,511,480,66
538.3123,44779,444,464,513,480,65
538.3374,44780,444,464,509,480,67
538.3632,44781,444,464,509,480,67
538.3909,44782,443,464,508,480,67
538.4167,44783,443,464,509,480,67
538.4409,44784,443,464,509,480,67
538.4658,44785,443,464,510,480,66
538.4921,44786,443,464,510,480,66
538.5183,44787,443,464,506,480,68
538.5439,44788,442,465,506,479,68
538.5695,44789,443,465,507,479,68
538.5954,44790,443,464,508,480,67
538.6215,44791,443,464,508,480,67
538.6461,44792,443,465,507,479,67
538.6730,44793,443,465,507,479,67
538.6976,44794,443,465,508,479,66
538.7256,44795,443,465,507,479,66
538.7535,44796,443,466,509,480,66
538.7772,44797,443,466,510,480,66
538.8020,44798,443,466,508,480,67
538.8270,44799,443,466,508,480,67
538.8548,44800,443,466,508,480,67
538.8813,44801,443,466,510,480,66
538.9070,44802,443,466,509,480,67
538.9305,44803,443,466,508,480,67
538.9573,44804,443,466,508,480,67
538.9831,44805,443,466,507,480,67
539.0090,44806,443,466,507,480,67
539.0362,44807,443,466,510,480,64
539.0633,44808,443,466,509,480,64
539.0889,44809,443,467,510,479,64
539.1139,44810,442,467,510,479,64
539.1392,44811,443,466,514,480,62
539.1661,44812,443,466,514,480,62
539.1914,44813,443,467,511,479,61
539.2176,44814,443,468,513,480,59
539.2430,44815,443,468,513,480,59
539.2689,44816,443,468,511,480,58
539.2948,44817,443,468,511,480,58
539.3193,44818,442,468,514,480,62
539.3459,44819,442,468,514,480,62
539.3728,44820,443,468,513,480,61
539.3995,44821,443,468,517,480,62
539.4255,44822,443,468,512,480,62
539.4490,44823,443,468,510,480,61
539.4745,44824,443,468,513,480,64
539.5008,44825,443,468,513,480,64
539.5271,44826,443,468,514,480,64
539.5532,44827,443,468,507,480,65
539.5768,44828,443,468,520,480,64
539.6019,44829,442,468,510,480,66
539.6278,44830,442,468,510,480,66
539.6546,44831,442,468,510,480,66
539.6806,44832,442,468,510,480,66
539.7065,44833,443,468,515,480,66
539.7322,44834,443,468,514,480,66
539.7577,44835,443,468,513,480,67
539.7831,44836,443,468,506,480,67
539.8086,44837,444,468,506,480,68
539.8348,44838,444,468,506,480,68
539.8614,44839,443,468,507,480,67
539.8850,44840,443,468,506,480,68
539.9122,44841,443,468,506,480,68
539.9371,44842,443,468,506,480,68
539.9642,44843,443,468,505,479,68
539.9891,44844,443,468,506,480,68
540.0159,44845,443,468,506,480,68
540.0409,44846,443,468,508,480,68
540.0679,44847,443,468,504,480,67
540.0938,44848,443,468,507,480,68
540.1181,44849,443,468,506,480,68
540.1445,44850,443,468,506,480,68
540.1693,44851,443,468,505,480,68
540.1961,44852,443,468,506,480,68
540.2218,44853,442,468,506,480,68
540.2475,44854,443,468,505,480,67
540.2731,44855,443,468,508,480,67
540.2987,44856,443,468,508,480,67
540.3246,44857,442,468,506,480,66
540.3507,44858,442,468,506,480,66
540.3767,44859,443,468,506,480,65
540.4020,44860,443,468,508,480,65
540.4277,44861,443,468,504,480,64
540.4540,44862,443,469,508,480,61
540.4812,44863,443,469,508,480,61
540.5061,44864,442,469,504,479,63
540.5321,44865,442,469,502,479,61
540.5571,44866,442,469,504,479,62
540.5822,44867,442,469,504,479,61
540.6090,44868,442,469,504,479,61
540.6358,44869,442,469,502,479,60
540.6620,44870,442,469,502,479,63
540.6859,44871,442,468,504,480,65
540.7121,44872,442,468,504,480,65
540.7375,44873,442,469,502,479,65
540.7628,44874,442,468,502,480,65
540.7911,44875,441,468,503,480,66
540.8150,44876,441,468,503,480,66
540.8409,44877,441,468,504,480,65
540.8674,44878,441,468,502,480,65
540.8929,44879,441,469,503,479,64
540.9188,44880,441,469,504,479,65
540.9439,44881,441,469,504,479,65
540.9716,44882,442,469,502,479,64
540.9985,44883,442,469,503,479,65
541.0216,44884,442,468,502,480,65
541.0480,44885,442,468,502,480,65
541.0748,44886,441,469,503,479,64
541.0996,44887,441,469,502,480,62
541.1244,44888,441,469,501,479,61
541.1505,44889,441,469,501,479,61
541.1781,44890,441,469,502,479,61
541.2042,44891,441,469,501,479,60
541.2312,44892,441,469,501,479,60
541.2552,44893,441,469,501,479,57
541.2809,44894,441,469,502,479,60
541.3083,44895,441,469,502,479,60
541.3327,44896,441,469,502,479,55
541.3590,44897,441,468,502,480,61
541.3846,44898,441,468,502,480,61
541.4106,44899,442,469,502,479,53
541.4366,44900,441,469,502,479,56
541.4638,44901,441,469,503,479,57
541.4879,44902,441,469,503,479,57
541.5148,44903,441,468,504,480,60
541.5391,44904,442,468,496,482,65
541.5658,44905,434,467,493,485,74
541.5907,44906,421,468,498,486,68
541.6164,44907,421,468,498,486,68
541.6421,44908,409,473,476,488,65
541.6694,44909,400,474,467,490,65
541.6934,44910,393,473,460,492,69
541.7196,44911,393,473,460,492,69
541.7456,44912,388,473,454,493,66
541.7710,44913,383,474,447,492,59
541.7986,44914,374,475,432,493,65
541.8242,44915,374,475,432,493,65
541.8493,44916,362,477,424,491,68
541.8493,44916,426,465,448,489,33
541.8780,44917,352,476,416,490,65
541.9040,44918,343,475,405,488,68
541.9292,44919,336,473,398,487,64
541.9534,44920,336,473,398,487,64
541.9815,44921,329,472,391,486,67
542.0071,44922,324,472,386,486,67
542.0312,44923,318,470,382,486,62
542.0587,44924,318,470,382,486,62
542.0844,44925,313,469,378,486,65
542.1095,44926,308,468,375,486,63
542.1341,44927,304,468,373,486,65
542.1606,44928,299,466,366,485,68
542.1862,44929,299,466,366,485,68
542.2128,44930,296,466,362,485,71
542.2367,44931,293,466,353,484,61
542.2631,44932,286,465,340,484,73
542.2880,44933,286,465,340,484,73
542.3153,44934,274,464,340,484,71
542.3414,44935,264,466,342,484,71
542.3670,44936,255,470,337,486,68
542.3921,44937,248,471,328,487,67
542.4182,44938,248,471,328,487,67
542.4431,44939,241,474,319,488,64
542.4686,44940,235,472,318,488,59
542.4958,44941,235,472,318,488,59
542.5221,44942,229,476,294,488,40
542.7018,44949,213,465,252,495,72
542.7018,44949,180,463,187,499,37
542.7306,44950,215,460,238,500,71
542.7306,44950,179,462,187,502,34
542.7529,44951,215,460,238,500,71
542.7529,44951,179,462,187,502,34
542.7796,44952,212,456,246,502,68
542.7796,44952,179,460,188,502,35
542.8049,44953,210,449,249,499,76
542.8049,44953,179,457,189,503,30
542.8309,44954,210,449,249,499,76
542.8309,44954,179,457,189,503,30
542.8567,44955,210,449,249,499,76
542.8567,44955,179,457,189,503,30
542.8823,44956,210,442,257,504,73
542.9077,44957,210,438,260,501,75
542.9326,44958,208,436,263,502,77
542.9594,44959,208,436,263,502,77
542.9859,44960,208,433,267,499,79
543.0110,44961,208,430,269,497,79
543.0367,44962,210,428,271,496,78
543.0621,44963,211,426,272,494,79
543.0889,44964,211,426,272,494,79
543.1135,44965,209,423,274,493,75
543.1396,44966,211,422,276,490,78
543.1674,44967,211,422,276,490,78
543.1929,44968,215,418,277,486,78
543.2178,44969,216,416,279,484,78
543.2431,44970,216,416,279,484,78
543.2696,44971,218,414,283,482,81
543.2972,44972,218,414,283,482,81
543.3211,44973,218,412,284,481,79
543.3482,44974,220,411,285,477,78
543.3728,44975,221,409,286,476,77
543.3980,44976,226,407,288,469,77
543.4243,44977,226,407,288,469,77
543.4505,44978,244,413,291,455,68
543.4756,44979,246,416,299,440,67
543.5016,44980,246,416,299,440,67
543.5267,44981,246,416,310,438,64
543.5267,44981,244,416,264,454,40
543.5555,44982,255,416,320,436,71
543.5787,44983,258,417,327,437,75
543.6050,44984,256,418,335,438,75
543.6292,44985,256,418,335,438,75
543.6560,44986,256,418,335,438,75
543.6822,44987,265,419,347,441,73
543.7080,44988,272,422,352,442,73
543.7327,44989,270,420,357,444,73
543.7597,44990,270,420,357,444,73
543.7853,44991,273,422,361,444,73
543.8117,44992,277,422,366,444,71
543.8355,44993,277,422,366,444,71
543.8620,44994,282,424,369,446,71
543.8875,44995,285,425,373,446,70
543.9131,44996,287,425,376,447,73
543.9379,44997,290,426,380,447,69
543.9639,44998,290,426,380,447,69
543.9897,44999,293,427,382,447,70
544.0165,45000,322,429,384,453,68
544.0408,45001,328,425,385,459,74
544.0660,45002,328,425,385,459,74
544.0919,45003,328,425,385,459,74
544.1171,45004,338,423,397,465,79
544.1429,45005,338,423,397,465,79
544.1686,45006,336,424,403,467,78
544.1962,45007,333,423,408,469,78
544.2216,45008,336,422,412,470,77
544.2470,45009,341,423,417,473,75
544.2718,45010,346,424,421,474,76
544.2979,45011,346,424,421,474,76
544.3245,45012,349,426,424,476,78
544.3498,45013,351,428,428,478,77
544.3760,45014,354,431,431,479,77
544.4012,45015,356,430,434,480,77
544.4288,45016,356,430,434,480,77
544.4531,45017,356,430,434,480,77
544.4784,45018,356,430,434,480,77
544.5047,45019,360,434,439,482,76
544.5320,45020,363,436,442,480,69
544.5551,45021,394,454,446,480,71
544.5828,45022,398,458,452,480,74
544.6066,45023,398,458,452,480,74
544.6346,45024,396,458,458,480,74
544.6596,45025,396,458,464,480,71
544.6862,45026,396,458,470,478,73
544.7120,45027,402,456,475,477,72
544.7368,45028,402,456,475,477,72
544.7634,45029,406,456,480,476,70
544.7896,45030,410,454,484,476,71
544.8153,45031,410,454,484,476,71
544.8417,45032,413,454,488,476,73
544.8672,45033,418,452,492,476,72
544.8930,45034,421,452,496,475,73
544.9191,45035,422,451,499,475,73
544.9450,45036,422,451,499,475,73
544.9708,45037,428,451,502,473,73
544.9974,45038,432,450,505,471,74
545.0216,45039,431,449,507,471,71
545.0479,45040,431,449,510,471,72
545.0728,45041,431,449,510,471,72
545.0981,45042,436,450,512,470,70
545.1244,45043,436,449,514,470,71
545.1493,45044,436,449,514,470,71
545.1769,45045,439,449,516,469,67
545.2024,45046,439,449,518,469,68
545.2291,45047,439,448,520,470,69
545.2538,45048,444,449,523,467,59
545.2805,45049,444,449,523,467,59
545.3061,45050,446,448,525,466,50
545.3322,45051,452,447,528,463,36
545.3584,45052,450,447,530,463,42
545.3827,45053,452,447,531,463,50
545.4094,45054,452,447,532,463,52
545.4349,45055,452,447,532,463,52
545.4605,45056,452,447,534,463,59
545.4860,45057,452,447,534,463,59
545.5128,45058,455,446,535,462,61
545.5378,45059,458,446,537,461,63
545.5641,45060,460,446,538,460,66
545.5909,45061,458,446,540,460,65
545.6163,45062,458,445,542,461,66
545.6430,45063,458,445,542,461,66
545.6681,45064,459,446,542,460,65
545.6967,45065,464,446,544,460,65
545.7223,45066,466,445,545,459,65
545.7461,45067,472,445,546,459,66
545.7723,45068,472,445,546,459,66
545.7991,45069,470,444,548,458,65
545.8241,45070,471,444,549,458,67
545.8516,45071,471,444,549,458,67
545.8780,45072,484,444,550,458,67
545.9028,45073,485,444,551,458,66
545.9301,45074,476,444,551,458,65
545.9562,45075,478,443,552,457,66
545.9813,45076,478,443,552,457,66
546.0073,45077,478,442,553,458,66
546.0338,45078,480,442,554,458,66
546.0605,45079,479,442,555,458,67
546.0864,45080,480,442,556,458,69
546.1116,45081,480,442,556,458,69
546.1380,45082,481,442,557,458,69
546.1633,45083,486,442,558,458,68
546.1883,45084,486,442,558,458,68
546.2140,45085,485,441,559,457,69
546.2403,45086,486,442,560,456,68
546.2663,45087,488,442,560,456,66
546.2911,45088,490,442,561,456,66
546.3162,45089,490,442,561,456,66
546.3422,45090,488,442,562,456,67
546.3693,45091,492,441,563,456,66
546.3945,45092,494,441,564,455,68
546.4194,45093,494,441,564,455,68
546.4470,45094,494,441,564,455,68
546.4732,45095,494,441,565,455,68
546.4981,45096,496,441,566,455,66
546.5245,45097,496,441,566,455,66
546.5494,45098,494,441,566,455,68
546.5773,45099,499,441,566,455,67
546.6030,45100,501,441,567,455,65
546.6271,45101,501,441,567,455,66
546.6527,45102,501,441,567,455,66
546.6783,45103,502,440,568,454,61
546.7049,45104,502,441,569,455,62
546.7305,45105,502,440,570,454,63
546.7556,45106,504,440,570,454,65
546.7807,45107,504,440,570,454,65
546.8074,45108,506,440,571,454,63
546.8325,45109,504,441,571,455,63
546.8593,45110,504,441,571,455,63
546.8841,45111,501,440,572,454,64
546.9092,45112,500,440,572,454,65
546.9350,45113,499,440,573,454,67
546.9609,45114,499,440,573,454,67
546.9868,45115,503,441,573,455,66
547.0148,45116,499,440,574,454,66
547.0418,45117,500,440,574,454,65
547.0659,45118,501,440,575,454,66
547.0928,45119,498,440,576,454,66
547.1168,45120,498,440,576,454,66
547.1428,45121,499,440,576,454,66
547.1697,45122,498,440,576,454,65
547.1948,45123,498,440,576,454,65
547.2231,45124,498,440,576,454,67
547.2477,45125,498,439,576,455,62
547.2731,45126,494,438,576,454,65
547.2990,45127,494,439,577,455,66
547.3262,45128,494,439,577,455,66
547.3536,45129,493,438,577,456,68
547.3790,45130,496,438,578,455,70
547.4032,45131,495,437,579,455,70
547.4291,45132,505,437,579,455,70
547.4555,45133,505,437,579,455,70
547.4838,45134,496,437,580,455,71
547.5081,45135,498,437,580,455,72
547.5338,45136,498,437,580,455,72
547.5599,45137,499,436,581,455,73
547.5866,45138,499,436,581,455,73
547.6126,45139,498,436,582,455,73
547.6370,45140,498,436,582,455,73
547.6624,45141,498,436,582,455,73
547.6908,45142,496,435,582,455,74
547.7170,45143,498,435,582,455,74
547.7413,45144,496,435,582,455,75
547.7663,45145,497,435,583,455,75
547.7917,45146,497,435,583,455,75
547.8190,45147,496,434,583,456,75
547.8439,45148,497,434,584,456,76
547.8690,45149,498,435,584,455,75
547.8951,45150,498,435,584,455,75
547.9219,45151,508,433,585,455,74
547.9464,45152,506,434,586,456,75
547.9732,45153,510,434,586,456,75
547.9967,45154,510,434,586,456,75
548.0228,45155,511,433,585,455,76
548.0492,45156,511,433,585,455,76
548.0740,45157,515,433,586,455,74
548.0996,45158,514,433,586,455,74
548.1259,45159,514,433,586,455,74
548.1530,45160,514,434,588,454,73
548.1773,45161,516,434,588,454,73
548.2027,45162,520,434,588,453,72
548.2291,45163,520,434,588,453,72
548.2570,45164,515,434,589,452,72
548.2815,45165,514,434,590,454,71
548.3072,45166,517,434,590,454,71
548.3327,45167,517,434,590,454,71
548.3582,45168,519,434,591,452,69
548.3847,45169,519,434,591,454,71
548.4107,45170,518,434,592,453,71
548.4355,45171,518,434,592,453,71
548.4621,45172,518,434,592,453,71
548.4883,45173,512,434,592,452,71
548.5128,45174,509,434,593,452,72
548.5394,45175,522,434,594,452,73
548.5669,45176,522,434,594,452,73
548.5938,45177,508,434,594,452,73
548.6209,45178,510,434,594,452,72
548.6458,45179,519,434,595,452,72
548.6714,45180,519,434,595,452,72
548.6981,45181,518,434,596,450,70
548.7238,45182,514,433,596,451,71
548.7497,45183,521,434,596,451,71
548.7755,45184,525,434,596,451,71
548.8007,45185,525,434,596,451,71
548.8275,45186,512,434,596,451,71
548.8537,45187,512,434,596,451,71
548.8787,45188,525,434,597,450,69
548.9046,45189,525,434,597,450,69
548.9309,45190,536,434,598,450,69
548.9553,45191,535,434,598,450,66
548.9821,45192,531,434,599,450,65
549.0065,45193,531,434,599,450,65
549.0337,45194,537,433,599,449,65
549.0589,45195,528,434,599,450,68
549.0848,45196,537,434,599,450,63
549.1092,45197,538,434,600,448,63
549.1348,45198,538,434,600,448,63
549.1630,45199,538,434,600,450,65
549.1878,45200,537,434,601,449,60
549.2126,45201,539,434,601,450,61
549.2396,45202,539,434,601,450,61
549.2654,45203,539,434,601,450,61
549.2906,45204,540,434,602,450,64
549.3166,45205,540,434,602,449,63
549.3421,45206,540,434,602,449,63
549.3686,45207,539,434,603,449,61
549.3950,45208,540,434,602,450,65
549.4198,45209,534,433,604,449,59
549.4452,45210,532,434,604,450,58
549.4708,45211,532,434,604,450,58
549.4978,45212,536,433,604,449,60
549.5239,45213,538,434,604,448,57
549.5484,45214,535,434,605,449,59
549.5740,45215,539,434,605,448,58
549.6000,45216,539,434,605,448,58
549.6247,45217,536,434,606,448,59
549.6498,45218,529,434,605,450,59
549.6754,45219,529,434,605,450,59
549.7031,45220,546,434,604,450,62
549.7278,45221,552,432,610,452,65
549.7531,45222,551,434,616,451,62
549.7778,45223,558,435,623,449,62
549.8039,45224,558,435,623,449,62
550.1939,45239,606,438,660,452,66
550.2188,45240,620,431,656,465,67
550.2438,45241,616,427,666,473,78
550.2717,45242,616,427,666,473,78
550.2964,45243,611,426,676,478,77
550.3216,45244,611,426,676,478,77
550.3483,45245,613,424,685,484,78
550.3737,45246,620,428,692,488,77
550.4009,45247,625,434,699,494,77
550.4256,45248,629,439,705,499,77
550.4494,45249,632,442,710,502,71
550.4766,45250,632,442,710,502,71
550.5028,45251,635,450,717,506,74
550.5291,45252,641,456,721,510,70
550.5543,45253,653,462,724,512,73
550.5805,45254,660,465,728,515,74
550.6058,45255,660,465,728,515,74
550.6339,45256,662,468,732,518,73
550.6566,45257,662,468,732,518,73
550.6854,45258,658,468,736,520,72
550.7146,45259,673,474,739,522,70
550.7380,45260,672,475,742,525,72
550.7637,45261,674,475,744,527,72
550.7889,45262,675,476,746,530,72
550.8147,45263,675,476,746,530,72
550.8416,45264,698,485,744,535,63
550.8677,45265,714,497,740,541,71
550.8920,45266,718,496,742,546,75
550.9178,45267,714,498,743,550,76
550.9446,45268,714,498,743,550,76
550.9709,45269,710,500,744,554,76
550.9970,45270,707,502,745,558,74
551.0205,45271,707,502,745,558,74
551.0463,45272,705,507,745,559,77
551.0720,45273,701,507,745,563,78
551.0975,45274,699,512,745,566,78
551.1228,45275,697,514,744,567,79
551.1487,45276,697,514,744,567,79
551.1746,45277,696,516,744,570,79
551.2022,45278,693,518,743,572,79
551.2262,45279,692,513,744,573,79
551.2517,45280,691,513,744,575,78
551.2778,45281,691,513,744,575,78
551.3037,45282,690,513,744,575,78
551.3295,45283,690,513,744,575,78
551.3563,45284,688,511,745,577,78
551.3813,45285,687,510,747,578,78
551.4088,45286,686,512,746,580,77
551.4345,45287,685,513,747,580,77
551.4612,45288,684,517,744,581,74
551.4851,45289,684,517,744,581,74
551.5124,45290,684,518,744,582,76
551.5372,45291,683,518,743,582,76
551.5644,45292,683,517,743,583,76
551.5870,45293,682,519,742,583,74
551.6141,45294,682,519,742,583,74
551.6391,45295,680,531,734,580,68
551.6658,45296,680,531,734,580,68
551.6918,45297,679,540,723,576,71
551.7187,45298,686,546,719,580,71
551.7439,45299,689,539,717,583,64
551.7687,45300,690,536,712,586,65
551.7950,45301,690,530,709,586,66
551.8209,45302,690,530,709,586,66
551.8463,45303,690,526,706,586,68
551.8740,45304,690,522,708,582,67
551.8992,45305,690,518,708,584,66
551.9244,45306,689,514,709,578,67
551.9493,45307,689,514,709,578,67
551.9751,45308,690,512,710,576,66
552.0007,45309,690,512,710,576,66
552.0287,45310,690,508,710,574,68
552.0539,45311,690,506,710,567,72
552.0798,45312,689,503,711,565,72
552.1042,45313,689,501,712,561,72
552.1310,45314,689,499,712,559,73
552.1560,45315,689,499,712,559,73
552.1827,45316,689,498,713,558,74
552.2089,45317,689,496,713,556,72
552.2332,45318,690,495,714,553,71
552.2593,45319,691,492,714,556,68
552.2851,45320,691,492,714,556,68
552.3106,45321,691,491,714,553,68
552.3373,45322,691,489,714,551,69
552.3637,45323,691,489,714,551,69
552.3887,45324,692,490,712,546,63
552.4147,45325,696,489,714,537,59
552.4147,45325,690,540,706,578,33
552.4405,45326,696,489,714,537,59
552.4405,45326,690,540,706,578,33
552.4668,45327,682,488,719,535,75
552.4929,45328,682,488,719,535,75
552.5190,45329,679,487,721,530,76
552.5444,45330,675,485,722,527,76
552.5686,45331,672,483,722,521,77
552.5941,45332,669,482,721,522,76
552.6222,45333,669,482,721,522,76
552.6466,45334,666,480,720,518,76
552.6722,45335,666,480,720,518,76
552.6989,45336,664,479,720,517,73
552.7245,45337,661,476,717,514,73
552.7506,45338,659,475,717,514,75
552.7772,45339,658,474,718,514,72
552.8007,45340,658,474,718,514,72
552.8273,45341,656,473,720,515,67
552.8521,45342,656,473,720,515,67
552.8790,45343,652,470,718,514,58
552.9039,45344,650,468,714,512,68
552.9307,45345,648,468,714,513,57
552.9562,45346,648,468,714,513,57
552.9828,45347,646,467,720,516,55
553.0074,45348,646,466,710,512,66
553.0321,45349,646,466,710,512,66
553.0598,45350,644,466,718,516,66
553.0858,45351,643,464,711,512,64
553.1098,45352,642,463,712,513,66
553.1359,45353,642,463,712,513,66
553.1621,45354,640,463,708,511,70
553.1898,45355,640,462,696,507,68
553.2128,45356,639,462,695,506,71
553.2403,45357,639,462,695,506,71
553.2667,45358,639,462,695,506,71
553.2939,45359,636,460,694,506,71
553.3176,45360,635,460,691,504,75
553.3442,45361,634,459,690,505,76
553.3693,45362,634,459,690,505,76
553.3970,45363,633,459,689,504,74
553.4216,45364,632,458,690,504,65
553.4473,45365,630,463,682,501,78
553.4720,45366,630,463,682,501,78
553.4979,45367,627,467,678,497,72
553.5242,45368,621,466,681,495,59
553.5773,45370,612,462,684,490,54
553.6010,45371,612,462,684,490,54
553.6268,45372,607,462,685,492,56
553.6527,45373,607,462,685,492,56
553.6792,45374,600,461,682,487,58
553.7045,45375,600,461,682,487,58
553.7316,45376,597,460,685,488,72
553.7572,45377,594,459,684,487,74
553.7831,45378,592,458,684,486,75
553.8087,45379,592,458,684,486,75
553.8354,45380,589,458,684,486,76
553.8594,45381,587,458,681,484,76
553.8857,45382,586,457,682,484,76
553.9109,45383,583,456,679,482,72
553.9361,45384,583,456,679,482,72
553.9621,45385,580,456,676,480,74
553.9907,45386,578,456,674,479,71
554.0147,45387,576,456,672,480,72
554.0419,45388,576,456,672,480,72
554.0691,45389,576,456,672,480,72
554.0953,45390,574,454,668,478,72
554.1209,45391,572,454,666,478,70
554.1467,45392,571,454,667,478,72
554.1710,45393,571,454,667,478,72
554.1993,45394,570,454,664,476,72
554.2243,45395,568,454,662,476,71
554.2498,45396,566,454,660,475,70
554.2751,45397,565,454,659,476,73
554.3008,45398,565,454,659,476,73
554.3270,45399,564,454,658,476,73
554.3529,45400,562,454,658,474,71
554.3788,45401,562,454,658,474,71
554.4048,45402,561,453,657,475,73
554.4290,45403,560,452,652,474,73
554.4554,45404,559,453,651,473,73
554.4806,45405,559,453,651,473,73
554.5080,45406,558,452,650,473,75
554.5375,45407,557,452,648,472,74
554.5606,45408,556,451,648,473,74
554.5848,45409,555,451,648,473,74
554.6108,45410,555,451,647,473,74
554.6358,45411,555,451,647,473,74
554.6621,45412,554,451,646,472,75
554.6879,45413,553,452,643,472,74
554.7132,45414,552,451,643,473,75
554.7393,45415,552,451,643,473,75
554.7650,45416,552,450,642,472,75
554.7921,45417,550,450,640,472,74
554.8167,45418,550,450,640,472,74
554.8436,45419,549,451,641,473,75
554.8683,45420,548,451,640,473,75
554.8950,45421,549,451,641,473,74
554.9193,45422,548,451,642,473,73
554.9462,45423,546,451,638,473,73
554.9712,45424,546,451,638,473,73
554.9979,45425,547,451,637,473,74
555.0241,45426,546,450,636,474,75
555.0489,45427,545,451,636,473,74
555.0749,45428,545,451,636,473,74
555.1006,45429,544,450,634,472,75
555.1277,45430,544,450,635,472,75
555.1515,45431,544,450,635,472,75
555.1792,45432,544,450,634,472,73
555.2044,45433,543,451,633,471,73
555.2314,45434,543,451,633,471,75
555.2558,45435,542,450,634,470,73
555.2818,45436,542,451,631,469,69
555.3077,45437,542,451,631,469,69
555.3367,45438,542,452,632,470,72
555.3607,45439,541,451,632,471,72
555.3858,45440,541,452,631,472,72
555.4124,45441,541,452,631,472,72
555.4380,45442,541,451,631,471,72
555.4628,45443,540,452,630,470,69
555.4892,45444,540,452,630,470,69
555.5160,45445,540,452,630,470,70
555.5405,45446,539,452,630,470,70
555.5684,45447,539,452,629,470,69
555.5928,45448,538,453,628,469,67
555.6184,45449,538,453,628,468,65
555.6441,45450,538,453,628,468,65
555.6705,45451,538,452,626,468,66
555.6968,45452,538,452,626,468,68
555.7211,45453,537,453,625,467,65
555.7491,45454,537,453,625,467,65
555.7741,45455,536,452,624,468,68
555.7980,45456,537,453,622,467,66
555.8240,45457,537,453,622,467,66
555.8517,45458,536,452,610,466,60
555.8768,45459,537,453,615,466,58
555.9020,45460,536,454,616,466,57
555.9266,45461,536,454,622,468,63
555.9523,45462,536,454,622,468,63
555.9786,45463,536,454,616,466,57
556.0046,45464,536,452,606,466,61
556.0325,45465,536,452,604,466,60
556.0561,45466,536,452,604,466,59
556.0835,45467,536,452,604,466,59
556.1079,45468,536,452,604,466,61
556.1326,45469,536,453,602,465,58
556.1592,45470,536,453,602,465,58
556.1848,45471,536,453,612,466,61
556.2108,45472,536,454,606,466,60
556.2360,45473,536,454,602,466,57
556.2612,45474,536,453,602,465,53
556.2891,45475,536,453,602,465,53
556.3130,45476,535,453,601,465,52
556.3383,45477,536,454,600,466,59
556.3630,45478,536,454,600,466,63
556.3878,45479,536,454,600,466,61
556.4151,45480,536,454,600,466,61
556.4392,45481,536,455,600,465,59
556.4666,45482,536,455,600,465,59
556.4919,45483,536,456,601,466,58
556.5175,45484,536,455,600,465,45
556.5446,45485,536,456,600,466,43
556.5689,45486,536,456,602,466,46
556.5955,45487,535,455,597,465,40
556.6207,45488,535,455,597,465,40
556.6479,45489,535,455,597,465,45
556.6721,45490,535,455,598,465,49
556.6977,45491,535,455,599,465,53
556.7238,45492,535,456,598,466,51
556.7483,45493,535,456,598,466,51
556.7745,45494,534,455,598,465,57
556.8008,45495,534,455,598,465,57
556.8261,45496,534,456,598,466,56
556.8546,45497,534,456,598,465,46
556.8788,45498,534,455,598,465,53
556.9040,45499,534,454,598,466,56
556.9313,45500,535,455,599,465,60
556.9565,45501,535,455,599,465,60
556.9821,45502,534,456,598,466,58
557.0089,45503,534,458,598,466,45
557.0342,45504,534,456,598,466,49
557.0609,45505,534,457,600,465,42
557.0863,45506,534,457,600,465,42
557.1119,45507,534,457,598,465,41
557.1363,45508,534,457,598,465,41
557.1631,45509,534,456,592,466,41
557.1916,45510,534,456,596,466,46
557.2164,45511,532,456,584,466,45
557.2412,45512,532,456,584,466,45
557.2669,45513,533,458,591,466,49
557.2933,45514,533,458,591,466,49
557.3181,45515,533,458,609,467,52
557.3481,45516,532,457,590,466,48
557.3697,45517,533,457,598,466,52
557.3955,45518,532,458,596,466,52
557.4206,45519,532,458,596,466,52
557.4475,45520,532,458,590,466,50
557.4720,45521,532,458,590,466,50
557.4991,45522,532,457,594,467,54
557.5236,45523,533,457,593,467,55
557.5508,45524,532,457,596,467,56
557.5756,45525,532,458,594,466,57
557.6021,45526,532,458,594,466,57
557.6268,45527,533,457,597,467,59
557.6535,45528,533,457,597,467,59
557.6806,45529,532,457,598,467,60
557.7058,45530,532,457,600,467,59
557.7300,45531,532,457,597,467,60
557.7564,45532,532,457,597,467,60
557.7829,45533,532,457,600,467,61
557.8078,45534,532,457,600,467,61
557.8343,45535,532,457,600,467,61
557.8595,45536,532,457,600,467,62
557.8861,45537,532,457,598,467,60
557.9108,45538,532,457,600,467,60
557.9366,45539,532,457,600,467,60
557.9634,45540,532,457,600,467,61
557.9895,45541,532,457,598,467,61
558.0156,45542,531,457,599,467,61
558.0408,45543,531,457,599,467,61
558.0661,45544,531,456,599,468,61
558.0926,45545,531,456,599,468,61
558.1196,45546,531,457,597,467,62
558.1449,45547,531,457,605,468,62
558.1712,45548,531,457,605,468,62
558.1976,45549,531,457,599,467,63
558.2240,45550,531,457,599,468,64
558.2487,45551,531,457,595,467,63
558.2736,45552,530,457,600,468,63
558.3011,45553,530,457,600,468,63
558.3276,45554,531,457,597,467,63
558.3534,45555,530,457,598,468,63
558.3789,45556,530,458,596,468,63
558.4038,45557,530,457,602,468,63
558.4296,45558,530,457,602,468,63
558.4545,45559,531,458,597,468,63
558.4808,45560,531,458,597,468,63
558.5061,45561,531,458,597,468,63
558.5329,45562,530,457,600,468,64
558.5585,45563,530,458,594,468,64
558.5831,45564,530,458,600,468,64
558.6097,45565,530,458,600,468,64
558.6354,45566,531,457,599,469,64
558.6620,45567,531,457,599,468,64
558.6859,45568,530,458,600,468,64
558.7120,45569,530,458,600,468,64
558.7379,45570,530,458,600,468,64
558.7647,45571,530,458,596,468,63
558.7915,45572,529,458,593,468,65
558.8155,45573,529,458,593,468,65
558.8415,45574,529,458,593,468,65
558.8695,45575,529,458,593,468,65
558.8935,45576,530,458,592,468,64
558.9198,45577,530,458,594,468,63
558.9443,45578,530,458,594,468,63
558.9709,45579,530,458,592,468,62
558.9966,45580,529,459,591,469,62
559.0227,45581,529,458,590,468,64
559.0472,45582,528,458,588,468,64
559.0731,45583,528,458,590,469,65
559.0994,45584,528,458,590,469,65
559.1253,45585,528,458,592,469,64
559.1519,45586,528,459,589,469,63
559.1776,45587,528,459,589,469,63
559.2047,45588,528,459,590,469,64
559.2317,45589,529,458,591,470,64
559.2563,45590,529,459,591,469,63
559.2821,45591,528,459,588,469,61
559.3078,45592,528,459,588,469,61
559.3370,45593,528,459,588,469,61
559.3605,45594,528,458,588,470,62
559.3858,45595,527,458,588,470,64
559.4112,45596,527,458,587,470,63
559.4368,45597,527,458,587,470,63
559.4640,45598,527,458,587,470,64
559.4892,45599,526,458,588,470,64
559.5158,45600,526,458,588,470,64
559.5416,45601,526,459,586,470,63
559.5680,45602,527,459,587,470,60
559.5940,45603,526,459,588,470,60
559.6180,45604,527,459,585,470,61
559.6469,45605,527,459,585,470,61
559.6711,45606,526,459,587,471,63
559.6983,45607,526,459,586,471,62
559.7231,45608,526,460,586,470,62
559.7478,45609,525,459,586,471,63
559.7746,45610,525,459,586,471,63
559.8005,45611,525,459,587,471,64
559.8260,45612,524,460,588,470,63
559.8520,45613,524,460,588,470,63
559.8787,45614,525,459,589,471,64
559.9048,45615,524,459,588,471,64
559.9306,45616,525,459,588,471,65
559.9553,45617,524,459,586,471,65
559.9834,45618,524,459,586,471,65
560.0076,45619,524,459,588,471,65
560.0337,45620,525,459,587,471,64
560.0586,45621,525,459,589,471,63
560.0845,45622,525,461,587,471,58
560.1134,45623,525,461,587,471,58
560.1350,45624,525,460,587,471,62
560.1638,45625,524,460,588,471,63
560.1878,45626,524,460,586,471,61
560.2142,45627,524,460,586,471,61
560.2399,45628,525,460,587,471,62
560.2647,45629,525,460,587,472,64
560.2906,45630,525,460,587,472,64
560.3161,45631,524,460,588,472,64
560.3408,45632,524,460,587,472,64
560.3690,45633,524,460,587,472,63
560.3936,45634,524,460,587,472,65
560.4197,45635,524,460,587,472,64
560.4442,45636,524,460,587,472,64
560.4714,45637,524,460,586,472,64
560.4973,45638,524,460,586,472,63
560.5220,45639,524,460,586,472,64
560.5484,45640,524,460,586,472,64
560.5752,45641,525,460,587,472,64
560.6006,45642,524,460,586,472,64
560.6265,45643,525,460,587,472,64
560.6513,45644,525,460,587,472,64
560.6792,45645,524,460,586,472,63
560.7046,45646,524,460,585,472,65
560.7306,45647,524,461,586,472,62
560.7561,45648,524,461,586,472,62
560.7808,45649,524,461,586,472,62
560.8095,45650,525,461,586,473,63
560.8337,45651,525,461,585,472,60
560.8592,45652,524,461,585,473,60
560.8859,45653,524,461,585,473,60
560.9129,45654,524,461,586,473,57
560.9359,45655,524,461,586,473,58
560.9631,45656,525,461,585,473,56
560.9884,45657,525,461,585,473,56
561.0152,45658,524,461,584,473,52
561.0421,45659,524,461,586,473,58
561.0668,45660,525,461,585,473,60
561.0913,45661,524,462,586,474,55
561.1183,45662,524,462,586,474,55
561.1440,45663,525,462,585,474,56
561.1697,45664,525,462,587,474,54
561.1958,45665,525,462,587,474,53
561.2206,45666,525,462,587,474,53
561.2480,45667,525,462,584,474,39
561.2727,45668,524,462,586,474,49
561.2972,45669,524,462,586,474,49
561.3223,45670,524,462,586,474,49
561.3496,45671,524,462,586,474,50
561.3764,45672,523,462,585,475,51
561.4010,45673,523,462,585,474,52
561.4268,45674,523,462,587,474,49
561.4521,45675,523,462,587,474,49
561.4805,45676,524,462,586,475,53
561.5058,45677,524,462,584,474,44
561.5317,45678,524,462,586,475,54
561.5564,45679,524,462,586,475,54
561.5835,45680,523,463,585,475,54
561.6064,45681,523,463,583,475,50
561.6321,45682,523,463,583,475,50
561.6589,45683,523,463,583,475,50
561.6841,45684,523,463,584,475,50
561.7108,45685,524,463,584,475,50
561.7360,45686,523,463,586,475,49
561.7607,45687,524,463,584,475,47
561.7893,45688,524,463,584,475,47
561.8127,45689,522,464,580,476,51
561.8397,45690,523,463,585,475,44
561.8656,45691,523,464,579,476,50
561.8916,45692,523,463,585,475,47
561.9170,45693,523,463,585,475,47
561.9426,45694,522,464,582,476,52
561.9670,45695,522,464,582,476,52
561.9964,45696,522,464,580,476,51
562.0226,45697,522,464,582,476,56
562.0491,45698,522,464,582,476,56
562.0737,45699,524,462,584,474,60
562.0994,45700,521,459,585,476,71
562.1257,45701,521,459,585,476,71
562.1528,45702,516,458,584,476,67
562.1528,45702,574,454,604,473,37
562.1775,45703,509,462,579,476,60
562.2023,45704,504,463,577,475,55
562.2293,45705,500,464,568,476,53
562.2544,45706,500,464,568,476,53
562.2807,45707,495,464,565,476,53
562.3055,45708,495,464,565,476,53
562.3318,45709,491,465,558,475,48
562.3579,45710,486,464,548,474,46
562.3850,45711,483,464,547,474,46
562.4120,45712,480,464,549,474,42
562.4347,45713,480,464,549,474,42
562.4621,45714,480,464,549,474,42
562.4882,45715,476,464,542,474,45
562.5135,45716,473,464,533,476,64
562.5388,45717,468,462,527,478,65
562.5649,45718,459,462,528,478,66
562.5907,45719,459,462,528,478,66
562.6148,45720,449,465,522,478,63
562.6411,45721,441,466,513,478,64
562.6411,45721,506,460,536,476,41
562.6684,45722,441,466,513,478,64
562.6684,45722,506,460,536,476,41
562.6954,45723,435,466,505,478,51
562.7207,45724,430,468,502,478,45
562.7717,45726,416,468,477,478,42
562.8008,45727,416,468,477,478,42
562.8237,45728,412,468,479,478,37
562.8491,45729,412,468,479,478,37
563.1132,45739,381,462,445,482,65
563.1375,45740,381,462,445,482,65
563.1630,45741,373,462,432,484,72
563.1904,45742,363,463,428,483,65
563.1904,45742,408,462,448,484,42
563.2147,45743,354,463,436,483,58
563.2405,45744,354,463,436,483,58
563.2662,45745,354,463,436,483,58
563.2935,45746,339,463,427,477,56
563.3179,45747,333,462,418,474,54
563.3444,45748,333,462,418,474,54
563.3716,45749,327,462,418,474,57
563.3991,45750,322,460,414,472,63
563.4234,45751,316,459,410,471,63
563.4478,45752,311,462,405,474,58
563.4738,45753,307,458,402,471,64
563.4996,45754,307,458,402,471,64
563.5254,45755,303,457,396,471,65
563.5522,45756,299,458,394,472,64
563.5778,45757,296,458,392,472,65
563.6029,45758,292,458,386,470,63
563.6289,45759,292,458,386,470,63
563.6547,45760,289,457,382,469,64
563.6793,45761,289,457,382,469,64
563.7081,45762,286,459,375,472,61
563.7346,45763,283,457,377,471,64
563.7618,45764,280,456,372,470,64
563.7847,45765,277,456,370,470,64
563.8099,45766,277,456,370,470,64
563.8372,45767,274,457,368,471,63
563.8630,45768,272,457,366,471,63
563.8891,45769,269,455,365,471,65
563.9137,45770,267,457,363,472,64
563.9390,45771,264,456,362,472,65
563.9671,45772,264,456,362,472,65
563.9919,45773,262,455,357,471,68
564.0161,45774,262,455,357,471,68
564.0421,45775,260,455,356,471,69
564.0685,45776,257,455,351,470,66
564.0937,45777,255,454,350,470,68
564.1197,45778,253,454,347,470,70
564.1453,45779,253,454,347,470,70
564.1721,45780,251,454,346,470,70
564.1991,45781,249,454,344,469,68
564.2253,45782,247,452,343,470,71
564.2513,45783,246,453,340,469,70
564.2769,45784,244,453,339,469,69
564.3022,45785,244,453,339,469,69
564.3304,45786,242,452,338,470,71
564.3523,45787,242,452,338,470,71
564.3806,45788,241,452,337,468,69
564.4050,45789,240,452,335,469,68
564.4297,45790,238,452,330,468,69
564.4549,45791,237,452,330,468,69
564.4808,45792,237,452,330,468,69
564.5077,45793,236,451,329,468,70
564.5372,45794,234,451,328,469,69
564.5612,45795,233,451,326,468,68
564.5850,45796,232,450,325,468,69
564.6108,45797,230,450,324,468,67
564.6369,45798,230,450,324,468,67
564.6625,45799,229,451,310,467,57
564.6873,45800,225,451,298,467,54
564.7129,45801,225,451,298,467,54
564.7425,45802,222,450,304,468,62
564.7658,45803,219,448,303,468,65
564.7908,45804,214,446,299,468,63
564.8160,45805,214,446,299,468,63
564.8420,45806,210,443,296,467,70
564.8686,45807,206,441,294,467,72
564.8949,45808,205,441,289,467,71
564.9206,45809,209,435,262,465,69
564.9465,45810,209,435,262,465,69
564.9719,45811,215,430,250,470,70
564.9976,45812,216,430,241,474,70
564.9976,45812,219,449,272,473,37
565.0229,45813,216,430,241,474,70
565.0229,45813,219,449,272,473,37
565.0525,45814,214,431,252,475,72
565.0778,45815,212,421,247,475,73
565.1022,45816,212,419,248,477,77
565.1286,45817,211,415,251,477,77
565.1539,45818,211,415,251,477,77
565.1826,45819,212,412,254,478,77
565.2074,45820,212,410,256,481,77
565.2325,45821,213,407,259,481,77
565.2581,45822,213,405,261,475,78
565.2830,45823,212,402,262,474,80
565.3088,45824,212,402,262,474,80
565.3346,45825,211,402,265,474,80
565.3607,45826,211,402,265,474,80
565.3862,45827,210,400,266,472,79
565.4133,45828,212,395,267,467,79
565.4379,45829,212,394,268,466,79
565.4637,45830,212,394,269,468,79
565.4894,45831,212,394,269,468,79
565.5157,45832,214,392,270,466,79
565.5408,45833,214,390,272,464,79
565.5699,45834,216,389,273,463,80
565.5940,45835,215,388,274,464,79
565.6191,45836,217,390,276,460,77
565.6460,45837,217,390,276,460,77
565.6722,45838,237,396,281,434,75
565.6959,45839,237,396,281,434,75
565.7227,45840,233,399,285,435,70
565.7478,45841,233,399,289,438,60
565.7728,45842,232,397,293,432,58
565.7984,45843,233,398,298,422,57
565.8255,45844,233,398,298,422,57
565.8520,45845,232,399,302,422,60
565.8784,45846,235,396,306,416,64
565.9042,45847,238,396,309,416,64
565.9292,45848,244,399,312,413,60
565.9546,45849,245,398,314,414,65
565.9809,45850,245,398,314,414,65
566.0088,45851,241,396,317,412,68
566.0322,45852,241,396,317,412,68
566.0594,45853,239,396,319,412,66
566.0877,45854,245,398,321,414,62
566.1127,45855,243,396,322,412,66
566.1384,45856,243,396,324,412,67
566.1640,45857,243,397,326,413,63
566.1896,45858,243,397,326,413,63
566.2171,45859,244,397,328,413,61
566.2429,45860,246,395,330,411,66
566.2680,45861,244,395,331,413,65
566.2941,45862,252,398,334,414,61
566.3185,45863,252,398,334,414,61
566.3456,45864,248,395,334,413,61
566.3712,45865,256,396,336,412,64
566.3971,45866,256,396,336,412,64
566.4230,45867,258,398,336,414,59
566.4499,45868,258,398,336,414,59
566.4742,45869,253,395,339,413,67
566.5014,45870,255,395,341,413,65
566.5278,45871,255,395,341,413,65
566.5529,45872,255,397,342,414,59
566.5776,45873,256,396,343,414,64
566.6036,45874,256,395,343,413,66
566.6287,45875,256,396,345,414,63
566.6577,45876,256,396,345,414,63
566.6822,45877,257,397,345,414,60
566.7089,45878,256,396,347,412,63
566.7330,45879,256,396,347,412,63
566.7592,45880,258,396,348,413,60
566.7848,45881,264,400,350,414,60
566.8105,45882,267,400,350,414,59
566.8354,45883,267,400,350,414,59
566.8614,45884,267,400,350,414,59
566.8870,45885,270,399,352,413,58
566.9145,45886,269,400,352,414,61
566.9377,45887,272,399,353,413,59
566.9631,45888,275,400,354,413,59
566.9889,45889,275,400,354,413,59
567.0158,45890,274,401,355,415,62
567.0407,45891,274,401,355,415,62
567.0665,45892,278,401,356,414,61
567.0919,45893,281,400,356,412,60
567.1178,45894,279,400,358,414,61
567.1448,45895,276,401,358,414,61
567.1706,45896,278,400,358,414,61
567.1960,45897,278,400,358,414,61
567.2218,45898,276,400,358,413,60
567.2478,45899,276,400,358,413,60
567.2721,45900,276,401,360,413,61
567.2980,45901,277,400,361,413,59
567.3250,45902,277,400,361,413,59
567.3519,45903,276,400,362,414,60
567.3779,45904,276,401,362,414,61
567.4041,45905,276,401,362,414,61
567.4306,45906,278,401,363,413,58
567.4574,45907,279,400,363,413,61
567.4826,45908,278,400,364,414,58
567.5091,45909,277,400,365,414,57
567.5328,45910,277,400,365,414,57
567.5606,45911,280,400,366,413,58
567.5855,45912,279,400,366,414,59
567.6094,45913,284,400,366,414,58
567.6351,45914,284,400,366,414,58
567.6618,45915,284,400,366,414,58
567.6880,45916,282,399,367,413,57
567.7129,45917,286,400,367,413,54
567.7389,45918,286,400,367,413,54
567.7672,45919,284,400,368,414,55
567.7923,45920,286,400,368,413,56
567.8170,45921,288,400,369,413,52
567.8432,45922,284,400,369,414,56
567.8693,45923,284,400,369,414,56
567.8953,45924,286,400,370,414,53
567.9212,45925,287,399,370,413,53
567.9467,45926,290,400,370,413,52
567.9726,45927,286,400,371,414,50
567.9973,45928,286,400,371,414,50
568.0231,45929,286,399,372,413,53
568.0493,45930,286,399,372,413,53
568.0757,45931,286,399,372,413,53
568.1009,45932,289,400,371,414,48
568.1289,45933,286,400,372,414,48
568.1547,45934,286,399,373,413,49
568.1790,45935,284,399,373,413,48
568.2061,45936,284,399,373,413,48
568.2305,45937,286,400,374,414,35
568.2568,45938,286,399,374,413,49
568.2816,45939,280,397,373,413,41
568.3066,45940,286,400,375,414,40
568.3339,45941,286,400,375,414,40
568.3609,45942,286,400,375,414,48
568.3864,45943,279,396,374,414,43
568.4144,45944,279,396,374,414,43
568.4405,45945,286,398,375,414,45
568.4664,45946,280,396,373,414,41
568.4918,45947,288,399,376,414,44
568.5160,45948,320,397,372,421,66
568.5447,45949,320,397,372,421,66
568.5693,45950,324,394,380,424,71
568.5959,45951,326,395,389,423,73
568.6219,45952,318,395,397,425,72
568.6474,45953,322,400,404,428,72
568.6729,45954,322,400,404,428,72
568.6991,45955,333,405,410,431,75
568.7272,45956,340,407,416,433,76
568.7507,45957,340,407,416,433,76
568.7779,45958,342,406,420,434,74
568.8033,45959,342,406,425,436,73
568.8287,45960,348,408,429,438,72
568.8527,45961,356,409,434,439,71
568.8787,45962,356,409,434,439,71
568.9048,45963,372,412,436,440,72
568.9309,45964,376,413,440,442,73
568.9560,45965,383,417,443,443,75
568.9832,45966,384,417,446,443,74
569.0089,45967,384,417,446,443,74
569.0346,45968,385,416,449,444,73
569.0622,45969,396,422,447,453,73
569.0857,45970,405,415,457,457,75
569.1139,45971,405,415,457,457,75
569.1395,45972,401,414,471,460,51
569.1665,45973,412,434,482,464,63
569.1915,45974,420,440,492,468,64
569.2186,45975,430,443,500,471,71
569.2442,45976,430,443,500,471,71
569.2710,45977,455,445,508,471,63
569.2959,45978,462,448,522,470,76
569.3232,45979,472,447,540,463,61
569.3478,45980,487,441,553,461,75
569.3740,45981,487,441,553,461,75
569.4005,45982,497,438,566,464,77
569.4253,45983,503,435,575,463,77
569.4520,45984,503,435,575,463,77
569.4780,45985,506,433,586,463,77
569.5027,45986,512,431,594,463,73
569.5295,45987,519,428,601,462,74
569.5532,45988,527,426,609,460,74
569.5797,45989,527,426,609,460,74
569.6043,45990,531,424,615,460,76
569.6311,45991,547,415,619,446,75
569.6558,45992,560,413,630,445,78
569.6826,45993,570,411,641,445,75
569.7077,45994,570,411,641,445,75
569.7361,45995,572,408,651,442,73
569.7611,45996,574,405,660,437,76
569.7858,45997,574,405,660,437,76
569.8129,45998,582,404,668,430,75
569.8385,45999,590,402,675,424,75
569.8633,46000,589,399,682,423,74
569.8892,46001,589,399,682,423,74
569.9158,46002,594,398,688,420,69
569.9407,46003,602,396,694,418,71
569.9680,46004,605,395,699,417,72
569.9937,46005,609,395,704,417,72
570.0175,46006,612,394,708,416,73
570.0441,46007,612,394,708,416,73
570.0708,46008,618,393,714,415,74
570.0966,46009,622,392,718,416,74
570.1228,46010,622,392,718,416,74
570.1494,46011,627,391,721,415,76
570.1765,46012,632,390,725,414,75
570.1991,46013,635,388,729,414,77
570.2275,46014,635,388,729,414,77
570.2527,46015,647,385,731,409,75
570.2790,46016,670,386,740,409,75
570.3048,46017,688,384,748,406,71
570.3048,46017,660,387,720,411,48
570.3306,46018,702,383,756,407,72
570.3554,46019,704,382,764,409,75
570.3817,46020,704,382,764,409,75
570.4097,46021,708,382,770,410,76
570.4328,46022,708,382,776,412,77
570.4598,46023,708,382,776,412,77
570.4854,46024,699,382,781,414,75
570.5122,46025,709,384,787,415,75
570.5358,46026,705,379,791,415,74
570.5627,46027,705,379,791,415,74
570.5893,46028,721,389,796,417,73
570.6146,46029,731,393,799,418,72
570.6407,46030,726,390,803,419,69
570.6645,46031,724,390,806,420,71
570.6915,46032,724,390,806,420,71
570.7174,46033,731,395,811,421,69
570.7428,46034,732,395,812,425,68
570.7706,46035,770,396,804,436,57
570.7938,46036,774,395,808,431,68
570.8206,46037,774,395,808,431,68
570.8462,46038,765,393,811,429,74
570.8717,46039,758,399,814,431,66
570.8970,46040,758,399,814,431,66
570.9242,46041,751,403,815,432,57
570.9487,46042,745,412,813,434,56
570.9774,46043,740,413,810,437,61
571.0015,46044,738,417,794,443,63
571.0280,46045,731,413,783,451,77
571.0531,46046,731,413,783,451,77
571.0797,46047,721,410,789,454,77
571.1072,46048,712,407,788,457,76
571.1320,46049,706,411,782,461,76
571.1584,46050,706,411,782,461,76
571.1848,46051,698,417,778,465,77
571.2100,46052,692,418,777,468,75
571.2359,46053,692,418,777,468,75
571.2618,46054,692,418,777,468,75
571.2896,46055,683,425,769,469,69
571.3128,46056,662,453,724,473,60
571.3388,46057,636,446,714,476,52
571.3636,46058,612,465,680,479,48
571.3899,46059,612,465,680,479,48
571.4167,46060,594,468,667,480,52
571.4432,46061,578,468,640,480,56
571.4666,46062,565,468,627,480,59
571.4939,46063,565,468,627,480,59
571.5193,46064,552,468,614,480,55
571.5462,46065,541,470,605,480,47
571.5710,46066,532,472,592,482,30
571.5970,46067,532,472,592,482,30
571.6729,46070,507,473,567,482,43
571.6981,46071,500,473,560,482,39
571.7251,46072,500,473,560,482,39
571.7523,46073,494,473,555,482,36
571.7775,46074,488,474,548,482,38
571.8025,46075,483,474,544,482,33
571.8282,46076,483,474,544,482,33
571.8538,46077,477,474,536,482,34
571.8791,46078,473,473,531,482,34
571.9055,46079,473,473,531,482,34
571.9319,46080,468,474,528,482,30
571.9848,46082,460,466,520,484,69
572.0097,46083,452,465,514,487,73
572.0372,46084,452,465,514,487,73
572.0624,46085,452,465,514,487,73
572.0881,46086,433,466,502,484,66
572.1149,46087,425,465,500,480,58
572.1397,46088,418,465,494,479,58
572.1644,46089,418,465,494,479,58
572.1919,46090,412,465,488,477,55
572.2158,46091,406,465,484,477,49
572.2419,46092,402,459,473,477,64
572.2680,46093,402,459,473,477,64
572.2940,46094,392,456,457,478,73
572.3205,46095,377,458,445,476,66
572.3454,46096,364,456,440,472,63
572.3710,46097,353,456,442,470,66
572.3971,46098,353,456,442,470,66
572.4219,46099,344,454,433,470,67
572.4485,46100,344,454,433,470,67
572.4731,46101,327,454,415,468,67
572.4986,46102,320,453,410,468,70
572.5238,46103,320,453,410,468,70
572.5493,46104,313,452,406,468,70
572.5765,46105,313,452,406,468,70
572.6018,46106,306,452,400,468,68
572.6271,46107,302,452,394,468,65
572.6519,46108,296,452,389,468,67
572.6772,46109,290,451,385,469,68
572.7038,46110,290,451,385,469,68
572.7291,46111,286,451,381,469,67
572.7557,46112,282,451,379,469,60
572.7812,46113,277,450,374,466,50
572.8077,46114,273,451,370,466,45
572.8336,46115,273,451,370,466,45
572.8590,46116,273,451,370,466,45
573.3468,46135,232,442,274,474,70
573.3729,46136,232,442,274,474,70
573.3984,46137,235,437,266,473,76
573.4246,46138,232,435,275,469,81
573.4512,46139,229,437,282,472,75
573.4767,46140,226,444,292,478,73
573.5016,46141,226,444,292,478,73
573.5286,46142,229,450,304,478,72
573.5536,46143,243,460,314,478,45
573.5792,46144,243,460,314,478,45
573.6057,46145,264,467,326,481,62
573.6335,46146,263,466,336,482,69
573.6576,46147,278,465,346,484,72
573.6576,46147,256,463,288,483,31
573.6821,46148,280,464,354,484,70
573.7071,46149,280,464,354,484,70
573.7359,46150,284,462,362,482,67
573.7607,46151,288,461,369,481,64
573.7860,46152,294,460,374,478,63
573.8116,46153,305,460,381,474,62
573.8365,46154,305,460,381,474,62
573.8628,46155,319,460,386,470,63
573.8906,46156,324,460,390,470,64
573.9179,46157,324,460,390,470,64
573.9448,46158,330,458,392,472,69
573.9691,46159,349,452,394,482,78
573.9956,46160,348,451,407,484,79
574.0197,46161,353,456,419,487,72
574.0462,46162,353,456,419,487,72
574.0725,46163,351,459,429,489,70
574.0987,46164,358,463,436,491,71
574.1235,46165,367,468,443,490,63
574.1486,46166,407,471,452,492,75
574.1751,46167,407,471,452,492,75
574.2005,46168,406,470,470,490,76
574.2255,46169,406,470,470,490,76
574.2516,46170,420,462,481,486,74
574.2771,46171,432,457,492,487,77
574.3048,46172,433,454,501,488,76
574.3294,46173,438,450,509,488,75
574.3544,46174,443,449,516,487,76
574.3816,46175,443,449,516,487,76
574.4069,46176,451,446,524,484,77
574.4326,46177,461,443,530,477,78
574.4587,46178,462,441,535,477,77
574.4837,46179,468,439,540,474,76
574.5091,46180,468,439,540,474,76
574.5343,46181,471,437,545,473,75
574.5606,46182,474,435,550,469,72
574.5850,46183,474,435,550,469,72
574.6129,46184,478,434,554,466,73
574.6368,46185,480,432,558,466,76
574.6629,46186,483,431,561,465,77
574.6880,46187,483,431,561,465,77
574.7146,46188,486,429,565,462,77
574.7390,46189,487,428,567,462,76
574.7643,46190,490,426,570,458,74
574.7909,46191,491,426,573,458,74
574.8171,46192,496,424,578,454,75
574.8419,46193,496,424,578,454,75
574.8692,46194,497,423,580,453,75
574.8941,46195,498,422,582,452,77
574.9208,46196,498,422,582,452,77
574.9468,46197,499,422,585,452,76
574.9717,46198,500,422,588,452,77
574.9973,46199,502,421,590,451,77
575.0228,46200,502,421,590,451,77
575.0508,46201,504,420,592,449,77
575.0764,46202,507,419,595,447,78
575.1020,46203,510,418,597,446,78
575.1277,46204,511,418,599,444,78
575.1518,46205,511,418,599,444,78
575.1795,46206,510,418,600,445,79
575.2047,46207,512,418,602,444,79
575.2299,46208,514,418,604,442,78
575.2559,46209,514,418,604,442,78
575.2829,46210,516,417,606,441,77
575.3078,46211,516,417,606,441,76
575.3323,46212,518,416,608,440,77
575.3578,46213,518,416,608,440,77
575.3846,46214,520,415,610,439,77
575.4113,46215,522,415,612,439,76
575.4366,46216,522,414,614,438,76
575.4605,46217,524,414,616,438,75
575.4867,46218,524,414,616,438,75
575.5130,46219,525,413,617,437,75
575.5389,46220,527,412,619,436,75
575.5656,46221,530,413,620,435,74
575.5916,46222,530,413,620,435,74
575.6178,46223,530,412,622,434,74
575.6414,46224,531,412,623,434,74
575.6684,46225,533,411,624,433,73
575.6928,46226,533,411,624,433,73
575.7223,46227,534,410,625,434,74
575.7447,46228,536,410,626,432,74
575.7694,46229,536,410,627,432,74
575.7946,46230,538,409,628,431,75
575.8208,46231,538,409,628,431,75
575.8482,46232,538,409,629,431,73
575.8731,46233,540,409,630,430,73
575.8984,46234,539,409,631,431,74
575.9253,46235,539,409,631,431,74
575.9492,46236,540,408,632,430,73
575.9747,46237,543,409,633,429,71
576.0012,46238,542,408,634,430,72
576.0282,46239,542,408,634,430,72
576.0530,46240,542,408,634,430,72
576.0798,46241,544,408,635,429,71
576.1029,46242,548,408,636,428,70
576.1297,46243,548,408,636,428,70
576.1567,46244,548,408,637,428,71
576.1825,46245,550,408,638,428,71
576.2081,46246,556,407,640,427,72
576.2325,46247,551,407,639,427,71
576.2582,46248,551,407,639,427,71
576.2845,46249,556,406,642,426,71
576.3110,46250,558,406,642,426,72
576.3362,46251,558,406,642,426,72
576.3629,46252,558,405,642,425,71
576.3896,46253,558,405,644,425,72
576.4154,46254,560,406,644,424,70
576.4406,46255,560,406,644,424,70
576.4664,46256,562,404,646,424,70
576.4919,46257,562,404,646,424,70
576.5173,46258,566,404,646,422,70
576.5442,46259,570,404,648,422,70
576.5687,46260,563,403,647,423,73
576.5947,46261,562,404,648,424,72
576.6197,46262,562,404,648,424,72
576.6464,46263,575,404,649,422,71
576.6716,46264,575,404,649,422,71
576.6979,46265,579,403,650,421,72
576.7235,46266,574,403,651,423,73
576.7492,46267,576,402,652,422,73
576.7748,46268,566,403,650,423,72
576.8011,46269,577,402,651,422,72
576.8259,46270,577,402,651,422,72
576.8517,46271,577,402,651,422,72
576.8772,46272,579,402,653,422,73
576.9029,46273,584,402,654,422,73
576.9278,46274,584,402,654,422,73
576.9537,46275,582,402,654,422,73
576.9790,46276,582,402,654,421,73
577.0046,46277,582,402,654,421,73
577.0311,46278,580,402,654,422,73
577.0569,46279,579,402,655,422,73
577.0827,46280,571,402,655,422,73
577.1090,46281,580,401,656,421,72
577.1332,46282,580,401,656,421,72
577.1607,46283,572,401,656,421,72
577.1863,46284,572,401,656,421,72
577.2118,46285,580,400,656,420,72
577.2363,46286,580,400,656,420,72
577.2637,46287,580,400,656,420,72
577.2878,46288,580,400,658,420,71
577.3138,46289,586,400,658,420,70
577.3420,46290,586,400,658,420,70
577.3665,46291,585,400,659,420,70
577.3917,46292,585,400,659,420,70
577.4160,46293,588,400,660,420,71
577.4428,46294,583,400,660,419,69
577.4680,46295,583,400,660,419,69
577.4964,46296,589,400,659,420,69
577.5208,46297,588,399,660,419,68
577.5475,46298,592,400,658,420,70
577.5718,46299,606,398,654,424,72
577.5979,46300,606,398,654,424,72
577.6232,46301,607,391,647,431,41
577.6494,46302,607,391,647,431,41
577.6746,46303,607,391,647,431,41
577.7019,46304,622,385,646,440,71
577.7280,46305,621,387,647,445,76
577.7530,46306,620,387,648,447,77
577.7777,46307,620,387,648,447,77
577.8041,46308,614,389,650,441,79
577.8305,46309,608,401,654,438,75
577.8562,46310,598,410,658,444,75
577.8821,46311,592,402,660,448,77
577.9065,46312,583,409,660,451,78
577.9336,46313,583,409,660,451,78
577.9595,46314,576,411,658,453,76
577.9847,46315,571,416,654,454,73
578.0117,46316,571,416,654,454,73
578.0379,46317,565,420,649,456,72
578.0649,46318,561,424,647,458,73
578.0894,46319,556,426,642,460,75
578.1147,46320,552,430,641,460,74
578.1398,46321,552,430,641,460,74
578.1682,46322,548,435,636,461,70
578.1937,46323,545,436,636,462,74
578.2186,46324,540,444,618,464,68
578.2436,46325,538,444,617,464,67
578.2699,46326,538,444,617,464,67
578.2957,46327,535,444,613,466,67
578.3204,46328,532,448,604,466,68
578.3465,46329,532,448,604,466,68
578.3719,46330,530,448,602,467,71
578.3997,46331,527,449,601,469,72
578.4241,46332,524,447,592,467,69
578.4494,46333,521,443,595,467,71
578.4761,46334,521,443,595,467,71
578.5020,46335,513,448,583,467,66
578.5283,46336,505,453,574,465,58
578.5518,46337,499,454,569,466,56
578.5778,46338,493,454,567,465,41
578.6036,46339,493,454,567,465,41
578.6294,46340,488,454,566,465,42
578.6558,46341,483,454,567,466,51
578.6811,46342,483,454,567,466,51
578.7076,46343,479,454,564,466,54
578.7319,46344,476,454,562,466,56
578.7570,46345,471,454,542,465,51
578.7833,46346,471,454,542,465,51
578.8093,46347,467,454,541,466,57
578.8362,46348,464,454,535,466,56
578.8611,46349,461,454,530,466,60
578.8869,46350,458,454,532,466,63
578.9119,46351,458,454,532,466,63
578.9405,46352,455,454,526,466,63
578.9656,46353,452,454,526,466,63
578.9928,46354,450,454,524,467,64
579.0179,46355,450,454,524,467,64
579.0457,46356,447,454,523,467,65
579.0684,46357,444,454,519,468,66
579.0956,46358,442,454,520,468,66
579.1205,46359,442,454,520,468,66
579.1468,46360,440,454,521,468,67
579.1726,46361,438,452,525,468,67
579.1984,46362,436,452,524,468,67
579.2238,46363,434,452,524,468,67
579.2493,46364,432,452,522,468,65
579.2764,46365,432,452,522,468,65
579.3014,46366,430,454,514,468,64
579.3267,46367,429,452,521,468,64
579.3527,46368,429,452,521,468,64
579.3781,46369,428,451,521,469,66
579.4041,46370,426,451,520,469,67
579.4295,46371,424,453,512,469,65
579.4552,46372,424,453,512,469,65
579.4829,46373,422,451,518,469,66
579.5096,46374,421,452,513,470,66
579.5346,46375,419,451,515,469,67
579.5591,46376,418,453,510,469,66
579.5835,46377,416,454,508,470,66
579.6119,46378,416,454,508,470,66
579.6372,46379,415,454,507,470,66
579.6644,46380,414,454,507,470,66
579.6895,46381,413,454,506,470,65
579.7162,46382,413,454,506,470,65
579.7431,46383,411,454,506,470,67
579.7669,46384,410,456,500,470,64
579.7930,46385,410,456,500,470,64
579.8190,46386,409,454,505,470,65
579.8457,46387,408,456,498,470,63
579.8706,46388,406,456,501,470,66
579.8957,46389,406,456,501,470,66
579.9211,46390,404,455,501,471,66
579.9473,46391,404,455,501,471,66
579.9745,46392,404,456,496,471,65
580.0008,46393,403,457,490,471,64
580.0256,46394,402,457,488,471,63
580.0514,46395,402,457,488,471,63
580.0771,46396,401,457,488,471,64
580.1038,46397,400,457,488,471,63
580.1284,46398,400,457,488,471,63
580.1550,46399,399,457,484,471,63
580.1792,46400,398,457,483,471,62
580.2065,46401,398,457,484,471,63
580.2310,46402,396,458,472,472,63
580.2570,46403,396,458,472,472,63
580.2831,46404,396,458,472,472,62
580.3112,46405,395,459,469,471,62
580.3361,46406,395,458,472,472,63
580.3609,46407,394,458,471,472,64
580.3858,46408,394,458,471,472,64
580.4128,46409,394,459,470,471,64
580.4359,46410,393,459,468,471,64
580.4639,46411,393,459,468,471,64
580.4910,46412,392,458,472,472,65
580.5160,46413,391,459,468,471,64
580.5415,46414,391,459,465,471,64
580.5664,46415,390,459,457,471,63
580.5925,46416,390,459,457,471,63
580.6191,46417,389,459,466,471,64
580.6441,46418,389,459,464,471,64
580.6706,46419,389,459,464,471,64
580.6963,46420,388,460,465,472,63
580.7246,46421,388,460,458,472,61
580.7486,46422,387,460,460,472,63
580.7737,46423,387,460,464,472,62
580.7995,46424,387,460,464,472,62
580.8268,46425,386,460,460,472,60
580.8522,46426,386,460,460,472,60
580.8779,46427,385,460,464,472,61
580.9046,46428,385,460,464,472,61
580.9309,46429,384,460,456,472,59
580.9558,46430,384,460,454,472,58
580.9812,46431,383,460,452,472,58
581.0066,46432,383,460,452,472,58
581.0345,46433,383,460,455,472,58
581.0598,46434,383,460,450,472,59
581.0843,46435,382,460,452,472,59
581.1111,46436,382,460,448,472,58
581.1357,46437,382,460,448,472,58
581.1626,46438,381,460,450,472,59
581.1898,46439,381,460,449,472,57
581.2146,46440,381,460,446,472,57
581.2393,46441,381,460,446,472,57
581.2677,46442,381,460,446,472,57
581.2928,46443,380,460,447,472,58
581.3169,46444,380,460,447,472,58
581.3429,46445,380,460,447,472,58
581.3690,46446,380,460,446,472,58
581.3958,46447,380,460,446,472,58
581.4209,46448,379,460,446,472,61
581.4472,46449,379,460,446,472,61
581.4733,46450,378,460,445,472,60
581.4994,46451,378,460,445,472,60
581.5295,46452,379,460,447,472,62
581.5529,46453,378,460,444,472,61
581.5778,46454,378,460,444,472,63
581.6039,46455,378,460,444,472,63
581.6308,46456,378,460,445,472,63
581.6554,46457,378,460,444,472,64
581.6817,46458,378,460,444,472,64
581.7078,46459,378,460,445,472,64
581.7349,46460,377,460,444,472,64
581.7618,46461,377,460,443,472,64
581.7875,46462,377,461,444,471,64
581.8127,46463,377,459,444,471,70
581.8398,46464,377,459,444,471,70
581.8658,46465,377,454,438,474,75
581.8914,46466,372,454,436,474,74
581.9153,46467,367,454,446,474,71
581.9415,46468,367,454,446,474,71
581.9678,46469,363,454,438,472,71
581.9941,46470,360,453,440,470,72
582.0189,46471,356,452,442,470,73
582.0461,46472,356,452,442,470,73
582.0720,46473,353,452,441,469,72
582.0976,46474,351,452,440,469,69
582.1239,46475,349,451,437,469,70
582.1517,46476,347,451,436,469,70
582.1749,46477,347,451,436,469,70
582.2007,46478,346,450,436,468,70
582.2255,46479,343,450,420,467,69
582.2511,46480,342,450,417,467,69
582.2773,46481,342,450,417,467,69
582.3027,46482,340,449,421,467,71
582.3280,46483,339,449,420,467,69
582.3547,46484,339,449,420,467,69
582.3806,46485,337,449,422,467,70
582.4074,46486,336,449,422,467,67
582.4325,46487,334,448,422,467,64
582.4592,46488,333,448,423,468,68
582.4827,46489,332,448,420,468,67
582.5111,46490,332,448,420,468,67
582.5367,46491,331,447,420,467,65
582.5623,46492,330,447,418,467,68
582.5871,46493,328,447,417,467,64
582.6132,46494,328,447,417,467,64
582.6391,46495,327,446,416,468,64
582.6644,46496,326,446,415,468,68
582.6895,46497,325,445,408,467,65
582.7155,46498,325,445,408,467,65
582.7427,46499,323,445,410,467,70
582.7686,46500,322,445,408,467,70
582.7928,46501,322,444,408,468,66
582.8195,46502,321,444,408,468,69
582.8440,46503,321,444,408,468,69
582.8707,46504,320,447,383,467,57
582.8965,46505,318,446,374,464,58
582.9217,46506,312,447,375,461,34
582.9466,46507,312,447,375,461,34
584.1473,46553,244,439,308,463,71
584.1740,46554,250,431,294,469,76
584.1977,46555,250,432,284,472,77
584.2250,46556,250,432,284,472,77
584.2505,46557,248,430,288,474,80
584.2771,46558,246,424,290,474,78
584.3020,46559,245,418,293,474,81
584.3288,46560,245,418,293,474,81
584.3546,46561,245,415,298,475,83
584.3790,46562,244,412,304,474,81
584.4069,46563,245,410,308,472,80
584.4320,46564,245,410,308,472,80
584.4586,46565,245,410,308,472,80
584.4855,46566,247,405,315,466,80
584.5104,46567,248,403,318,462,80
584.5353,46568,249,400,321,460,79
584.5614,46569,249,400,321,460,79
584.5868,46570,252,398,323,454,79
584.6137,46571,253,396,327,452,79
584.6396,46572,255,394,330,449,79
584.6677,46573,255,394,330,449,79
584.6938,46574,255,393,332,448,79
584.7178,46575,258,395,334,443,75
584.7439,46576,280,397,338,431,73
584.7688,46577,280,397,338,431,73
584.7958,46578,283,396,342,428,66
584.8205,46579,284,395,347,420,63
584.8474,46580,284,395,347,420,63
584.8717,46581,292,394,357,413,66
584.8967,46582,292,394,357,413,66
584.9249,46583,294,394,362,412,66
584.9505,46584,297,394,366,412,68
584.9769,46585,297,395,369,413,68
585.0015,46586,296,395,372,413,68
585.0286,46587,296,395,372,413,68
585.0528,46588,291,393,374,413,68
585.0786,46589,292,393,376,413,70
585.1042,46590,292,393,376,413,70
585.1306,46591,294,392,378,414,70
585.1565,46592,296,391,379,413,72
585.1819,46593,297,390,380,414,72
585.2085,46594,299,389,380,413,70
585.2337,46595,299,389,380,413,70
585.2599,46596,299,389,380,413,70
585.2852,46597,300,389,381,413,69
585.3117,46598,301,388,383,414,68
585.3374,46599,304,390,394,414,70
585.3650,46600,304,390,394,414,70
585.3909,46601,308,390,396,414,68
585.4149,46602,311,391,397,415,64
585.4417,46603,311,391,397,415,64
585.4662,46604,318,394,400,415,63
585.4927,46605,321,395,402,415,62
585.5174,46606,320,394,404,416,62
585.5442,46607,322,394,405,415,62
585.5686,46608,322,394,405,415,62
585.5965,46609,324,396,407,416,59
585.6214,46610,323,396,409,416,62
585.6488,46611,323,396,409,416,62
585.6728,46612,336,397,412,417,61
585.7005,46613,336,397,412,417,61
585.7266,46614,327,396,413,416,61
585.7512,46615,329,396,414,416,60
585.7761,46616,329,396,414,416,60
585.8020,46617,329,397,415,417,63
585.8298,46618,336,398,416,418,60
585.8539,46619,338,399,418,418,62
585.8789,46620,338,399,419,419,62
585.9038,46621,345,400,421,418,63
585.9298,46622,345,400,421,418,63
585.9561,46623,344,400,422,419,63
585.9819,46624,344,400,423,418,63
586.0085,46625,344,400,424,419,64
586.0342,46626,344,400,424,419,64
586.0589,46627,344,400,424,419,64
586.0846,46628,345,401,426,419,68
586.1119,46629,345,401,426,419,68
586.1367,46630,347,400,427,420,68
586.1628,46631,346,400,428,420,68
586.1872,46632,347,401,429,419,70
586.2130,46633,346,400,430,420,70
586.2407,46634,346,400,430,420,70
586.2657,46635,348,400,430,419,70
586.2924,46636,349,401,430,419,71
586.3196,46637,349,400,432,419,70
586.3434,46638,349,399,432,419,71
586.3707,46639,349,399,432,419,71
586.3939,46640,350,399,432,419,70
586.4206,46641,352,401,433,419,70
586.4454,46642,352,401,433,419,70
586.4722,46643,353,401,434,419,71
586.4974,46644,355,401,435,419,70
586.5236,46645,356,402,436,419,69
586.5486,46646,359,402,436,419,70
586.5756,46647,359,402,436,419,70
586.6013,46648,360,402,437,418,69
586.6290,46649,358,401,437,419,69
586.6530,46650,361,402,437,418,68
586.6784,46651,361,403,438,419,68
586.7047,46652,361,403,438,419,68
586.7293,46653,360,402,438,418,68
586.7551,46654,359,402,439,418,68
586.7810,46655,359,402,439,418,68
586.8080,46656,361,402,440,418,68
586.8331,46657,361,402,440,418,69
586.8580,46658,362,402,441,418,68
586.8828,46659,360,402,442,419,69
586.9110,46660,360,402,442,419,69
586.9367,46661,366,402,442,419,68
586.9637,46662,366,403,443,419,70
586.9887,46663,366,403,444,419,69
587.0143,46664,365,402,444,419,70
587.0410,46665,365,402,444,419,70
587.0656,46666,368,402,445,419,70
587.0919,46667,368,402,445,418,70
587.1176,46668,368,402,445,418,70
587.1434,46669,367,402,445,418,70
587.1698,46670,366,401,446,419,69
587.1942,46671,366,402,446,418,69
587.2193,46672,367,402,446,418,70
587.2451,46673,367,402,446,418,70
587.2716,46674,366,402,447,418,70
587.2974,46675,368,402,447,418,70
587.3237,46676,365,402,447,418,69
587.3516,46677,367,402,448,418,70
587.3758,46678,367,402,448,418,70
587.4006,46679,367,402,448,418,70
587.4260,46680,368,402,449,418,69
587.4521,46681,368,402,449,418,69
587.4781,46682,370,402,449,418,70
587.5048,46683,370,402,450,418,70
587.5309,46684,372,402,450,418,70
587.5553,46685,371,402,450,418,69
587.5825,46686,371,402,450,418,69
587.6091,46687,370,402,451,418,69
587.6329,46688,370,402,451,418,69
587.6598,46689,371,402,451,418,68
587.6838,46690,370,402,452,418,67
587.7106,46691,370,402,452,418,67
587.7350,46692,372,402,453,418,69
587.7640,46693,372,402,453,418,69
587.7870,46694,373,402,453,418,69
587.8147,46695,373,402,452,418,70
587.8405,46696,372,402,453,419,72
587.8644,46697,373,401,453,419,72
587.8906,46698,374,401,454,419,73
587.9159,46699,374,401,454,419,73
587.9436,46700,374,402,454,420,73
587.9688,46701,374,402,454,420,73
587.9950,46702,374,402,455,420,73
588.0198,46703,375,402,455,420,73
588.0447,46704,375,402,455,420,73
588.0705,46705,375,402,456,420,73
588.0952,46706,375,402,456,420,73
588.1229,46707,373,402,456,420,73
588.1479,46708,374,402,456,420,73
588.1743,46709,376,402,457,420,73
588.2021,46710,375,402,457,420,73
588.2259,46711,375,402,457,420,73
588.2522,46712,375,402,458,420,73
588.2789,46713,375,402,458,420,73
588.3054,46714,377,402,459,420,73
588.3306,46715,376,402,459,420,73
588.3550,46716,376,402,460,420,73
588.3830,46717,376,402,460,420,73
588.4078,46718,376,402,460,420,72
588.4346,46719,382,402,461,420,73
588.4607,46720,382,402,461,420,73
588.4860,46721,381,402,461,420,72
588.5132,46722,381,402,461,420,72
588.5366,46723,379,402,462,420,72
588.5626,46724,381,402,462,420,72
588.5883,46725,381,402,462,420,72
588.6154,46726,381,402,463,420,72
588.6408,46727,381,402,462,420,72
588.6655,46728,382,402,463,420,73
588.6910,46729,381,402,463,420,74
588.7168,46730,381,402,463,420,74
588.7446,46731,382,402,464,420,73
588.7680,46732,380,402,464,420,73
588.7964,46733,380,402,464,420,73
588.8226,46734,382,402,464,420,73
588.8479,46735,381,402,465,420,73
588.8716,46736,381,402,465,420,72
588.8973,46737,382,402,465,420,72
588.9239,46738,382,402,465,420,72
588.9487,46739,384,402,465,420,72
588.9759,46740,382,402,466,420,72
589.0008,46741,383,402,466,420,72
589.0273,46742,383,402,466,420,72
589.0508,46743,383,402,466,420,72
589.0781,46744,382,402,466,420,72
589.1034,46745,383,402,467,420,71
589.1304,46746,383,402,467,420,71
589.1561,46747,386,402,467,420,71
589.1796,46748,384,402,467,420,71
589.2051,46749,385,403,468,419,72
589.2308,46750,385,403,468,419,72
589.2577,46751,385,403,468,419,72
589.2847,46752,383,402,468,420,71
589.3122,46753,384,402,468,419,70
589.3381,46754,385,403,468,419,69
589.3629,46755,384,401,469,419,69
589.3878,46756,384,401,469,419,69
589.4142,46757,385,402,469,419,70
589.4396,46758,388,403,469,419,69
589.4666,46759,388,403,469,419,69
589.4922,46760,386,402,469,419,68
589.5174,46761,388,402,469,418,68
589.5436,46762,395,403,468,420,69
589.5696,46763,412,399,463,429,74
589.5956,46764,412,399,463,429,74
589.6206,46765,411,394,457,434,76
589.6489,46766,411,394,457,434,76
589.6739,46767,425,388,454,444,73
589.6982,46768,423,388,453,446,70
589.7258,46769,423,388,453,446,70
589.7529,46770,420,388,453,450,67
589.7782,46771,433,389,453,453,58
589.8040,46772,433,389,453,453,58
589.8287,46773,432,388,454,456,65
589.8557,46774,436,392,454,458,66
589.8807,46775,436,391,454,460,69
589.9063,46776,435,391,454,462,70
589.9321,46777,435,391,454,462,70
589.9592,46778,435,392,454,464,71
589.9852,46779,434,395,453,465,71
590.0111,46780,428,401,454,461,76
590.0361,46781,428,401,454,461,76
590.0636,46782,428,401,454,461,76
590.0877,46783,414,424,462,456,74
590.1142,46784,408,420,466,460,76
590.1405,46785,408,420,466,460,76
590.1661,46786,403,418,466,462,77
590.1927,46787,398,418,467,462,77
590.2189,46788,393,422,468,464,78
590.2441,46789,388,428,464,464,77
590.2707,46790,388,428,464,464,77
590.2961,46791,385,430,463,466,76
590.3219,46792,381,432,460,466,76
590.3467,46793,378,436,456,468,72
590.3727,46794,375,438,455,468,71
590.3983,46795,375,438,455,468,71
590.4256,46796,372,438,456,468,68
590.4520,46797,372,438,456,468,68
590.4786,46798,362,451,432,469,62
590.5038,46799,362,451,432,469,62
590.5308,46800,352,454,424,470,68
590.5554,46801,343,453,420,469,70
590.5807,46802,335,454,416,468,65
590.6080,46803,335,454,416,468,65
590.6331,46804,328,452,417,469,66
590.6593,46805,320,455,411,469,62
590.6848,46806,314,455,408,469,63
590.7090,46807,309,458,398,470,63
590.7354,46808,309,458,398,470,63
590.7620,46809,304,458,394,470,60
590.7889,46810,300,459,382,471,60
590.8140,46811,294,460,378,470,57
590.8420,46812,294,460,378,470,57
590.8679,46813,294,460,378,470,57
590.8926,46814,286,460,367,472,53
590.9176,46815,283,461,364,471,54
590.9432,46816,283,461,364,471,54
590.9705,46817,279,461,367,472,56
590.9972,46818,276,462,364,472,54
591.0221,46819,273,461,362,473,55
591.0488,46820,270,461,358,473,58
591.0747,46821,267,461,357,473,59
591.1008,46822,267,461,357,473,59
591.1265,46823,264,462,356,472,54
591.1508,46824,262,461,353,473,55
591.1787,46825,262,461,353,473,55
591.2028,46826,259,461,352,473,55
591.2292,46827,256,460,348,473,55
591.2539,46828,253,462,343,474,52
591.2791,46829,253,462,343,474,52
591.3066,46830,253,460,346,473,53
591.3325,46831,252,460,345,472,40
591.3578,46832,250,460,343,472,31
591.3835,46833,244,462,325,474,32
591.4089,46834,244,462,325,474,32
592.2681,46867,208,462,260,480,53
592.2930,46868,214,456,253,488,68
592.3187,46869,214,456,253,488,68
592.3449,46870,217,451,251,493,77
592.3706,46871,218,448,248,496,76
592.3970,46872,218,446,245,501,72
592.4221,46873,219,446,246,504,43
592.4473,46874,219,446,246,504,43
592.4747,46875,228,446,258,472,41
592.5006,46876,230,445,258,469,37
592.5263,46877,228,444,258,464,46
592.5511,46878,228,444,258,464,46
592.5773,46879,223,441,256,461,47
592.6037,46880,222,438,254,460,50
592.6274,46881,220,438,250,462,33
592.6541,46882,220,438,250,462,33
592.6822,46883,220,438,250,460,37
592.7312,46885,210,474,244,516,78
592.7562,46886,206,486,250,514,75
592.7817,46887,206,486,250,514,75
592.8083,46888,204,490,260,512,67
592.8348,46889,205,486,268,512,72
592.8582,46890,208,486,274,512,72
592.8843,46891,208,486,274,512,72
592.9111,46892,216,486,279,512,74
592.9373,46893,220,484,284,512,75
592.9798,46894,220,484,284,512,75
593.0029,46895,230,483,291,513,76
593.0029,46895,201,486,260,512,33
593.0288,46896,233,482,294,514,76
593.0543,46897,233,482,294,514,76
593.0819,46898,236,481,296,513,75
593.1082,46899,242,484,299,514,66
593.1318,46900,240,481,309,505,67
593.1579,46901,254,479,321,505,67
593.1845,46902,254,479,321,505,67
593.2092,46903,281,478,335,490,53
593.2342,46904,284,478,347,490,44
593.2604,46905,284,478,347,490,44
593.2877,46906,300,479,359,488,31
593.3137,46907,307,479,369,487,39
593.3381,46908,315,478,378,486,36
593.3634,46909,324,478,386,486,44
593.3895,46910,324,478,386,486,44
593.4159,46911,335,477,393,486,54
593.4427,46912,341,477,400,487,59
593.4664,46913,344,477,406,487,60
593.4941,46914,349,476,410,486,59
593.5191,46915,349,476,410,486,59
593.5458,46916,356,477,417,487,58
593.5694,46917,365,476,422,486,58
593.5984,46918,365,476,422,486,58
593.6230,46919,367,476,425,486,60
593.6476,46920,367,476,425,486,60
593.6729,46921,375,476,434,486,60
593.6988,46922,378,475,438,486,61
593.7242,46923,378,475,438,486,61
593.7507,46924,377,474,440,486,62
593.7761,46925,376,474,443,486,62
593.8028,46926,379,474,448,486,62
593.8271,46927,388,474,451,486,62
593.8539,46928,388,474,451,486,62
593.8807,46929,389,474,454,485,62
593.9064,46930,396,474,456,484,59
593.9326,46931,396,474,456,484,59
593.9608,46932,395,474,460,484,58
593.9848,46933,399,474,462,484,56
594.0117,46934,405,474,466,484,58
594.0364,46935,405,474,466,484,58
594.0637,46936,405,474,466,484,58
594.0891,46937,408,473,470,483,59
594.1153,46938,409,473,472,483,56
594.1405,46939,421,461,471,487,74
594.1658,46940,423,458,486,489,69
594.1918,46941,423,458,486,489,69
594.2198,46942,426,448,500,480,42
594.2448,46943,452,446,514,480,77
594.2698,46944,452,446,514,480,77
594.2962,46945,455,439,529,471,77
594.3238,46946,462,434,540,462,76
594.3486,46947,503,434,561,448,60
594.3749,46948,520,424,588,452,74
594.3992,46949,520,424,588,452,74
594.4266,46950,538,420,614,448,66
594.4518,46951,538,420,614,448,66
594.4790,46952,564,414,648,428,68
594.5026,46953,580,410,663,428,74
594.5289,46954,590,408,674,428,73
594.5544,46955,590,408,674,428,73
594.5802,46956,620,406,684,428,71
594.6057,46957,620,406,684,428,71
594.6319,46958,645,403,700,431,76
594.6579,46959,642,404,717,432,78
594.6844,46960,643,404,732,434,75
594.7093,46961,658,414,744,436,65
594.7352,46962,658,414,744,436,65
594.7623,46963,672,422,756,438,65
594.7877,46964,682,425,766,439,66
594.8135,46965,693,426,774,440,66
594.8394,46966,693,426,774,440,66
594.8647,46967,721,428,789,442,65
594.8918,46968,721,428,789,442,65
594.9160,46969,730,428,796,442,66
594.9426,46970,730,428,796,442,66
594.9705,46971,739,430,802,442,63
594.9971,46972,737,430,807,443,57
595.0215,46973,747,432,813,444,56
595.0468,46974,752,432,818,444,53
595.0744,46975,752,432,818,444,53
595.1010,46976,758,433,822,445,62
595.1255,46977,764,433,826,445,61
595.1525,46978,767,434,831,446,60
595.1768,46979,774,434,834,446,62
595.2031,46980,777,434,837,446,66
595.2280,46981,777,434,837,446,66
595.2545,46982,777,434,837,446,66
595.2819,46983,777,434,837,446,66
595.3075,46984,782,434,844,447,64
595.3321,46985,786,434,848,447,62
595.3569,46986,794,433,848,451,65
595.3820,46987,808,424,839,462,44
595.4088,46988,808,424,839,462,44
595.4343,46989,804,422,842,460,70
595.4614,46990,794,423,844,465,76
595.4851,46991,787,429,847,469,74
595.5118,46992,778,426,850,472,77
595.5369,46993,772,430,851,474,77
595.5629,46994,772,430,851,474,77
595.5893,46995,764,448,820,472,62
595.6151,46996,764,448,820,472,62
595.6407,46997,753,462,807,474,48
595.6669,46998,740,462,798,478,61
595.6936,46999,728,463,794,481,60
595.7185,47000,719,463,789,485,70
595.7439,47001,719,463,789,485,70
595.7713,47002,711,464,785,488,72
595.7970,47003,704,467,776,491,72
595.8237,47004,702,466,747,500,73
595.8479,47005,693,464,745,506,79
595.8752,47006,680,463,746,511,78
595.8996,47007,680,463,746,511,78
595.9264,47008,671,469,743,517,77
595.9517,47009,664,475,734,521,75
595.9787,47010,664,475,734,521,75
596.0043,47011,656,478,730,524,73
596.0296,47012,650,486,726,528,75
596.0539,47013,645,487,723,531,74
596.0807,47014,645,487,723,531,74
596.1070,47015,652,506,688,540,67
596.1070,47015,702,482,726,507,35
596.1323,47016,654,502,678,544,75
596.1589,47017,652,504,686,547,76
596.1832,47018,650,509,692,549,74
596.2088,47019,649,519,699,551,73
596.2359,47020,649,519,699,551,73
596.2619,47021,650,525,703,554,72
596.2866,47022,653,527,707,556,74
596.3125,47023,653,527,707,556,74
596.3389,47024,653,528,710,558,76
596.3635,47025,656,530,714,560,77
596.3905,47026,657,531,717,563,76
596.4161,47027,657,531,717,563,76
596.4435,47028,664,530,720,560,74
596.4686,47029,678,529,712,564,56
596.4938,47030,689,522,709,570,59
596.5192,47031,692,515,708,571,35
596.5451,47032,692,515,708,571,35
596.5716,47033,690,510,709,568,57
596.5990,47034,690,505,710,564,66
596.6249,47035,689,502,710,562,69
596.6510,47036,689,502,710,562,69
596.6785,47037,688,499,710,559,71
596.7022,47038,687,496,709,558,72
596.7278,47039,687,493,707,558,69
596.7522,47040,687,491,705,556,66
596.7805,47041,687,491,705,556,66
596.8057,47042,686,488,704,554,63
596.8318,47043,686,486,702,552,61
596.8559,47044,686,486,702,560,59
596.8818,47045,678,486,702,545,67
596.9073,47046,678,486,702,545,67
596.9343,47047,665,492,707,538,70
596.9599,47048,657,484,711,523,72
596.9855,47049,657,484,711,523,72
597.0112,47050,649,479,712,521,73
597.0374,47051,639,476,707,518,53
597.0621,47052,632,470,696,512,66
597.0883,47053,632,470,696,512,66
597.1156,47054,626,464,684,502,53
597.1416,47055,616,460,676,500,79
597.1679,47056,610,455,674,500,70
597.1950,47057,605,449,667,497,75
597.2184,47058,603,440,668,488,68
597.2454,47059,603,440,668,488,68
597.2704,47060,594,435,658,485,80
597.2959,47061,585,432,649,484,81
597.3220,47062,585,432,649,484,81
597.3485,47063,576,427,644,483,79
597.3742,47064,570,422,642,478,78
597.3996,47065,561,425,619,459,73
597.4244,47066,561,425,619,459,73
597.4510,47067,546,427,612,443,61
597.4773,47068,530,424,604,438,70
597.5018,47069,516,423,599,439,70
597.5290,47070,504,422,584,436,66
597.5552,47071,493,421,578,435,65
597.5814,47072,493,421,578,435,65
597.6078,47073,484,420,568,434,64
597.6334,47074,476,420,568,434,60
597.6592,47075,468,419,558,433,47
597.6851,47076,468,419,558,433,47
597.7111,47077,461,419,548,433,48
597.7346,47078,454,418,542,434,54
597.7609,47079,454,418,542,434,54
597.7879,47080,448,417,540,433,51
597.8159,47081,443,417,533,433,49
597.8421,47082,436,417,527,433,52
597.8674,47083,432,417,514,433,48
597.8941,47084,428,417,511,433,49
597.9180,47085,428,417,511,433,49
597.9467,47086,422,417,518,433,44
597.9730,47087,419,416,513,434,49
597.9980,47088,414,415,500,431,53
598.0242,47089,414,415,500,431,53
598.0504,47090,412,416,508,434,58
598.0763,47091,406,414,468,430,61
598.1012,47092,400,413,471,433,70
598.1270,47093,400,413,471,433,70
598.1529,47094,392,412,466,430,71
598.1778,47095,385,411,461,430,70
598.2040,47096,382,413,466,431,67
598.2291,47097,377,412,466,430,72
598.2557,47098,377,412,466,430,72
598.2818,47099,373,410,465,430,71
598.3070,47100,366,410,462,430,66
598.3317,47101,362,411,457,431,57
598.3589,47102,362,411,457,431,57
598.3859,47103,358,412,446,430,54
598.4092,47104,353,412,447,430,51
598.4364,47105,353,412,447,430,51
598.4637,47106,353,412,447,430,51
598.4897,47107,349,418,417,434,52
598.5157,47108,343,415,396,439,74
598.5421,47109,334,412,384,436,70
598.5663,47110,323,423,381,437,62
598.5926,47111,323,423,381,437,62
598.6219,47112,314,426,381,440,67
598.6471,47113,307,426,379,440,66
598.6721,47114,301,427,375,441,69
598.6976,47115,301,427,375,441,69
598.7270,47116,295,428,373,442,70
598.7539,47117,290,428,372,442,68
598.7757,47118,286,429,371,443,64
598.8016,47119,280,429,362,443,59
598.8279,47120,280,429,362,443,59
598.8530,47121,280,429,362,443,59
598.8806,47122,273,432,355,444,58
598.9056,47123,269,432,353,444,59
598.9312,47124,264,432,345,444,58
598.9563,47125,264,432,345,444,58
598.9843,47126,260,433,335,445,60
599.0077,47127,257,433,330,445,63
599.0341,47128,257,433,330,445,63
599.0608,47129,254,432,334,446,63
599.0864,47130,251,432,333,446,62
599.1124,47131,248,432,333,446,62
599.1378,47132,248,432,333,446,62
599.1640,47133,246,432,330,446,63
599.1893,47134,244,432,328,446,62
599.2171,47135,242,432,325,446,62
599.2540,47136,242,432,325,446,62
599.2728,47137,242,432,325,446,62
599.2960,47138,238,432,327,448,63
599.3217,47139,236,433,320,447,61
599.3478,47140,234,432,321,448,59
599.3749,47141,232,432,322,448,55
599.3989,47142,232,432,322,448,55
599.4279,47143,229,433,304,447,54
599.4514,47144,227,434,306,448,60
599.4797,47145,226,434,304,448,58
599.5047,47146,226,434,304,448,58
599.5304,47147,225,434,304,448,58
599.5535,47148,223,433,303,447,60
599.5798,47149,222,434,299,448,61
599.6052,47150,220,433,299,447,59
599.6315,47151,220,433,299,447,59
599.6606,47152,220,433,299,447,59
599.6831,47153,218,433,297,447,62
599.7089,47154,216,433,299,447,60
599.7351,47155,216,433,299,447,60
599.7651,47156,215,433,300,447,60
599.7905,47157,214,433,299,447,61
599.8148,47158,213,433,296,447,61
599.8427,47159,213,433,296,447,61
599.8687,47160,212,433,299,447,61
599.8955,47161,211,434,294,448,60
599.9205,47162,211,433,295,447,59
599.9442,47163,210,434,293,448,58
599.9722,47164,211,431,289,448,57
599.9973,47165,211,431,289,448,57
600.0225,47166,218,422,258,454,73
600.0520,47167,218,422,258,454,73
600.0796,47168,218,422,258,454,73
600.1069,47169,218,422,261,458,73
600.1304,47170,216,420,254,462,79
600.1578,47171,215,417,256,461,79
600.1790,47172,213,412,260,462,79
600.2060,47173,213,412,260,462,79
600.2325,47174,213,410,264,460,79
600.2577,47175,214,408,267,462,80
600.2852,47176,215,408,269,464,78
600.3093,47177,216,407,271,463,77
600.3359,47178,216,407,271,463,77
600.3619,47179,217,405,274,459,78
600.3875,47180,218,405,275,459,77
600.4128,47181,218,405,275,459,77
600.4415,47182,220,404,278,454,75
600.4655,47183,224,407,279,450,74
600.4912,47184,229,405,283,429,73
600.5178,47185,232,405,290,427,72
600.5446,47186,232,405,290,427,72
600.5704,47187,232,404,295,426,73
600.5973,47188,233,404,301,426,74
600.6229,47189,238,405,306,425,76
600.6488,47190,234,406,309,426,75
600.6749,47191,234,406,309,426,75
600.7026,47192,236,407,314,427,74
600.7281,47193,241,407,318,427,74
600.7545,47194,241,407,318,427,74
600.7794,47195,246,406,318,432,75
600.8051,47196,270,401,324,441,78
600.8316,47197,269,401,339,442,76
600.8575,47198,272,406,350,450,77
600.8837,47199,291,419,362,453,78
600.9090,47200,291,419,362,453,78
600.9350,47201,296,418,372,456,77
600.9611,47202,304,426,381,460,75
600.9849,47203,307,426,388,462,75
601.0108,47204,314,432,395,464,73
601.0363,47205,314,432,395,464,73
601.0629,47206,315,432,402,466,71
601.0879,47207,320,436,407,468,71
601.1145,47208,320,436,407,468,71
601.1415,47209,325,439,413,471,67
601.1669,47210,340,446,418,472,68
601.1929,47211,351,449,422,473,70
601.2168,47212,355,452,426,475,75
601.2428,47213,355,452,426,475,75
601.2712,47214,368,454,430,476,72
601.2968,47215,378,456,434,478,74
601.3216,47216,379,458,438,478,75
601.3473,47217,379,458,438,478,75
601.3727,47218,390,459,441,477,71
601.3990,47219,396,462,451,476,66
601.4244,47220,404,464,462,475,64
601.4520,47221,404,464,462,475,64
601.4788,47222,404,459,473,477,74
601.5049,47223,422,458,484,478,75
601.5308,47224,429,456,496,474,71
601.5561,47225,437,454,505,471,67
601.5813,47226,437,454,505,471,67
601.6080,47227,450,453,514,471,73
601.6338,47228,450,453,514,471,73
601.6611,47229,454,451,522,471,72
601.6861,47230,455,450,529,470,74
601.7126,47231,454,450,534,470,67
601.7376,47232,457,448,540,470,68
601.7620,47233,461,447,545,470,67
601.7878,47234,461,447,545,470,67
601.8137,47235,464,446,550,470,66
601.8422,47236,474,445,556,467,65
601.8671,47237,476,443,560,467,66
601.8927,47238,478,443,564,467,71
601.9178,47239,478,443,564,467,71
601.9446,47240,482,442,567,466,72
601.9708,47241,485,442,570,466,70
601.9965,47242,485,442,570,466,70
602.0221,47243,495,441,575,462,68
602.0487,47244,495,441,575,462,68
602.0740,47245,500,439,581,461,67
602.1015,47246,497,439,584,463,69
602.1262,47247,497,439,584,463,69
602.1536,47248,514,438,588,458,69
602.1767,47249,502,438,590,461,71
602.2042,47250,507,437,593,458,71
602.2282,47251,508,436,597,458,72
602.2546,47252,508,436,597,458,72
602.2818,47253,511,436,599,456,71
602.3072,47254,513,435,601,455,70
602.3336,47255,513,435,601,455,70
602.3589,47256,512,436,603,456,73
602.3844,47257,518,435,606,453,69
602.4108,47258,517,435,607,455,69
602.4359,47259,517,435,607,455,69
602.4614,47260,517,435,607,455,69
602.4874,47261,524,434,612,452,65
602.5130,47262,527,435,613,451,60
602.5388,47263,539,434,616,450,61
602.5643,47264,536,434,618,450,60
602.5890,47265,536,434,618,450,60
602.6154,47266,535,434,620,450,60
602.6410,47267,550,434,622,448,60
602.6669,47268,550,434,622,448,60
602.6957,47269,555,434,623,448,59
602.7204,47270,552,433,624,449,58
602.7448,47271,558,433,626,447,58
602.7705,47272,557,433,627,447,56
602.7969,47273,557,433,627,447,56
602.8217,47274,562,433,628,447,59
602.8487,47275,562,433,628,447,59
602.8736,47276,563,433,631,447,53
602.8994,47277,558,433,633,447,53
602.9259,47278,558,433,633,447,53
602.9514,47279,568,432,634,446,54
602.9760,47280,568,432,636,446,51
603.0025,47281,568,432,636,446,51
603.0291,47282,569,432,637,445,52
603.0559,47283,568,432,638,445,51
603.0813,47284,564,432,640,445,50
603.1066,47285,564,432,640,445,50
603.1316,47286,564,431,641,445,48
603.1610,47287,574,432,642,445,48
603.1860,47288,564,432,644,445,49
603.2110,47289,568,431,644,445,49
603.2358,47290,568,431,644,445,49
603.2619,47291,568,431,644,445,49
603.2883,47292,594,417,634,451,75
603.3656,47295,592,422,635,454,44
603.3907,47296,592,424,638,452,42
603.4170,47297,583,421,641,444,65
603.4414,47298,577,419,641,437,61
603.4687,47299,577,419,641,437,61
603.4948,47300,574,416,642,448,68
603.5209,47301,568,413,618,441,78
603.5460,47302,559,411,619,441,77
603.5725,47303,549,411,613,441,75
603.5972,47304,549,411,613,441,75
603.6237,47305,540,411,622,445,74
603.6484,47306,540,411,622,445,74
603.6756,47307,540,411,622,445,74
603.7018,47308,528,419,596,451,78
603.7268,47309,522,420,586,452,79
603.7538,47310,517,421,583,453,76
603.7774,47311,512,419,592,455,75
603.8029,47312,512,419,592,455,75
603.8279,47313,507,425,576,457,71
603.8558,47314,504,427,571,458,71
603.8793,47315,499,428,567,460,72
603.9058,47316,499,428,567,460,72
603.9324,47317,496,429,568,461,72
603.9590,47318,492,428,568,462,74
603.9833,47319,490,429,566,463,76
604.0107,47320,490,429,566,463,76
604.0363,47321,487,430,564,464,77
604.0616,47322,483,435,538,462,74
604.0855,47323,474,444,536,460,53
604.1116,47324,474,444,536,460,53
604.2421,47329,429,448,487,468,72
604.2678,47330,429,448,487,468,72
604.2941,47331,412,451,476,467,65
604.3200,47332,396,452,464,470,66
604.3450,47333,396,452,464,470,66
604.3704,47334,385,451,465,469,68
604.3969,47335,374,451,462,467,58
604.4217,47336,365,450,447,466,46
604.4471,47337,365,450,447,466,46
604.4742,47338,355,450,445,466,34
604.5783,47342,327,447,407,459,34
604.6039,47343,327,447,407,459,34
604.6294,47344,321,447,408,459,33
604.6575,47345,316,445,371,463,68
604.6817,47346,307,444,365,464,73
604.7073,47347,307,444,365,464,73
604.7330,47348,296,442,356,464,70
604.7587,47349,287,443,365,465,67
604.7840,47350,287,443,365,465,67
604.8115,47351,277,452,354,466,59
604.8361,47352,270,453,351,467,62
604.8633,47353,263,454,348,468,66
604.8891,47354,256,454,346,468,65
604.9135,47355,256,454,346,468,65
604.9410,47356,251,455,334,468,64
604.9686,47357,245,455,335,469,66
604.9936,47358,242,456,315,469,60
605.0205,47359,245,445,289,475,70
605.0444,47360,245,445,289,475,70
605.0717,47361,245,444,285,478,75
605.0976,47362,242,441,286,477,75
605.1238,47363,238,436,295,474,75
605.1486,47364,238,436,295,474,75
605.1751,47365,237,431,303,473,75
605.2009,47366,236,430,311,470,76
605.2257,47367,247,428,318,464,72
605.2499,47368,255,426,325,458,66
605.2757,47369,255,426,325,458,66
605.3026,47370,259,424,331,452,66
605.3288,47371,262,422,336,446,66
605.3532,47372,268,420,342,442,67
605.3807,47373,268,420,342,442,67
605.4064,47374,266,419,346,439,71
605.4313,47375,268,418,351,436,69
605.4579,47376,268,418,351,436,69
605.4830,47377,267,417,355,435,65
605.5092,47378,266,416,358,434,44
605.5366,47379,268,418,358,434,35
605.5608,47380,309,412,361,438,68
605.5608,47380,279,414,332,436,33
605.5856,47381,311,408,364,446,75
605.6117,47382,311,408,364,446,75
605.6380,47383,323,404,367,452,78
605.6657,47384,327,404,370,456,77
605.6913,47385,321,405,374,460,76
605.7169,47386,321,405,374,460,76
605.7418,47387,322,404,379,464,79
605.7667,47388,324,402,382,466,78
605.7920,47389,324,402,382,466,78
605.8195,47390,330,404,385,470,76
605.8451,47391,334,412,388,472,76
605.8716,47392,336,412,391,476,77
605.8958,47393,338,414,393,478,78
605.9235,47394,341,416,395,480,78
605.9506,47395,341,416,395,480,78
605.9757,47396,342,421,397,482,78
606.0009,47397,342,422,398,484,76
606.0269,47398,344,423,400,487,75
606.0519,47399,344,423,400,487,75
606.0797,47400,346,424,401,488,76
606.1037,47401,346,426,403,488,76
606.1310,47402,347,428,404,490,76
606.1567,47403,347,428,404,490,76
606.1821,47404,348,432,405,490,75
606.2063,47405,351,442,407,490,67
606.2331,47406,351,442,407,490,67
606.2597,47407,369,453,411,487,47
606.2849,47408,370,468,417,486,74
606.3105,47409,364,466,426,486,74
606.3364,47410,364,466,426,486,74
606.3629,47411,372,466,436,486,73
606.3891,47412,369,464,443,483,71
606.4155,47413,374,462,450,480,67
606.4417,47414,374,462,450,480,67
606.4666,47415,384,458,463,480,74
606.4928,47416,384,458,463,480,74
606.5184,47417,386,458,468,480,73
606.5455,47418,392,457,473,479,69
606.5693,47419,403,456,478,478,66
606.5958,47420,403,456,478,478,66
606.6209,47421,403,456,482,479,60
606.6467,47422,407,454,485,478,47
606.6729,47423,407,454,485,478,47
606.6969,47424,411,454,489,478,45
606.7233,47425,415,453,493,478,40
606.7518,47426,417,452,496,478,32
606.7749,47427,425,451,498,475,35
606.8008,47428,425,451,498,475,35
606.8266,47429,423,451,501,475,48
606.8540,47430,423,451,501,475,48
606.8805,47431,424,450,505,476,42
606.9060,47432,427,449,507,475,45
606.9328,47433,427,449,507,475,45
606.9588,47434,433,450,509,474,51
606.9828,47435,440,450,512,472,46
607.0099,47436,440,450,512,472,46
607.0365,47437,441,449,514,472,49
607.0627,47438,448,448,516,470,62
607.0888,47439,448,449,517,471,60
607.1139,47440,448,448,519,472,56
607.1409,47441,448,448,519,472,56
607.1671,47442,448,448,521,470,60
607.1932,47443,447,448,523,472,62
607.2191,47444,452,447,524,471,65
607.2470,47445,452,447,524,471,65
607.2707,47446,452,447,524,471,65
607.2964,47447,448,446,528,470,58
607.3218,47448,449,447,528,469,58
607.3470,47449,450,446,530,468,52
607.3736,47450,450,446,530,468,52
607.3979,47451,454,446,532,468,62
607.4237,47452,450,446,533,470,56
607.4504,47453,451,446,534,470,59
607.4745,47454,450,446,535,470,61
607.5009,47455,450,446,535,470,61
607.5279,47456,448,446,535,470,62
607.5532,47457,448,446,536,471,71
607.5775,47458,449,445,537,471,70
607.6057,47459,449,445,537,471,70
607.6293,47460,450,445,538,471,70
607.6557,47461,450,445,539,471,72
607.6810,47462,451,445,540,471,73
607.7079,47463,451,445,540,471,73
607.7318,47464,452,445,541,472,73
607.7597,47465,454,445,542,471,71
607.7842,47466,453,445,542,473,73
607.8090,47467,453,445,542,473,73
607.8359,47468,454,445,542,473,73
607.8618,47469,456,444,544,472,74
607.8869,47470,457,445,546,471,72
607.9122,47471,458,445,546,471,71
607.9389,47472,458,445,546,471,71
608.0366,47473,460,443,547,469,72
608.0578,47474,461,444,550,470,72
608.0822,47475,464,444,550,468,72
608.1091,47476,464,444,550,468,72
608.1364,47477,463,444,551,468,73
608.1625,47478,464,444,551,470,73
608.1876,47479,463,444,552,470,73
608.2126,47480,463,444,552,470,74
608.2382,47481,463,444,552,470,74
608.2647,47482,463,443,553,471,74
608.2895,47483,465,443,554,470,74
608.3154,47484,465,443,554,470,74
608.3420,47485,466,443,554,470,74
608.3678,47486,466,443,555,469,74
608.3928,47487,466,443,555,470,74
608.4185,47488,467,442,556,470,74
608.4445,47489,467,442,556,470,74
608.4690,47490,467,442,556,470,73
608.4974,47491,468,442,557,470,73
608.5228,47492,469,443,557,470,73
608.5478,47493,469,443,557,470,73
608.5737,47494,469,443,557,470,73
608.5987,47495,469,442,557,470,73
608.6239,47496,470,443,558,470,73
608.6507,47497,470,443,558,470,73
608.6766,47498,470,443,558,471,73
608.7008,47499,470,443,558,471,73
608.7280,47500,471,442,559,470,73
608.7521,47501,471,442,559,470,73
608.7787,47502,471,442,559,470,72
608.8048,47503,471,443,559,471,72
608.8294,47504,472,442,560,470,73
608.8555,47505,472,442,560,470,73
608.8830,47506,472,442,560,470,73
608.9091,47507,474,442,560,470,72
608.9354,47508,473,442,561,470,72
608.9608,47509,474,442,561,468,73
608.9868,47510,474,442,561,468,73
609.0129,47511,475,442,562,468,73
609.0399,47512,476,442,562,468,73
609.0642,47513,475,441,563,469,73
609.0906,47514,475,441,563,469,74
609.1159,47515,475,441,563,469,74
609.1427,47516,477,442,563,468,74
609.1693,47517,476,442,564,468,74
609.1937,47518,477,442,564,468,74
609.2178,47519,477,442,564,470,74
609.2439,47520,477,442,564,470,74
609.2714,47521,478,442,564,469,74
609.2960,47522,478,442,564,469,75
609.3216,47523,478,442,564,469,75
609.3488,47524,478,442,565,470,75
609.3737,47525,479,442,565,470,75
609.3980,47526,479,442,565,470,75
609.4243,47527,479,442,565,470,75
609.4494,47528,479,441,565,469,76
609.4762,47529,482,436,561,466,71
609.5009,47530,514,432,556,464,74
609.5277,47531,516,430,553,468,77
609.5519,47532,516,430,553,468,77
609.5796,47533,525,430,553,470,74
609.6047,47534,525,430,555,472,75
609.6312,47535,516,429,556,472,77
609.6561,47536,516,429,556,472,77
609.6816,47537,518,426,558,472,78
609.7075,47538,518,424,560,472,80
609.7332,47539,515,424,559,470,79
609.7590,47540,515,424,559,470,79
609.7850,47541,514,428,556,472,76
609.8114,47542,514,430,558,468,70
609.8359,47543,517,432,560,468,68
609.8618,47544,524,434,562,470,67
609.8865,47545,524,434,562,470,67
609.9128,47546,526,434,562,470,62
609.9394,47547,524,435,562,469,54
609.9639,47548,523,435,562,469,45
609.9912,47549,497,433,559,451,48
609.9912,47549,540,435,562,469,35
610.0171,47550,497,433,559,451,48
610.0171,47550,540,435,562,469,35
610.0419,47551,495,433,559,447,52
610.0659,47552,493,433,559,451,51
610.0935,47553,493,433,559,451,51
610.1199,47554,490,433,557,447,52
610.1199,47554,501,435,563,467,32
610.1459,47555,488,433,558,448,58
610.1712,47556,487,433,557,449,60
610.1974,47557,485,434,557,450,60
610.2236,47558,485,434,557,450,60
610.2505,47559,484,434,556,450,62
610.2766,47560,482,434,556,450,63
610.3034,47561,482,434,556,450,64
610.3267,47562,481,434,555,450,64
610.3538,47563,481,434,555,450,64
610.3792,47564,480,435,553,449,64
610.4047,47565,479,435,553,449,65
610.4291,47566,479,435,553,449,65
610.4562,47567,479,435,553,449,65
610.4830,47568,477,435,550,449,66
610.5089,47569,476,435,551,449,66
610.5343,47570,475,436,547,448,67
610.5591,47571,475,436,547,448,67
610.5862,47572,475,436,551,449,65
610.6121,47573,474,437,550,449,66
610.6371,47574,473,437,550,449,66
610.6635,47575,472,436,547,448,67
610.6895,47576,472,436,547,448,67
610.7147,47577,472,437,542,449,65
610.7412,47578,471,436,543,448,65
610.7658,47579,471,436,543,448,65
610.7918,47580,471,437,540,449,64
610.8169,47581,470,437,538,449,63
610.8434,47582,470,437,538,449,63
610.8670,47583,470,437,536,449,61
610.8941,47584,470,437,536,449,61
610.9216,47585,469,437,536,450,61
610.9476,47586,469,437,535,450,61
610.9727,47587,468,437,537,450,62
610.9966,47588,468,437,535,450,61
611.0227,47589,468,437,535,450,61
611.0489,47590,468,438,534,450,62
611.0739,47591,468,438,534,450,62
611.1005,47592,467,438,534,450,62
611.1278,47593,467,438,534,450,63
611.1530,47594,466,438,534,450,63
611.1777,47595,466,438,534,450,64
611.2030,47596,466,438,531,450,63
611.2291,47597,466,438,531,450,63
611.2547,47598,466,438,531,450,63
611.2818,47599,465,438,531,450,63
611.3080,47600,464,439,534,451,64
611.3320,47601,464,438,532,450,62
611.3597,47602,464,438,532,450,62
611.3839,47603,464,439,529,451,62
611.4098,47604,464,439,529,451,62
611.4377,47605,464,439,529,451,62
611.4642,47606,464,439,528,451,59
611.4896,47607,464,439,528,451,58
611.5153,47608,463,440,524,450,57
611.5393,47609,462,439,526,451,58
611.5670,47610,462,439,526,451,58
611.5922,47611,462,439,527,451,61
611.6178,47612,462,439,529,451,62
611.6441,47613,462,439,529,451,62
611.6700,47614,462,440,526,450,57
611.6961,47615,462,440,526,450,57
611.7204,47616,461,440,528,452,50
611.7477,47617,461,441,522,451,48
611.7750,47618,461,441,522,451,48
611.7993,47619,460,441,525,451,54
611.8258,47620,460,441,524,451,48
611.8507,47621,460,440,523,450,54
611.8773,47622,460,440,526,450,52
611.9007,47623,460,440,526,450,52
611.9279,47624,460,440,525,450,55
611.9545,47625,460,440,524,450,52
611.9791,47626,459,440,522,450,56
612.0037,47627,459,440,521,450,60
612.0293,47628,459,440,521,450,60
612.0807,47629,459,440,521,450,60
612.1033,47630,458,440,521,450,60
612.1288,47631,458,440,521,451,62
612.1539,47632,458,440,520,451,62
612.1788,47633,458,440,520,450,61
612.2062,47634,458,440,520,450,61
612.2316,47635,458,440,520,450,63
612.2582,47636,457,440,520,451,64
612.2831,47637,458,440,520,451,64
612.3087,47638,457,440,520,450,63
612.3344,47639,457,440,520,450,63
612.3608,47640,457,440,520,450,62
612.3860,47641,457,440,520,450,60
612.4132,47642,457,440,520,450,60
612.4376,47643,457,440,518,450,64
612.4629,47644,457,440,520,450,62
612.4871,47645,457,440,518,450,64
612.5145,47646,457,439,522,451,63
612.5382,47647,457,439,522,451,63
612.5642,47648,458,440,521,451,58
612.5930,47649,457,439,528,451,58
612.6165,47650,457,437,531,451,59
612.6441,47651,457,437,531,451,59
612.6690,47652,457,439,524,451,55
612.6949,47653,456,439,523,451,58
612.7194,47654,456,439,524,451,56
612.7465,47655,456,439,524,451,56
612.7735,47656,456,440,521,451,52
612.7996,47657,456,440,520,451,49
612.8230,47658,455,440,519,452,57
612.8494,47659,455,440,521,452,54
612.8761,47660,455,440,521,452,54
612.9025,47661,455,440,520,452,60
612.9287,47662,454,439,523,451,57
612.9526,47663,454,438,526,452,60
612.9770,47664,454,438,523,452,59
613.0055,47665,454,438,523,452,59
613.0310,47666,454,438,524,452,62
613.0583,47667,454,436,528,452,62
613.0821,47668,454,436,528,452,62
613.1099,47669,454,436,525,452,63
613.1340,47670,453,438,521,452,63
613.1606,47671,453,438,524,452,63
613.1841,47672,453,438,522,452,63
613.2110,47673,453,438,522,452,63
613.2382,47674,453,436,526,452,64
613.2644,47675,453,436,526,452,63
613.2904,47676,453,436,528,452,64
613.3147,47677,453,436,532,452,65
613.3388,47678,453,436,532,452,65
613.3660,47679,453,436,532,452,64
613.3926,47680,453,435,532,453,65
613.4160,47681,453,435,532,453,65
613.4418,47682,453,436,532,452,64
613.4675,47683,453,436,530,452,65
613.4937,47684,453,434,538,452,68
613.5189,47685,453,434,538,452,68
613.5450,47686,452,434,540,452,68
613.5706,47687,453,434,539,452,67
613.5960,47688,453,434,538,452,68
613.6222,47689,452,434,538,452,68
613.6483,47690,453,434,538,452,68
613.6744,47691,453,434,538,452,68
613.7006,47692,452,434,538,452,68
613.7260,47693,452,434,539,452,68
613.7518,47694,452,434,538,452,67
613.7775,47695,452,434,538,452,67
613.8047,47696,452,432,538,452,67
613.8294,47697,452,432,540,452,68
613.8555,47698,452,432,540,452,68
613.8807,47699,452,433,538,453,67
613.9081,47700,453,432,541,452,68
613.9308,47701,452,430,542,452,70
613.9589,47702,453,430,542,452,71
613.9832,47703,453,430,542,452,71
614.0109,47704,453,430,539,453,69
614.0356,47705,452,432,538,453,71
614.0627,47706,452,432,538,454,73
614.0857,47707,452,433,536,453,72
614.1127,47708,452,433,536,453,72
614.1380,47709,452,432,538,454,72
614.1639,47710,451,432,538,454,73
614.1890,47711,451,432,538,454,73
614.2169,47712,451,433,538,454,72
614.2427,47713,450,432,537,454,71
614.2676,47714,450,434,536,454,71
614.2926,47715,450,434,537,454,73
614.3178,47716,450,434,537,454,73
614.3446,47717,450,434,537,454,72
614.3708,47718,450,433,536,455,72
614.3969,47719,450,434,537,454,70
614.4221,47720,449,432,516,454,72
614.4482,47721,449,432,516,454,72
614.4746,47722,442,436,503,455,74
614.4997,47723,435,438,506,454,69
614.5270,47724,435,438,506,454,69
614.5526,47725,428,438,506,452,62
614.5795,47726,423,437,507,451,64
614.6030,47727,417,437,510,453,63
614.6290,47728,412,436,499,450,63
614.6544,47729,412,436,499,450,63
614.6821,47730,407,435,495,449,64
614.7082,47731,404,434,493,448,62
614.7319,47732,400,434,491,448,61
614.7586,47733,398,434,490,448,62
614.7855,47734,398,434,490,448,62
614.8095,47735,394,434,486,448,63
614.8357,47736,391,434,485,448,62
614.8625,47737,391,434,485,448,62
614.8876,47738,388,433,482,447,62
614.9142,47739,385,433,480,447,60
614.9391,47740,382,432,472,446,63
614.9646,47741,380,432,470,446,62
614.9924,47742,380,432,470,446,62
615.0175,47743,377,432,467,446,63
615.0425,47744,374,431,464,445,60
615.0679,47745,373,431,462,445,60
615.0949,47746,371,431,461,445,58
615.1192,47747,371,431,461,445,58
615.1449,47748,368,430,456,444,60
615.1708,47749,367,429,455,444,60
615.1955,47750,367,429,455,444,60
615.2226,47751,365,428,455,444,62
615.2487,47752,365,428,455,444,62
615.2738,47753,361,428,449,444,64
615.2985,47754,359,428,449,444,66
615.3275,47755,359,428,449,444,66
615.3525,47756,358,428,448,444,67
615.3786,47757,356,427,445,443,66
615.4048,47758,355,427,445,443,66
615.4292,47759,353,427,444,443,66
615.4547,47760,353,427,444,443,66
615.4817,47761,352,427,443,443,66
615.5073,47762,352,427,443,443,66
615.5326,47763,351,427,442,443,66
615.5584,47764,349,426,441,442,67
615.5854,47765,348,427,440,443,68
615.6106,47766,348,426,439,442,69
615.6359,47767,348,426,439,442,69
615.6610,47768,348,426,439,442,69
615.6872,47769,344,426,437,442,70
615.7131,47770,343,426,436,442,70
615.7387,47771,342,426,435,442,70
615.7644,47772,340,425,433,441,70
615.7890,47773,340,425,433,441,70
615.8168,47774,340,426,434,442,70
615.8419,47775,339,426,433,442,70
615.8681,47776,339,426,433,442,70
615.8941,47777,338,425,433,443,70
615.9209,47778,337,425,433,443,71
615.9447,47779,336,425,432,442,70
615.9719,47780,335,425,431,443,71
615.9976,47781,335,425,431,443,71
616.0245,47782,334,425,430,442,70
616.0494,47783,334,425,430,442,70
616.0758,47784,332,424,426,442,71
616.1015,47785,331,423,425,441,72
616.1280,47786,331,423,425,441,72
616.1526,47787,330,423,425,441,73
616.1791,47788,329,423,422,441,73
616.2039,47789,329,423,422,441,73
616.2290,47790,328,423,420,441,73
616.2559,47791,327,423,421,441,74
616.2806,47792,327,422,420,440,74
616.3056,47793,326,422,419,440,73
616.3315,47794,326,422,419,440,73
616.3584,47795,325,422,419,440,73
616.3842,47796,324,422,418,440,74
616.4097,47797,324,422,417,440,73
616.4362,47798,324,422,417,440,73
616.4610,47799,324,422,417,440,73
616.4870,47800,323,422,417,440,73
616.5120,47801,323,422,417,440,73
616.5393,47802,322,420,414,440,74
616.5644,47803,321,421,414,439,74
616.5898,47804,321,420,413,439,75
616.6146,47805,320,419,413,439,74
616.6405,47806,320,421,413,439,75
616.6670,47807,320,421,413,439,75
616.6926,47808,319,419,413,439,75
616.7183,47809,319,420,412,440,75
616.7436,47810,318,419,412,439,76
616.7694,47811,318,420,411,440,76
616.7952,47812,318,420,411,440,76
616.8209,47813,318,419,412,439,77
616.8458,47814,318,419,412,439,77
616.8728,47815,318,419,412,439,77
616.8975,47816,316,418,410,440,77
616.9241,47817,316,418,410,440,78
616.9482,47818,316,418,410,440,77
616.9749,47819,316,418,410,440,77
616.9997,47820,316,418,409,440,77
617.0270,47821,316,418,409,440,77
617.0511,47822,315,417,409,439,78
617.0775,47823,316,416,408,438,77
617.1026,47824,316,416,408,438,77
617.1308,47825,316,418,408,440,77
617.1558,47826,318,421,408,441,69
617.1789,47827,313,420,374,436,60
617.1789,47827,348,421,407,441,48
617.2066,47828,313,420,374,436,60
617.2066,47828,348,421,407,441,48
617.2332,47829,311,419,372,435,64
617.2332,47829,363,422,405,442,34
617.2577,47830,309,419,372,435,67
617.2848,47831,307,418,386,437,67
617.3092,47832,307,418,386,437,67
617.3369,47833,306,417,382,437,68
617.3626,47834,305,418,381,438,69
617.3878,47835,305,418,374,436,69
617.4148,47836,304,416,372,436,66
617.4410,47837,304,416,372,436,66
617.4666,47838,304,416,374,436,67
617.4923,47839,303,418,376,436,69
617.5173,47840,302,419,376,437,69
617.5423,47841,302,419,376,437,69
617.5689,47842,301,417,375,436,68
617.5937,47843,301,418,377,436,69
617.6196,47844,301,419,376,437,69
617.6448,47845,301,419,376,437,69
617.6709,47846,300,419,387,437,72
617.6969,47847,300,418,386,436,70
617.7232,47848,299,418,385,436,71
617.7479,47849,297,418,384,437,72
617.7751,47850,297,418,384,437,72
617.7997,47851,295,420,383,438,71
617.8261,47852,294,419,374,437,71
617.8505,47853,293,420,373,438,73
617.8769,47854,293,420,373,438,73
617.9014,47855,292,418,372,437,72
617.9270,47856,291,419,374,437,72
617.9517,47857,291,419,374,437,72
617.9794,47858,292,418,378,437,72
618.0035,47859,292,420,380,438,74
618.0292,47860,292,418,376,438,74
618.0555,47861,292,418,382,438,74
618.0816,47862,290,418,380,438,73
618.1092,47863,290,418,380,438,73
618.1327,47864,290,418,381,438,73
618.1595,47865,288,418,378,438,72
618.1842,47866,288,417,379,437,73
618.2095,47867,288,417,379,437,73
618.2365,47868,287,418,377,439,73
618.2622,47869,287,418,378,440,73
618.2886,47870,287,418,378,440,73
618.3146,47871,288,418,370,442,72
618.3393,47872,287,418,360,444,74
618.3645,47873,285,417,357,444,77
618.3907,47874,283,416,361,444,77
618.4167,47875,281,416,356,446,76
618.4442,47876,281,416,356,446,76
618.4694,47877,280,420,359,448,78
618.4959,47878,277,418,357,448,78
618.5205,47879,276,418,359,448,78
618.5467,47880,276,418,359,448,78
618.5714,47881,274,419,356,449,79
618.6011,47882,274,419,353,451,79
618.6238,47883,274,419,353,451,79
618.6493,47884,273,418,355,450,78
618.6762,47885,272,418,354,451,78
618.7025,47886,272,418,358,452,77
618.7263,47887,270,418,345,453,76
618.7519,47888,270,418,345,453,76
618.7783,47889,270,416,356,452,77
618.8046,47890,268,417,357,453,77
618.8289,47891,268,417,345,453,76
618.8548,47892,267,416,355,454,77
618.8809,47893,267,415,356,453,77
618.9054,47894,267,415,356,453,77
618.9306,47895,266,416,355,455,75
618.9567,47896,266,416,355,455,75
618.9849,47897,266,414,354,455,77
619.0097,47898,268,417,333,457,64
619.0343,47899,270,418,339,464,64
619.0591,47900,268,422,326,468,75
619.0859,47901,268,422,326,468,75
619.1136,47902,266,419,321,469,80
619.1384,47903,263,418,321,470,81
619.1648,47904,261,417,326,474,81
619.1892,47905,260,418,326,478,82
619.2153,47906,260,418,326,478,82
619.2417,47907,259,418,326,478,80
619.2672,47908,257,419,321,481,81
619.2946,47909,257,419,321,481,81
619.3190,47910,257,422,317,486,77
619.3456,47911,256,422,310,487,74
619.3711,47912,254,420,311,486,77
619.3978,47913,253,419,309,489,77
619.4243,47914,253,419,309,489,77
619.4496,47915,252,420,309,492,77
619.4752,47916,252,419,306,493,76
619.5010,47917,251,418,307,494,77
619.5259,47918,250,420,302,498,77
619.5525,47919,250,420,302,498,77
619.5789,47920,249,418,302,498,77
619.6042,47921,247,418,301,498,77
619.6305,47922,247,418,301,498,77
619.6567,47923,247,422,300,500,78
619.6820,47924,247,424,300,502,77
619.7078,47925,246,420,298,502,78
619.7330,47926,246,422,295,502,77
619.7590,47927,246,422,295,502,77
619.7835,47928,245,422,295,504,76
619.8110,47929,245,424,296,505,77
619.8360,47930,244,422,294,504,75
619.8610,47931,243,422,295,506,75
619.8862,47932,243,422,295,506,75
619.9117,47933,242,424,294,508,75
619.9374,47934,243,424,291,508,74
619.9642,47935,243,424,291,508,74
619.9916,47936,247,430,287,509,71
620.0180,47937,248,445,285,515,76
620.0426,47938,248,445,285,515,76
620.0683,47939,246,444,282,518,72
620.0947,47940,246,444,282,518,72
620.1196,47941,246,444,283,520,71
620.1529,47942,247,447,281,519,70
620.1994,47943,247,447,279,517,69
620.2208,47944,248,448,279,518,61
620.2426,47945,249,448,279,520,57
620.2615,47946,249,448,279,520,57
620.2790,47947,250,452,278,518,59
620.3060,47948,250,452,278,518,59
620.3314,47949,250,452,277,516,43
620.3587,47950,250,451,272,519,36
620.4121,47952,250,447,275,517,42
620.4358,47953,250,447,275,517,42
620.4616,47954,250,447,275,517,42
620.4877,47955,250,450,273,518,30
620.5146,47956,250,453,271,519,35
620.5651,47958,245,459,264,517,58
620.5915,47959,245,459,264,517,58
620.6185,47960,243,466,268,520,67
620.6427,47961,241,470,266,518,57
620.6690,47962,241,470,266,518,57
620.6964,47963,238,474,267,516,61
620.7252,47964,240,477,259,519,47
620.7487,47965,243,476,256,520,53
620.7487,47965,270,536,293,558,31
620.7760,47966,269,532,295,558,59
620.7760,47966,244,473,257,517,49
620.8005,47967,269,532,295,558,59
620.8005,47967,244,473,257,517,49
620.8281,47968,269,532,297,560,69
620.8281,47968,243,478,253,518,41
620.8527,47969,269,532,297,560,69
620.8527,47969,243,478,253,518,41
620.8796,47970,269,533,300,564,70
620.9028,47971,270,532,301,566,72
620.9281,47972,270,536,302,570,72
620.9542,47973,270,536,302,570,72
620.9849,47974,271,535,303,571,71
621.0121,47975,271,535,303,571,71
621.0366,47976,271,533,303,569,71
621.0366,47976,241,491,252,518,30
621.0629,47977,270,534,303,572,70
621.0878,47978,270,537,304,575,69
621.0878,47978,315,537,331,573,43
621.1126,47979,269,534,304,574,63
621.1126,47979,315,534,332,572,49
621.1385,47980,269,534,304,574,63
621.1385,47980,315,534,332,572,49
621.1649,47981,270,534,305,570,60
621.1649,47981,316,533,331,569,44
621.1893,47982,274,537,304,569,65
621.1893,47982,316,534,332,566,34
621.2157,47983,274,539,305,567,52
621.2419,47984,274,539,305,567,52
621.2707,47985,273,541,309,567,35
621.2707,47985,319,540,335,564,32
621.2955,47986,273,541,309,567,35
621.2955,47986,319,540,335,564,32
621.3207,47987,275,547,309,571,62
621.3207,47987,319,543,335,569,61
621.3481,47988,275,547,309,571,62
621.3481,47988,319,543,335,569,61
621.3739,47989,276,541,312,569,42
621.3739,47989,319,539,332,568,36
621.5573,47996,272,490,313,598,39
621.5849,47997,271,497,313,597,34
621.6112,47998,272,487,316,595,38
621.6359,47999,272,487,316,595,38
621.6607,48000,272,487,316,595,38
621.6868,48001,275,490,316,589,37
621.7128,48002,275,490,316,589,37
621.7388,48003,280,484,328,586,43
621.7658,48004,271,488,318,584,40
621.7917,48005,267,488,318,582,30
621.8167,48006,264,488,316,582,31
621.9988,48013,265,490,276,512,44
622.0235,48014,265,489,276,513,45
622.0490,48015,264,488,277,514,52
622.0759,48016,264,488,277,514,52
622.1027,48017,264,484,276,513,56
622.1279,48018,264,483,276,513,57
622.1528,48019,263,484,276,516,52
622.1797,48020,263,483,276,515,55
622.2063,48021,263,483,276,515,55
622.2323,48022,262,481,276,515,56
622.2579,48023,260,480,275,517,58
622.2815,48024,260,480,275,518,62
622.3082,48025,260,480,275,518,62
622.3348,48026,260,477,274,517,63
622.3591,48027,258,476,274,516,68
622.3847,48028,258,477,275,517,68
622.4110,48029,258,477,275,517,68
622.4377,48030,258,475,274,517,70
622.4624,48031,257,474,275,514,73
622.4921,48032,256,473,274,515,73
622.5134,48033,256,473,274,515,73
622.5415,48034,256,474,274,516,74
622.5660,48035,256,472,274,514,75
622.5932,48036,256,471,275,514,74
622.6178,48037,258,471,272,519,59
622.6439,48038,258,470,276,518,72
622.6689,48039,258,470,276,518,72
622.6957,48040,258,465,277,517,75
622.7215,48041,258,465,277,517,75
622.7516,48042,257,464,278,518,77
622.7759,48043,257,462,279,518,77
622.8005,48044,257,458,280,516,77
622.8259,48045,257,455,281,515,77
622.8513,48046,257,454,282,516,76
622.8766,48047,257,454,282,516,76
622.9039,48048,257,451,282,515,76
622.9282,48049,258,448,282,514,76
622.9551,48050,258,448,283,514,75
622.9806,48051,258,447,284,514,74
623.0062,48052,258,447,284,514,74
623.0327,48053,258,445,284,513,74
623.0581,48054,258,445,284,513,74
623.0836,48055,259,442,286,512,74
623.1092,48056,259,442,286,514,74
623.1359,48057,259,441,286,512,75
623.1597,48058,259,439,287,511,76
623.1852,48059,259,437,288,511,76
