video_write_index,frame,cam_seq,t_capture_perf
0,23985,18515,6166.952960
1,23986,18516,6166.988439
2,23987,18517,6167.019896
3,23988,18518,6167.049353
4,23989,18518,6167.049353
5,23990,18519,6167.080764
6,23991,18520,6167.114161
7,23992,18521,6167.146249
8,23993,18522,6167.177961
9,23994,18523,6167.208421
10,23995,18523,6167.208421
11,23996,18524,6167.257779
12,23997,18524,6167.257779
13,23998,18525,6167.288775
14,23999,18526,6167.322399
15,24000,18527,6167.353393
16,24001,18528,6167.386761
17,24002,18529,6167.416466
18,24003,18529,6167.416466
19,24004,18530,6167.449281
20,24005,18531,6167.482095
21,24006,18532,6167.514111
22,24007,18533,6167.545384
23,24008,18533,6167.545384
24,24009,18534,6167.592510
25,24010,18534,6167.592510
26,24011,18535,6167.625594
27,24012,18536,6167.657537
28,24013,18537,6167.689570
29,24014,18538,6167.722199
30,24015,18538,6167.722199
31,24016,18539,6167.755043
32,24017,18540,6167.785624
33,24018,18541,6167.817128
34,24019,18542,6167.851698
35,24020,18543,6167.881018
36,24021,18543,6167.881018
37,24022,18544,6167.929545
38,24023,18545,6167.961731
39,24024,18545,6167.961731
40,24025,18546,6167.992825
41,24026,18547,6168.027602
42,24027,18548,6168.059792
43,24028,18549,6168.091474
44,24029,18549,6168.091474
45,24030,18550,6168.120741
46,24031,18551,6168.153997
47,24032,18552,6168.184810
48,24033,18553,6168.215214
49,24034,18554,6168.248151
50,24035,18554,6168.248151
51,24036,18555,6168.297581
52,24037,18555,6168.297581
53,24038,18556,6168.331208
54,24039,18557,6168.362965
55,24040,18558,6168.394504
56,24041,18559,6168.425504
57,24042,18560,6168.459146
58,24043,18560,6168.459146
59,24044,18561,6168.489009
60,24045,18562,6168.520889
61,24046,18563,6168.553867
62,24047,18564,6168.585363
63,24048,18564,6168.585363
64,24049,18565,6168.631708
65,24050,18566,6168.665619
66,24051,18566,6168.665619
67,24052,18567,6168.696311
68,24053,18568,6168.728936
69,24054,18569,6168.762241
70,24055,18570,6168.792581
71,24056,18570,6168.792581
72,24057,18571,6168.824510
73,24058,18572,6168.857479
74,24059,18573,6168.889305
75,24060,18574,6168.922065
76,24061,18574,6168.922065
77,24062,18575,6168.968267
78,24063,18576,6169.000400
79,24064,18576,6169.000400
80,24065,18577,6169.033123
81,24066,18578,6169.067056
82,24067,18579,6169.097605
83,24068,18580,6169.128590
84,24069,18580,6169.128590
85,24070,18581,6169.160858
86,24071,18582,6169.193796
87,24072,18583,6169.226284
88,24073,18584,6169.259486
89,24074,18584,6169.259486
90,24075,18585,6169.305310
91,24076,18587,6169.339874
92,24077,18587,6169.339874
93,24078,18588,6169.369506
94,24079,18588,6169.369506
95,24080,18589,6169.434045
96,24081,18590,6169.464698
97,24082,18591,6169.495833
98,24083,18591,6169.495833
99,24084,18592,6169.531650
100,24085,18593,6169.562280
101,24086,18594,6169.594179
102,24087,18594,6169.594179
103,24088,18595,6169.643101
104,24089,18597,6169.675321
105,24090,18598,6169.705405
106,24091,18598,6169.705405
107,24092,18599,6169.738550
108,24093,18600,6169.768483
109,24094,18600,6169.768483
110,24095,18601,6169.833262
111,24096,18601,6169.833262
112,24097,18602,6169.864624
113,24098,18603,6169.900415
114,24099,18604,6169.929021
115,24100,18605,6169.960965
116,24101,18605,6169.960965
117,24102,18606,6170.009371
118,24103,18608,6170.044681
119,24104,18608,6170.044681
120,24105,18609,6170.073920
121,24106,18610,6170.105371
122,24107,18611,6170.137394
123,24108,18612,6170.170708
124,24109,18612,6170.170708
125,24110,18612,6170.170708
126,24111,18613,6170.233305
127,24112,18614,6170.264766
128,24113,18615,6170.296843
129,24114,18615,6170.296843
130,24115,18616,6170.345215
131,24116,18618,6170.380304
132,24117,18618,6170.380304
133,24118,18619,6170.409013
134,24119,18620,6170.441685
135,24120,18621,6170.472024
136,24121,18622,6170.504293
137,24122,18623,6170.536767
138,24123,18623,6170.536767
139,24124,18624,6170.568640
140,24125,18624,6170.568640
141,24126,18625,6170.634300
142,24127,18625,6170.634300
143,24128,18626,6170.681368
144,24129,18628,6170.713398
145,24130,18629,6170.743987
146,24131,18629,6170.743987
147,24132,18630,6170.777435
148,24133,18631,6170.809207
149,24134,18632,6170.843946
150,24135,18633,6170.874056
151,24136,18633,6170.874056
152,24137,18634,6170.905196
153,24138,18635,6170.938222
154,24139,18636,6170.969270
155,24140,18636,6170.969270
156,24141,18636,6170.969270
157,24142,18638,6171.052833
158,24143,18639,6171.081158
159,24144,18639,6171.081158
160,24145,18640,6171.114430
161,24146,18641,6171.145763
162,24147,18642,6171.177027
163,24148,18643,6171.209876
164,24149,18643,6171.209876
165,24150,18644,6171.241155
166,24151,18645,6171.271553
167,24152,18646,6171.305591
168,24153,18646,6171.305591
169,24154,18647,6171.354057
170,24155,18648,6171.386826
171,24156,18649,6171.418033
172,24157,18649,6171.418033
173,24158,18650,6171.449171
174,24159,18651,6171.481971
175,24160,18652,6171.513356
176,24161,18653,6171.544736
177,24162,18653,6171.544736
178,24163,18654,6171.576879
179,24164,18655,6171.610443
180,24165,18656,6171.641486
181,24166,18657,6171.672420
182,24167,18657,6171.672420
183,24168,18658,6171.721708
184,24169,18659,6171.755618
185,24170,18659,6171.755618
186,24171,18660,6171.784629
187,24172,18661,6171.817800
188,24173,18662,6171.850493
189,24174,18663,6171.880916
190,24175,18663,6171.880916
191,24176,18664,6171.913185
192,24177,18665,6171.945644
193,24178,18666,6171.975621
194,24179,18667,6172.010985
195,24180,18667,6172.010985
196,24181,18668,6172.057161
197,24182,18669,6172.089044
198,24183,18669,6172.089044
199,24184,18670,6172.121961
200,24185,18671,6172.152829
201,24186,18672,6172.187780
202,24187,18673,6172.217293
203,24188,18673,6172.217293
204,24189,18674,6172.248988
205,24190,18675,6172.283740
206,24191,18676,6172.313883
207,24192,18677,6172.345707
208,24193,18677,6172.345707
209,24194,18678,6172.394472
210,24195,18679,6172.426974
211,24196,18679,6172.426974
212,24197,18680,6172.456095
213,24198,18681,6172.489770
214,24199,18682,6172.523580
215,24200,18683,6172.553999
216,24201,18683,6172.553999
217,24202,18684,6172.585604
218,24203,18685,6172.615735
219,24204,18686,6172.649224
220,24205,18687,6172.682912
221,24206,18687,6172.682912
222,24207,18688,6172.729402
223,24208,18689,6172.761782
224,24209,18689,6172.761782
225,24210,18690,6172.792679
226,24211,18691,6172.824593
227,24212,18692,6172.856982
228,24213,18693,6172.891558
229,24214,18693,6172.891558
230,24215,18694,6172.921133
231,24216,18695,6172.952741
232,24217,18696,6172.983548
233,24218,18697,6173.017349
234,24219,18697,6173.017349
235,24220,18698,6173.065497
236,24221,18699,6173.098023
237,24222,18700,6173.128883
238,24223,18700,6173.128883
239,24224,18701,6173.159911
240,24225,18702,6173.193403
241,24226,18703,6173.225316
242,24227,18704,6173.256515
243,24228,18704,6173.256515
244,24229,18705,6173.290047
245,24230,18706,6173.321477
246,24231,18707,6173.352026
247,24232,18708,6173.385141
248,24233,18708,6173.385141
249,24234,18709,6173.435671
250,24235,18709,6173.435671
251,24236,18710,6173.465393
252,24237,18711,6173.498108
253,24238,18712,6173.529469
254,24239,18713,6173.561689
255,24240,18714,6173.592900
256,24241,18714,6173.592900
257,24242,18715,6173.625866
258,24243,18716,6173.659564
259,24244,18717,6173.689841
260,24245,18718,6173.720396
261,24246,18718,6173.720396
262,24247,18719,6173.769365
263,24248,18720,6173.800727
264,24249,18720,6173.800727
265,24250,18721,6173.833295
266,24251,18722,6173.865372
267,24252,18723,6173.897720
268,24253,18724,6173.928504
269,24254,18724,6173.928504
270,24255,18725,6173.962189
271,24256,18726,6173.995682
272,24257,18727,6174.024689
273,24258,18728,6174.057987
274,24259,18728,6174.057987
275,24260,18729,6174.104500
276,24261,18730,6174.139162
277,24262,18731,6174.142186
278,24263,18732,6174.170420
279,24264,18732,6174.170420
280,24265,18733,6174.234147
281,24266,18734,6174.266295
282,24267,18735,6174.295852
283,24268,18735,6174.295852
284,24269,18736,6174.330891
285,24270,18737,6174.361219
286,24271,18738,6174.394627
287,24272,18738,6174.394627
288,24273,18739,6174.439639
289,24274,18741,6174.477492
290,24275,18741,6174.477492
291,24276,18742,6174.505506
292,24277,18743,6174.537231
293,24278,18744,6174.569718
294,24279,18744,6174.569718
295,24280,18745,6174.632845
296,24281,18745,6174.632845
297,24282,18746,6174.665637
298,24283,18747,6174.697186
299,24284,18748,6174.730227
300,24285,18748,6174.730227
301,24286,18749,6174.776933
302,24287,18751,6174.813695
303,24288,18751,6174.813695
304,24289,18752,6174.842500
305,24290,18753,6174.872416
306,24291,18754,6174.906775
307,24292,18755,6174.937031
308,24293,18756,6174.968517
309,24294,18756,6174.968517
310,24295,18756,6174.968517
311,24296,18757,6175.035827
312,24297,18758,6175.065468
313,24298,18758,6175.065468
314,24299,18759,6175.114314
315,24300,18761,6175.149219
316,24301,18761,6175.149219
317,24302,18762,6175.176825
318,24303,18763,6175.209847
319,24304,18764,6175.243657
320,24305,18765,6175.274563
321,24306,18766,6175.305678
322,24307,18766,6175.305678
323,24308,18767,6175.336947
324,24309,18768,6175.369527
325,24310,18768,6175.369527
326,24311,18769,6175.432646
327,24312,18769,6175.432646
328,24313,18770,6175.482414
329,24314,18770,6175.482414
330,24315,18772,6175.516623
331,24316,18773,6175.545670
332,24317,18774,6175.577744
333,24318,18775,6175.610437
334,24319,18776,6175.641522
335,24320,18776,6175.641522
336,24321,18777,6175.673869
337,24322,18778,6175.706341
338,24323,18779,6175.737327
339,24324,18780,6175.768521
340,24325,18780,6175.768521
341,24326,18780,6175.768521
342,24327,18781,6175.848387
343,24328,18782,6175.850529
344,24329,18783,6175.881943
345,24330,18784,6175.913239
346,24331,18785,6175.945269
347,24332,18786,6175.977991
348,24333,18786,6175.977991
349,24334,18787,6176.010569
350,24335,18788,6176.040647
351,24336,18789,6176.073803
352,24337,18790,6176.105373
353,24338,18790,6176.105373
354,24339,18791,6176.152832
355,24340,18792,6176.185287
356,24341,18792,6176.185287
357,24342,18793,6176.217382
358,24343,18794,6176.249283
359,24344,18795,6176.281417
360,24345,18796,6176.313598
361,24346,18796,6176.313598
362,24347,18797,6176.344501
363,24348,18798,6176.378594
364,24349,18799,6176.409633
365,24350,18800,6176.442735
366,24351,18800,6176.442735
367,24352,18801,6176.488521
368,24353,18802,6176.520651
369,24354,18802,6176.520651
370,24355,18803,6176.552806
371,24356,18804,6176.586534
372,24357,18805,6176.617706
373,24358,18806,6176.649140
374,24359,18806,6176.649140
375,24360,18807,6176.682057
376,24361,18808,6176.712160
377,24362,18809,6176.746374
378,24363,18810,6176.777912
379,24364,18810,6176.777912
380,24365,18811,6176.826877
381,24366,18812,6176.855893
382,24367,18812,6176.855893
383,24368,18813,6176.889469
384,24369,18814,6176.921361
385,24370,18815,6176.951460
386,24371,18816,6176.985547
387,24372,18816,6176.985547
388,24373,18817,6177.017230
389,24374,18818,6177.050584
390,24375,18819,6177.082893
391,24376,18820,6177.112404
392,24377,18820,6177.112404
393,24378,18821,6177.146601
394,24379,18821,6177.146601
395,24380,18822,6177.194240
396,24381,18823,6177.225271
397,24382,18824,6177.257769
398,24383,18825,6177.288369
399,24384,18826,6177.322790
400,24385,18826,6177.322790
401,24386,18827,6177.353652
402,24387,18828,6177.385750
403,24388,18829,6177.417696
404,24389,18830,6177.450669
405,24390,18830,6177.450669
406,24391,18831,6177.481679
407,24392,18832,6177.529514
408,24393,18832,6177.529514
409,24394,18833,6177.561224
410,24395,18834,6177.592907
411,24396,18835,6177.627544
412,24397,18836,6177.657475
413,24398,18836,6177.657475
414,24399,18837,6177.689235
415,24400,18838,6177.721282
416,24401,18839,6177.754309
417,24402,18840,6177.785389
418,24403,18840,6177.785389
419,24404,18841,6177.817332
420,24405,18842,6177.865284
421,24406,18842,6177.865284
422,24407,18843,6177.898615
423,24408,18844,6177.930690
424,24409,18845,6177.961255
425,24410,18846,6177.992271
426,24411,18847,6178.023849
427,24412,18847,6178.023849
428,24413,18848,6178.057893
429,24414,18849,6178.087652
430,24415,18850,6178.120810
431,24416,18851,6178.152270
432,24417,18851,6178.152270
433,24418,18852,6178.199875
434,24419,18853,6178.232252
435,24420,18853,6178.232252
436,24421,18854,6178.264090
437,24422,18855,6178.296938
438,24423,18856,6178.329572
439,24424,18857,6178.360714
440,24425,18857,6178.360714
441,24426,18858,6178.392298
442,24427,18859,6178.425237
443,24428,18860,6178.457224
444,24429,18861,6178.490096
445,24430,18861,6178.490096
446,24431,18862,6178.537585
447,24432,18863,6178.568380
448,24433,18864,6178.571113
449,24434,18864,6178.571113
450,24435,18865,6178.634354
451,24436,18866,6178.665482
452,24437,18866,6178.665482
453,24438,18867,6178.698600
454,24439,18868,6178.728519
455,24440,18869,6178.761143
456,24441,18870,6178.792480
457,24442,18871,6178.824468
458,24443,18871,6178.824468
459,24444,18872,6178.856773
460,24445,18872,6178.856773
461,24446,18873,6178.905568
462,24447,18875,6178.939697
463,24448,18876,6178.969900
464,24449,18876,6178.969900
465,24450,18877,6179.032610
466,24451,18877,6179.032610
467,24452,18878,6179.064447
468,24453,18879,6179.096317
469,24454,18880,6179.129540
470,24455,18881,6179.161326
471,24456,18881,6179.161326
472,24457,18882,6179.192905
473,24458,18883,6179.240673
474,24459,18883,6179.240673
475,24460,18885,6179.275489
476,24461,18886,6179.307525
477,24462,18887,6179.337803
478,24463,18888,6179.368506
479,24464,18888,6179.368506
480,24465,18888,6179.368506
481,24466,18889,6179.435657
482,24467,18890,6179.465290
483,24468,18891,6179.497604
484,24469,18891,6179.497604
485,24470,18892,6179.530345
486,24471,18893,6179.578022
487,24472,18893,6179.578022
488,24473,18895,6179.614001
489,24474,18896,6179.640444
490,24475,18897,6179.673385
491,24476,18897,6179.673385
492,24477,18898,6179.707962
493,24478,18899,6179.736443
494,24479,18900,6179.770336
495,24480,18900,6179.770336
496,24481,18901,6179.832806
497,24482,18901,6179.832806
498,24483,18902,6179.865510
499,24484,18902,6179.865510
500,24485,18903,6179.913295
501,24486,18905,6179.950208
502,24487,18906,6179.976819
503,24488,18907,6180.011525
504,24489,18908,6180.040947
505,24490,18908,6180.040947
506,24491,18909,6180.072368
507,24492,18910,6180.106965
508,24493,18911,6180.137587
509,24494,18912,6180.169688
510,24495,18912,6180.169688
511,24496,18912,6180.169688
512,24497,18913,6180.248638
513,24498,18913,6180.248638
514,24499,18915,6180.285286
515,24500,18916,6180.313926
516,24501,18917,6180.345331
517,24502,18918,6180.377525
518,24503,18918,6180.377525
519,24504,18919,6180.409269
520,24505,18920,6180.441475
521,24506,18921,6180.475495
522,24507,18922,6180.506669
523,24508,18923,6180.536098
524,24509,18923,6180.536098
525,24510,18924,6180.569643
526,24511,18924,6180.569643
527,24512,18925,6180.616617
528,24513,18926,6180.650699
529,24514,18927,6180.681910
530,24515,18928,6180.713114
531,24516,18928,6180.713114
532,24517,18929,6180.745680
533,24518,18930,6180.776689
534,24519,18931,6180.811610
535,24520,18932,6180.844244
536,24521,18932,6180.844244
537,24522,18933,6180.875846
538,24523,18934,6180.905242
539,24524,18934,6180.905242
540,24525,18935,6180.954314
541,24526,18936,6180.985297
542,24527,18937,6181.018528
543,24528,18938,6181.047996
544,24529,18939,6181.080948
545,24530,18939,6181.080948
546,24531,18940,6181.114126
547,24532,18941,6181.146054
548,24533,18942,6181.177947
549,24534,18943,6181.210951
550,24535,18944,6181.241055
551,24536,18944,6181.241055
552,24537,18945,6181.289526
553,24538,18945,6181.289526
554,24539,18946,6181.320751
555,24540,18947,6181.353607
556,24541,18948,6181.386049
557,24542,18949,6181.417440
558,24543,18950,6181.448742
559,24544,18950,6181.448742
560,24545,18951,6181.481895
561,24546,18952,6181.513356
562,24547,18953,6181.544674
563,24548,18953,6181.544674
564,24549,18954,6181.579882
565,24550,18955,6181.626015
566,24551,18955,6181.626015
567,24552,18956,6181.659630
568,24553,18957,6181.688324
569,24554,18958,6181.721695
570,24555,18959,6181.755590
571,24556,18960,6181.785471
572,24557,18960,6181.785471
573,24558,18961,6181.817216
574,24559,18962,6181.850207
575,24560,18963,6181.882372
576,24561,18964,6181.915268
577,24562,18964,6181.915268
578,24563,18965,6181.963138
579,24564,18966,6181.994688
580,24565,18966,6181.994688
581,24566,18967,6182.023631
582,24567,18968,6182.057715
583,24568,18969,6182.089298
584,24569,18970,6182.123126
585,24570,18970,6182.123126
586,24571,18971,6182.153450
587,24572,18972,6182.186019
588,24573,18973,6182.217000
589,24574,18974,6182.250608
590,24575,18974,6182.250608
591,24576,18975,6182.282858
592,24577,18976,6182.329634
593,24578,18976,6182.329634
594,24579,18977,6182.360431
595,24580,18978,6182.392517
596,24581,18979,6182.425919
597,24582,18980,6182.458218
598,24583,18980,6182.458218
599,24584,18981,6182.489525
600,24585,18982,6182.522650
601,24586,18983,6182.553817
602,24587,18984,6182.586139
603,24588,18985,6182.617474
604,24589,18985,6182.617474
605,24590,18986,6182.665230
606,24591,18986,6182.665230
607,24592,18987,6182.698934
608,24593,18988,6182.730744
609,24594,18989,6182.763155
610,24595,18990,6182.793465
611,24596,18990,6182.793465
612,24597,18991,6182.826347
613,24598,18992,6182.857438
614,24599,18993,6182.890305
615,24600,18994,6182.922874
616,24601,18994,6182.922874
617,24602,18995,6182.954650
618,24603,18996,6183.002312
619,24604,18996,6183.002312
620,24605,18997,6183.032293
621,24606,18998,6183.065105
622,24607,18999,6183.097157
623,24608,19000,6183.128368
624,24609,19001,6183.161888
625,24610,19001,6183.161888
626,24611,19002,6183.192361
627,24612,19003,6183.227112
628,24613,19004,6183.259525
629,24614,19005,6183.291422
630,24615,19005,6183.291422
631,24616,19006,6183.337545
632,24617,19007,6183.367987
633,24618,19008,6183.371651
634,24619,19008,6183.371651
635,24620,19009,6183.435748
636,24621,19010,6183.465851
637,24622,19011,6183.497432
638,24623,19011,6183.497432
639,24624,19012,6183.529123
640,24625,19013,6183.561771
641,24626,19014,6183.593050
642,24627,19015,6183.625309
643,24628,19015,6183.625309
644,24629,19016,6183.675696
645,24630,19018,6183.707468
646,24631,19018,6183.707468
647,24632,19019,6183.735525
648,24633,19020,6183.770937
649,24634,19020,6183.770937
650,24635,19021,6183.833786
651,24636,19021,6183.833786
652,24637,19022,6183.866289
653,24638,19023,6183.897785
654,24639,19024,6183.929461
655,24640,19025,6183.961453
656,24641,19025,6183.961453
657,24642,19026,6184.009375
658,24643,19028,6184.044504
659,24644,19028,6184.044504
660,24645,19029,6184.074300
661,24646,19030,6184.105445
662,24647,19031,6184.138299
663,24648,19032,6184.168545
664,24649,19032,6184.168545
665,24650,19032,6184.168545
666,24651,19033,6184.233235
667,24652,19034,6184.265547
668,24653,19035,6184.296915
669,24654,19036,6184.329112
670,24655,19036,6184.329112
671,24656,19037,6184.376936
672,24657,19038,6184.408701
673,24658,19039,6184.411100
674,24659,19040,6184.440766
675,24660,19041,6184.474764
676,24661,19042,6184.505585
677,24662,19043,6184.537394
678,24663,19043,6184.537394
679,24664,19044,6184.569155
680,24665,19044,6184.569155
681,24666,19045,6184.633513
682,24667,19046,6184.667350
683,24668,19046,6184.667350
684,24669,19047,6184.713650
685,24670,19048,6184.744369
686,24671,19049,6184.746923
687,24672,19050,6184.775387
688,24673,19051,6184.808901
689,24674,19052,6184.840401
690,24675,19052,6184.840401
691,24676,19053,6184.874600
692,24677,19054,6184.907962
693,24678,19055,6184.940446
694,24679,19056,6184.969589
695,24680,19056,6184.969589
696,24681,19056,6184.969589
697,24682,19057,6185.050776
698,24683,19058,6185.080170
699,24684,19059,6185.082689
700,24685,19060,6185.113141
701,24686,19061,6185.145632
702,24687,19062,6185.177408
703,24688,19063,6185.208782
704,24689,19063,6185.208782
705,24690,19064,6185.239683
706,24691,19065,6185.275286
707,24692,19066,6185.305686
708,24693,19067,6185.337786
709,24694,19067,6185.337786
710,24695,19068,6185.385686
711,24696,19068,6185.385686
712,24697,19069,6185.416551
713,24698,19070,6185.448723
714,24699,19071,6185.483060
715,24700,19072,6185.514551
716,24701,19073,6185.545627
717,24702,19073,6185.545627
718,24703,19074,6185.576585
719,24704,19075,6185.610532
720,24705,19076,6185.641732
721,24706,19076,6185.641732
722,24707,19077,6185.675301
723,24708,19078,6185.721360
724,24709,19078,6185.721360
725,24710,19079,6185.753430
726,24711,19080,6185.783660
727,24712,19081,6185.817447
728,24713,19082,6185.850920
729,24714,19082,6185.850920
730,24715,19083,6185.882680
731,24716,19084,6185.912207
732,24717,19085,6185.944311
733,24718,19086,6185.979185
734,24719,19087,6186.008943
735,24720,19087,6186.008943
736,24721,19088,6186.040836
737,24722,19088,6186.040836
738,24723,19089,6186.089769
739,24724,19090,6186.122732
740,24725,19091,6186.153008
741,24726,19092,6186.184018
742,24727,19093,6186.217056
743,24728,19093,6186.217056
744,24729,19094,6186.250259
745,24730,19095,6186.282062
746,24731,19096,6186.313982
747,24732,19097,6186.346718
748,24733,19097,6186.346718
749,24734,19098,6186.376026
750,24735,19099,6186.425600
751,24736,19099,6186.425600
752,24737,19100,6186.457314
753,24738,19101,6186.487786
754,24739,19102,6186.520730
755,24740,19103,6186.553450
756,24741,19103,6186.553450
757,24742,19104,6186.586906
758,24743,19105,6186.618249
759,24744,19106,6186.649766
760,24745,19107,6186.682802
761,24746,19107,6186.682802
762,24747,19108,6186.712229
763,24748,19109,6186.761781
764,24749,19109,6186.761781
765,24750,19110,6186.793828
766,24751,19111,6186.825660
767,24752,19112,6186.857574
768,24753,19113,6186.890744
769,24754,19113,6186.890744
770,24755,19114,6186.921879
771,24756,19115,6186.955379
772,24757,19116,6186.986438
773,24758,19117,6187.016486
774,24759,19117,6187.016486
775,24760,19118,6187.049262
776,24761,19119,6187.097169
777,24762,19119,6187.097169
778,24763,19120,6187.128620
779,24764,19121,6187.162789
780,24765,19122,6187.194712
781,24766,19123,6187.225299
782,24767,19123,6187.225299
783,24768,19124,6187.258071
784,24769,19125,6187.290359
785,24770,19126,6187.321726
786,24771,19127,6187.352757
787,24772,19127,6187.352757
788,24773,19128,6187.385903
789,24774,19129,6187.432337
790,24775,19129,6187.432337
791,24776,19130,6187.465585
792,24777,19131,6187.497509
793,24778,19132,6187.530267
794,24779,19133,6187.563017
795,24780,19133,6187.563017
796,24781,19134,6187.593168
797,24782,19135,6187.625832
798,24783,19136,6187.657495
799,24784,19137,6187.690855
800,24785,19137,6187.690855
801,24786,19138,6187.721067
802,24787,19139,6187.753128
803,24788,19139,6187.753128
804,24789,19140,6187.802059
805,24790,19141,6187.832547
806,24791,19142,6187.865650
807,24792,19143,6187.897473
808,24793,19143,6187.897473
809,24794,19144,6187.929715
810,24795,19145,6187.963085
811,24796,19146,6187.993461
812,24797,19147,6188.025871
813,24798,19147,6188.025871
814,24799,19148,6188.057805
815,24800,19149,6188.088624
816,24801,19149,6188.088624
817,24802,19150,6188.136973
818,24803,19152,6188.173115
819,24804,19152,6188.173115
820,24805,19153,6188.232958
821,24806,19153,6188.232958
822,24807,19154,6188.264879
823,24808,19155,6188.297345
824,24809,19156,6188.328908
825,24810,19157,6188.361056
826,24811,19158,6188.393903
827,24812,19158,6188.393903
828,24813,19159,6188.425667
829,24814,19159,6188.425667
830,24815,19160,6188.474367
831,24816,19162,6188.507635
832,24817,19163,6188.538673
833,24818,19164,6188.569488
834,24819,19164,6188.569488
835,24820,19164,6188.569488
836,24821,19165,6188.633897
837,24822,19166,6188.667150
838,24823,19167,6188.698346
839,24824,19168,6188.729384
840,24825,19168,6188.729384
841,24826,19169,6188.760879
842,24827,19170,6188.809816
843,24828,19170,6188.809816
844,24829,19172,6188.845410
845,24830,19173,6188.873875
846,24831,19174,6188.906077
847,24832,19175,6188.938025
848,24833,19175,6188.938025
849,24834,19176,6188.968963
850,24835,19176,6188.968963
851,24836,19177,6189.033862
852,24837,19178,6189.066077
853,24838,19178,6189.066077
854,24839,19179,6189.096752
855,24840,19179,6189.096752
856,24841,19180,6189.146543
857,24842,19182,6189.177878
858,24843,19183,6189.209170
859,24844,19184,6189.242134
860,24845,19185,6189.272677
861,24846,19185,6189.272677
862,24847,19186,6189.306031
863,24848,19187,6189.337346
864,24849,19188,6189.367309
865,24850,19188,6189.367309
866,24851,19188,6189.367309
867,24852,19189,6189.432406
868,24853,19190,6189.465734
869,24854,19190,6189.465734
870,24855,19192,6189.517856
871,24856,19193,6189.545832
872,24857,19194,6189.577487
873,24858,19195,6189.608974
874,24859,19195,6189.608974
875,24860,19196,6189.642133
876,24861,19197,6189.673595
877,24862,19198,6189.704664
878,24863,19199,6189.737440
879,24864,19199,6189.737440
880,24865,19200,6189.768575
881,24866,19200,6189.768575
882,24867,19200,6189.768575
883,24868,19201,6189.848491
884,24869,19203,6189.885168
885,24870,19204,6189.915355
886,24871,19205,6189.945354
887,24872,19205,6189.945354
888,24873,19206,6189.977303
889,24874,19207,6190.011474
890,24875,19208,6190.042036
891,24876,19209,6190.075394
892,24877,19209,6190.075394
893,24878,19210,6190.105815
894,24879,19211,6190.136311
895,24880,19211,6190.136311
896,24881,19212,6190.185268
897,24882,19213,6190.220688
898,24883,19214,6190.251941
899,24884,19215,6190.282232
900,24885,19215,6190.282232
901,24886,19216,6190.314162
902,24887,19217,6190.347013
903,24888,19218,6190.380444
904,24889,19219,6190.411801
905,24890,19220,6190.442655
906,24891,19220,6190.442655
907,24892,19221,6190.472637
908,24893,19221,6190.472637
909,24894,19222,6190.522694
910,24895,19223,6190.554002
911,24896,19224,6190.587759
912,24897,19225,6190.619073
913,24898,19226,6190.650444
914,24899,19226,6190.650444
915,24900,19227,6190.680299
916,24901,19228,6190.714668
917,24902,19229,6190.748395
918,24903,19230,6190.778916
919,24904,19231,6190.808928
920,24905,19231,6190.808928
921,24906,19232,6190.861000
922,24907,19232,6190.861000
923,24908,19233,6190.890121
924,24909,19234,6190.920977
925,24910,19235,6190.956963
926,24911,19236,6190.987385
927,24912,19237,6191.019325
928,24913,19237,6191.019325
929,24914,19238,6191.051138
930,24915,19239,6191.081748
931,24916,19240,6191.114628
932,24917,19241,6191.147616
933,24918,19241,6191.147616
934,24919,19242,6191.177994
935,24920,19243,6191.226729
936,24921,19243,6191.226729
937,24922,19244,6191.259181
938,24923,19245,6191.290572
939,24924,19246,6191.323165
940,24925,19247,6191.355473
941,24926,19248,6191.384462
942,24927,19248,6191.384462
943,24928,19249,6191.419803
944,24929,19250,6191.451579
945,24930,19251,6191.483027
946,24931,19252,6191.514415
947,24932,19252,6191.514415
948,24933,19253,6191.567214
949,24934,19254,6191.593424
950,24935,19254,6191.593424
951,24936,19255,6191.625183
952,24937,19256,6191.657445
953,24938,19257,6191.689498
954,24939,19258,6191.720669
955,24940,19259,6191.752854
956,24941,19259,6191.752854
957,24942,19260,6191.785645
958,24943,19261,6191.817875
959,24944,19262,6191.849000
960,24945,19262,6191.849000
961,24946,19263,6191.898890
962,24947,19264,6191.930194
963,24948,19265,6191.961118
964,24949,19265,6191.961118
965,24950,19266,6191.992694
966,24951,19267,6192.025897
967,24952,19268,6192.057825
968,24953,19269,6192.090527
969,24954,19269,6192.090527
970,24955,19270,6192.121127
971,24956,19271,6192.153969
972,24957,19272,6192.185660
973,24958,19272,6192.185660
974,24959,19273,6192.233583
975,24960,19274,6192.265647
976,24961,19275,6192.296982
977,24962,19275,6192.296982
978,24963,19276,6192.330436
979,24964,19277,6192.362019
980,24965,19278,6192.395371
981,24966,19279,6192.425400
982,24967,19279,6192.425400
983,24968,19280,6192.455613
984,24969,19281,6192.490717
985,24970,19282,6192.521954
986,24971,19282,6192.521954
987,24972,19283,6192.569563
988,24973,19284,6192.602263
989,24974,19285,6192.634078
990,24975,19285,6192.634078
991,24976,19286,6192.664537
992,24977,19287,6192.698411
993,24978,19288,6192.730288
994,24979,19289,6192.763434
995,24980,19289,6192.763434
996,24981,19290,6192.795482
997,24982,19291,6192.824356
998,24983,19292,6192.857314
999,24984,19292,6192.857314
1000,24985,19293,6192.905314
1001,24986,19295,6192.941429
1002,24987,19296,6192.968864
1003,24988,19296,6192.968864
1004,24989,19296,6192.968864
1005,24990,19297,6193.034951
1006,24991,19298,6193.065640
1007,24992,19299,6193.096986
1008,24993,19300,6193.128382
1009,24994,19300,6193.128382
1010,24995,19301,6193.160936
1011,24996,19302,6193.192080
1012,24997,19303,6193.227378
1013,24998,19303,6193.227378
1014,24999,19304,6193.274417
1015,25000,19306,6193.308259
1016,25001,19306,6193.308259
1017,25002,19307,6193.337435
1018,25003,19308,6193.368635
1019,25004,19308,6193.368635
1020,25005,19309,6193.433213
1021,25006,19310,6193.465397
1022,25007,19310,6193.465397
1023,25008,19311,6193.495544
1024,25009,19312,6193.532599
1025,25010,19313,6193.561832
1026,25011,19313,6193.561832
1027,25012,19314,6193.609961
1028,25013,19316,6193.642743
1029,25014,19317,6193.673062
1030,25015,19317,6193.673062
1031,25016,19318,6193.705172
1032,25017,19319,6193.738248
1033,25018,19320,6193.770027
1034,25019,19320,6193.770027
1035,25020,19320,6193.770027
1036,25021,19321,6193.831050
1037,25022,19322,6193.864409
1038,25023,19323,6193.897504
1039,25024,19323,6193.897504
1040,25025,19324,6193.945563
1041,25026,19326,6193.980368
1042,25027,19327,6194.008257
1043,25028,19327,6194.008257
1044,25029,19328,6194.042887
1045,25030,19329,6194.072788
1046,25031,19330,6194.105681
1047,25032,19331,6194.137270
1048,25033,19331,6194.137270
1049,25034,19332,6194.167957
1050,25035,19332,6194.167957
1051,25036,19333,6194.235604
1052,25037,19333,6194.235604
1053,25038,19334,6194.280753
1054,25039,19336,6194.318131
1055,25040,19337,6194.345580
1056,25041,19337,6194.345580
1057,25042,19338,6194.376968
1058,25043,19339,6194.408627
1059,25044,19340,6194.444307
1060,25045,19341,6194.473275
1061,25046,19342,6194.504331
1062,25047,19342,6194.504331
1063,25048,19343,6194.538893
1064,25049,19344,6194.571684
1065,25050,19344,6194.571684
1066,25051,19344,6194.571684
1067,25052,19346,6194.653593
1068,25053,19347,6194.681554
1069,25054,19348,6194.712528
1070,25055,19348,6194.712528
1071,25056,19349,6194.745779
1072,25057,19350,6194.779725
1073,25058,19351,6194.809619
1074,25059,19352,6194.842355
1075,25060,19352,6194.842355
1076,25061,19353,6194.872160
1077,25062,19354,6194.907411
1078,25063,19355,6194.937290
1079,25064,19355,6194.937290
1080,25065,19356,6194.985237
1081,25066,19357,6195.018949
1082,25067,19358,6195.048727
1083,25068,19358,6195.048727
1084,25069,19359,6195.081732
1085,25070,19360,6195.112974
1086,25071,19361,6195.147665
1087,25072,19362,6195.178441
1088,25073,19362,6195.178441
1089,25074,19363,6195.211088
1090,25075,19364,6195.241013
1091,25076,19365,6195.273065
1092,25077,19365,6195.273065
1093,25078,19366,6195.321451
1094,25079,19367,6195.352489
1095,25080,19368,6195.388638
1096,25081,19368,6195.388638
1097,25082,19369,6195.417914
1098,25083,19370,6195.449139
1099,25084,19371,6195.483273
1100,25085,19372,6195.513626
1101,25086,19373,6195.546296
1102,25087,19373,6195.546296
1103,25088,19374,6195.578659
1104,25089,19375,6195.611657
1105,25090,19375,6195.611657
1106,25091,19376,6195.659466
1107,25092,19377,6195.690676
1108,25093,19378,6195.722673
1109,25094,19379,6195.755347
1110,25095,19379,6195.755347
1111,25096,19380,6195.785517
1112,25097,19381,6195.817657
1113,25098,19382,6195.850695
1114,25099,19383,6195.882973
1115,25100,19384,6195.912858
1116,25101,19384,6195.912858
1117,25102,19385,6195.949618
1118,25103,19385,6195.949618
1119,25104,19386,6195.993734
1120,25105,19387,6196.026271
1121,25106,19388,6196.057217
1122,25107,19389,6196.088626
1123,25108,19390,6196.121200
1124,25109,19390,6196.121200
1125,25110,19391,6196.152778
1126,25111,19392,6196.185400
1127,25112,19393,6196.219537
1128,25113,19394,6196.250456
1129,25114,19394,6196.250456
1130,25115,19395,6196.280224
1131,25116,19396,6196.329653
1132,25117,19396,6196.329653
1133,25118,19397,6196.362109
1134,25119,19398,6196.394301
1135,25120,19399,6196.425558
1136,25121,19400,6196.456460
1137,25122,19400,6196.456460
1138,25123,19401,6196.488961
1139,25124,19402,6196.520969
1140,25125,19403,6196.553986
1141,25126,19404,6196.586168
1142,25127,19405,6196.615857
1143,25128,19405,6196.615857
1144,25129,19406,6196.649527
1145,25130,19406,6196.649527
1146,25131,19407,6196.697436
1147,25132,19408,6196.729303
1148,25133,19409,6196.759433
1149,25134,19410,6196.792691
1150,25135,19410,6196.792691
1151,25136,19411,6196.825570
1152,25137,19412,6196.858627
1153,25138,19413,6196.888349
1154,25139,19414,6196.920839
1155,25140,19414,6196.920839
1156,25141,19415,6196.954709
1157,25142,19416,6196.987864
1158,25143,19416,6196.987864
1159,25144,19417,6197.036251
1160,25145,19418,6197.068277
1161,25146,19419,6197.098219
1162,25147,19420,6197.128747
1163,25148,19420,6197.128747
1164,25149,19421,6197.162152
1165,25150,19422,6197.192388
1166,25151,19423,6197.225357
1167,25152,19424,6197.258002
1168,25153,19424,6197.258002
1169,25154,19425,6197.289634
1170,25155,19426,6197.321069
1171,25156,19426,6197.321069
1172,25157,19427,6197.367845
1173,25158,19428,6197.402165
1174,25159,19429,6197.433761
1175,25160,19430,6197.465473
1176,25161,19430,6197.465473
1177,25162,19431,6197.497200
1178,25163,19432,6197.530072
1179,25164,19433,6197.560732
1180,25165,19434,6197.592173
1181,25166,19435,6197.623586
1182,25167,19435,6197.623586
1183,25168,19436,6197.657583
1184,25169,19436,6197.657583
1185,25170,19437,6197.706365
1186,25171,19439,6197.741302
1187,25172,19440,6197.769637
1188,25173,19440,6197.769637
1189,25174,19440,6197.769637
1190,25175,19441,6197.833220
1191,25176,19442,6197.867210
1192,25177,19443,6197.897466
1193,25178,19444,6197.930357
1194,25179,19445,6197.960384
1195,25180,19445,6197.960384
1196,25181,19446,6197.995783
1197,25182,19446,6197.995783
1198,25183,19447,6198.042008
1199,25184,19449,6198.077934
1200,25185,19450,6198.105477
1201,25186,19451,6198.136760
1202,25187,19451,6198.136760
1203,25188,19452,6198.169270
1204,25189,19452,6198.169270
1205,25190,19453,6198.235441
1206,25191,19454,6198.266465
1207,25192,19454,6198.266465
1208,25193,19455,6198.296897
1209,25194,19456,6198.330154
1210,25195,19457,6198.362615
1211,25196,19457,6198.362615
1212,25197,19459,6198.413642
1213,25198,19460,6198.442484
1214,25199,19461,6198.473509
1215,25200,19461,6198.473509
1216,25201,19462,6198.504182
1217,25202,19463,6198.540439
1218,25203,19464,6198.570095
1219,25204,19464,6198.570095
1220,25205,19464,6198.570095
1221,25206,19465,6198.635217
1222,25207,19466,6198.665459
1223,25208,19467,6198.697805
1224,25209,19467,6198.697805
1225,25210,19468,6198.745128
1226,25211,19470,6198.780730
1227,25212,19471,6198.808509
1228,25213,19472,6198.841313
1229,25214,19472,6198.841313
1230,25215,19473,6198.873476
1231,25216,19474,6198.905562
1232,25217,19475,6198.938868
1233,25218,19476,6198.971430
1234,25219,19476,6198.971430
1235,25220,19476,6198.971430
1236,25221,19477,6199.035323
1237,25222,19477,6199.035323
1238,25223,19478,6199.082806
1239,25224,19480,6199.119812
1240,25225,19481,6199.147067
1241,25226,19482,6199.179420
1242,25227,19482,6199.179420
1243,25228,19483,6199.211108
1244,25229,19484,6199.242145
1245,25230,19485,6199.272172
1246,25231,19486,6199.305235
1247,25232,19486,6199.305235
1248,25233,19487,6199.337188
1249,25234,19488,6199.369201
1250,25235,19488,6199.369201
1251,25236,19488,6199.369201
1252,25237,19490,6199.451190
1253,25238,19491,6199.482195
1254,25239,19492,6199.514494
1255,25240,19492,6199.514494
1256,25241,19493,6199.544858
1257,25242,19494,6199.577453
1258,25243,19495,6199.610723
1259,25244,19496,6199.641543
1260,25245,19497,6199.673565
1261,25246,19497,6199.673565
1262,25247,19498,6199.705218
1263,25248,19499,6199.752803
1264,25249,19499,6199.752803
1265,25250,19500,6199.786035
1266,25251,19501,6199.818024
1267,25252,19502,6199.850798
1268,25253,19503,6199.880488
1269,25254,19503,6199.880488
1270,25255,19504,6199.913188
1271,25256,19505,6199.946538
1272,25257,19506,6199.979386
1273,25258,19507,6200.011383
1274,25259,19507,6200.011383
1275,25260,19508,6200.040988
1276,25261,19509,6200.072968
1277,25262,19509,6200.072968
1278,25263,19510,6200.120902
1279,25264,19511,6200.152648
1280,25265,19512,6200.185473
1281,25266,19513,6200.217256
1282,25267,19513,6200.217256
1283,25268,19514,6200.248741
1284,25269,19515,6200.280998
1285,25270,19516,6200.313667
1286,25271,19517,6200.346962
1287,25272,19517,6200.346962
1288,25273,19518,6200.378133
1289,25274,19519,6200.409315
1290,25275,19519,6200.409315
1291,25276,19520,6200.457120
1292,25277,19521,6200.490573
1293,25278,19522,6200.521116
1294,25279,19523,6200.553295
1295,25280,19524,6200.587239
1296,25281,19524,6200.587239
1297,25282,19525,6200.617718
1298,25283,19526,6200.650920
1299,25284,19527,6200.681998
1300,25285,19528,6200.714139
1301,25286,19528,6200.714139
1302,25287,19529,6200.744668
1303,25288,19530,6200.792023
1304,25289,19530,6200.792023
1305,25290,19531,6200.826579
1306,25291,19532,6200.857547
1307,25292,19533,6200.888553
1308,25293,19534,6200.920614
1309,25294,19534,6200.920614
1310,25295,19535,6200.953657
1311,25296,19536,6200.986738
1312,25297,19537,6201.016720
1313,25298,19538,6201.050611
1314,25299,19538,6201.050611
1315,25300,19539,6201.081893
1316,25301,19540,6201.129100
1317,25302,19540,6201.129100
1318,25303,19541,6201.160651
1319,25304,19542,6201.195868
1320,25305,19543,6201.225891
1321,25306,19544,6201.256727
1322,25307,19544,6201.256727
1323,25308,19545,6201.290663
1324,25309,19546,6201.323338
1325,25310,19547,6201.353337
1326,25311,19548,6201.385139
1327,25312,19548,6201.385139
1328,25313,19549,6201.417543
1329,25314,19550,6201.465725
1330,25315,19550,6201.465725
1331,25316,19551,6201.497664
1332,25317,19552,6201.530816
1333,25318,19553,6201.560525
1334,25319,19554,6201.593601
1335,25320,19554,6201.593601
1336,25321,19555,6201.625388
1337,25322,19556,6201.658233
1338,25323,19557,6201.689378
1339,25324,19558,6201.719406
1340,25325,19558,6201.719406
1341,25326,19559,6201.752461
1342,25327,19560,6201.800555
1343,25328,19560,6201.800555
1344,25329,19561,6201.832918
1345,25330,19562,6201.865584
1346,25331,19563,6201.897101
1347,25332,19564,6201.929252
1348,25333,19564,6201.929252
1349,25334,19565,6201.960496
1350,25335,19566,6201.993357
1351,25336,19567,6202.027665
1352,25337,19568,6202.058466
1353,25338,19568,6202.058466
1354,25339,19569,6202.088733
1355,25340,19570,6202.122304
1356,25341,19570,6202.122304
1357,25342,19571,6202.169478
1358,25343,19572,6202.202240
1359,25344,19573,6202.232528
1360,25345,19574,6202.265145
1361,25346,19574,6202.265145
1362,25347,19575,6202.296527
1363,25348,19576,6202.331949
1364,25349,19577,6202.362952
1365,25350,19578,6202.393981
1366,25351,19578,6202.393981
1367,25352,19579,6202.425267
1368,25353,19580,6202.458006
1369,25354,19580,6202.458006
1370,25355,19581,6202.504410
1371,25356,19583,6202.542010
1372,25357,19584,6202.569505
1373,25358,19584,6202.569505
1374,25359,19584,6202.569505
1375,25360,19585,6202.633318
1376,25361,19586,6202.667756
1377,25362,19587,6202.698536
1378,25363,19588,6202.729126
1379,25364,19588,6202.729126
1380,25365,19589,6202.761865
1381,25366,19590,6202.792734
1382,25367,19590,6202.792734
1383,25368,19591,6202.839872
1384,25369,19593,6202.875593
1385,25370,19594,6202.905773
1386,25371,19595,6202.937217
1387,25372,19596,6202.968469
1388,25373,19596,6202.968469
1389,25374,19596,6202.968469
1390,25375,19597,6203.033032
1391,25376,19598,6203.063485
1392,25377,19599,6203.097094
1393,25378,19599,6203.097094
1394,25379,19600,6203.128626
1395,25380,19600,6203.128626
1396,25381,19601,6203.176178
1397,25382,19603,6203.214109
1398,25383,19604,6203.239620
1399,25384,19605,6203.273667
1400,25385,19605,6203.273667
1401,25386,19606,6203.304670
1402,25387,19607,6203.335862
1403,25388,19608,6203.369195
1404,25389,19608,6203.369195
1405,25390,19609,6203.432269
1406,25391,19609,6203.432269
1407,25392,19610,6203.464742
1408,25393,19610,6203.464742
1409,25394,19611,6203.512802
1410,25395,19613,6203.547515
1411,25396,19614,6203.578061
1412,25397,19615,6203.608857
1413,25398,19615,6203.608857
1414,25399,19616,6203.640168
1415,25400,19617,6203.674716
1416,25401,19618,6203.704357
1417,25402,19619,6203.737377
1418,25403,19620,6203.768060
1419,25404,19620,6203.768060
1420,25405,19620,6203.768060
1421,25406,19621,6203.831721
1422,25407,19621,6203.831721
1423,25408,19622,6203.881449
1424,25409,19624,6203.915459
1425,25410,19625,6203.944637
1426,25411,19625,6203.944637
1427,25412,19626,6203.978297
1428,25413,19627,6204.008446
1429,25414,19628,6204.041427
1430,25415,19629,6204.072670
1431,25416,19629,6204.072670
1432,25417,19630,6204.105324
1433,25418,19631,6204.137275
1434,25419,19632,6204.169747
1435,25420,19632,6204.169747
1436,25421,19632,6204.169747
1437,25422,19634,6204.251676
1438,25423,19635,6204.280921
1439,25424,19635,6204.280921
1440,25425,19636,6204.312281
1441,25426,19637,6204.345366
1442,25427,19638,6204.377021
1443,25428,19639,6204.410652
1444,25429,19639,6204.410652
1445,25430,19640,6204.440694
1446,25431,19641,6204.472692
1447,25432,19642,6204.505390
1448,25433,19642,6204.505390
1449,25434,19643,6204.552902
1450,25435,19644,6204.584443
1451,25436,19645,6204.619047
1452,25437,19645,6204.619047
1453,25438,19646,6204.649668
1454,25439,19647,6204.681606
1455,25440,19648,6204.715528
1456,25441,19649,6204.745186
1457,25442,19649,6204.745186
1458,25443,19650,6204.775722
1459,25444,19651,6204.808390
1460,25445,19652,6204.841059
1461,25446,19652,6204.841059
1462,25447,19653,6204.889562
1463,25448,19654,6204.921842
1464,25449,19655,6204.954059
1465,25450,19655,6204.954059
1466,25451,19656,6204.984607
1467,25452,19657,6205.016780
1468,25453,19658,6205.048619
1469,25454,19659,6205.080995
1470,25455,19660,6205.112145
1471,25456,19660,6205.112145
1472,25457,19661,6205.145795
1473,25458,19662,6205.178193
1474,25459,19662,6205.178193
1475,25460,19663,6205.224445
1476,25461,19664,6205.257466
1477,25462,19665,6205.287829
1478,25463,19666,6205.320244
1479,25464,19666,6205.320244
1480,25465,19667,6205.352524
1481,25466,19668,6205.385339
1482,25467,19669,6205.417928
1483,25468,19670,6205.448911
1484,25469,19670,6205.448911
1485,25470,19671,6205.482434
1486,25471,19672,6205.514180
1487,25472,19673,6205.546823
1488,25473,19673,6205.546823
1489,25474,19674,6205.593926
1490,25475,19675,6205.626261
1491,25476,19675,6205.626261
1492,25477,19676,6205.657380
1493,25478,19677,6205.690877
1494,25479,19678,6205.721879
1495,25480,19679,6205.753287
1496,25481,19679,6205.753287
1497,25482,19680,6205.785693
1498,25483,19681,6205.817830
1499,25484,19682,6205.850618
1500,25485,19683,6205.881138
1501,25486,19683,6205.881138
1502,25487,19684,6205.929776
1503,25488,19685,6205.960458
1504,25489,19685,6205.960458
1505,25490,19686,6205.992613
1506,25491,19687,6206.025599
1507,25492,19688,6206.056286
1508,25493,19689,6206.091369
1509,25494,19690,6206.121601
1510,25495,19690,6206.121601
1511,25496,19691,6206.154529
1512,25497,19692,6206.185472
1513,25498,19693,6206.217923
1514,25499,19693,6206.217923
1515,25500,19694,6206.265849
1516,25501,19695,6206.296728
1517,25502,19696,6206.328901
1518,25503,19696,6206.328901
1519,25504,19697,6206.360275
1520,25505,19698,6206.393763
1521,25506,19699,6206.425566
1522,25507,19700,6206.457961
1523,25508,19700,6206.457961
1524,25509,19701,6206.487627
1525,25510,19702,6206.519582
1526,25511,19703,6206.552779
1527,25512,19703,6206.552779
1528,25513,19704,6206.603208
1529,25514,19705,6206.631241
1530,25515,19706,6206.665453
1531,25516,19706,6206.665453
1532,25517,19707,6206.697318
1533,25518,19708,6206.728452
1534,25519,19709,6206.761373
1535,25520,19710,6206.792345
1536,25521,19710,6206.792345
1537,25522,19711,6206.824028
1538,25523,19712,6206.857959
1539,25524,19713,6206.889410
1540,25525,19713,6206.889410
1541,25526,19714,6206.936166
1542,25527,19716,6206.971275
1543,25528,19716,6206.971275
1544,25529,19716,6206.971275
1545,25530,19717,6207.032056
1546,25531,19718,6207.065422
1547,25532,19719,6207.096830
1548,25533,19720,6207.128201
1549,25534,19720,6207.128201
1550,25535,19721,6207.162010
1551,25536,19722,6207.194457
1552,25537,19723,6207.225559
1553,25538,19724,6207.257362
1554,25539,19724,6207.257362
1555,25540,19726,6207.306956
1556,25541,19727,6207.337231
1557,25542,19727,6207.337231
1558,25543,19728,6207.368512
1559,25544,19728,6207.368512
1560,25545,19729,6207.433117
1561,25546,19730,6207.464026
1562,25547,19730,6207.464026
1563,25548,19731,6207.495724
1564,25549,19732,6207.529115
1565,25550,19733,6207.561758
1566,25551,19734,6207.592652
1567,25552,19734,6207.592652
1568,25553,19735,6207.640377
1569,25554,19735,6207.640377
1570,25555,19737,6207.677208
1571,25556,19738,6207.704581
1572,25557,19739,6207.737648
1573,25558,19740,6207.769185
1574,25559,19740,6207.769185
1575,25560,19740,6207.769185
1576,25561,19741,6207.832926
1577,25562,19742,6207.864640
1578,25563,19743,6207.895307
1579,25564,19744,6207.929941
1580,25565,19744,6207.929941
1581,25566,19745,6207.975759
1582,25567,19746,6208.009090
1583,25568,19747,6208.011207
1584,25569,19748,6208.042717
1585,25570,19749,6208.073826
1586,25571,19750,6208.105222
1587,25572,19751,6208.137093
1588,25573,19751,6208.137093
1589,25574,19752,6208.170600
1590,25575,19752,6208.170600
1591,25576,19753,6208.233308
1592,25577,19754,6208.264632
1593,25578,19754,6208.264632
1594,25579,19755,6208.311722
1595,25580,19756,6208.345198
1596,25581,19757,6208.347970
1597,25582,19758,6208.377542
1598,25583,19759,6208.410667
1599,25584,19760,6208.439806
1600,25585,19761,6208.472902
1601,25586,19761,6208.472902
1602,25587,19762,6208.504171
1603,25588,19763,6208.537996
1604,25589,19764,6208.568870
1605,25590,19764,6208.568870
1606,25591,19764,6208.568870
1607,25592,19765,6208.649683
1608,25593,19767,6208.682360
1609,25594,19767,6208.682360
1610,25595,19768,6208.712475
1611,25596,19769,6208.745950
1612,25597,19770,6208.776997
1613,25598,19771,6208.807905
1614,25599,19771,6208.807905
1615,25600,19772,6208.841697
1616,25601,19773,6208.874264
1617,25602,19774,6208.904653
1618,25603,19775,6208.936607
1619,25604,19775,6208.936607
1620,25605,19776,6208.969449
1621,25606,19777,6209.017242
1622,25607,19777,6209.017242
1623,25608,19778,6209.049840
1624,25609,19779,6209.080811
1625,25610,19780,6209.113469
1626,25611,19781,6209.145802
1627,25612,19781,6209.145802
1628,25613,19782,6209.176814
1629,25614,19783,6209.208332
1630,25615,19784,6209.241412
1631,25616,19785,6209.272984
1632,25617,19785,6209.272984
1633,25618,19786,6209.304707
1634,25619,19787,6209.354209
1635,25620,19787,6209.354209
1636,25621,19788,6209.384213
1637,25622,19789,6209.416534
1638,25623,19790,6209.447584
1639,25624,19791,6209.480756
1640,25625,19791,6209.480756
1641,25626,19792,6209.512116
1642,25627,19793,6209.545388
1643,25628,19794,6209.576928
1644,25629,19795,6209.608242
1645,25630,19795,6209.608242
1646,25631,19796,6209.640646
1647,25632,19797,6209.688447
1648,25633,19797,6209.688447
1649,25634,19798,6209.720792
1650,25635,19799,6209.754105
1651,25636,19800,6209.787911
1652,25637,19801,6209.816874
1653,25638,19801,6209.816874
1654,25639,19802,6209.848219
1655,25640,19803,6209.881580
1656,25641,19804,6209.914180
1657,25642,19805,6209.945379
1658,25643,19805,6209.945379
1659,25644,19806,6209.976478
1660,25645,19807,6210.025761
1661,25646,19807,6210.025761
1662,25647,19808,6210.058251
1663,25648,19809,6210.089645
1664,25649,19810,6210.120687
1665,25650,19811,6210.153149
1666,25651,19811,6210.153149
1667,25652,19812,6210.186453
1668,25653,19813,6210.217259
1669,25654,19814,6210.248967
1670,25655,19815,6210.280494
1671,25656,19815,6210.280494
1672,25657,19816,6210.314561
1673,25658,19817,6210.360293
1674,25659,19817,6210.360293
1675,25660,19818,6210.391467
1676,25661,19819,6210.423246
1677,25662,19820,6210.457006
1678,25663,19821,6210.489102
1679,25664,19821,6210.489102
1680,25665,19822,6210.520963
1681,25666,19823,6210.552573
1682,25667,19824,6210.585506
1683,25668,19825,6210.616166
1684,25669,19825,6210.616166
1685,25670,19826,6210.649005
1686,25671,19827,6210.696219
1687,25672,19827,6210.696219
1688,25673,19828,6210.728663
1689,25674,19829,6210.760044
1690,25675,19830,6210.793766
1691,25676,19831,6210.825566
1692,25677,19831,6210.825566
1693,25678,19832,6210.858056
1694,25679,19833,6210.889541
1695,25680,19834,6210.919444
1696,25681,19835,6210.955472
1697,25682,19835,6210.955472
1698,25683,19836,6210.984839
1699,25684,19837,6211.016938
1700,25685,19837,6211.016938
1701,25686,19838,6211.064163
1702,25687,19839,6211.097384
1703,25688,19840,6211.129131
1704,25689,19841,6211.161116
1705,25690,19841,6211.161116
1706,25691,19842,6211.192352
1707,25692,19843,6211.224735
1708,25693,19844,6211.257109
1709,25694,19845,6211.288333
1710,25695,19845,6211.288333
1711,25696,19846,6211.322872
1712,25697,19847,6211.352242
1713,25698,19848,6211.400777
1714,25699,19848,6211.400777
1715,25700,19849,6211.433578
1716,25701,19850,6211.465868
1717,25702,19851,6211.497294
1718,25703,19852,6211.528315
1719,25704,19852,6211.528315
1720,25705,19853,6211.559905
1721,25706,19854,6211.593821
1722,25707,19855,6211.625762
1723,25708,19856,6211.658550
1724,25709,19856,6211.658550
1725,25710,19857,6211.688243
1726,25711,19857,6211.688243
1727,25712,19858,6211.737118
1728,25713,19860,6211.771695
1729,25714,19860,6211.771695
1730,25715,19861,6211.832156
1731,25716,19862,6211.864326
1732,25717,19862,6211.864326
1733,25718,19863,6211.896309
1734,25719,19864,6211.927857
1735,25720,19865,6211.961951
1736,25721,19866,6211.992657
1737,25722,19866,6211.992657
1738,25723,19867,6212.026005
1739,25724,19867,6212.026005
1740,25725,19868,6212.072309
1741,25726,19870,6212.109266
1742,25727,19871,6212.135513
1743,25728,19872,6212.167887
1744,25729,19872,6212.167887
1745,25730,19872,6212.167887
1746,25731,19873,6212.232539
1747,25732,19874,6212.265624
1748,25733,19875,6212.295494
1749,25734,19876,6212.328964
1750,25735,19876,6212.328964
1751,25736,19877,6212.361552
1752,25737,19877,6212.361552
1753,25738,19878,6212.407710
1754,25739,19880,6212.445335
1755,25740,19881,6212.473865
1756,25741,19882,6212.503411
1757,25742,19883,6212.536113
1758,25743,19883,6212.536113
1759,25744,19884,6212.568245
1760,25745,19884,6212.568245
1761,25746,19885,6212.634618
1762,25747,19886,6212.665576
1763,25748,19886,6212.665576
1764,25749,19887,6212.697884
1765,25750,19888,6212.730949
1766,25751,19888,6212.730949
1767,25752,19889,6212.777183
1768,25753,19891,6212.813779
1769,25754,19892,6212.841373
1770,25755,19893,6212.872476
1771,25756,19893,6212.872476
1772,25757,19894,6212.903737
1773,25758,19895,6212.938685
1774,25759,19896,6212.968662
1775,25760,19896,6212.968662
1776,25761,19896,6212.968662
1777,25762,19897,6213.033841
1778,25763,19898,6213.065128
1779,25764,19898,6213.065128
1780,25765,19899,6213.115577
1781,25766,19901,6213.147913
1782,25767,19902,6213.177733
1783,25768,19902,6213.177733
1784,25769,19903,6213.209201
1785,25770,19904,6213.243747
1786,25771,19905,6213.273482
1787,25772,19906,6213.305424
1788,25773,19907,6213.336507
1789,25774,19907,6213.336507
1790,25775,19908,6213.368331
1791,25776,19908,6213.368331
1792,25777,19908,6213.368331
1793,25778,19909,6213.448171
1794,25779,19911,6213.484472
1795,25780,19912,6213.511407
1796,25781,19913,6213.544603
1797,25782,19913,6213.544603
1798,25783,19914,6213.577604
1799,25784,19915,6213.609852
1800,25785,19916,6213.641153
1801,25786,19917,6213.675574
1802,25787,19917,6213.675574
1803,25788,19918,6213.706506
1804,25789,19919,6213.735894
1805,25790,19919,6213.735894
1806,25791,19920,6213.783964
1807,25792,19921,6213.815509
1808,25793,19922,6213.849512
1809,25794,19923,6213.880318
1810,25795,19923,6213.880318
1811,25796,19924,6213.914534
1812,25797,19925,6213.945239
1813,25798,19926,6213.978119
1814,25799,19927,6214.010542
1815,25800,19927,6214.010542
1816,25801,19928,6214.040427
1817,25802,19929,6214.072786
1818,25803,19929,6214.072786
1819,25804,19930,6214.122469
1820,25805,19931,6214.154522
1821,25806,19932,6214.187699
1822,25807,19933,6214.219066
1823,25808,19933,6214.219066
1824,25809,19934,6214.248707
1825,25810,19935,6214.281284
1826,25811,19936,6214.313583
1827,25812,19937,6214.346693
1828,25813,19938,6214.375801
1829,25814,19938,6214.375801
1830,25815,19939,6214.410222
1831,25816,19940,6214.439786
1832,25817,19940,6214.439786
1833,25818,19941,6214.490545
1834,25819,19942,6214.523333
1835,25820,19943,6214.551916
1836,25821,19943,6214.551916
1837,25822,19944,6214.585657
1838,25823,19945,6214.616750
1839,25824,19946,6214.648888
1840,25825,19947,6214.681258
1841,25826,19947,6214.681258
1842,25827,19948,6214.712721
1843,25828,19949,6214.744137
1844,25829,19950,6214.777258
1845,25830,19950,6214.777258
1846,25831,19951,6214.825100
1847,25832,19952,6214.855137
1848,25833,19953,6214.887640
1849,25834,19953,6214.887640
1850,25835,19954,6214.920223
1851,25836,19955,6214.955442
1852,25837,19956,6214.985444
1853,25838,19957,6215.018247
1854,25839,19957,6215.018247
1855,25840,19958,6215.049040
1856,25841,19959,6215.082147
1857,25842,19960,6215.113542
1858,25843,19960,6215.113542
1859,25844,19961,6215.159958
1860,25845,19962,6215.195263
1861,25846,19963,6215.225194
1862,25847,19963,6215.225194
1863,25848,19964,6215.257173
1864,25849,19965,6215.289002
1865,25850,19966,6215.320683
1866,25851,19967,6215.353963
1867,25852,19967,6215.353963
1868,25853,19968,6215.385535
1869,25854,19969,6215.417384
1870,25855,19970,6215.449972
1871,25856,19970,6215.449972
1872,25857,19971,6215.496920
1873,25858,19972,6215.530436
1874,25859,19973,6215.560322
1875,25860,19973,6215.560322
1876,25861,19974,6215.594962
1877,25862,19975,6215.626232
1878,25863,19976,6215.656951
1879,25864,19977,6215.688662
1880,25865,19977,6215.688662
1881,25866,19978,6215.720280
1882,25867,19979,6215.755135
1883,25868,19980,6215.785393
1884,25869,19980,6215.785393
1885,25870,19981,6215.831964
1886,25871,19982,6215.864254
1887,25872,19983,6215.897384
1888,25873,19983,6215.897384
1889,25874,19984,6215.929496
1890,25875,19985,6215.961312
1891,25876,19986,6215.993688
1892,25877,19987,6216.025260
1893,25878,19987,6216.025260
1894,25879,19988,6216.056479
1895,25880,19989,6216.088556
1896,25881,19990,6216.121178
1897,25882,19991,6216.154266
1898,25883,19991,6216.154266
1899,25884,19992,6216.200701
1900,25885,19993,6216.232349
1901,25886,19993,6216.232349
1902,25887,19994,6216.265360
1903,25888,19995,6216.297476
1904,25889,19996,6216.328017
1905,25890,19997,6216.360099
1906,25891,19997,6216.360099
1907,25892,19998,6216.391938
1908,25893,19999,6216.425537
1909,25894,20000,6216.458070
1910,25895,20001,6216.488612
1911,25896,20001,6216.488612
1912,25897,20002,6216.537333
1913,25898,20002,6216.537333
1914,25899,20004,6216.571738
1915,25900,20004,6216.571738
1916,25901,20005,6216.633350
1917,25902,20006,6216.664146
1918,25903,20006,6216.664146
1919,25904,20007,6216.697089
1920,25905,20008,6216.728206
1921,25906,20009,6216.760636
1922,25907,20010,6216.793460
1923,25908,20010,6216.793460
1924,25909,20011,6216.825507
1925,25910,20012,6216.875380
1926,25911,20012,6216.875380
1927,25912,20014,6216.907510
1928,25913,20015,6216.939991
1929,25914,20016,6216.969614
1930,25915,20016,6216.969614
1931,25916,20016,6216.969614
1932,25917,20017,6217.033383
1933,25918,20018,6217.064488
1934,25919,20019,6217.097298
1935,25920,20020,6217.128959
1936,25921,20020,6217.128959
1937,25922,20021,6217.161927
1938,25923,20022,6217.208181
1939,25924,20022,6217.208181
1940,25925,20024,6217.243033
1941,25926,20025,6217.274383
1942,25927,20026,6217.305336
1943,25928,20027,6217.337473
1944,25929,20027,6217.337473
1945,25930,20028,6217.369503
1946,25931,20028,6217.369503
1947,25932,20029,6217.433558
1948,25933,20030,6217.465957
1949,25934,20030,6217.465957
1950,25935,20031,6217.495533
1951,25936,20032,6217.544443
1952,25937,20032,6217.544443
1953,25938,20034,6217.581765
1954,25939,20035,6217.608855
1955,25940,20036,6217.641209
1956,25941,20037,6217.672620
1957,25942,20037,6217.672620
1958,25943,20038,6217.706006
1959,25944,20039,6217.737605
1960,25945,20040,6217.768871
1961,25946,20040,6217.768871
1962,25947,20040,6217.768871
1963,25948,20041,6217.833991
1964,25949,20042,6217.865566
1965,25950,20042,6217.865566
1966,25951,20044,6217.913968
1967,25952,20045,6217.947148
1968,25953,20046,6217.977626
1969,25954,20047,6218.009276
1970,25955,20047,6218.009276
1971,25956,20048,6218.039936
1972,25957,20049,6218.072693
1973,25958,20050,6218.103886
1974,25959,20051,6218.136722
1975,25960,20051,6218.136722
1976,25961,20052,6218.169877
1977,25962,20052,6218.169877
1978,25963,20052,6218.169877
1979,25964,20053,6218.249940
1980,25965,20055,6218.286832
1981,25966,20056,6218.313965
1982,25967,20057,6218.346219
1983,25968,20057,6218.346219
1984,25969,20058,6218.377831
1985,25970,20059,6218.410689
1986,25971,20060,6218.440914
1987,25972,20061,6218.474484
1988,25973,20061,6218.474484
1989,25974,20062,6218.503918
1990,25975,20063,6218.537180
1991,25976,20063,6218.537180
1992,25977,20064,6218.585668
1993,25978,20065,6218.618229
1994,25979,20066,6218.649127
1995,25980,20067,6218.681740
1996,25981,20067,6218.681740
1997,25982,20068,6218.711762
1998,25983,20069,6218.745470
1999,25984,20070,6218.777075
2000,25985,20071,6218.808891
2001,25986,20071,6218.808891
2002,25987,20072,6218.842723
2003,25988,20073,6218.872081
2004,25989,20073,6218.872081
2005,25990,20074,6218.920717
2006,25991,20075,6218.953362
2007,25992,20076,6218.983822
2008,25993,20077,6219.017250
2009,25994,20077,6219.017250
2010,25995,20078,6219.049777
2011,25996,20079,6219.082997
2012,25997,20080,6219.113825
2013,25998,20081,6219.145507
2014,25999,20081,6219.145507
2015,26000,20082,6219.176625
2016,26001,20083,6219.210575
2017,26002,20083,6219.210575
2018,26003,20084,6219.256649
2019,26004,20085,6219.287914
2020,26005,20086,6219.322396
2021,26006,20087,6219.352297
2022,26007,20087,6219.352297
2023,26008,20088,6219.384589
2024,26009,20089,6219.417751
2025,26010,20090,6219.450546
2026,26011,20091,6219.480154
2027,26012,20091,6219.480154
2028,26013,20092,6219.513193
2029,26014,20093,6219.545674
2030,26015,20093,6219.545674
2031,26016,20094,6219.592723
2032,26017,20095,6219.625918
2033,26018,20096,6219.656226
2034,26019,20097,6219.690173
2035,26020,20097,6219.690173
2036,26021,20098,6219.720770
2037,26022,20099,6219.754396
2038,26023,20100,6219.786606
2039,26024,20101,6219.817190
2040,26025,20101,6219.817190
2041,26026,20102,6219.849173
2042,26027,20103,6219.880446
2043,26028,20104,6219.913653
2044,26029,20104,6219.913653
2045,26030,20105,6219.961351
2046,26031,20106,6219.994231
2047,26032,20107,6220.025460
2048,26033,20107,6220.025460
2049,26034,20108,6220.056538
2050,26035,20109,6220.089146
2051,26036,20110,6220.121390
2052,26037,20111,6220.152509
2053,26038,20111,6220.152509
2054,26039,20112,6220.184569
2055,26040,20113,6220.217135
2056,26041,20114,6220.249351
2057,26042,20114,6220.249351
2058,26043,20115,6220.296208
2059,26044,20116,6220.330142
2060,26045,20117,6220.361439
2061,26046,20117,6220.361439
2062,26047,20118,6220.393558
2063,26048,20119,6220.425313
2064,26049,20120,6220.457408
2065,26050,20121,6220.489966
2066,26051,20122,6220.519345
2067,26052,20122,6220.519345
2068,26053,20123,6220.552030
2069,26054,20124,6220.583955
2070,26055,20124,6220.583955
2071,26056,20125,6220.632830
2072,26057,20126,6220.665418
2073,26058,20127,6220.697138
2074,26059,20127,6220.697138
2075,26060,20128,6220.728937
2076,26061,20129,6220.761249
2077,26062,20130,6220.791838
2078,26063,20131,6220.825423
2079,26064,20131,6220.825423
2080,26065,20132,6220.857703
2081,26066,20133,6220.888459
2082,26067,20134,6220.921159
2083,26068,20134,6220.921159
2084,26069,20135,6220.968402
2085,26070,20136,6221.001503
2086,26071,20137,6221.035353
2087,26072,20137,6221.035353
2088,26073,20138,6221.064363
2089,26074,20139,6221.098627
2090,26075,20140,6221.129614
2091,26076,20141,6221.162478
2092,26077,20141,6221.162478
2093,26078,20142,6221.192653
2094,26079,20143,6221.225457
2095,26080,20144,6221.257097
2096,26081,20144,6221.257097
2097,26082,20145,6221.304455
2098,26083,20147,6221.340474
2099,26084,20148,6221.370641
2100,26085,20148,6221.370641
2101,26086,20148,6221.370641
2102,26087,20149,6221.433695
2103,26088,20150,6221.465615
2104,26089,20151,6221.497269
2105,26090,20151,6221.497269
2106,26091,20152,6221.529470
2107,26092,20153,6221.562212
2108,26093,20154,6221.594589
2109,26094,20155,6221.625510
2110,26095,20155,6221.625510
2111,26096,20156,6221.672200
2112,26097,20157,6221.706325
2113,26098,20158,6221.708911
2114,26099,20159,6221.737314
2115,26100,20160,6221.768956
2116,26101,20160,6221.768956
2117,26102,20161,6221.833530
2118,26103,20161,6221.833530
2119,26104,20162,6221.863941
2120,26105,20163,6221.895649
2121,26106,20164,6221.928851
2122,26107,20165,6221.960794
2123,26108,20165,6221.960794
2124,26109,20166,6222.009258
2125,26110,20166,6222.009258
2126,26111,20168,6222.043611
2127,26112,20169,6222.073431
2128,26113,20170,6222.105373
2129,26114,20171,6222.137528
2130,26115,20172,6222.168532
2131,26116,20172,6222.168532
2132,26117,20172,6222.168532
2133,26118,20173,6222.232682
2134,26119,20174,6222.265599
2135,26120,20175,6222.297813
2136,26121,20175,6222.297813
2137,26122,20176,6222.344266
2138,26123,20177,6222.376338
2139,26124,20178,6222.379068
2140,26125,20179,6222.409542
2141,26126,20180,6222.441356
2142,26127,20181,6222.474281
2143,26128,20182,6222.505441
2144,26129,20182,6222.505441
2145,26130,20183,6222.537683
2146,26131,20184,6222.569559
2147,26132,20184,6222.569559
2148,26133,20185,6222.635203
2149,26134,20185,6222.635203
2150,26135,20186,6222.681757
2151,26136,20187,6222.712946
2152,26137,20188,6222.715460
2153,26138,20189,6222.744064
2154,26139,20190,6222.776761
2155,26140,20191,6222.809310
2156,26141,20192,6222.840510
2157,26142,20192,6222.840510
2158,26143,20193,6222.872473
2159,26144,20194,6222.905546
2160,26145,20195,6222.937542
2161,26146,20196,6222.968371
2162,26147,20196,6222.968371
2163,26148,20196,6222.968371
2164,26149,20197,6223.047540
2165,26150,20198,6223.050694
2166,26151,20199,6223.080944
2167,26152,20200,6223.112951
2168,26153,20201,6223.143471
2169,26154,20202,6223.177689
2170,26155,20202,6223.177689
2171,26156,20203,6223.207128
2172,26157,20204,6223.240655
2173,26158,20205,6223.273102
2174,26159,20206,6223.304596
2175,26160,20206,6223.304596
2176,26161,20207,6223.337423
2177,26162,20208,6223.384383
2178,26163,20208,6223.384383
2179,26164,20209,6223.416287
2180,26165,20210,6223.448743
2181,26166,20211,6223.479058
2182,26167,20211,6223.479058
2183,26168,20212,6223.514767
2184,26169,20213,6223.543803
2185,26170,20214,6223.577320
2186,26171,20215,6223.608846
2187,26172,20216,6223.642349
2188,26173,20216,6223.642349
2189,26174,20217,6223.672091
2190,26175,20217,6223.672091
2191,26176,20218,6223.720917
2192,26177,20219,6223.752582
2193,26178,20220,6223.786109
2194,26179,20221,6223.817310
2195,26180,20222,6223.848284
2196,26181,20222,6223.848284
2197,26182,20223,6223.880855
2198,26183,20224,6223.913682
2199,26184,20225,6223.943872
2200,26185,20226,6223.977202
2201,26186,20226,6223.977202
2202,26187,20227,6224.009249
2203,26188,20227,6224.009249
2204,26189,20228,6224.058432
2205,26190,20229,6224.088648
2206,26191,20230,6224.121771
2207,26192,20231,6224.152934
2208,26193,20232,6224.184326
2209,26194,20232,6224.184326
2210,26195,20233,6224.215256
2211,26196,20234,6224.249022
2212,26197,20235,6224.281350
2213,26198,20236,6224.313926
2214,26199,20236,6224.313926
2215,26200,20237,6224.345290
2216,26201,20237,6224.345290
2217,26202,20238,6224.394811
2218,26203,20239,6224.424307
2219,26204,20240,6224.456284
2220,26205,20241,6224.489560
2221,26206,20242,6224.521192
2222,26207,20242,6224.521192
2223,26208,20243,6224.552584
2224,26209,20244,6224.583913
2225,26210,20245,6224.615356
2226,26211,20246,6224.648602
2227,26212,20246,6224.648602
2228,26213,20247,6224.681678
2229,26214,20247,6224.681678
2230,26215,20248,6224.729202
2231,26216,20249,6224.759729
2232,26217,20250,6224.794092
2233,26218,20251,6224.825116
2234,26219,20252,6224.857487
2235,26220,20252,6224.857487
2236,26221,20253,6224.888219
2237,26222,20254,6224.922781
2238,26223,20255,6224.953630
2239,26224,20256,6224.985372
2240,26225,20256,6224.985372
2241,26226,20257,6225.019049
2242,26227,20258,6225.049482
2243,26228,20258,6225.049482
2244,26229,20259,6225.096180
2245,26230,20260,6225.130163
2246,26231,20261,6225.164619
2247,26232,20262,6225.194514
2248,26233,20262,6225.194514
2249,26234,20263,6225.224719
2250,26235,20264,6225.257434
2251,26236,20265,6225.289713
2252,26237,20266,6225.322579
2253,26238,20266,6225.322579
2254,26239,20267,6225.354831
2255,26240,20268,6225.385210
2256,26241,20268,6225.385210
2257,26242,20269,6225.432756
2258,26243,20270,6225.464320
2259,26244,20271,6225.497109
2260,26245,20272,6225.530386
2261,26246,20273,6225.561019
2262,26247,20273,6225.561019
2263,26248,20274,6225.592645
2264,26249,20275,6225.626180
2265,26250,20276,6225.657447
2266,26251,20277,6225.689443
2267,26252,20277,6225.689443
2268,26253,20278,6225.721168
2269,26254,20279,6225.768947
2270,26255,20279,6225.768947
2271,26256,20280,6225.801180
2272,26257,20281,6225.834248
2273,26258,20282,6225.865041
2274,26259,20283,6225.898376
2275,26260,20283,6225.898376
2276,26261,20284,6225.927884
2277,26262,20285,6225.961200
2278,26263,20286,6225.993069
2279,26264,20287,6226.025452
2280,26265,20287,6226.025452
2281,26266,20288,6226.056936
2282,26267,20289,6226.106121
2283,26268,20289,6226.106121
2284,26269,20291,6226.140665
2285,26270,20292,6226.171533
2286,26271,20292,6226.171533
2287,26272,20293,6226.233533
2288,26273,20293,6226.233533
2289,26274,20294,6226.266172
2290,26275,20295,6226.297558
2291,26276,20296,6226.330153
2292,26277,20297,6226.360472
2293,26278,20298,6226.393356
2294,26279,20298,6226.393356
2295,26280,20299,6226.442639
2296,26281,20299,6226.442639
2297,26282,20301,6226.475318
2298,26283,20302,6226.504340
2299,26284,20303,6226.536035
2300,26285,20304,6226.569588
2301,26286,20304,6226.569588
2302,26287,20304,6226.569588
2303,26288,20305,6226.632578
2304,26289,20306,6226.665530
2305,26290,20307,6226.697544
2306,26291,20307,6226.697544
2307,26292,20308,6226.730211
2308,26293,20309,6226.760177
2309,26294,20309,6226.760177
2310,26295,20311,6226.811989
2311,26296,20312,6226.841177
2312,26297,20313,6226.873582
2313,26298,20314,6226.905535
2314,26299,20315,6226.936217
2315,26300,20315,6226.936217
2316,26301,20316,6226.968342
2317,26302,20316,6226.968342
2318,26303,20317,6227.033015
2319,26304,20318,6227.065714
2320,26305,20318,6227.065714
2321,26306,20319,6227.095306
2322,26307,20319,6227.095306
2323,26308,20320,6227.144811
2324,26309,20322,6227.181566
2325,26310,20323,6227.210658
2326,26311,20324,6227.242393
2327,26312,20325,6227.272780
2328,26313,20325,6227.272780
2329,26314,20326,6227.306112
2330,26315,20327,6227.339200
2331,26316,20328,6227.369179
2332,26317,20328,6227.369179
2333,26318,20328,6227.369179
2334,26319,20329,6227.432914
2335,26320,20329,6227.432914
2336,26321,20330,6227.480703
2337,26322,20332,6227.515085
2338,26323,20333,6227.543477
2339,26324,20334,6227.576905
2340,26325,20334,6227.576905
2341,26326,20335,6227.609394
2342,26327,20336,6227.641809
2343,26328,20337,6227.671390
2344,26329,20338,6227.705712
2345,26330,20339,6227.736467
2346,26331,20339,6227.736467
2347,26332,20340,6227.768549
2348,26333,20340,6227.768549
2349,26334,20340,6227.768549
2350,26335,20342,6227.853189
2351,26336,20343,6227.881017
2352,26337,20344,6227.913555
2353,26338,20344,6227.913555
2354,26339,20345,6227.944457
2355,26340,20346,6227.977285
2356,26341,20347,6228.010457
2357,26342,20348,6228.043297
2358,26343,20348,6228.043297
2359,26344,20349,6228.072762
2360,26345,20350,6228.105410
2361,26346,20350,6228.105410
2362,26347,20351,6228.151848
2363,26348,20352,6228.185812
2364,26349,20353,6228.217490
2365,26350,20354,6228.249896
2366,26351,20354,6228.249896
2367,26352,20355,6228.281930
2368,26353,20356,6228.314129
2369,26354,20357,6228.345136
2370,26355,20358,6228.378749
2371,26356,20358,6228.378749
2372,26357,20359,6228.408210
2373,26358,20360,6228.440180
2374,26359,20360,6228.440180
2375,26360,20361,6228.488845
2376,26361,20362,6228.519474
2377,26362,20363,6228.553784
2378,26363,20364,6228.585239
2379,26364,20364,6228.585239
2380,26365,20365,6228.617016
2381,26366,20366,6228.649550
2382,26367,20367,6228.680214
2383,26368,20368,6228.713726
2384,26369,20369,6228.745203
2385,26370,20369,6228.745203
2386,26371,20370,6228.777549
2387,26372,20371,6228.809217
2388,26373,20371,6228.809217
2389,26374,20372,6228.857478
2390,26375,20373,6228.888732
2391,26376,20374,6228.920483
2392,26377,20374,6228.920483
2393,26378,20375,6228.953302
2394,26379,20376,6228.985283
2395,26380,20377,6229.017765
2396,26381,20378,6229.049532
2397,26382,20378,6229.049532
2398,26383,20379,6229.081367
2399,26384,20380,6229.112688
2400,26385,20381,6229.143356
2401,26386,20381,6229.143356
2402,26387,20382,6229.192116
2403,26388,20383,6229.225420
2404,26389,20384,6229.258369
2405,26390,20384,6229.258369
2406,26391,20385,6229.289635
2407,26392,20386,6229.322981
2408,26393,20387,6229.351886
2409,26394,20388,6229.385254
2410,26395,20389,6229.415597
2411,26396,20389,6229.415597
2412,26397,20390,6229.450385
2413,26398,20391,6229.482503
2414,26399,20391,6229.482503
2415,26400,20392,6229.530654
2416,26401,20393,6229.562377
2417,26402,20394,6229.592905
2418,26403,20395,6229.624319
2419,26404,20395,6229.624319
2420,26405,20396,6229.657502
2421,26406,20397,6229.689809
2422,26407,20398,6229.723405
2423,26408,20399,6229.752640
2424,26409,20399,6229.752640
2425,26410,20400,6229.785495
2426,26411,20401,6229.818882
2427,26412,20401,6229.818882
2428,26413,20402,6229.864372
2429,26414,20403,6229.897927
2430,26415,20404,6229.928251
2431,26416,20404,6229.928251
2432,26417,20405,6229.961665
2433,26418,20406,6229.991863
2434,26419,20407,6230.024487
2435,26420,20408,6230.056408
2436,26421,20408,6230.056408
2437,26422,20409,6230.090234
2438,26423,20410,6230.119763
2439,26424,20411,6230.155154
2440,26425,20411,6230.155154
2441,26426,20412,6230.200565
2442,26427,20413,6230.234420
2443,26428,20414,6230.264514
2444,26429,20414,6230.264514
2445,26430,20415,6230.297373
2446,26431,20416,6230.330878
2447,26432,20417,6230.359700
2448,26433,20418,6230.393531
2449,26434,20418,6230.393531
2450,26435,20419,6230.425442
2451,26436,20420,6230.457060
2452,26437,20421,6230.488972
2453,26438,20422,6230.520876
2454,26439,20422,6230.520876
2455,26440,20423,6230.569228
2456,26441,20424,6230.601065
2457,26442,20424,6230.601065
2458,26443,20425,6230.634148
2459,26444,20426,6230.666610
2460,26445,20427,6230.697417
2461,26446,20428,6230.730876
2462,26447,20429,6230.760293
2463,26448,20429,6230.760293
2464,26449,20430,6230.793272
2465,26450,20431,6230.826229
2466,26451,20432,6230.857948
2467,26452,20432,6230.857948
2468,26453,20433,6230.907703
2469,26454,20435,6230.940032
2470,26455,20435,6230.940032
2471,26456,20436,6230.968816
2472,26457,20436,6230.968816
2473,26458,20437,6231.032005
2474,26459,20438,6231.065432
2475,26460,20439,6231.096269
2476,26461,20439,6231.096269
2477,26462,20440,6231.129585
2478,26463,20441,6231.162252
2479,26464,20442,6231.193371
2480,26465,20442,6231.193371
2481,26466,20443,6231.241051
2482,26467,20445,6231.274349
2483,26468,20445,6231.274349
2484,26469,20446,6231.305426
2485,26470,20447,6231.335423
2486,26471,20448,6231.369185
2487,26472,20448,6231.369185
2488,26473,20448,6231.369185
2489,26474,20449,6231.434067
2490,26475,20450,6231.465409
2491,26476,20451,6231.496720
2492,26477,20452,6231.527630
2493,26478,20452,6231.527630
2494,26479,20453,6231.577080
2495,26480,20455,6231.611640
2496,26481,20455,6231.611640
2497,26482,20456,6231.641706
2498,26483,20457,6231.671618
2499,26484,20458,6231.705568
2500,26485,20459,6231.735552
2501,26486,20460,6231.770416
2502,26487,20460,6231.770416
2503,26488,20460,6231.770416
2504,26489,20461,6231.831804
2505,26490,20462,6231.865361
2506,26491,20462,6231.865361
2507,26492,20463,6231.911408
2508,26493,20465,6231.947943
2509,26494,20466,6231.976556
2510,26495,20466,6231.976556
2511,26496,20467,6232.008192
2512,26497,20468,6232.039932
2513,26498,20469,6232.073705
2514,26499,20470,6232.105455
2515,26500,20470,6232.105455
2516,26501,20471,6232.137103
2517,26502,20472,6232.171788
2518,26503,20472,6232.171788
2519,26504,20473,6232.234216
2520,26505,20473,6232.234216
2521,26506,20474,6232.280590
2522,26507,20474,6232.280590
2523,26508,20476,6232.316980
2524,26509,20477,6232.345721
2525,26510,20478,6232.379726
2526,26511,20479,6232.410604
2527,26512,20480,6232.440608
2528,26513,20480,6232.440608
2529,26514,20481,6232.472683
2530,26515,20482,6232.505438
2531,26516,20483,6232.535468
2532,26517,20484,6232.568430
2533,26518,20484,6232.568430
2534,26519,20484,6232.568430
2535,26520,20484,6232.568430
2536,26521,20486,6232.650561
2537,26522,20487,6232.681935
2538,26523,20488,6232.713670
2539,26524,20489,6232.743612
2540,26525,20489,6232.743612
2541,26526,20490,6232.777576
2542,26527,20491,6232.809354
2543,26528,20492,6232.841473
2544,26529,20493,6232.872467
2545,26530,20494,6232.905194
2546,26531,20494,6232.905194
2547,26532,20495,6232.953255
2548,26533,20495,6232.953255
2549,26534,20496,6232.986557
2550,26535,20497,6233.016914
2551,26536,20498,6233.049430
2552,26537,20499,6233.079544
2553,26538,20500,6233.112592
2554,26539,20500,6233.112592
2555,26540,20501,6233.145565
2556,26541,20502,6233.175535
2557,26542,20503,6233.210331
2558,26543,20504,6233.241829
2559,26544,20504,6233.241829
2560,26545,20505,6233.290426
2561,26546,20505,6233.290426
2562,26547,20506,6233.320913
2563,26548,20507,6233.353590
2564,26549,20508,6233.385384
2565,26550,20509,6233.417754
2566,26551,20509,6233.417754
2567,26552,20510,6233.448853
2568,26553,20511,6233.480774
2569,26554,20512,6233.513864
2570,26555,20513,6233.545479
2571,26556,20513,6233.545479
2572,26557,20514,6233.578122
2573,26558,20515,6233.626026
2574,26559,20515,6233.626026
2575,26560,20516,6233.657881
2576,26561,20517,6233.689336
2577,26562,20518,6233.720875
2578,26563,20519,6233.754328
2579,26564,20519,6233.754328
2580,26565,20520,6233.785332
2581,26566,20521,6233.817780
2582,26567,20522,6233.849489
2583,26568,20523,6233.882212
2584,26569,20524,6233.913094
2585,26570,20524,6233.913094
2586,26571,20525,6233.945725
2587,26572,20525,6233.945725
2588,26573,20526,6233.992344
2589,26574,20527,6234.025306
2590,26575,20528,6234.057433
2591,26576,20529,6234.090003
2592,26577,20529,6234.090003
2593,26578,20530,6234.120550
2594,26579,20531,6234.152691
2595,26580,20532,6234.184245
2596,26581,20533,6234.216923
2597,26582,20534,6234.247246
2598,26583,20534,6234.247246
2599,26584,20535,6234.281543
2600,26585,20535,6234.281543
2601,26586,20536,6234.329347
2602,26587,20537,6234.359703
2603,26588,20538,6234.393047
2604,26589,20539,6234.425617
2605,26590,20540,6234.457019
2606,26591,20540,6234.457019
2607,26592,20541,6234.488804
2608,26593,20542,6234.520705
2609,26594,20543,6234.553365
2610,26595,20544,6234.585522
2611,26596,20544,6234.585522
2612,26597,20545,6234.617908
2613,26598,20545,6234.617908
2614,26599,20546,6234.664211
2615,26600,20547,6234.696282
2616,26601,20548,6234.729111
2617,26602,20549,6234.759388
2618,26603,20550,6234.792459
2619,26604,20550,6234.792459
2620,26605,20551,6234.823790
2621,26606,20552,6234.856598
2622,26607,20553,6234.889653
2623,26608,20554,6234.920469
2624,26609,20554,6234.920469
2625,26610,20555,6234.953820
2626,26611,20555,6234.953820
2627,26612,20556,6235.001742
2628,26613,20557,6235.033531
2629,26614,20558,6235.065733
2630,26615,20559,6235.096761
2631,26616,20560,6235.129493
2632,26617,20560,6235.129493
2633,26618,20561,6235.161180
2634,26619,20562,6235.194272
2635,26620,20563,6235.225673
2636,26621,20564,6235.257425
2637,26622,20564,6235.257425
2638,26623,20565,6235.289812
2639,26624,20566,6235.336475
2640,26625,20566,6235.336475
2641,26626,20568,6235.373015
2642,26627,20568,6235.373015
2643,26628,20569,6235.433077
2644,26629,20570,6235.466040
2645,26630,20570,6235.466040
2646,26631,20571,6235.496997
2647,26632,20572,6235.528649
2648,26633,20573,6235.561396
2649,26634,20574,6235.593128
2650,26635,20574,6235.593128
2651,26636,20575,6235.625289
2652,26637,20576,6235.658166
2653,26638,20576,6235.658166
2654,26639,20578,6235.706136
2655,26640,20579,6235.737583
2656,26641,20580,6235.768174
2657,26642,20580,6235.768174
2658,26643,20580,6235.768174
2659,26644,20581,6235.834325
2660,26645,20582,6235.865618
2661,26646,20583,6235.896777
2662,26647,20584,6235.928755
2663,26648,20584,6235.928755
2664,26649,20585,6235.960586
2665,26650,20586,6235.992984
2666,26651,20586,6235.992984
2667,26652,20587,6236.040796
2668,26653,20589,6236.075546
2669,26654,20590,6236.105741
2670,26655,20591,6236.137174
2671,26656,20591,6236.137174
2672,26657,20592,6236.170228
2673,26658,20592,6236.170228
2674,26659,20593,6236.234161
2675,26660,20594,6236.265456
2676,26661,20594,6236.265456
2677,26662,20595,6236.296555
2678,26663,20596,6236.330753
2679,26664,20596,6236.330753
2680,26665,20597,6236.376469
2681,26666,20599,6236.413386
2682,26667,20600,6236.441641
2683,26668,20601,6236.472895
2684,26669,20601,6236.472895
2685,26670,20602,6236.503663
2686,26671,20603,6236.536057
2687,26672,20604,6236.569250
2688,26673,20604,6236.569250
2689,26674,20604,6236.569250
2690,26675,20605,6236.633806
2691,26676,20606,6236.665323
2692,26677,20606,6236.665323
2693,26678,20607,6236.712679
2694,26679,20609,6236.748297
2695,26680,20610,6236.777491
2696,26681,20611,6236.807821
2697,26682,20611,6236.807821
2698,26683,20612,6236.841933
2699,26684,20613,6236.873176
2700,26685,20614,6236.905184
2701,26686,20615,6236.938050
2702,26687,20615,6236.938050
2703,26688,20616,6236.967264
2704,26689,20616,6236.967264
2705,26690,20616,6236.967264
2706,26691,20617,6237.048919
2707,26692,20619,6237.085178
2708,26693,20620,6237.112609
2709,26694,20621,6237.145284
2710,26695,20621,6237.145284
2711,26696,20622,6237.177053
2712,26697,20623,6237.208914
2713,26698,20624,6237.239880
2714,26699,20625,6237.272467
2715,26700,20625,6237.272467
2716,26701,20626,6237.305550
2717,26702,20627,6237.336546
2718,26703,20627,6237.336546
2719,26704,20628,6237.385427
2720,26705,20629,6237.416877
2721,26706,20630,6237.450173
2722,26707,20631,6237.480255
2723,26708,20631,6237.480255
2724,26709,20632,6237.512120
2725,26710,20633,6237.544173
2726,26711,20634,6237.577260
2727,26712,20635,6237.610521
2728,26713,20635,6237.610521
2729,26714,20636,6237.641963
2730,26715,20637,6237.672244
2731,26716,20638,6237.705721
2732,26717,20638,6237.705721
2733,26718,20639,6237.755227
2734,26719,20640,6237.786788
2735,26720,20641,6237.818669
2736,26721,20641,6237.818669
2737,26722,20642,6237.851259
2738,26723,20643,6237.881696
2739,26724,20644,6237.911842
2740,26725,20645,6237.944497
2741,26726,20646,6237.975584
2742,26727,20646,6237.975584
2743,26728,20647,6238.008310
2744,26729,20648,6238.043268
2745,26730,20648,6238.043268
2746,26731,20649,6238.088702
2747,26732,20650,6238.120663
2748,26733,20651,6238.154218
2749,26734,20651,6238.154218
2750,26735,20652,6238.183832
2751,26736,20653,6238.218789
2752,26737,20654,6238.247343
2753,26738,20655,6238.280626
2754,26739,20655,6238.280626
2755,26740,20656,6238.312329
2756,26741,20657,6238.344599
2757,26742,20658,6238.377320
2758,26743,20658,6238.377320
2759,26744,20659,6238.425129
2760,26745,20660,6238.458126
2761,26746,20661,6238.488492
2762,26747,20661,6238.488492
2763,26748,20662,6238.521714
2764,26749,20663,6238.554520
2765,26750,20664,6238.584589
2766,26751,20665,6238.616466
2767,26752,20665,6238.616466
2768,26753,20666,6238.648348
2769,26754,20667,6238.681583
2770,26755,20668,6238.712413
2771,26756,20668,6238.712413
2772,26757,20669,6238.761193
2773,26758,20670,6238.792468
2774,26759,20670,6238.792468
2775,26760,20671,6238.825747
2776,26761,20672,6238.856615
2777,26762,20673,6238.888180
2778,26763,20674,6238.921117
2779,26764,20675,6238.951488
2780,26765,20675,6238.951488
2781,26766,20676,6238.985441
2782,26767,20677,6239.017364
2783,26768,20678,6239.048055
2784,26769,20678,6239.048055
2785,26770,20679,6239.096841
2786,26771,20680,6239.130235
2787,26772,20680,6239.130235
2788,26773,20681,6239.162766
2789,26774,20682,6239.193133
2790,26775,20683,6239.225861
2791,26776,20684,6239.257434
2792,26777,20685,6239.290485
2793,26778,20685,6239.290485
2794,26779,20686,6239.320879
2795,26780,20687,6239.353659
2796,26781,20688,6239.385520
2797,26782,20689,6239.419042
2798,26783,20689,6239.419042
2799,26784,20690,6239.464021
2800,26785,20691,6239.496428
2801,26786,20691,6239.496428
2802,26787,20692,6239.527546
2803,26788,20693,6239.561290
2804,26789,20694,6239.594323
2805,26790,20695,6239.624512
2806,26791,20695,6239.624512
2807,26792,20696,6239.656192
2808,26793,20697,6239.686759
2809,26794,20698,6239.721374
2810,26795,20699,6239.753413
2811,26796,20699,6239.753413
2812,26797,20700,6239.801322
2813,26798,20701,6239.831989
2814,26799,20701,6239.831989
2815,26800,20702,6239.864510
2816,26801,20703,6239.896672
2817,26802,20704,6239.930025
2818,26803,20705,6239.959551
2819,26804,20705,6239.959551
2820,26805,20706,6239.992108
2821,26806,20707,6240.024243
2822,26807,20708,6240.057184
2823,26808,20709,6240.089971
2824,26809,20709,6240.089971
2825,26810,20710,6240.137737
2826,26811,20710,6240.137737
2827,26812,20712,6240.173122
2828,26813,20712,6240.173122
2829,26814,20713,6240.233835
2830,26815,20714,6240.263932
2831,26816,20715,6240.296423
2832,26817,20715,6240.296423
2833,26818,20716,6240.328712
2834,26819,20717,6240.359965
2835,26820,20718,6240.392849
2836,26821,20719,6240.425824
2837,26822,20719,6240.425824
2838,26823,20720,6240.473518
2839,26824,20721,6240.505192
2840,26825,20722,6240.507882
2841,26826,20723,6240.537467
2842,26827,20724,6240.569229
2843,26828,20724,6240.569229
2844,26829,20725,6240.633577
2845,26830,20725,6240.633577
2846,26831,20726,6240.666428
2847,26832,20727,6240.696785
2848,26833,20728,6240.729874
2849,26834,20729,6240.760189
2850,26835,20729,6240.760189
2851,26836,20730,6240.808275
2852,26837,20731,6240.840332
2853,26838,20732,6240.843378
2854,26839,20733,6240.873746
2855,26840,20734,6240.905497
2856,26841,20735,6240.935449
2857,26842,20736,6240.968441
2858,26843,20736,6240.968441
2859,26844,20736,6240.968441
2860,26845,20737,6241.032237
2861,26846,20738,6241.064597
2862,26847,20739,6241.098118
2863,26848,20739,6241.098118
2864,26849,20740,6241.129927
2865,26850,20741,6241.177356
2866,26851,20741,6241.177356
2867,26852,20743,6241.211106
2868,26853,20744,6241.239726
2869,26854,20745,6241.272749
2870,26855,20746,6241.305083
2871,26856,20746,6241.305083
2872,26857,20747,6241.337127
2873,26858,20748,6241.369412
2874,26859,20748,6241.369412
2875,26860,20749,6241.432475
2876,26861,20749,6241.432475
2877,26862,20750,6241.465526
2878,26863,20751,6241.513131
2879,26864,20751,6241.513131
2880,26865,20753,6241.548288
2881,26866,20754,6241.575560
2882,26867,20755,6241.609064
2883,26868,20756,6241.642070
2884,26869,20756,6241.642070
2885,26870,20757,6241.675078
2886,26871,20758,6241.703854
2887,26872,20759,6241.736724
2888,26873,20760,6241.768574
2889,26874,20760,6241.768574
2890,26875,20760,6241.768574
2891,26876,20760,6241.768574
2892,26877,20761,6241.848826
2893,26878,20763,6241.884015
2894,26879,20764,6241.913369
2895,26880,20765,6241.945598
2896,26881,20765,6241.945598
2897,26882,20766,6241.978406
2898,26883,20767,6242.009528
2899,26884,20768,6242.044070
2900,26885,20769,6242.074160
2901,26886,20770,6242.105162
2902,26887,20770,6242.105162
2903,26888,20771,6242.138308
2904,26889,20772,6242.185327
2905,26890,20772,6242.185327
2906,26891,20773,6242.217448
2907,26892,20774,6242.249039
2908,26893,20775,6242.281522
2909,26894,20776,6242.314517
2910,26895,20776,6242.314517
2911,26896,20777,6242.344399
2912,26897,20778,6242.377301
2913,26898,20779,6242.409465
2914,26899,20780,6242.442788
2915,26900,20780,6242.442788
2916,26901,20781,6242.472981
2917,26902,20782,6242.520391
2918,26903,20782,6242.520391
2919,26904,20783,6242.553749
2920,26905,20784,6242.585228
2921,26906,20785,6242.616666
2922,26907,20786,6242.650470
2923,26908,20786,6242.650470
2924,26909,20787,6242.680881
2925,26910,20788,6242.712516
2926,26911,20789,6242.746140
2927,26912,20790,6242.777295
2928,26913,20790,6242.777295
2929,26914,20791,6242.808509
2930,26915,20792,6242.841406
2931,26916,20792,6242.841406
2932,26917,20793,6242.888387
2933,26918,20794,6242.920547
2934,26919,20795,6242.952172
2935,26920,20796,6242.984397
2936,26921,20796,6242.984397
2937,26922,20797,6243.017313
2938,26923,20798,6243.048601
2939,26924,20799,6243.080758
2940,26925,20800,6243.112481
2941,26926,20801,6243.143885
2942,26927,20801,6243.143885
2943,26928,20802,6243.177194
2944,26929,20802,6243.177194
2945,26930,20803,6243.225425
2946,26931,20804,6243.256647
2947,26932,20805,6243.288191
2948,26933,20806,6243.322743
2949,26934,20806,6243.322743
2950,26935,20807,6243.353686
2951,26936,20808,6243.385113
2952,26937,20809,6243.415608
2953,26938,20810,6243.449645
2954,26939,20810,6243.449645
2955,26940,20811,6243.480938
2956,26941,20812,6243.512429
2957,26942,20812,6243.512429
2958,26943,20813,6243.561695
2959,26944,20814,6243.594208
2960,26945,20815,6243.624735
2961,26946,20816,6243.658371
2962,26947,20817,6243.687530
2963,26948,20817,6243.687530
2964,26949,20818,6243.720809
2965,26950,20819,6243.752993
2966,26951,20820,6243.785667
2967,26952,20820,6243.785667
2968,26953,20821,6243.817843
2969,26954,20822,6243.847734
2970,26955,20822,6243.847734
2971,26956,20823,6243.897424
2972,26957,20824,6243.930986
2973,26958,20825,6243.962984
2974,26959,20826,6243.992091
2975,26960,20826,6243.992091
2976,26961,20827,6244.024639
2977,26962,20828,6244.057823
2978,26963,20829,6244.088246
2979,26964,20830,6244.122661
2980,26965,20830,6244.122661
2981,26966,20831,6244.152539
2982,26967,20832,6244.184413
2983,26968,20832,6244.184413
2984,26969,20833,6244.233223
2985,26970,20834,6244.264332
2986,26971,20835,6244.297775
2987,26972,20836,6244.328566
2988,26973,20836,6244.328566
2989,26974,20837,6244.361510
2990,26975,20838,6244.394052
2991,26976,20839,6244.425093
2992,26977,20840,6244.457223
2993,26978,20840,6244.457223
2994,26979,20841,6244.489634
2995,26980,20842,6244.522520
2996,26981,20843,6244.553798
2997,26982,20843,6244.553798
2998,26983,20844,6244.600639
2999,26984,20845,6244.631562
3000,26985,20846,6244.665118
3001,26986,20846,6244.665118
3002,26987,20847,6244.697772
3003,26988,20848,6244.729523
3004,26989,20849,6244.761698
3005,26990,20850,6244.793528
3006,26991,20850,6244.793528
3007,26992,20851,6244.825230
3008,26993,20852,6244.857146
3009,26994,20853,6244.889482
3010,26995,20853,6244.889482
3011,26996,20854,6244.937349
3012,26997,20856,6244.973705
3013,26998,20856,6244.973705
3014,26999,20856,6244.973705
3015,27000,20857,6245.032706
3016,27001,20858,6245.063699
3017,27002,20859,6245.096304
3018,27003,20860,6245.128822
3019,27004,20860,6245.128822
3020,27005,20861,6245.160659
3021,27006,20862,6245.194413
3022,27007,20863,6245.225518
3023,27008,20863,6245.225518
3024,27009,20864,6245.271864
3025,27010,20866,6245.307305
3026,27011,20866,6245.307305
3027,27012,20867,6245.338160
3028,27013,20868,6245.368247
3029,27014,20868,6245.368247
3030,27015,20869,6245.434074
3031,27016,20870,6245.465233
3032,27017,20870,6245.465233
3033,27018,20871,6245.497190
3034,27019,20872,6245.529610
3035,27020,20873,6245.559445
3036,27021,20873,6245.559445
3037,27022,20874,6245.606510
3038,27023,20876,6245.643430
3039,27024,20876,6245.643430
3040,27025,20877,6245.672082
3041,27026,20878,6245.704170
3042,27027,20879,6245.736563
3043,27028,20880,6245.768518
3044,27029,20880,6245.768518
3045,27030,20880,6245.768518
3046,27031,20881,6245.833427
3047,27032,20882,6245.865030
3048,27033,20883,6245.895367
3049,27034,20883,6245.895367
3050,27035,20884,6245.944374
3051,27036,20886,6245.979614
3052,27037,20886,6245.979614
3053,27038,20887,6246.010042
3054,27039,20888,6246.040283
3055,27040,20889,6246.072708
3056,27041,20890,6246.103994
3057,27042,20891,6246.137679
3058,27043,20891,6246.137679
3059,27044,20892,6246.170568
3060,27045,20892,6246.170568
3061,27046,20893,6246.234626
3062,27047,20893,6246.234626
3063,27048,20894,6246.282476
3064,27049,20896,6246.317227
3065,27050,20897,6246.345279
3066,27051,20897,6246.345279
3067,27052,20898,6246.377532
3068,27053,20899,6246.409857
3069,27054,20900,6246.439816
3070,27055,20901,6246.472608
3071,27056,20901,6246.472608
3072,27057,20902,6246.504473
3073,27058,20903,6246.535584
3074,27059,20904,6246.569414
3075,27060,20904,6246.569414
3076,27061,20904,6246.569414
3077,27062,20905,6246.649140
3078,27063,20907,6246.682655
3079,27064,20907,6246.682655
3080,27065,20908,6246.712577
3081,27066,20909,6246.745599
3082,27067,20910,6246.777311
3083,27068,20911,6246.808181
3084,27069,20911,6246.808181
3085,27070,20912,6246.840739
3086,27071,20913,6246.872531
3087,27072,20914,6246.905466
3088,27073,20915,6246.937508
3089,27074,20915,6246.937508
3090,27075,20916,6246.985510
3091,27076,20917,6247.015078
3092,27077,20917,6247.015078
3093,27078,20918,6247.046771
3094,27079,20919,6247.079580
3095,27080,20920,6247.113766
3096,27081,20920,6247.113766
3097,27082,20921,6247.146283
3098,27083,20922,6247.177140
3099,27084,20923,6247.207096
3100,27085,20924,6247.239469
3101,27086,20925,6247.272646
3102,27087,20925,6247.272646
3103,27088,20926,6247.320486
3104,27089,20927,6247.352260
3105,27090,20927,6247.352260
3106,27091,20928,6247.384394
3107,27092,20929,6247.417017
3108,27093,20930,6247.447455
3109,27094,20931,6247.480473
3110,27095,20931,6247.480473
3111,27096,20932,6247.513597
3112,27097,20933,6247.545725
3113,27098,20934,6247.577893
3114,27099,20935,6247.608299
3115,27100,20935,6247.608299
3116,27101,20936,6247.657218
3117,27102,20937,6247.688510
3118,27103,20937,6247.688510
3119,27104,20938,6247.721929
3120,27105,20939,6247.754259
3121,27106,20940,6247.783673
3122,27107,20941,6247.817714
3123,27108,20941,6247.817714
3124,27109,20942,6247.850598
3125,27110,20943,6247.881247
3126,27111,20944,6247.913347
3127,27112,20945,6247.945133
3128,27113,20945,6247.945133
3129,27114,20946,6247.993844
3130,27115,20947,6248.024089
3131,27116,20947,6248.024089
3132,27117,20948,6248.055297
3133,27118,20949,6248.089422
3134,27119,20950,6248.120173
3135,27120,20951,6248.152590
3136,27121,20951,6248.152590
3137,27122,20952,6248.184255
3138,27123,20953,6248.215794
3139,27124,20954,6248.247977
3140,27125,20955,6248.280939
3141,27126,20955,6248.280939
3142,27127,20956,6248.313775
3143,27128,20956,6248.313775
3144,27129,20957,6248.361650
3145,27130,20958,6248.393914
3146,27131,20959,6248.425219
3147,27132,20960,6248.457420
3148,27133,20961,6248.488566
3149,27134,20961,6248.488566
3150,27135,20962,6248.521033
3151,27136,20963,6248.552750
3152,27137,20964,6248.585998
3153,27138,20965,6248.615861
3154,27139,20965,6248.615861
3155,27140,20966,6248.649083
3156,27141,20966,6248.649083
3157,27142,20967,6248.696976
3158,27143,20968,6248.730566
3159,27144,20969,6248.760247
3160,27145,20970,6248.793610
3161,27146,20971,6248.825069
3162,27147,20971,6248.825069
3163,27148,20972,6248.857258
3164,27149,20973,6248.888269
3165,27150,20974,6248.921344
3166,27151,20975,6248.953264
3167,27152,20975,6248.953264
3168,27153,20976,6248.986539
3169,27154,20976,6248.986539
3170,27155,20977,6249.034521
3171,27156,20978,6249.065351
3172,27157,20979,6249.097709
3173,27158,20980,6249.129235
3174,27159,20981,6249.160180
3175,27160,20981,6249.160180
3176,27161,20982,6249.193583
3177,27162,20983,6249.224704
3178,27163,20984,6249.257354
3179,27164,20984,6249.257354
3180,27165,20985,6249.305302
3181,27166,20987,6249.339875
3182,27167,20988,6249.368864
3183,27168,20988,6249.368864
3184,27169,20988,6249.368864
3185,27170,20989,6249.432796
3186,27171,20990,6249.463371
3187,27172,20991,6249.496543
3188,27173,20991,6249.496543
3189,27174,20992,6249.544329
3190,27175,20992,6249.544329
3191,27176,20994,6249.581557
3192,27177,20995,6249.609537
3193,27178,20996,6249.641421
3194,27179,20997,6249.672521
3195,27180,20997,6249.672521
3196,27181,20998,6249.706327
3197,27182,20999,6249.737342
3198,27183,21000,6249.769474
3199,27184,21000,6249.769474
3200,27185,21000,6249.769474
3201,27186,21001,6249.833095
3202,27187,21002,6249.864104
3203,27188,21002,6249.864104
3204,27189,21004,6249.917496
3205,27190,21005,6249.945765
3206,27191,21006,6249.977364
3207,27192,21007,6250.010852
3208,27193,21007,6250.010852
3209,27194,21008,6250.040906
3210,27195,21009,6250.072214
3211,27196,21010,6250.104369
3212,27197,21011,6250.137561
3213,27198,21012,6250.168883
3214,27199,21012,6250.168883
3215,27200,21012,6250.168883
3216,27201,21013,6250.248396
3217,27202,21013,6250.248396
3218,27203,21015,6250.285568
3219,27204,21016,6250.312214
3220,27205,21017,6250.345081
3221,27206,21018,6250.377274
3222,27207,21018,6250.377274
3223,27208,21019,6250.409641
3224,27209,21020,6250.442561
3225,27210,21021,6250.471997
3226,27211,21022,6250.505210
3227,27212,21022,6250.505210
3228,27213,21023,6250.537569
3229,27214,21023,6250.537569
3230,27215,21024,6250.584578
3231,27216,21025,6250.617087
3232,27217,21026,6250.651437
3233,27218,21027,6250.681004
3234,27219,21027,6250.681004
3235,27220,21028,6250.714151
3236,27221,21029,6250.746206
3237,27222,21030,6250.776926
3238,27223,21031,6250.808321
3239,27224,21032,6250.840826
3240,27225,21032,6250.840826
3241,27226,21033,6250.873887
3242,27227,21033,6250.873887
3243,27228,21034,6250.921025
3244,27229,21035,6250.951743
3245,27230,21036,6250.985553
3246,27231,21037,6251.017631
3247,27232,21038,6251.048057
3248,27233,21038,6251.048057
3249,27234,21039,6251.079940
3250,27235,21040,6251.113686
3251,27236,21041,6251.145569
3252,27237,21042,6251.175447
3253,27238,21042,6251.175447
3254,27239,21043,6251.207368
3255,27240,21043,6251.207368
3256,27241,21044,6251.255488
3257,27242,21045,6251.289658
3258,27243,21046,6251.321693
3259,27244,21047,6251.352471
3260,27245,21047,6251.352471
3261,27246,21048,6251.383400
3262,27247,21049,6251.419660
3263,27248,21050,6251.448956
3264,27249,21051,6251.482515
3265,27250,21051,6251.482515
3266,27251,21052,6251.512747
3267,27252,21053,6251.543947
3268,27253,21053,6251.543947
3269,27254,21054,6251.593578
3270,27255,21055,6251.624666
3271,27256,21056,6251.657254
3272,27257,21057,6251.689819
3273,27258,21057,6251.689819
3274,27259,21058,6251.720994
3275,27260,21059,6251.754729
3276,27261,21060,6251.785476
3277,27262,21061,6251.817267
3278,27263,21061,6251.817267
3279,27264,21062,6251.848320
3280,27265,21063,6251.881116
3281,27266,21064,6251.911324
3282,27267,21064,6251.911324
3283,27268,21065,6251.961974
3284,27269,21066,6251.994456
3285,27270,21067,6252.025518
3286,27271,21067,6252.025518
3287,27272,21068,6252.058023
3288,27273,21069,6252.089569
3289,27274,21070,6252.121550
3290,27275,21071,6252.154455
3291,27276,21071,6252.154455
3292,27277,21072,6252.184171
3293,27278,21073,6252.217102
3294,27279,21074,6252.249723
3295,27280,21074,6252.249723
3296,27281,21075,6252.297476
3297,27282,21076,6252.329602
3298,27283,21077,6252.360443
3299,27284,21077,6252.360443
3300,27285,21078,6252.392801
3301,27286,21079,6252.424269
3302,27287,21080,6252.457860
3303,27288,21081,6252.490495
3304,27289,21081,6252.490495
3305,27290,21082,6252.520067
3306,27291,21083,6252.555032
3307,27292,21084,6252.584589
3308,27293,21084,6252.584589
3309,27294,21085,6252.632067
3310,27295,21086,6252.663579
3311,27296,21086,6252.663579
3312,27297,21087,6252.699094
3313,27298,21088,6252.726994
3314,27299,21089,6252.761058
3315,27300,21090,6252.792529
3316,27301,21091,6252.824264
3317,27302,21091,6252.824264
3318,27303,21092,6252.856426
3319,27304,21093,6252.889483
3320,27305,21094,6252.921735
3321,27306,21094,6252.921735
3322,27307,21095,6252.968980
3323,27308,21096,6253.000846
3324,27309,21097,6253.033059
3325,27310,21097,6253.033059
3326,27311,21098,6253.065140
3327,27312,21099,6253.097453
3328,27313,21100,6253.129039
3329,27314,21100,6253.129039
3330,27315,21101,6253.162721
3331,27316,21102,6253.194191
3332,27317,21103,6253.224175
3333,27318,21104,6253.257309
3334,27319,21104,6253.257309
3335,27320,21105,6253.303678
3336,27321,21107,6253.339880
3337,27322,21108,6253.368349
3338,27323,21108,6253.368349
3339,27324,21108,6253.368349
3340,27325,21109,6253.433662
3341,27326,21110,6253.463624
3342,27327,21111,6253.496413
3343,27328,21111,6253.496413
3344,27329,21112,6253.528866
3345,27330,21113,6253.561217
3346,27331,21114,6253.593015
3347,27332,21114,6253.593015
3348,27333,21115,6253.626467
3349,27334,21116,6253.671975
3350,27335,21116,6253.671975
3351,27336,21118,6253.708263
3352,27337,21119,6253.737139
3353,27338,21120,6253.769328
3354,27339,21120,6253.769328
3355,27340,21120,6253.769328
3356,27341,21121,6253.833345
3357,27342,21122,6253.864422
3358,27343,21123,6253.898280
3359,27344,21124,6253.930175
3360,27345,21124,6253.930175
3361,27346,21125,6253.961772
3362,27347,21126,6254.010208
3363,27348,21126,6254.010208
3364,27349,21128,6254.043072
3365,27350,21129,6254.072115
3366,27351,21130,6254.105285
3367,27352,21131,6254.137408
3368,27353,21131,6254.137408
3369,27354,21132,6254.170267
3370,27355,21132,6254.170267
3371,27356,21133,6254.231273
3372,27357,21134,6254.267374
3373,27358,21135,6254.296260
3374,27359,21135,6254.296260
3375,27360,21136,6254.345058
3376,27361,21136,6254.345058
3377,27362,21138,6254.380455
3378,27363,21139,6254.408812
3379,27364,21140,6254.442054
3380,27365,21141,6254.473671
3381,27366,21141,6254.473671
3382,27367,21142,6254.506040
3383,27368,21143,6254.536508
3384,27369,21144,6254.567910
3385,27370,21144,6254.567910
3386,27371,21144,6254.567910
3387,27372,21145,6254.633871
3388,27373,21146,6254.680543
3389,27374,21146,6254.680543
3390,27375,21148,6254.716082
3391,27376,21149,6254.744411
3392,27377,21150,6254.776828
3393,27378,21151,6254.809318
3394,27379,21151,6254.809318
3395,27380,21152,6254.840375
3396,27381,21153,6254.872531
3397,27382,21154,6254.905366
3398,27383,21155,6254.936363
3399,27384,21155,6254.936363
3400,27385,21156,6254.967778
3401,27386,21156,6254.967778
3402,27387,21156,6254.967778
3403,27388,21158,6255.053813
3404,27389,21159,6255.080420
3405,27390,21160,6255.113945
3406,27391,21161,6255.144460
3407,27392,21161,6255.144460
3408,27393,21162,6255.176070
3409,27394,21163,6255.207417
3410,27395,21164,6255.240665
3411,27396,21165,6255.274178
3412,27397,21166,6255.303781
3413,27398,21166,6255.303781
3414,27399,21167,6255.338048
3415,27400,21167,6255.338048
3416,27401,21168,6255.385638
3417,27402,21169,6255.417037
3418,27403,21170,6255.450293
3419,27404,21171,6255.481734
3420,27405,21172,6255.511545
3421,27406,21172,6255.511545
3422,27407,21173,6255.545487
3423,27408,21174,6255.577320
3424,27409,21175,6255.609286
3425,27410,21176,6255.641559
3426,27411,21176,6255.641559
3427,27412,21177,6255.673927
3428,27413,21178,6255.719840
3429,27414,21178,6255.719840
3430,27415,21179,6255.753206
3431,27416,21180,6255.783949
3432,27417,21181,6255.816586
3433,27418,21182,6255.848574
3434,27419,21182,6255.848574
3435,27420,21183,6255.881290
3436,27421,21184,6255.913384
3437,27422,21185,6255.945429
3438,27423,21186,6255.977169
3439,27424,21186,6255.977169
3440,27425,21187,6256.009021
3441,27426,21187,6256.009021
3442,27427,21188,6256.057058
3443,27428,21189,6256.090433
3444,27429,21190,6256.119416
3445,27430,21191,6256.155179
3446,27431,21191,6256.155179
3447,27432,21192,6256.184699
3448,27433,21193,6256.216597
3449,27434,21194,6256.248426
3450,27435,21195,6256.281020
3451,27436,21196,6256.313380
3452,27437,21196,6256.313380
3453,27438,21197,6256.345604
3454,27439,21197,6256.345604
3455,27440,21198,6256.392619
3456,27441,21199,6256.425384
3457,27442,21200,6256.457077
3458,27443,21201,6256.489675
3459,27444,21201,6256.489675
3460,27445,21202,6256.520967
3461,27446,21203,6256.554398
3462,27447,21204,6256.585172
3463,27448,21205,6256.616510
3464,27449,21206,6256.648493
3465,27450,21206,6256.648493
3466,27451,21207,6256.680504
3467,27452,21207,6256.680504
3468,27453,21208,6256.729309
3469,27454,21209,6256.761636
3470,27455,21210,6256.794027
3471,27456,21211,6256.827265
3472,27457,21211,6256.827265
3473,27458,21212,6256.857849
3474,27459,21213,6256.888284
3475,27460,21214,6256.924397
3476,27461,21215,6256.953166
3477,27462,21216,6256.985318
3478,27463,21216,6256.985318
3479,27464,21217,6257.017513
3480,27465,21218,6257.050280
3481,27466,21218,6257.050280
3482,27467,21219,6257.097179
3483,27468,21220,6257.127741
3484,27469,21221,6257.159439
3485,27470,21222,6257.192541
3486,27471,21222,6257.192541
3487,27472,21223,6257.224191
3488,27473,21224,6257.257664
3489,27474,21225,6257.289339
3490,27475,21226,6257.322208
3491,27476,21226,6257.322208
3492,27477,21227,6257.352751
3493,27478,21228,6257.385680
3494,27479,21228,6257.385680
3495,27480,21229,6257.431948
3496,27481,21230,6257.463697
3497,27482,21231,6257.496988
3498,27483,21232,6257.527951
3499,27484,21232,6257.527951
3500,27485,21233,6257.559945
3501,27486,21234,6257.595155
3502,27487,21235,6257.624180
3503,27488,21236,6257.657445
3504,27489,21236,6257.657445
3505,27490,21237,6257.689492
3506,27491,21238,6257.721209
3507,27492,21238,6257.721209
3508,27493,21239,6257.770754
3509,27494,21240,6257.801025
3510,27495,21241,6257.833523
3511,27496,21242,6257.863975
3512,27497,21242,6257.863975
3513,27498,21243,6257.896698
3514,27499,21244,6257.928689
3515,27500,21245,6257.961995
3516,27501,21246,6257.992548
3517,27502,21246,6257.992548
3518,27503,21247,6258.025263
3519,27504,21248,6258.057612
3520,27505,21248,6258.057612
3521,27506,21249,6258.105280
3522,27507,21251,6258.140795
3523,27508,21252,6258.168352
3524,27509,21252,6258.168352
3525,27510,21252,6258.168352
3526,27511,21253,6258.233030
3527,27512,21254,6258.264503
3528,27513,21255,6258.296746
3529,27514,21256,6258.328999
3530,27515,21256,6258.328999
3531,27516,21257,6258.361042
3532,27517,21258,6258.393426
3533,27518,21258,6258.393426
3534,27519,21259,6258.440613
3535,27520,21261,6258.476203
3536,27521,21262,6258.506609
3537,27522,21263,6258.535145
3538,27523,21263,6258.535145
3539,27524,21264,6258.568467
3540,27525,21264,6258.568467
3541,27526,21265,6258.634225
3542,27527,21266,6258.665865
3543,27528,21266,6258.665865
3544,27529,21267,6258.695567
3545,27530,21268,6258.729021
3546,27531,21268,6258.729021
3547,27532,21269,6258.777317
3548,27533,21271,6258.814097
3549,27534,21272,6258.842386
3550,27535,21273,6258.872219
3551,27536,21273,6258.872219
3552,27537,21274,6258.905540
3553,27538,21275,6258.937772
3554,27539,21275,6258.937772
3555,27540,21276,6258.985167
3556,27541,21277,6259.017700
3557,27542,21278,6259.048645
3558,27543,21279,6259.081193
3559,27544,21279,6259.081193
3560,27545,21280,6259.113433
3561,27546,21281,6259.145211
3562,27547,21282,6259.177127
3563,27548,21283,6259.208690
3564,27549,21283,6259.208690
3565,27550,21284,6259.241112
3566,27551,21285,6259.274195
3567,27552,21285,6259.274195
3568,27553,21286,6259.322875
3569,27554,21287,6259.353955
3570,27555,21288,6259.385295
3571,27556,21289,6259.417268
3572,27557,21289,6259.417268
3573,27558,21290,6259.448981
3574,27559,21291,6259.482120
3575,27560,21292,6259.513912
3576,27561,21293,6259.545546
3577,27562,21293,6259.545546
3578,27563,21294,6259.577175
3579,27564,21295,6259.608552
3580,27565,21295,6259.608552
3581,27566,21296,6259.656649
3582,27567,21297,6259.691674
3583,27568,21298,6259.721677
3584,27569,21299,6259.753427
3585,27570,21299,6259.753427
3586,27571,21300,6259.785196
3587,27572,21301,6259.818066
3588,27573,21302,6259.849248
3589,27574,21303,6259.882983
3590,27575,21303,6259.882983
3591,27576,21304,6259.912478
3592,27577,21305,6259.945717
3593,27578,21305,6259.945717
3594,27579,21306,6259.993498
3595,27580,21307,6260.024238
3596,27581,21308,6260.056346
3597,27582,21309,6260.090786
3598,27583,21309,6260.090786
3599,27584,21310,6260.120466
3600,27585,21311,6260.153915
3601,27586,21312,6260.185705
3602,27587,21313,6260.217379
3603,27588,21313,6260.217379
3604,27589,21314,6260.250537
3605,27590,21315,6260.280620
3606,27591,21315,6260.280620
3607,27592,21316,6260.328945
3608,27593,21317,6260.361009
3609,27594,21318,6260.393495
3610,27595,21319,6260.425455
3611,27596,21319,6260.425455
3612,27597,21320,6260.455427
3613,27598,21321,6260.490760
3614,27599,21322,6260.522087
3615,27600,21323,6260.552496
3616,27601,21323,6260.552496
3617,27602,21324,6260.584619
3618,27603,21325,6260.617350
3619,27604,21326,6260.648732
3620,27605,21326,6260.648732
3621,27606,21327,6260.695772
3622,27607,21328,6260.728944
3623,27608,21329,6260.762848
3624,27609,21329,6260.762848
3625,27610,21330,6260.794007
3626,27611,21331,6260.823373
3627,27612,21332,6260.856752
3628,27613,21333,6260.890236
3629,27614,21333,6260.890236
3630,27615,21334,6260.919765
3631,27616,21335,6260.953546
3632,27617,21336,6260.985520
3633,27618,21336,6260.985520
3634,27619,21337,6261.033221
3635,27620,21338,6261.065594
3636,27621,21339,6261.095813
3637,27622,21339,6261.095813
3638,27623,21340,6261.129148
3639,27624,21341,6261.162120
3640,27625,21342,6261.194175
3641,27626,21343,6261.225774
3642,27627,21344,6261.255788
3643,27628,21344,6261.255788
3644,27629,21345,6261.290321
3645,27630,21346,6261.319473
3646,27631,21346,6261.319473
3647,27632,21347,6261.368451
3648,27633,21348,6261.401200
3649,27634,21349,6261.432764
3650,27635,21350,6261.464394
3651,27636,21350,6261.464394
3652,27637,21351,6261.496963
3653,27638,21352,6261.529180
3654,27639,21353,6261.561413
3655,27640,21354,6261.592875
3656,27641,21354,6261.592875
3657,27642,21355,6261.625181
3658,27643,21356,6261.658038
3659,27644,21356,6261.658038
3660,27645,21357,6261.705632
3661,27646,21359,6261.740224
3662,27647,21360,6261.768685
3663,27648,21360,6261.768685
3664,27649,21360,6261.768685
3665,27650,21361,6261.831950
3666,27651,21362,6261.865388
3667,27652,21363,6261.895455
3668,27653,21364,6261.928382
3669,27654,21364,6261.928382
3670,27655,21365,6261.962258
3671,27656,21366,6261.992623
3672,27657,21366,6261.992623
3673,27658,21367,6262.040932
3674,27659,21369,6262.075679
3675,27660,21370,6262.105707
3676,27661,21371,6262.136552
3677,27662,21371,6262.136552
3678,27663,21372,6262.168226
3679,27664,21372,6262.168226
3680,27665,21373,6262.232723
3681,27666,21374,6262.265443
3682,27667,21374,6262.265443
3683,27668,21375,6262.297129
3684,27669,21376,6262.330668
3685,27670,21377,6262.360337
3686,27671,21377,6262.360337
3687,27672,21379,6262.413194
3688,27673,21380,6262.441404
3689,27674,21381,6262.472491
3690,27675,21381,6262.472491
3691,27676,21382,6262.505736
3692,27677,21383,6262.538311
3693,27678,21384,6262.568400
3694,27679,21384,6262.568400
3695,27680,21384,6262.568400
3696,27681,21385,6262.631929
3697,27682,21386,6262.665445
3698,27683,21387,6262.697238
3699,27684,21387,6262.697238
3700,27685,21388,6262.745310
3701,27686,21390,6262.780452
3702,27687,21390,6262.780452
3703,27688,21391,6262.809975
3704,27689,21392,6262.840679
3705,27690,21393,6262.872006
3706,27691,21394,6262.905415
3707,27692,21395,6262.935486
3708,27693,21395,6262.935486
3709,27694,21396,6262.968073
3710,27695,21396,6262.968073
3711,27696,21397,6263.032126
3712,27697,21397,6263.032126
3713,27698,21398,6263.080513
3714,27699,21400,6263.114994
3715,27700,21400,6263.114994
3716,27701,21401,6263.145293
3717,27702,21402,6263.178962
3718,27703,21403,6263.210413
3719,27704,21404,6263.242165
3720,27705,21404,6263.242165
3721,27706,21405,6263.272932
3722,27707,21406,6263.305626
3723,27708,21407,6263.337133
3724,27709,21408,6263.370385
3725,27710,21408,6263.370385
3726,27711,21408,6263.370385
3727,27712,21410,6263.452284
3728,27713,21410,6263.452284
3729,27714,21411,6263.481805
3730,27715,21412,6263.515187
3731,27716,21413,6263.545547
3732,27717,21414,6263.577244
3733,27718,21414,6263.577244
3734,27719,21415,6263.609566
3735,27720,21416,6263.640885
3736,27721,21417,6263.673560
3737,27722,21418,6263.705726
3738,27723,21418,6263.705726
3739,27724,21419,6263.753577
3740,27725,21420,6263.785298
3741,27726,21420,6263.785298
3742,27727,21421,6263.817791
3743,27728,21422,6263.847943
3744,27729,21423,6263.881258
3745,27730,21424,6263.912696
3746,27731,21424,6263.912696
3747,27732,21425,6263.945573
3748,27733,21426,6263.976708
3749,27734,21427,6264.008672
3750,27735,21428,6264.040639
3751,27736,21428,6264.040639
3752,27737,21429,6264.089553
3753,27738,21430,6264.121356
3754,27739,21430,6264.121356
3755,27740,21431,6264.155469
3756,27741,21432,6264.185115
3757,27742,21433,6264.217502
3758,27743,21434,6264.248552
3759,27744,21434,6264.248552
3760,27745,21435,6264.280807
3761,27746,21436,6264.313807
3762,27747,21437,6264.345357
3763,27748,21438,6264.378978
3764,27749,21438,6264.378978
3765,27750,21439,6264.409696
3766,27751,21440,6264.456336
3767,27752,21440,6264.456336
3768,27753,21441,6264.488555
3769,27754,21442,6264.521921
3770,27755,21443,6264.553415
3771,27756,21444,6264.585193
3772,27757,21444,6264.585193
3773,27758,21445,6264.615176
3774,27759,21446,6264.647593
3775,27760,21447,6264.681983
3776,27761,21448,6264.713462
3777,27762,21449,6264.743978
3778,27763,21449,6264.743978
3779,27764,21450,6264.793819
3780,27765,21450,6264.793819
3781,27766,21451,6264.823528
3782,27767,21452,6264.855561
3783,27768,21453,6264.889312
3784,27769,21454,6264.920118
3785,27770,21454,6264.920118
3786,27771,21455,6264.953435
3787,27772,21456,6264.986091
3788,27773,21457,6265.017406
3789,27774,21458,6265.049130
3790,27775,21458,6265.049130
3791,27776,21459,6265.080149
3792,27777,21460,6265.128839
3793,27778,21460,6265.128839
3794,27779,21461,6265.159969
3795,27780,21462,6265.194424
3796,27781,21463,6265.227509
3797,27782,21464,6265.258607
3798,27783,21464,6265.258607
3799,27784,21465,6265.290436
3800,27785,21466,6265.321688
3801,27786,21467,6265.353677
3802,27787,21468,6265.387183
3803,27788,21468,6265.387183
3804,27789,21469,6265.416592
3805,27790,21470,6265.464385
3806,27791,21470,6265.464385
3807,27792,21471,6265.497343
3808,27793,21472,6265.530260
3809,27794,21473,6265.561308
3810,27795,21474,6265.593244
3811,27796,21474,6265.593244
3812,27797,21475,6265.625290
3813,27798,21476,6265.656661
3814,27799,21477,6265.689567
3815,27800,21478,6265.722563
3816,27801,21479,6265.752287
3817,27802,21479,6265.752287
3818,27803,21480,6265.800439
3819,27804,21480,6265.800439
3820,27805,21481,6265.833673
3821,27806,21482,6265.865269
3822,27807,21483,6265.897056
3823,27808,21484,6265.928226
3824,27809,21484,6265.928226
3825,27810,21485,6265.959440
3826,27811,21486,6265.994438
3827,27812,21487,6266.026168
3828,27813,21488,6266.056715
3829,27814,21488,6266.056715
3830,27815,21489,6266.088690
3831,27816,21490,6266.123974
3832,27817,21490,6266.123974
3833,27818,21491,6266.169302
3834,27819,21492,6266.202429
3835,27820,21493,6266.233375
3836,27821,21494,6266.267117
3837,27822,21494,6266.267117
3838,27823,21495,6266.296190
3839,27824,21496,6266.328827
3840,27825,21497,6266.360911
3841,27826,21498,6266.392276
3842,27827,21499,6266.424225
3843,27828,21499,6266.424225
3844,27829,21500,6266.458413
3845,27830,21500,6266.458413
3846,27831,21501,6266.505201
3847,27832,21503,6266.539370
3848,27833,21504,6266.571336
3849,27834,21504,6266.571336
3850,27835,21505,6266.632489
3851,27836,21505,6266.632489
3852,27837,21506,6266.665132
3853,27838,21507,6266.697180
3854,27839,21508,6266.729484
3855,27840,21509,6266.761809
3856,27841,21509,6266.761809
3857,27842,21510,6266.793617
3858,27843,21511,6266.840108
3859,27844,21511,6266.840108
3860,27845,21513,6266.875058
3861,27846,21514,6266.903344
3862,27847,21515,6266.937236
3863,27848,21516,6266.969075
3864,27849,21516,6266.969075
3865,27850,21516,6266.969075
3866,27851,21517,6267.032876
3867,27852,21518,6267.065419
3868,27853,21519,6267.099048
3869,27854,21519,6267.099048
3870,27855,21520,6267.129282
3871,27856,21521,6267.178767
3872,27857,21521,6267.178767
3873,27858,21523,6267.211323
3874,27859,21524,6267.241746
3875,27860,21525,6267.271883
3876,27861,21526,6267.305100
3877,27862,21526,6267.305100
3878,27863,21527,6267.336924
3879,27864,21528,6267.368439
3880,27865,21528,6267.368439
3881,27866,21529,6267.433143
3882,27867,21529,6267.433143
3883,27868,21530,6267.463833
3884,27869,21531,6267.511821
3885,27870,21531,6267.511821
3886,27871,21533,6267.550018
3887,27872,21534,6267.578381
3888,27873,21535,6267.610177
3889,27874,21536,6267.640491
3890,27875,21536,6267.640491
3891,27876,21537,6267.671625
3892,27877,21538,6267.704568
3893,27878,21539,6267.736805
3894,27879,21540,6267.770374
3895,27880,21540,6267.770374
3896,27881,21540,6267.770374
3897,27882,21541,6267.835583
3898,27883,21541,6267.835583
3899,27884,21542,6267.882495
3900,27885,21544,6267.917079
3901,27886,21545,6267.945600
3902,27887,21546,6267.977912
3903,27888,21546,6267.977912
3904,27889,21547,6268.010712
3905,27890,21548,6268.041745
3906,27891,21549,6268.074104
3907,27892,21550,6268.105273
3908,27893,21550,6268.105273
3909,27894,21551,6268.136173
3910,27895,21552,6268.170357
3911,27896,21552,6268.170357
3912,27897,21552,6268.170357
3913,27898,21554,6268.251288
3914,27899,21555,6268.280593
3915,27900,21556,6268.313216
3916,27901,21556,6268.313216
3917,27902,21557,6268.345211
3918,27903,21558,6268.376074
3919,27904,21559,6268.409446
3920,27905,21560,6268.441514
3921,27906,21560,6268.441514
3922,27907,21561,6268.473889
3923,27908,21562,6268.505484
3924,27909,21562,6268.505484
3925,27910,21563,6268.552661
3926,27911,21564,6268.584032
3927,27912,21565,6268.617732
3928,27913,21566,6268.647375
3929,27914,21566,6268.647375
3930,27915,21567,6268.681190
3931,27916,21568,6268.711968
3932,27917,21569,6268.745362
3933,27918,21570,6268.776592
3934,27919,21570,6268.776592
3935,27920,21571,6268.810182
3936,27921,21572,6268.842413
3937,27922,21572,6268.842413
3938,27923,21573,6268.888616
3939,27924,21574,6268.920549
3940,27925,21575,6268.953812
3941,27926,21576,6268.985209
3942,27927,21576,6268.985209
3943,27928,21577,6269.015523
3944,27929,21578,6269.049740
3945,27930,21579,6269.081205
3946,27931,21580,6269.112244
3947,27932,21580,6269.112244
3948,27933,21581,6269.145416
3949,27934,21582,6269.177769
3950,27935,21582,6269.177769
3951,27936,21583,6269.226737
3952,27937,21584,6269.257538
3953,27938,21585,6269.289194
3954,27939,21586,6269.323023
3955,27940,21586,6269.323023
3956,27941,21587,6269.355628
3957,27942,21588,6269.385352
3958,27943,21589,6269.417299
3959,27944,21590,6269.450297
3960,27945,21590,6269.450297
3961,27946,21591,6269.480996
3962,27947,21592,6269.513095
3963,27948,21593,6269.544066
3964,27949,21593,6269.544066
3965,27950,21594,6269.592082
3966,27951,21595,6269.625543
3967,27952,21596,6269.656620
3968,27953,21596,6269.656620
3969,27954,21597,6269.688949
3970,27955,21598,6269.720701
3971,27956,21599,6269.753731
3972,27957,21600,6269.785266
3973,27958,21600,6269.785266
3974,27959,21601,6269.818269
3975,27960,21602,6269.850836
3976,27961,21603,6269.879976
3977,27962,21603,6269.879976
3978,27963,21604,6269.930067
3979,27964,21605,6269.961569
3980,27965,21606,6269.992459
3981,27966,21606,6269.992459
3982,27967,21607,6270.025411
3983,27968,21608,6270.058493
3984,27969,21609,6270.088175
3985,27970,21610,6270.121198
3986,27971,21611,6270.151779
3987,27972,21611,6270.151779
3988,27973,21612,6270.185433
3989,27974,21613,6270.217475
3990,27975,21613,6270.217475
3991,27976,21614,6270.266902
3992,27977,21615,6270.298859
3993,27978,21616,6270.329525
3994,27979,21616,6270.329525
3995,27980,21617,6270.361855
3996,27981,21618,6270.393894
3997,27982,21619,6270.424040
3998,27983,21620,6270.459041
3999,27984,21620,6270.459041
4000,27985,21621,6270.488426
4001,27986,21622,6270.519567
4002,27987,21623,6270.552731
4003,27988,21623,6270.552731
4004,27989,21624,6270.601301
4005,27990,21625,6270.633240
4006,27991,21626,6270.665467
4007,27992,21626,6270.665467
4008,27993,21627,6270.695371
4009,27994,21628,6270.729440
4010,27995,21629,6270.761373
4011,27996,21630,6270.792782
4012,27997,21630,6270.792782
4013,27998,21631,6270.825091
4014,27999,21632,6270.855412
4015,28000,21633,6270.890500
4016,28001,21633,6270.890500
4017,28002,21634,6270.936615
4018,28003,21636,6270.971856
4019,28004,21636,6270.971856
4020,28005,21636,6270.971856
4021,28006,21637,6271.034059
4022,28007,21638,6271.065529
4023,28008,21639,6271.097302
4024,28009,21640,6271.128897
4025,28010,21640,6271.128897
4026,28011,21641,6271.161148
4027,28012,21642,6271.194921
4028,28013,21643,6271.225528
4029,28014,21644,6271.257279
4030,28015,21644,6271.257279
4031,28016,21646,6271.307195
4032,28017,21647,6271.335933
4033,28018,21647,6271.335933
4034,28019,21648,6271.368433
4035,28020,21648,6271.368433
4036,28021,21649,6271.433035
4037,28022,21650,6271.465358
4038,28023,21650,6271.465358
4039,28024,21651,6271.497133
4040,28025,21652,6271.527565
4041,28026,21653,6271.561212
4042,28027,21654,6271.594209
4043,28028,21654,6271.594209
4044,28029,21655,6271.642837
4045,28030,21655,6271.642837
4046,28031,21657,6271.677550
4047,28032,21658,6271.705967
4048,28033,21659,6271.737754
4049,28034,21660,6271.769371
4050,28035,21660,6271.769371
4051,28036,21660,6271.769371
4052,28037,21661,6271.832737
4053,28038,21662,6271.864800
4054,28039,21663,6271.895999
4055,28040,21664,6271.929215
4056,28041,21664,6271.929215
4057,28042,21665,6271.977846
4058,28043,21666,6272.007966
4059,28044,21667,6272.010274
4060,28045,21668,6272.039990
4061,28046,21669,6272.071839
4062,28047,21670,6272.105660
4063,28048,21671,6272.137328
4064,28049,21671,6272.137328
4065,28050,21672,6272.168694
4066,28051,21672,6272.168694
4067,28052,21673,6272.233395
4068,28053,21674,6272.265118
4069,28054,21674,6272.265118
4070,28055,21675,6272.315414
4071,28056,21676,6272.343936
4072,28057,21677,6272.346171
4073,28058,21678,6272.376865
4074,28059,21679,6272.409176
4075,28060,21680,6272.439416
4076,28061,21681,6272.472319
4077,28062,21681,6272.472319
4078,28063,21682,6272.505200
4079,28064,21683,6272.538102
4080,28065,21684,6272.570289
4081,28066,21684,6272.570289
4082,28067,21684,6272.570289
4083,28068,21685,6272.649148
4084,28069,21685,6272.649148
4085,28070,21687,6272.685430
4086,28071,21688,6272.714007
4087,28072,21689,6272.746669
4088,28073,21690,6272.778385
4089,28074,21691,6272.810244
4090,28075,21691,6272.810244
4091,28076,21692,6272.841614
4092,28077,21693,6272.872645
4093,28078,21694,6272.905215
4094,28079,21695,6272.939216
4095,28080,21695,6272.939216
4096,28081,21696,6272.985411
4097,28082,21697,6273.017203
4098,28083,21697,6273.017203
4099,28084,21698,6273.050526
4100,28085,21699,6273.084034
4101,28086,21700,6273.113872
4102,28087,21701,6273.147297
4103,28088,21701,6273.147297
4104,28089,21702,6273.176226
4105,28090,21703,6273.209228
4106,28091,21704,6273.240969
4107,28092,21705,6273.272413
4108,28093,21705,6273.272413
4109,28094,21706,6273.305119
4110,28095,21707,6273.352425
4111,28096,21707,6273.352425
4112,28097,21708,6273.386122
4113,28098,21709,6273.416574
4114,28099,21710,6273.447872
4115,28100,21711,6273.482178
4116,28101,21711,6273.482178
4117,28102,21712,6273.513811
4118,28103,21713,6273.544445
4119,28104,21714,6273.576979
4120,28105,21715,6273.609534
4121,28106,21715,6273.609534
4122,28107,21716,6273.641534
4123,28108,21717,6273.689886
4124,28109,21717,6273.689886
4125,28110,21718,6273.721369
4126,28111,21719,6273.753389
4127,28112,21720,6273.787028
4128,28113,21721,6273.817616
4129,28114,21721,6273.817616
4130,28115,21722,6273.848762
4131,28116,21723,6273.880674
4132,28117,21724,6273.911431
4133,28118,21725,6273.947170
4134,28119,21725,6273.947170
4135,28120,21726,6273.977161
4136,28121,21727,6274.025267
4137,28122,21727,6274.025267
4138,28123,21728,6274.055061
4139,28124,21729,6274.091417
4140,28125,21730,6274.121102
4141,28126,21731,6274.153249
4142,28127,21731,6274.153249
4143,28128,21732,6274.185291
4144,28129,21733,6274.215333
4145,28130,21734,6274.247568
4146,28131,21735,6274.281541
4147,28132,21736,6274.314350
4148,28133,21736,6274.314350
4149,28134,21737,6274.361137
4150,28135,21738,6274.392457
4151,28136,21738,6274.392457
4152,28137,21739,6274.425371
4153,28138,21740,6274.457210
4154,28139,21741,6274.488492
4155,28140,21742,6274.520309
4156,28141,21742,6274.520309
4157,28142,21743,6274.552464
4158,28143,21744,6274.583704
4159,28144,21745,6274.617250
4160,28145,21746,6274.648451
4161,28146,21746,6274.648451
4162,28147,21747,6274.697188
4163,28148,21748,6274.728973
4164,28149,21748,6274.728973
4165,28150,21749,6274.760472
4166,28151,21750,6274.791824
4167,28152,21751,6274.825497
4168,28153,21752,6274.856328
4169,28154,21752,6274.856328
4170,28155,21753,6274.889751
4171,28156,21754,6274.919632
4172,28157,21755,6274.954419
4173,28158,21756,6274.985528
4174,28159,21756,6274.985528
4175,28160,21757,6275.016658
4176,28161,21758,6275.064527
4177,28162,21758,6275.064527
4178,28163,21759,6275.098191
4179,28164,21760,6275.129470
4180,28165,21761,6275.161251
4181,28166,21762,6275.192633
4182,28167,21762,6275.192633
4183,28168,21763,6275.225423
4184,28169,21764,6275.256485
4185,28170,21765,6275.289284
4186,28171,21766,6275.321288
4187,28172,21766,6275.321288
4188,28173,21767,6275.352280
4189,28174,21767,6275.352280
4190,28175,21768,6275.403142
4191,28176,21769,6275.432560
4192,28177,21770,6275.465845
4193,28178,21771,6275.497361
4194,28179,21772,6275.530126
4195,28180,21772,6275.530126
4196,28181,21773,6275.562534
4197,28182,21774,6275.593711
4198,28183,21775,6275.625176
4199,28184,21776,6275.657271
4200,28185,21776,6275.657271
4201,28186,21777,6275.688710
4202,28187,21778,6275.736443
4203,28188,21778,6275.736443
4204,28189,21780,6275.771220
4205,28190,21780,6275.771220
4206,28191,21781,6275.833334
4207,28192,21782,6275.865206
4208,28193,21782,6275.865206
4209,28194,21783,6275.897633
4210,28195,21784,6275.928231
4211,28196,21785,6275.960966
4212,28197,21786,6275.992477
4213,28198,21786,6275.992477
4214,28199,21787,6276.025589
4215,28200,21787,6276.025589
4216,28201,21788,6276.075781
4217,28202,21790,6276.107045
4218,28203,21791,6276.137736
4219,28204,21792,6276.169607
4220,28205,21792,6276.169607
4221,28206,21792,6276.169607
4222,28207,21793,6276.233219
4223,28208,21794,6276.266156
4224,28209,21795,6276.296793
4225,28210,21796,6276.328917
4226,28211,21796,6276.328917
4227,28212,21797,6276.361286
4228,28213,21798,6276.409471
4229,28214,21798,6276.409471
4230,28215,21800,6276.443622
4231,28216,21801,6276.473759
4232,28217,21802,6276.504513
4233,28218,21803,6276.537193
4234,28219,21803,6276.537193
4235,28220,21804,6276.569068
4236,28221,21804,6276.569068
4237,28222,21805,6276.631283
4238,28223,21806,6276.665361
4239,28224,21806,6276.665361
4240,28225,21807,6276.696480
4241,28226,21808,6276.730631
4242,28227,21808,6276.730631
4243,28228,21809,6276.774849
4244,28229,21811,6276.813343
4245,28230,21812,6276.841691
4246,28231,21813,6276.874042
4247,28232,21813,6276.874042
4248,28233,21814,6276.905192
4249,28234,21815,6276.937929
4250,28235,21816,6276.968804
4251,28236,21816,6276.968804
4252,28237,21816,6276.968804
4253,28238,21817,6277.032232
4254,28239,21818,6277.064507
4255,28240,21818,6277.064507
4256,28241,21819,6277.112743
4257,28242,21821,6277.147155
4258,28243,21822,6277.176806
4259,28244,21823,6277.209372
4260,28245,21823,6277.209372
4261,28246,21824,6277.241048
4262,28247,21825,6277.272575
4263,28248,21826,6277.305390
4264,28249,21827,6277.337403
4265,28250,21827,6277.337403
4266,28251,21828,6277.368962
4267,28252,21828,6277.368962
4268,28253,21828,6277.368962
4269,28254,21829,6277.449207
4270,28255,21831,6277.486212
4271,28256,21832,6277.514063
4272,28257,21833,6277.545455
4273,28258,21833,6277.545455
4274,28259,21834,6277.576508
4275,28260,21835,6277.608932
4276,28261,21836,6277.641357
4277,28262,21837,6277.672488
4278,28263,21837,6277.672488
4279,28264,21838,6277.705000
4280,28265,21839,6277.738156
4281,28266,21839,6277.738156
4282,28267,21840,6277.784263
4283,28268,21841,6277.816269
4284,28269,21842,6277.848562
4285,28270,21843,6277.880523
4286,28271,21843,6277.880523
4287,28272,21844,6277.913389
4288,28273,21845,6277.945787
4289,28274,21846,6277.975578
4290,28275,21847,6278.009165
4291,28276,21847,6278.009165
4292,28277,21848,6278.039678
4293,28278,21849,6278.074314
4294,28279,21849,6278.074314
4295,28280,21850,6278.122085
4296,28281,21851,6278.155631
4297,28282,21852,6278.185442
4298,28283,21853,6278.217677
4299,28284,21853,6278.217677
4300,28285,21854,6278.248932
4301,28286,21855,6278.280049
4302,28287,21856,6278.313795
4303,28288,21857,6278.345055
4304,28289,21857,6278.345055
4305,28290,21858,6278.377314
4306,28291,21859,6278.408143
4307,28292,21860,6278.441834
4308,28293,21860,6278.441834
4309,28294,21861,6278.490274
4310,28295,21862,6278.521434
4311,28296,21863,6278.554989
4312,28297,21863,6278.554989
4313,28298,21864,6278.585359
4314,28299,21865,6278.617311
4315,28300,21866,6278.648901
4316,28301,21867,6278.680164
4317,28302,21868,6278.711592
4318,28303,21868,6278.711592
4319,28304,21869,6278.743677
4320,28305,21870,6278.775676
4321,28306,21870,6278.775676
4322,28307,21871,6278.825828
4323,28308,21872,6278.857332
4324,28309,21873,6278.887931
4325,28310,21874,6278.922346
4326,28311,21874,6278.922346
4327,28312,21875,6278.952259
4328,28313,21876,6278.984725
4329,28314,21877,6279.016880
4330,28315,21878,6279.049709
4331,28316,21878,6279.049709
4332,28317,21879,6279.081993
4333,28318,21880,6279.112770
4334,28319,21880,6279.112770
4335,28320,21881,6279.161622
4336,28321,21882,6279.194285
4337,28322,21883,6279.225226
4338,28323,21884,6279.255536
4339,28324,21884,6279.255536
4340,28325,21885,6279.288219
4341,28326,21886,6279.320830
4342,28327,21887,6279.353994
4343,28328,21888,6279.384881
4344,28329,21889,6279.415315
4345,28330,21889,6279.415315
4346,28331,21890,6279.448962
4347,28332,21890,6279.448962
4348,28333,21891,6279.498011
4349,28334,21892,6279.529486
4350,28335,21893,6279.561792
4351,28336,21894,6279.592619
4352,28337,21895,6279.625545
4353,28338,21895,6279.625545
4354,28339,21896,6279.656163
4355,28340,21897,6279.690481
4356,28341,21898,6279.721232
4357,28342,21899,6279.753559
4358,28343,21899,6279.753559
4359,28344,21900,6279.785358
4360,28345,21901,6279.831322
4361,28346,21901,6279.831322
4362,28347,21902,6279.864259
4363,28348,21903,6279.898341
4364,28349,21904,6279.928492
4365,28350,21904,6279.928492
4366,28351,21905,6279.961296
4367,28352,21906,6279.993629
4368,28353,21907,6280.025559
4369,28354,21908,6280.057635
4370,28355,21909,6280.088111
4371,28356,21909,6280.088111
4372,28357,21910,6280.120861
4373,28358,21911,6280.153512
4374,28359,21911,6280.153512
4375,28360,21912,6280.202350
4376,28361,21913,6280.233235
4377,28362,21914,6280.265046
4378,28363,21915,6280.296110
4379,28364,21915,6280.296110
4380,28365,21916,6280.328060
4381,28366,21917,6280.359048
4382,28367,21918,6280.394475
4383,28368,21919,6280.425543
4384,28369,21919,6280.425543
4385,28370,21920,6280.457546
4386,28371,21921,6280.490150
4387,28372,21921,6280.490150
4388,28373,21922,6280.535832
4389,28374,21924,6280.571948
4390,28375,21924,6280.571948
4391,28376,21924,6280.571948
4392,28377,21925,6280.633205
4393,28378,21926,6280.664630
4394,28379,21927,6280.696216
4395,28380,21928,6280.729087
4396,28381,21929,6280.760009
4397,28382,21929,6280.760009
4398,28383,21930,6280.792708
4399,28384,21931,6280.824739
4400,28385,21931,6280.824739
4401,28386,21932,6280.872539
4402,28387,21934,6280.908244
4403,28388,21935,6280.936629
4404,28389,21935,6280.936629
4405,28390,21936,6280.969648
4406,28391,21936,6280.969648
4407,28392,21937,6281.034737
4408,28393,21938,6281.064206
4409,28394,21939,6281.095268
4410,28395,21939,6281.095268
4411,28396,21940,6281.128012
4412,28397,21941,6281.160665
4413,28398,21941,6281.160665
4414,28399,21942,6281.207966
4415,28400,21944,6281.243408
4416,28401,21945,6281.274164
4417,28402,21946,6281.305209
4418,28403,21946,6281.305209
4419,28404,21947,6281.336820
4420,28405,21948,6281.369335
4421,28406,21948,6281.369335
4422,28407,21949,6281.432491
4423,28408,21949,6281.432491
4424,28409,21950,6281.465489
4425,28410,21951,6281.496997
4426,28411,21951,6281.496997
4427,28412,21952,6281.544160
4428,28413,21954,6281.579568
4429,28414,21955,6281.609483
4430,28415,21955,6281.609483
4431,28416,21956,6281.643495
4432,28417,21957,6281.672007
4433,28418,21958,6281.704098
4434,28419,21959,6281.737427
4435,28420,21959,6281.737427
4436,28421,21960,6281.769142
4437,28422,21960,6281.769142
4438,28423,21961,6281.831539
4439,28424,21961,6281.831539
4440,28425,21962,6281.882362
4441,28426,21964,6281.915473
4442,28427,21965,6281.946482
4443,28428,21965,6281.946482
4444,28429,21966,6281.975694
4445,28430,21967,6282.008409
4446,28431,21968,6282.041303
4447,28432,21969,6282.073481
4448,28433,21969,6282.073481
4449,28434,21970,6282.104754
4450,28435,21971,6282.137121
4451,28436,21972,6282.169210
4452,28437,21972,6282.169210
4453,28438,21972,6282.169210
4454,28439,21973,6282.250033
4455,28440,21974,6282.282396
4456,28441,21975,6282.285563
4457,28442,21976,6282.312447
4458,28443,21977,6282.345167
4459,28444,21978,6282.377064
4460,28445,21979,6282.408504
4461,28446,21980,6282.440706
4462,28447,21980,6282.440706
4463,28448,21981,6282.472422
4464,28449,21982,6282.505298
4465,28450,21983,6282.536777
4466,28451,21983,6282.536777
4467,28452,21984,6282.585392
4468,28453,21985,6282.617799
4469,28454,21986,6282.647730
4470,28455,21986,6282.647730
4471,28456,21987,6282.681580
4472,28457,21988,6282.711292
4473,28458,21989,6282.745182
4474,28459,21990,6282.776593
4475,28460,21990,6282.776593
4476,28461,21991,6282.808737
4477,28462,21992,6282.841176
4478,28463,21993,6282.873913
4479,28464,21993,6282.873913
4480,28465,21994,6282.921364
4481,28466,21995,6282.952885
4482,28467,21995,6282.952885
4483,28468,21996,6282.984330
4484,28469,21997,6283.017494
4485,28470,21998,6283.049256
4486,28471,21999,6283.081664
4487,28472,21999,6283.081664
4488,28473,22000,6283.114289
4489,28474,22001,6283.145159
4490,28475,22002,6283.176603
4491,28476,22003,6283.209168
4492,28477,22003,6283.209168
4493,28478,22004,6283.257551
4494,28479,22005,6283.290007
4495,28480,22005,6283.290007
4496,28481,22006,6283.322751
4497,28482,22007,6283.355393
4498,28483,22008,6283.385533
4499,28484,22009,6283.417150
4500,28485,22009,6283.417150
4501,28486,22010,6283.449086
4502,28487,22011,6283.479921
4503,28488,22012,6283.513820
4504,28489,22013,6283.543023
4505,28490,22013,6283.543023
4506,28491,22014,6283.593918
4507,28492,22015,6283.625548
4508,28493,22015,6283.625548
4509,28494,22016,6283.657451
4510,28495,22017,6283.688572
4511,28496,22018,6283.720678
4512,28497,22019,6283.752598
4513,28498,22020,6283.783819
4514,28499,22020,6283.783819
4515,28500,22021,6283.817514
4516,28501,22022,6283.849338
4517,28502,22023,6283.879826
4518,28503,22024,6283.912463
4519,28504,22024,6283.912463
4520,28505,22025,6283.962130
4521,28506,22026,6283.993067
4522,28507,22026,6283.993067
4523,28508,22027,6284.025600
4524,28509,22028,6284.057320
4525,28510,22029,6284.088655
4526,28511,22030,6284.120848
4527,28512,22030,6284.120848
4528,28513,22031,6284.152469
4529,28514,22032,6284.185990
4530,28515,22033,6284.215636
4531,28516,22034,6284.249317
4532,28517,22034,6284.249317
4533,28518,22035,6284.297350
4534,28519,22036,6284.330467
4535,28520,22036,6284.330467
4536,28521,22037,6284.360072
4537,28522,22038,6284.392088
4538,28523,22039,6284.425183
4539,28524,22040,6284.456606
4540,28525,22040,6284.456606
4541,28526,22041,6284.489519
4542,28527,22042,6284.522773
4543,28528,22043,6284.553400
4544,28529,22044,6284.584512
4545,28530,22044,6284.584512
4546,28531,22045,6284.631559
4547,28532,22046,6284.666326
4548,28533,22046,6284.666326
4549,28534,22047,6284.697199
4550,28535,22048,6284.730026
4551,28536,22049,6284.759245
4552,28537,22050,6284.793515
4553,28538,22050,6284.793515
4554,28539,22051,6284.825186
4555,28540,22052,6284.856950
4556,28541,22053,6284.890199
4557,28542,22054,6284.921421
4558,28543,22054,6284.921421
4559,28544,22055,6284.970639
4560,28545,22056,6285.001108
4561,28546,22056,6285.001108
4562,28547,22057,6285.033907
4563,28548,22058,6285.065376
4564,28549,22059,6285.097379
4565,28550,22060,6285.130070
4566,28551,22060,6285.130070
4567,28552,22061,6285.160893
4568,28553,22062,6285.193475
4569,28554,22063,6285.225285
4570,28555,22064,6285.256857
4571,28556,22064,6285.256857
4572,28557,22065,6285.306065
4573,28558,22065,6285.306065
4574,28559,22067,6285.343551
4575,28560,22068,6285.369161
4576,28561,22068,6285.369161
4577,28562,22069,6285.433542
4578,28563,22070,6285.465206
4579,28564,22070,6285.465206
4580,28565,22071,6285.495604
4581,28566,22072,6285.528045
4582,28567,22073,6285.561081
4583,28568,22074,6285.592633
4584,28569,22074,6285.592633
4585,28570,22075,6285.623575
4586,28571,22076,6285.672734
4587,28572,22076,6285.672734
4588,28573,22078,6285.709434
4589,28574,22079,6285.736639
4590,28575,22080,6285.769150
4591,28576,22080,6285.769150
4592,28577,22080,6285.769150
4593,28578,22081,6285.831529
4594,28579,22082,6285.866396
4595,28580,22083,6285.896034
4596,28581,22084,6285.930972
4597,28582,22085,6285.960159
4598,28583,22085,6285.960159
4599,28584,22086,6286.008782
4600,28585,22086,6286.008782
4601,28586,22088,6286.044166
4602,28587,22089,6286.071745
4603,28588,22090,6286.105498
4604,28589,22091,6286.137130
4605,28590,22091,6286.137130
4606,28591,22092,6286.169525
4607,28592,22092,6286.169525
4608,28593,22093,6286.233331
4609,28594,22094,6286.265689
4610,28595,22095,6286.296879
4611,28596,22095,6286.296879
4612,28597,22096,6286.346515
4613,28598,22096,6286.346515
4614,28599,22098,6286.379893
4615,28600,22099,6286.409800
4616,28601,22100,6286.439537
4617,28602,22101,6286.472173
4618,28603,22101,6286.472173
4619,28604,22102,6286.505253
4620,28605,22103,6286.537178
4621,28606,22104,6286.569523
4622,28607,22104,6286.569523
4623,28608,22105,6286.632123
4624,28609,22105,6286.632123
4625,28610,22106,6286.680081
4626,28611,22106,6286.680081
4627,28612,22108,6286.717439
4628,28613,22109,6286.745424
4629,28614,22110,6286.776503
4630,28615,22111,6286.809935
4631,28616,22111,6286.809935
4632,28617,22112,6286.840603
4633,28618,22113,6286.872181
4634,28619,22114,6286.905124
4635,28620,22115,6286.938252
4636,28621,22115,6286.938252
4637,28622,22116,6286.968713
4638,28623,22116,6286.968713
4639,28624,22116,6286.968713
4640,28625,22118,6287.052781
4641,28626,22119,6287.081969
4642,28627,22120,6287.115474
4643,28628,22121,6287.145349
4644,28629,22121,6287.145349
4645,28630,22122,6287.175178
4646,28631,22123,6287.208429
4647,28632,22124,6287.240429
4648,28633,22125,6287.274157
4649,28634,22125,6287.274157
4650,28635,22126,6287.303944
4651,28636,22127,6287.335539
4652,28637,22127,6287.335539
4653,28638,22128,6287.384427
4654,28639,22129,6287.416930
4655,28640,22130,6287.449244
4656,28641,22130,6287.449244
4657,28642,22131,6287.484473
4658,28643,22132,6287.512992
4659,28644,22133,6287.545523
4660,28645,22134,6287.577375
4661,28646,22135,6287.609431
4662,28647,22135,6287.609431
4663,28648,22136,6287.642849
4664,28649,22137,6287.673924
4665,28650,22137,6287.673924
4666,28651,22138,6287.722775
4667,28652,22139,6287.753195
4668,28653,22140,6287.785229
4669,28654,22141,6287.817061
4670,28655,22141,6287.817061
4671,28656,22142,6287.850161
4672,28657,22143,6287.883218
4673,28658,22144,6287.912001
4674,28659,22145,6287.946065
4675,28660,22145,6287.946065
4676,28661,22146,6287.976247
4677,28662,22147,6288.008219
4678,28663,22147,6288.008219
4679,28664,22148,6288.056774
4680,28665,22149,6288.089664
4681,28666,22150,6288.118388
4682,28667,22151,6288.152489
4683,28668,22151,6288.152489
4684,28669,22152,6288.185149
4685,28670,22153,6288.216323
4686,28671,22154,6288.250133
4687,28672,22155,6288.281037
4688,28673,22155,6288.281037
4689,28674,22156,6288.312953
4690,28675,22157,6288.345551
4691,28676,22157,6288.345551
4692,28677,22158,6288.393353
4693,28678,22159,6288.423795
4694,28679,22160,6288.455159
4695,28680,22161,6288.487345
4696,28681,22161,6288.487345
4697,28682,22162,6288.519960
4698,28683,22163,6288.553915
4699,28684,22164,6288.583761
4700,28685,22165,6288.616174
4701,28686,22165,6288.616174
4702,28687,22166,6288.648779
4703,28688,22167,6288.680855
4704,28689,22167,6288.680855
4705,28690,22168,6288.729467
4706,28691,22169,6288.759137
4707,28692,22170,6288.792879
4708,28693,22171,6288.824269
4709,28694,22171,6288.824269
4710,28695,22172,6288.856981
4711,28696,22173,6288.889489
4712,28697,22174,6288.921567
4713,28698,22175,6288.954268
4714,28699,22175,6288.954268
4715,28700,22176,6288.984495
4716,28701,22177,6289.018763
4717,28702,22178,6289.050510
4718,28703,22178,6289.050510
4719,28704,22179,6289.096169
4720,28705,22180,6289.128172
4721,28706,22181,6289.161486
4722,28707,22181,6289.161486
4723,28708,22182,6289.193772
4724,28709,22183,6289.227338
4725,28710,22184,6289.257445
4726,28711,22185,6289.289084
4727,28712,22185,6289.289084
4728,28713,22186,6289.319676
4729,28714,22187,6289.353587
4730,28715,22188,6289.385966
4731,28716,22188,6289.385966
4732,28717,22189,6289.432069
4733,28718,22190,6289.464282
4734,28719,22191,6289.496865
4735,28720,22191,6289.496865
4736,28721,22192,6289.529048
4737,28722,22193,6289.561739
4738,28723,22194,6289.593169
4739,28724,22195,6289.625183
4740,28725,22195,6289.625183
4741,28726,22196,6289.655496
4742,28727,22197,6289.689709
4743,28728,22198,6289.722454
4744,28729,22198,6289.722454
4745,28730,22199,6289.768789
4746,28731,22200,6289.802057
4747,28732,22201,6289.832539
4748,28733,22201,6289.832539
4749,28734,22202,6289.865427
4750,28735,22203,6289.897203
4751,28736,22204,6289.930050
4752,28737,22205,6289.960904
4753,28738,22205,6289.960904
4754,28739,22206,6289.992406
4755,28740,22207,6290.024348
4756,28741,22208,6290.057466
4757,28742,22208,6290.057466
4758,28743,22209,6290.105295
4759,28744,22211,6290.139738
4760,28745,22212,6290.168969
4761,28746,22212,6290.168969
4762,28747,22212,6290.168969
4763,28748,22213,6290.232280
4764,28749,22214,6290.264388
4765,28750,22215,6290.296028
4766,28751,22215,6290.296028
4767,28752,22216,6290.328151
4768,28753,22217,6290.362253
4769,28754,22218,6290.391563
4770,28755,22218,6290.391563
4771,28756,22219,6290.442869
4772,28757,22221,6290.474322
4773,28758,22222,6290.505429
4774,28759,22222,6290.505429
4775,28760,22223,6290.537269
4776,28761,22224,6290.569586
4777,28762,22224,6290.569586
4778,28763,22225,6290.633001
4779,28764,22225,6290.633001
4780,28765,22226,6290.665436
4781,28766,22227,6290.697350
4782,28767,22228,6290.730096
4783,28768,22228,6290.730096
4784,28769,22229,6290.776877
4785,28770,22231,6290.811740
4786,28771,22231,6290.811740
4787,28772,22232,6290.841154
4788,28773,22233,6290.871618
4789,28774,22234,6290.905271
4790,28775,22235,6290.935598
4791,28776,22236,6290.970213
4792,28777,22236,6290.970213
4793,28778,22236,6290.970213
4794,28779,22237,6291.033900
4795,28780,22238,6291.065452
4796,28781,22239,6291.097401
4797,28782,22239,6291.097401
4798,28783,22240,6291.145130
4799,28784,22240,6291.145130
4800,28785,22242,6291.180603
4801,28786,22243,6291.208478
4802,28787,22244,6291.241577
4803,28788,22245,6291.273457
4804,28789,22246,6291.303851
4805,28790,22246,6291.303851
4806,28791,22247,6291.336465
4807,28792,22248,6291.368975
4808,28793,22248,6291.368975
4809,28794,22249,6291.432966
4810,28795,22249,6291.432966
4811,28796,22250,6291.480601
4812,28797,22250,6291.480601
4813,28798,22252,6291.516203
4814,28799,22253,6291.545909
4815,28800,22254,6291.576774
4816,28801,22255,6291.607470
4817,28802,22256,6291.641320
4818,28803,22256,6291.641320
4819,28804,22257,6291.673948
4820,28805,22258,6291.703802
4821,28806,22259,6291.735724
4822,28807,22260,6291.768444
4823,28808,22260,6291.768444
4824,28809,22260,6291.768444
4825,28810,22260,6291.768444
4826,28811,22262,6291.852040
4827,28812,22263,6291.881744
4828,28813,22264,6291.912731
4829,28814,22265,6291.944411
4830,28815,22265,6291.944411
4831,28816,22266,6291.978496
4832,28817,22267,6292.008433
4833,28818,22268,6292.041714
4834,28819,22269,6292.072365
4835,28820,22270,6292.105083
4836,28821,22270,6292.105083
4837,28822,22271,6292.154334
4838,28823,22271,6292.154334
4839,28824,22272,6292.185056
4840,28825,22273,6292.215392
4841,28826,22274,6292.249493
4842,28827,22275,6292.281224
4843,28828,22276,6292.312199
4844,28829,22276,6292.312199
4845,28830,22277,6292.343965
4846,28831,22278,6292.375897
4847,28832,22279,6292.408641
4848,28833,22280,6292.440153
4849,28834,22280,6292.440153
4850,28835,22281,6292.488749
4851,28836,22282,6292.520436
4852,28837,22282,6292.520436
4853,28838,22283,6292.552704
4854,28839,22284,6292.585064
4855,28840,22285,6292.615872
4856,28841,22286,6292.648033
4857,28842,22286,6292.648033
4858,28843,22287,6292.679826
4859,28844,22288,6292.715117
4860,28845,22289,6292.743451
4861,28846,22290,6292.776534
4862,28847,22290,6292.776534
4863,28848,22291,6292.809370
4864,28849,22292,6292.856492
4865,28850,22292,6292.856492
4866,28851,22293,6292.889208
4867,28852,22294,6292.921739
4868,28853,22295,6292.953276
4869,28854,22296,6292.985532
4870,28855,22296,6292.985532
4871,28856,22297,6293.016632
4872,28857,22298,6293.049042
4873,28858,22299,6293.079993
4874,28859,22300,6293.113289
4875,28860,22300,6293.113289
4876,28861,22301,6293.145229
4877,28862,22302,6293.192224
4878,28863,22302,6293.192224
4879,28864,22303,6293.225125
4880,28865,22304,6293.257530
4881,28866,22305,6293.290222
4882,28867,22306,6293.320224
4883,28868,22306,6293.320224
4884,28869,22307,6293.353489
4885,28870,22308,6293.385459
4886,28871,22309,6293.417822
4887,28872,22310,6293.448187
4888,28873,22310,6293.448187
4889,28874,22311,6293.481004
4890,28875,22312,6293.529400
4891,28876,22312,6293.529400
4892,28877,22313,6293.559421
4893,28878,22314,6293.593185
4894,28879,22315,6293.624999
4895,28880,22316,6293.657993
4896,28881,22316,6293.657993
4897,28882,22317,6293.689833
4898,28883,22318,6293.721628
4899,28884,22319,6293.752838
4900,28885,22320,6293.784056
4901,28886,22320,6293.784056
4902,28887,22321,6293.816358
4903,28888,22321,6293.816358
4904,28889,22322,6293.866033
4905,28890,22323,6293.900037
4906,28891,22324,6293.928493
4907,28892,22325,6293.960404
4908,28893,22325,6293.960404
4909,28894,22326,6293.992654
4910,28895,22327,6294.025104
4911,28896,22328,6294.057670
4912,28897,22329,6294.089280
4913,28898,22330,6294.120347
4914,28899,22330,6294.120347
4915,28900,22331,6294.152431
4916,28901,22332,6294.200254
4917,28902,22332,6294.200254
4918,28903,22333,6294.232767
4919,28904,22334,6294.265560
4920,28905,22335,6294.297293
4921,28906,22336,6294.328605
4922,28907,22336,6294.328605
4923,28908,22337,6294.360025
4924,28909,22338,6294.393338
4925,28910,22339,6294.425390
4926,28911,22340,6294.456571
4927,28912,22340,6294.456571
4928,28913,22341,6294.489713
4929,28914,22342,6294.519950
4930,28915,22342,6294.519950
4931,28916,22343,6294.568006
4932,28917,22344,6294.601481
4933,28918,22345,6294.632633
4934,28919,22345,6294.632633
4935,28920,22346,6294.667214
4936,28921,22347,6294.698358
4937,28922,22348,6294.730193
4938,28923,22349,6294.760972
4939,28924,22350,6294.793784
4940,28925,22350,6294.793784
4941,28926,22351,6294.825620
4942,28927,22352,6294.857557
4943,28928,22352,6294.857557
4944,28929,22353,6294.905097
4945,28930,22355,6294.941071
4946,28931,22356,6294.969165
4947,28932,22356,6294.969165
4948,28933,22356,6294.969165
4949,28934,22357,6295.031141
4950,28935,22358,6295.066038
4951,28936,22359,6295.097461
4952,28937,22360,6295.128607
4953,28938,22360,6295.128607
4954,28939,22361,6295.161022
4955,28940,22362,6295.194729
4956,28941,22362,6295.194729
4957,28942,22363,6295.240116
4958,28943,22365,6295.276029
4959,28944,22366,6295.305478
4960,28945,22367,6295.336471
4961,28946,22367,6295.336471
4962,28947,22368,6295.368634
4963,28948,22368,6295.368634
4964,28949,22369,6295.432765
4965,28950,22370,6295.464409
4966,28951,22370,6295.464409
4967,28952,22371,6295.498269
4968,28953,22372,6295.528643
4969,28954,22372,6295.528643
4970,28955,22373,6295.577318
4971,28956,22375,6295.610638
4972,28957,22376,6295.639956
4973,28958,22377,6295.672325
4974,28959,22377,6295.672325
4975,28960,22378,6295.704129
4976,28961,22379,6295.736251
4977,28962,22380,6295.768813
4978,28963,22380,6295.768813
4979,28964,22380,6295.768813
4980,28965,22381,6295.832987
4981,28966,22382,6295.865752
4982,28967,22382,6295.865752
4983,28968,22383,6295.913413
4984,28969,22385,6295.947732
4985,28970,22386,6295.975228
4986,28971,22387,6296.008085
4987,28972,22387,6296.008085
4988,28973,22388,6296.042099
4989,28974,22389,6296.073414
4990,28975,22390,6296.106324
4991,28976,22391,6296.138002
4992,28977,22391,6296.138002
4993,28978,22392,6296.168579
4994,28979,22392,6296.168579
4995,28980,22393,6296.234169
4996,28981,22393,6296.234169
4997,28982,22395,6296.285426
4998,28983,22396,6296.313163
4999,28984,22397,6296.343548
5000,28985,22397,6296.343548
5001,28986,22398,6296.379102
5002,28987,22399,6296.409342
5003,28988,22400,6296.441368
5004,28989,22401,6296.473141
5005,28990,22401,6296.473141
5006,28991,22402,6296.503827
5007,28992,22403,6296.537265
5008,28993,22404,6296.568286
5009,28994,22404,6296.568286
5010,28995,22404,6296.568286
5011,28996,22406,6296.650782
5012,28997,22407,6296.680386
5013,28998,22407,6296.680386
5014,28999,22408,6296.712395
5015,29000,22409,6296.744822
5016,29001,22410,6296.778061
5017,29002,22411,6296.809753
5018,29003,22411,6296.809753
5019,29004,22412,6296.840056
5020,29005,22413,6296.874023
5021,29006,22414,6296.905737
5022,29007,22414,6296.905737
5023,29008,22415,6296.951989
5024,29009,22416,6296.985291
5025,29010,22416,6296.985291
5026,29011,22417,6297.017097
5027,29012,22418,6297.048427
5028,29013,22419,6297.079664
5029,29014,22420,6297.112114
5030,29015,22421,6297.144458
5031,29016,22421,6297.144458
5032,29017,22422,6297.176928
5033,29018,22423,6297.209160
5034,29019,22424,6297.241336
5035,29020,22424,6297.241336
5036,29021,22425,6297.290147
5037,29022,22426,6297.320802
5038,29023,22426,6297.320802
5039,29024,22427,6297.352683
5040,29025,22428,6297.385060
5041,29026,22429,6297.418108
5042,29027,22430,6297.450854
5043,29028,22430,6297.450854
5044,29029,22431,6297.482249
5045,29030,22432,6297.514179
5046,29031,22433,6297.543841
5047,29032,22434,6297.577762
5048,29033,22434,6297.577762
5049,29034,22435,6297.627933
5050,29035,22436,6297.657236
5051,29036,22437,6297.688242
5052,29037,22437,6297.688242
5053,29038,22438,6297.721802
5054,29039,22439,6297.754732
5055,29040,22440,6297.785206
5056,29041,22441,6297.818509
5057,29042,22442,6297.846953
5058,29043,22442,6297.846953
5059,29044,22443,6297.881418
5060,29045,22444,6297.912915
5061,29046,22445,6297.945128
5062,29047,22445,6297.945128
5063,29048,22446,6297.993322
5064,29049,22447,6298.025427
5065,29050,22447,6298.025427
5066,29051,22448,6298.056881
5067,29052,22449,6298.089057
5068,29053,22450,6298.120461
5069,29054,22451,6298.153474
5070,29055,22451,6298.153474
5071,29056,22452,6298.185324
5072,29057,22453,6298.217551
5073,29058,22454,6298.248987
5074,29059,22455,6298.281131
5075,29060,22455,6298.281131
5076,29061,22456,6298.327444
5077,29062,22457,6298.359977
5078,29063,22457,6298.359977
5079,29064,22458,6298.392817
5080,29065,22459,6298.425721
5081,29066,22460,6298.457198
5082,29067,22461,6298.488099
5083,29068,22461,6298.488099
5084,29069,22462,6298.521104
5085,29070,22463,6298.554338
5086,29071,22464,6298.585390
5087,29072,22465,6298.617368
5088,29073,22465,6298.617368
5089,29074,22466,6298.665177
5090,29075,22467,6298.696428
5091,29076,22467,6298.696428
5092,29077,22468,6298.729323
5093,29078,22469,6298.759417
5094,29079,22470,6298.794300
5095,29080,22471,6298.824353
5096,29081,22471,6298.824353
5097,29082,22472,6298.856625
5098,29083,22473,6298.888099
5099,29084,22474,6298.920569
5100,29085,22475,6298.954706
5101,29086,22475,6298.954706
5102,29087,22476,6299.001239
5103,29088,22477,6299.034460
5104,29089,22477,6299.034460
5105,29090,22478,6299.065200
5106,29091,22479,6299.097305
5107,29092,22480,6299.129296
5108,29093,22481,6299.160482
5109,29094,22482,6299.191764
5110,29095,22482,6299.191764
5111,29096,22483,6299.225497
5112,29097,22484,6299.257210
5113,29098,22485,6299.290042
5114,29099,22485,6299.290042
5115,29100,22486,6299.337300
5116,29101,22488,6299.371791
5117,29102,22488,6299.371791
5118,29103,22488,6299.371791
5119,29104,22489,6299.432510
5120,29105,22490,6299.465457
5121,29106,22491,6299.498193
5122,29107,22491,6299.498193
5123,29108,22492,6299.527563
5124,29109,22493,6299.561856
5125,29110,22494,6299.593416
5126,29111,22495,6299.625674
5127,29112,22495,6299.625674
5128,29113,22496,6299.673075
5129,29114,22498,6299.707349
5130,29115,22498,6299.707349
5131,29116,22499,6299.736495
5132,29117,22500,6299.768041
5133,29118,22500,6299.768041
5134,29119,22501,6299.835027
5135,29120,22501,6299.835027
5136,29121,22502,6299.864348
5137,29122,22503,6299.897055
5138,29123,22504,6299.929068
5139,29124,22505,6299.961954
5140,29125,22505,6299.961954
5141,29126,22506,6299.992978
5142,29127,22507,6300.041960
5143,29128,22507,6300.041960
5144,29129,22509,6300.077998
5145,29130,22510,6300.105162
5146,29131,22511,6300.135346
5147,29132,22512,6300.170451
5148,29133,22512,6300.170451
5149,29134,22512,6300.170451
5150,29135,22513,6300.235502
5151,29136,22514,6300.269540
5152,29137,22515,6300.298106
5153,29138,22516,6300.330410
5154,29139,22516,6300.330410
5155,29140,22517,6300.375184
5156,29141,22518,6300.408943
5157,29142,22519,6300.411603
5158,29143,22520,6300.440848
5159,29144,22521,6300.472152
5160,29145,22522,6300.505389
5161,29146,22523,6300.536689
5162,29147,22523,6300.536689
5163,29148,22524,6300.568805
5164,29149,22524,6300.568805
5165,29150,22525,6300.632391
5166,29151,22526,6300.664517
5167,29152,22526,6300.664517
5168,29153,22527,6300.712690
5169,29154,22528,6300.745263
5170,29155,22529,6300.747776
5171,29156,22530,6300.775523
5172,29157,22531,6300.808687
5173,29158,22532,6300.841542
5174,29159,22533,6300.872367
5175,29160,22533,6300.872367
5176,29161,22534,6300.906006
5177,29162,22535,6300.938851
5178,29163,22536,6300.969438
5179,29164,22536,6300.969438
5180,29165,22536,6300.969438
5181,29166,22537,6301.049294
5182,29167,22537,6301.049294
5183,29168,22539,6301.085117
5184,29169,22540,6301.112504
5185,29170,22541,6301.147233
5186,29171,22542,6301.175690
5187,29172,22543,6301.208044
5188,29173,22543,6301.208044
5189,29174,22544,6301.241896
5190,29175,22545,6301.272430
5191,29176,22546,6301.305200
5192,29177,22547,6301.336407
5193,29178,22547,6301.336407
5194,29179,22548,6301.385265
5195,29180,22549,6301.416312
5196,29181,22549,6301.416312
5197,29182,22550,6301.450343
5198,29183,22551,6301.480275
5199,29184,22552,6301.513885
5200,29185,22553,6301.545357
5201,29186,22553,6301.545357
5202,29187,22554,6301.577391
5203,29188,22555,6301.608454
5204,29189,22556,6301.640547
5205,29190,22557,6301.672144
5206,29191,22557,6301.672144
5207,29192,22558,6301.705554
5208,29193,22558,6301.705554
5209,29194,22559,6301.754193
5210,29195,22560,6301.785034
5211,29196,22561,6301.817077
5212,29197,22562,6301.849546
5213,29198,22564,6301.913449
5214,29199,22564,6301.913449
5215,29200,22565,6301.945502
5216,29201,22566,6301.977045
5217,29202,22567,6302.009115
5218,29203,22568,6302.042115
5219,29204,22568,6302.042115
5220,29205,22569,6302.088462
5221,29206,22570,6302.121182
5222,29207,22570,6302.121182
5223,29208,22571,6302.152298
5224,29209,22572,6302.185698
5225,29210,22573,6302.215592
5226,29211,22574,6302.250099
5227,29212,22574,6302.250099
5228,29213,22575,6302.280800
5229,29214,22576,6302.314179
5230,29215,22577,6302.346089
5231,29216,22578,6302.376539
5232,29217,22578,6302.376539
5233,29218,22579,6302.425561
5234,29219,22580,6302.456332
5235,29220,22580,6302.456332
5236,29221,22581,6302.488526
5237,29222,22582,6302.520090
5238,29223,22583,6302.553918
5239,29224,22584,6302.584384
5240,29225,22584,6302.584384
5241,29226,22585,6302.619394
5242,29227,22586,6302.648204
5243,29228,22587,6302.680495
5244,29229,22588,6302.713407
5245,29230,22588,6302.713407
5246,29231,22589,6302.760191
5247,29232,22589,6302.760191
5248,29233,22590,6302.794132
5249,29234,22591,6302.825168
5250,29235,22592,6302.857301
5251,29236,22593,6302.889632
5252,29237,22594,6302.920793
5253,29238,22594,6302.920793
5254,29239,22595,6302.952717
5255,29240,22596,6302.984375
5256,29241,22597,6303.017119
5257,29242,22598,6303.048359
5258,29243,22598,6303.048359
5259,29244,22599,6303.097096
5260,29245,22600,6303.128204
5261,29246,22600,6303.128204
5262,29247,22601,6303.162301
5263,29248,22602,6303.193378
5264,29249,22604,6303.255589
5265,29250,22605,6303.289143
5266,29251,22606,6303.321745
5267,29252,22607,6303.352405
5268,29253,22607,6303.352405
5269,29254,22608,6303.384339
5270,29255,22609,6303.417620
5271,29256,22609,6303.417620
5272,29257,22610,6303.463776
5273,29258,22611,6303.497420
5274,29259,22612,6303.528861
5275,29260,22613,6303.561486
5276,29261,22613,6303.561486
5277,29262,22614,6303.592678
5278,29263,22615,6303.625677
5279,29264,22616,6303.657226
5280,29265,22617,6303.688466
5281,29266,22617,6303.688466
5282,29267,22618,6303.721049
5283,29268,22619,6303.753790
5284,29269,22619,6303.753790
5285,29270,22620,6303.801188
5286,29271,22621,6303.831618
5287,29272,22622,6303.864189
5288,29273,22623,6303.896996
5289,29274,22623,6303.896996
5290,29275,22624,6303.929498
5291,29276,22625,6303.962101
5292,29277,22626,6303.993601
5293,29278,22627,6304.024072
5294,29279,22627,6304.024072
5295,29280,22628,6304.056645
5296,29281,22629,6304.089692
5297,29282,22629,6304.089692
5298,29283,22630,6304.137257
5299,29284,22632,6304.170386
5300,29285,22632,6304.170386
5301,29286,22633,6304.233516
5302,29287,22633,6304.233516
5303,29288,22634,6304.265343
5304,29289,22635,6304.297513
5305,29290,22636,6304.330566
5306,29291,22637,6304.361164
5307,29292,22637,6304.361164
5308,29293,22638,6304.393658
5309,29294,22639,6304.425230
5310,29295,22639,6304.425230
5311,29296,22640,6304.472913
5312,29297,22642,6304.509057
5313,29298,22643,6304.537345
5314,29299,22644,6304.569383
5315,29300,22644,6304.569383
5316,29301,22644,6304.569383
5317,29302,22645,6304.633992
5318,29303,22646,6304.664578
5319,29304,22647,6304.697974
5320,29305,22647,6304.697974
5321,29306,22648,6304.727650
5322,29307,22649,6304.762111
5323,29308,22649,6304.762111
5324,29309,22650,6304.808992
5325,29310,22652,6304.844029
5326,29311,22653,6304.873669
5327,29312,22654,6304.905021
5328,29313,22654,6304.905021
5329,29314,22655,6304.937443
5330,29315,22656,6304.969368
5331,29316,22656,6304.969368
5332,29317,22657,6305.031561
5333,29318,22657,6305.031561
5334,29319,22658,6305.065089
5335,29320,22659,6305.096596
5336,29321,22660,6305.129338
5337,29322,22660,6305.129338
5338,29323,22662,6305.179355
5339,29324,22663,6305.208436
5340,29325,22664,6305.240575
5341,29326,22664,6305.240575
5342,29327,22665,6305.272102
5343,29328,22666,6305.305315
5344,29329,22667,6305.335178
5345,29330,22668,6305.368682
5346,29331,22668,6305.368682
5347,29332,22668,6305.368682
5348,29333,22669,6305.431177
5349,29334,22670,6305.465333
5350,29335,22670,6305.465333
5351,29336,22671,6305.511759
5352,29337,22673,6305.547515
5353,29338,22673,6305.547515
5354,29339,22674,6305.575407
5355,29340,22675,6305.608196
5356,29341,22676,6305.640458
5357,29342,22677,6305.672752
5358,29343,22677,6305.672752
5359,29344,22678,6305.705016
5360,29345,22679,6305.736654
5361,29346,22680,6305.770040
5362,29347,22680,6305.770040
5363,29348,22680,6305.770040
5364,29349,22681,6305.849316
5365,29350,22682,6305.881336
5366,29351,22683,6305.885094
5367,29352,22684,6305.913653
5368,29353,22685,6305.944864
5369,29354,22686,6305.977096
5370,29355,22687,6306.010369
5371,29356,22687,6306.010369
5372,29357,22688,6306.040774
5373,29358,22689,6306.073823
5374,29359,22690,6306.107944
5375,29360,22691,6306.137071
5376,29361,22691,6306.137071
5377,29362,22692,6306.183823
5378,29363,22693,6306.216804
5379,29364,22693,6306.216804
5380,29365,22694,6306.248384
5381,29366,22695,6306.280358
5382,29367,22696,6306.313789
5383,29368,22697,6306.345999
5384,29369,22697,6306.345999
5385,29370,22698,6306.378021
5386,29371,22699,6306.409333
5387,29372,22700,6306.440511
5388,29373,22701,6306.472786
5389,29374,22701,6306.472786
5390,29375,22702,6306.522075
5391,29376,22703,6306.552539
5392,29377,22703,6306.552539
5393,29378,22704,6306.585200
5394,29379,22705,6306.617496
5395,29380,22706,6306.648748
5396,29381,22707,6306.679386
5397,29382,22707,6306.679386
5398,29383,22708,6306.712605
5399,29384,22709,6306.746606
5400,29385,22710,6306.777652
5401,29386,22711,6306.810171
5402,29387,22711,6306.810171
5403,29388,22712,6306.842575
5404,29389,22712,6306.842575
5405,29390,22713,6306.888767
5406,29391,22714,6306.919899
5407,29392,22715,6306.953178
5408,29393,22716,6306.986229
5409,29394,22716,6306.986229
5410,29395,22717,6307.017336
5411,29396,22718,6307.048471
5412,29397,22719,6307.082556
5413,29398,22720,6307.113843
5414,29399,22721,6307.144451
5415,29400,22721,6307.144451
5416,29401,22722,6307.178410
5417,29402,22722,6307.178410
5418,29403,22723,6307.225403
5419,29404,22724,6307.257635
5420,29405,22725,6307.289288
5421,29406,22726,6307.321363
5422,29407,22726,6307.321363
5423,29408,22727,6307.352809
5424,29409,22728,6307.385244
5425,29410,22729,6307.418008
5426,29411,22730,6307.448864
5427,29412,22730,6307.448864
5428,29413,22731,6307.482153
5429,29414,22732,6307.512673
5430,29415,22732,6307.512673
5431,29416,22733,6307.561857
5432,29417,22734,6307.592292
5433,29418,22735,6307.625420
5434,29419,22736,6307.657258
5435,29420,22736,6307.657258
5436,29421,22737,6307.688401
5437,29422,22738,6307.720123
5438,29423,22739,6307.752350
5439,29424,22740,6307.785220
5440,29425,22741,6307.815851
5441,29426,22741,6307.815851
5442,29427,22742,6307.849245
5443,29428,22742,6307.849245
5444,29429,22743,6307.897240
5445,29430,22744,6307.927793
5446,29431,22745,6307.960671
5447,29432,22746,6307.992943
5448,29433,22746,6307.992943
5449,29434,22747,6308.024237
5450,29435,22747,6308.024237
5451,29436,22748,6308.074008
5452,29437,22750,6308.109555
5453,29438,22751,6308.137239
5454,29439,22752,6308.168192
5455,29440,22752,6308.168192
5456,29441,22752,6308.168192
5457,29442,22753,6308.233048
5458,29443,22754,6308.264658
5459,29444,22755,6308.297808
5460,29445,22756,6308.329227
5461,29446,22756,6308.329227
5462,29447,22757,6308.359986
5463,29448,22757,6308.359986
5464,29449,22758,6308.410749
5465,29450,22760,6308.446110
5466,29451,22761,6308.473949
5467,29452,22762,6308.505846
5468,29453,22763,6308.536476
5469,29454,22763,6308.536476
5470,29455,22764,6308.569322
5471,29456,22764,6308.569322
5472,29457,22765,6308.633652
5473,29458,22766,6308.665183
5474,29459,22767,6308.695320
5475,29460,22767,6308.695320
5476,29461,22768,6308.728230
5477,29462,22768,6308.728230
5478,29463,22770,6308.781743
5479,29464,22771,6308.809871
5480,29465,22772,6308.840980
5481,29466,22773,6308.873784
5482,29467,22773,6308.873784
5483,29468,22774,6308.905230
5484,29469,22775,6308.936367
5485,29470,22776,6308.969023
5486,29471,22776,6308.969023
5487,29472,22776,6308.969023
5488,29473,22777,6309.032550
5489,29474,22778,6309.064259
5490,29475,22778,6309.064259
5491,29476,22779,6309.111881
5492,29477,22781,6309.149103
5493,29478,22782,6309.176681
5494,29479,22783,6309.209652
5495,29480,22783,6309.209652
5496,29481,22784,6309.241758
5497,29482,22785,6309.273250
5498,29483,22786,6309.305010
5499,29484,22786,6309.305010
5500,29485,22787,6309.352650
5501,29486,22788,6309.383907
5502,29487,22789,6309.417465
5503,29488,22789,6309.417465
5504,29489,22790,6309.450257
5505,29490,22791,6309.481482
5506,29491,22792,6309.512976
5507,29492,22793,6309.543840
5508,29493,22793,6309.543840
5509,29494,22794,6309.576893
5510,29495,22794,6309.576893
5511,29496,22795,6309.625775
5512,29497,22796,6309.657107
5513,29498,22797,6309.688107
5514,29499,22798,6309.722215
5515,29500,22799,6309.753168
5516,29501,22799,6309.753168
5517,29502,22800,6309.785584
5518,29503,22801,6309.815886
5519,29504,22802,6309.849310
5520,29505,22803,6309.881276
5521,29506,22803,6309.881276
5522,29507,22804,6309.912757
5523,29508,22804,6309.912757
5524,29509,22805,6309.961063
5525,29510,22806,6309.998339
5526,29511,22807,6310.025858
5527,29512,22808,6310.056341
5528,29513,22809,6310.089006
5529,29514,22809,6310.089006
5530,29515,22810,6310.120321
5531,29516,22811,6310.152194
5532,29517,22812,6310.185311
5533,29518,22813,6310.217522
5534,29519,22813,6310.217522
5535,29520,22814,6310.247918
5536,29521,22815,6310.297571
5537,29522,22815,6310.297571
5538,29523,22816,6310.328083
5539,29524,22817,6310.361300
5540,29525,22818,6310.393756
5541,29526,22819,6310.424911
5542,29527,22819,6310.424911
5543,29528,22820,6310.457501
5544,29529,22821,6310.490009
5545,29530,22822,6310.522612
5546,29531,22823,6310.552660
5547,29532,22823,6310.552660
5548,29533,22824,6310.584281
5549,29534,22825,6310.617628
5550,29535,22825,6310.617628
5551,29536,22826,6310.665258
5552,29537,22827,6310.696856
5553,29538,22828,6310.729476
5554,29539,22829,6310.762266
5555,29540,22829,6310.762266
5556,29541,22830,6310.792999
5557,29542,22831,6310.825721
5558,29543,22832,6310.859998
5559,29544,22833,6310.891283
5560,29545,22833,6310.891283
5561,29546,22834,6310.921993
5562,29547,22835,6310.955312
5563,29548,22835,6310.955312
5564,29549,22836,6311.000460
5565,29550,22837,6311.033948
5566,29551,22838,6311.065227
5567,29552,22839,6311.096714
5568,29553,22839,6311.096714
5569,29554,22840,6311.129866
5570,29555,22841,6311.161896
5571,29556,22842,6311.194498
5572,29557,22843,6311.225215
5573,29558,22843,6311.225215
5574,29559,22844,6311.256910
5575,29560,22845,6311.289216
5576,29561,22845,6311.289216
5577,29562,22846,6311.336580
5578,29563,22848,6311.372219
5579,29564,22848,6311.372219
5580,29565,22849,6311.434046
5581,29566,22849,6311.434046
5582,29567,22850,6311.466156
5583,29568,22851,6311.497698
5584,29569,22852,6311.529997
5585,29570,22853,6311.560162
5586,29571,22853,6311.560162
5587,29572,22854,6311.593992
5588,29573,22855,6311.624103
5589,29574,22855,6311.624103
5590,29575,22856,6311.673964
5591,29576,22858,6311.711208
5592,29577,22859,6311.736591
5593,29578,22860,6311.768213
5594,29579,22860,6311.768213
5595,29580,22860,6311.768213
5596,29581,22861,6311.832863
5597,29582,22862,6311.865050
5598,29583,22863,6311.896471
5599,29584,22864,6311.928049
5600,29585,22864,6311.928049
5601,29586,22865,6311.961799
5602,29587,22865,6311.961799
5603,29588,22866,6312.009278
5604,29589,22868,6312.044899
5605,29590,22869,6312.073713
5606,29591,22870,6312.105244
5607,29592,22871,6312.135987
5608,29593,22871,6312.135987
5609,29594,22872,6312.169109
5610,29595,22872,6312.169109
5611,29596,22873,6312.232930
5612,29597,22874,6312.264172
5613,29598,22874,6312.264172
5614,29599,22875,6312.295323
5615,29600,22876,6312.332293
5616,29601,22876,6312.332293
5617,29602,22878,6312.379440
5618,29603,22879,6312.408918
5619,29604,22880,6312.439365
5620,29605,22881,6312.472077
5621,29606,22881,6312.472077
5622,29607,22882,6312.505144
5623,29608,22883,6312.537161
5624,29609,22884,6312.571596
5625,29610,22884,6312.571596
5626,29611,22884,6312.571596
5627,29612,22885,6312.635020
5628,29613,22886,6312.665017
5629,29614,22886,6312.665017
5630,29615,22887,6312.715426
5631,29616,22889,6312.749169
5632,29617,22890,6312.775312
5633,29618,22890,6312.775312
5634,29619,22891,6312.809767
5635,29620,22892,6312.840577
5636,29621,22893,6312.873707
5637,29622,22894,6312.904261
5638,29623,22895,6312.936280
5639,29624,22895,6312.936280
5640,29625,22896,6312.969386
5641,29626,22896,6312.969386
5642,29627,22896,6312.969386
5643,29628,22897,6313.049168
5644,29629,22899,6313.084002
5645,29630,22900,6313.112697
5646,29631,22901,6313.143762
5647,29632,22901,6313.143762
5648,29633,22902,6313.175141
5649,29634,22903,6313.208408
5650,29635,22904,6313.240623
5651,29636,22905,6313.271699
5652,29637,22905,6313.271699
5653,29638,22906,6313.303750
5654,29639,22907,6313.337588
5655,29640,22907,6313.337588
5656,29641,22908,6313.386290
5657,29642,22909,6313.417037
5658,29643,22910,6313.448936
5659,29644,22910,6313.448936
5660,29645,22911,6313.479877
5661,29646,22912,6313.512031
5662,29647,22913,6313.545472
5663,29648,22914,6313.577497
5664,29649,22914,6313.577497
5665,29650,22915,6313.608797
5666,29651,22916,6313.640193
5667,29652,22917,6313.673191
5668,29653,22917,6313.673191
5669,29654,22918,6313.721300
5670,29655,22919,6313.752006
5671,29656,22920,6313.787316
5672,29657,22920,6313.787316
5673,29658,22921,6313.815271
5674,29659,22922,6313.849427
5675,29660,22923,6313.880385
5676,29661,22924,6313.915079
5677,29662,22925,6313.944494
5678,29663,22925,6313.944494
5679,29664,22926,6313.977280
5680,29665,22927,6314.008764
5681,29666,22928,6314.040362
5682,29667,22928,6314.040362
5683,29668,22929,6314.088880
5684,29669,22930,6314.120344
5685,29670,22931,6314.152343
5686,29671,22931,6314.152343
5687,29672,22932,6314.184111
5688,29673,22933,6314.215451
5689,29674,22934,6314.247379
5690,29675,22935,6314.280686
5691,29676,22935,6314.280686
5692,29677,22936,6314.311612
5693,29678,22937,6314.345265
5694,29679,22938,6314.377104
5695,29680,22938,6314.377104
5696,29681,22939,6314.426590
5697,29682,22940,6314.456617
5698,29683,22940,6314.456617
5699,29684,22941,6314.490666
5700,29685,22942,6314.519792
5701,29686,22943,6314.553193
5702,29687,22944,6314.585073
5703,29688,22945,6314.616663
5704,29689,22945,6314.616663
5705,29690,22946,6314.649400
5706,29691,22947,6314.680610
5707,29692,22948,6314.713350
5708,29693,22948,6314.713350
5709,29694,22949,6314.760879
5710,29695,22950,6314.792343
5711,29696,22951,6314.824331
5712,29697,22951,6314.824331
5713,29698,22952,6314.856016
5714,29699,22953,6314.889396
5715,29700,22953,6314.889396
5716,29701,22954,6314.936729
5717,29702,22956,6314.971226
5718,29703,22956,6314.971226
5719,29704,22956,6314.971226
5720,29705,22957,6315.031899
5721,29706,22958,6315.064915
5722,29707,22959,6315.097288
5723,29708,22960,6315.129230
5724,29709,22961,6315.159127
5725,29710,22961,6315.159127
5726,29711,22962,6315.192260
5727,29712,22963,6315.225454
5728,29713,22963,6315.225454
5729,29714,22964,6315.272577
5730,29715,22966,6315.309851
5731,29716,22967,6315.336406
5732,29717,22967,6315.336406
5733,29718,22968,6315.367585
5734,29719,22968,6315.367585
5735,29720,22969,6315.435381
5736,29721,22970,6315.465562
5737,29722,22971,6315.496696
5738,29723,22971,6315.496696
5739,29724,22972,6315.529644
5740,29725,22973,6315.560286
5741,29726,22973,6315.560286
5742,29727,22974,6315.610230
5743,29728,22976,6315.642607
5744,29729,22977,6315.673456
5745,29730,22977,6315.673456
5746,29731,22978,6315.705159
5747,29732,22979,6315.736688
5748,29733,22980,6315.768880
5749,29734,22980,6315.768880
5750,29735,22981,6315.833242
5751,29736,22981,6315.833242
5752,29737,22982,6315.864099
5753,29738,22983,6315.896544
5754,29739,22984,6315.929453
5755,29740,22984,6315.929453
5756,29741,22986,6315.980188
5757,29742,22987,6316.010262
5758,29743,22987,6316.010262
5759,29744,22988,6316.040877
5760,29745,22989,6316.072127
5761,29746,22990,6316.103824
5762,29747,22991,6316.137681
5763,29748,22991,6316.137681
5764,29749,22992,6316.169435
5765,29750,22992,6316.169435
5766,29751,22993,6316.232476
5767,29752,22994,6316.263140
5768,29753,22994,6316.263140
5769,29754,22995,6316.311309
5770,29755,22997,6316.347626
5771,29756,22997,6316.347626
5772,29757,22998,6316.377416
5773,29758,22999,6316.408462
5774,29759,23000,6316.440631
5775,29760,23001,6316.474069
5776,29761,23002,6316.506105
5777,29762,23002,6316.506105
5778,29763,23003,6316.537503
5779,29764,23004,6316.568986
5780,29765,23004,6316.568986
5781,29766,23004,6316.568986
5782,29767,23005,6316.648423
5783,29768,23007,6316.683360
5784,29769,23007,6316.683360
5785,29770,23008,6316.714787
5786,29771,23009,6316.744374
5787,29772,23010,6316.777629
5788,29773,23011,6316.809350
5789,29774,23012,6316.840843
5790,29775,23012,6316.840843
5791,29776,23013,6316.872642
5792,29777,23014,6316.905059
5793,29778,23015,6316.937757
5794,29779,23015,6316.937757
5795,29780,23016,6316.983363
5796,29781,23017,6317.016591
5797,29782,23018,6317.048264
5798,29783,23018,6317.048264
5799,29784,23019,6317.081508
5800,29785,23020,6317.112419
5801,29786,23021,6317.145623
5802,29787,23022,6317.176910
5803,29788,23022,6317.176910
5804,29789,23023,6317.208599
5805,29790,23024,6317.241344
5806,29791,23025,6317.273449
5807,29792,23025,6317.273449
5808,29793,23026,6317.321574
5809,29794,23027,6317.353208
5810,29795,23028,6317.383935
5811,29796,23028,6317.383935
5812,29797,23029,6317.415405
5813,29798,23030,6317.450459
5814,29799,23031,6317.483084
5815,29800,23032,6317.513170
5816,29801,23032,6317.513170
5817,29802,23033,6317.545712
5818,29803,23034,6317.576912
5819,29804,23035,6317.609462
5820,29805,23036,6317.641265
5821,29806,23036,6317.641265
5822,29807,23037,6317.690625
5823,29808,23037,6317.690625
5824,29809,23038,6317.719651
5825,29810,23039,6317.752204
5826,29811,23040,6317.787320
5827,29812,23041,6317.817591
5828,29813,23041,6317.817591
5829,29814,23042,6317.848343
5830,29815,23043,6317.880837
5831,29816,23044,6317.912870
5832,29817,23045,6317.946605
5833,29818,23045,6317.946605
5834,29819,23046,6317.977332
5835,29820,23047,6318.025039
5836,29821,23047,6318.025039
5837,29822,23048,6318.057103
5838,29823,23049,6318.088087
5839,29824,23050,6318.121014
5840,29825,23051,6318.155439
5841,29826,23051,6318.155439
5842,29827,23052,6318.201590
5843,29828,23052,6318.201590
5844,29829,23053,6318.234909
5845,29830,23054,6318.265412
5846,29831,23055,6318.297155
5847,29832,23056,6318.330350
5848,29833,23057,6318.361236
5849,29834,23057,6318.361236
5850,29835,23058,6318.393324
5851,29836,23059,6318.425162
5852,29837,23060,6318.457362
5853,29838,23061,6318.491367
5854,29839,23061,6318.491367
5855,29840,23062,6318.537185
5856,29841,23064,6318.570308
5857,29842,23064,6318.570308
5858,29843,23064,6318.570308
5859,29844,23065,6318.631178
5860,29845,23066,6318.664107
5861,29846,23067,6318.696565
5862,29847,23067,6318.696565
5863,29848,23068,6318.730128
5864,29849,23069,6318.762446
5865,29850,23070,6318.791483
5866,29851,23071,6318.824968
5867,29852,23071,6318.824968
5868,29853,23072,6318.873908
5869,29854,23073,6318.907250
5870,29855,23074,6318.909326
5871,29856,23075,6318.936793
5872,29857,23076,6318.969367
5873,29858,23076,6318.969367
5874,29859,23077,6319.034527
5875,29860,23078,6319.065226
5876,29861,23078,6319.065226
5877,29862,23079,6319.095675
5878,29863,23080,6319.130457
5879,29864,23081,6319.162033
5880,29865,23081,6319.162033
5881,29866,23082,6319.209641
5882,29867,23084,6319.244118
5883,29868,23084,6319.244118
5884,29869,23085,6319.274787
5885,29870,23086,6319.304968
5886,29871,23087,6319.337330
5887,29872,23088,6319.369471
5888,29873,23088,6319.369471
5889,29874,23088,6319.369471
5890,29875,23089,6319.433951
5891,29876,23090,6319.464265
5892,29877,23091,6319.499087
5893,29878,23092,6319.529313
5894,29879,23092,6319.529313
5895,29880,23094,6319.580073
5896,29881,23095,6319.608117
5897,29882,23095,6319.608117
5898,29883,23096,6319.640957
5899,29884,23097,6319.674159
5900,29885,23098,6319.706029
5901,29886,23099,6319.736950
5902,29887,23099,6319.736950
5903,29888,23100,6319.768217
5904,29889,23100,6319.768217
5905,29890,23101,6319.832629
5906,29891,23102,6319.866930
5907,29892,23102,6319.866930
5908,29893,23103,6319.913309
5909,29894,23104,6319.945037
5910,29895,23105,6319.947648
5911,29896,23106,6319.978333
5912,29897,23107,6320.008510
5913,29898,23108,6320.041055
5914,29899,23109,6320.073186
5915,29900,23109,6320.073186
5916,29901,23110,6320.105005
5917,29902,23111,6320.136881
5918,29903,23112,6320.169343
5919,29904,23112,6320.169343
5920,29905,23112,6320.169343
5921,29906,23113,6320.248397
5922,29907,23114,6320.279796
5923,29908,23115,6320.282421
5924,29909,23116,6320.312840
5925,29910,23117,6320.344998
5926,29911,23118,6320.377406
5927,29912,23119,6320.408556
5928,29913,23119,6320.408556
5929,29914,23120,6320.440856
5930,29915,23121,6320.473387
5931,29916,23122,6320.506025
5932,29917,23123,6320.538064
5933,29918,23123,6320.538064
5934,29919,23124,6320.585256
5935,29920,23125,6320.615991
5936,29921,23125,6320.615991
5937,29922,23126,6320.647939
5938,29923,23127,6320.681580
5939,29924,23128,6320.711727
5940,29925,23129,6320.744158
5941,29926,23129,6320.744158
5942,29927,23130,6320.777002
5943,29928,23131,6320.808760
5944,29929,23132,6320.843500
5945,29930,23133,6320.874372
5946,29931,23133,6320.874372
5947,29932,23134,6320.922921
5948,29933,23134,6320.922921
5949,29934,23135,6320.954176
5950,29935,23136,6320.983933
5951,29936,23137,6321.016962
5952,29937,23138,6321.049794
5953,29938,23139,6321.080322
5954,29939,23139,6321.080322
5955,29940,23140,6321.112572
5956,29941,23141,6321.144128
5957,29942,23142,6321.177628
5958,29943,23143,6321.208549
5959,29944,23143,6321.208549
5960,29945,23144,6321.241032
5961,29946,23145,6321.288375
5962,29947,23145,6321.288375
5963,29948,23146,6321.319753
5964,29949,23147,6321.352445
5965,29950,23148,6321.385480
5966,29951,23149,6321.418021
5967,29952,23149,6321.418021
5968,29953,23150,6321.449736
5969,29954,23151,6321.481542
5970,29955,23152,6321.513770
5971,29956,23153,6321.544938
5972,29957,23153,6321.544938
5973,29958,23154,6321.576667
5974,29959,23154,6321.576667
5975,29960,23155,6321.625555
5976,29961,23156,6321.656615
5977,29962,23157,6321.688303
5978,29963,23158,6321.720338
5979,29964,23159,6321.751962
5980,29965,23159,6321.751962
5981,29966,23160,6321.783633
5982,29967,23161,6321.818116
5983,29968,23162,6321.848253
5984,29969,23163,6321.880276
5985,29970,23163,6321.880276
5986,29971,23164,6321.914292
5987,29972,23164,6321.914292
5988,29973,23165,6321.960772
5989,29974,23166,6321.991594
5990,29975,23167,6322.025146
5991,29976,23168,6322.056829
5992,29977,23168,6322.056829
5993,29978,23169,6322.088947
5994,29979,23170,6322.119551
5995,29980,23171,6322.153773
5996,29981,23172,6322.185171
5997,29982,23173,6322.217787
5998,29983,23173,6322.217787
5999,29984,23174,6322.250069
6000,29985,23174,6322.250069
6001,29986,23175,6322.297497
6002,29987,23176,6322.329735
6003,29988,23177,6322.362105
6004,29989,23178,6322.393524
6005,29990,23179,6322.425924
6006,29991,23179,6322.425924
6007,29992,23180,6322.456463
6008,29993,23181,6322.490197
6009,29994,23182,6322.522049
6010,29995,23183,6322.553390
6011,29996,23183,6322.553390
6012,29997,23184,6322.583164
6013,29998,23185,6322.631760
6014,29999,23185,6322.631760
6015,30000,23186,6322.663335
6016,30001,23187,6322.696912
6017,30002,23188,6322.729263
6018,30003,23189,6322.762309
6019,30004,23189,6322.762309
6020,30005,23190,6322.792748
6021,30006,23191,6322.825169
6022,30007,23192,6322.857124
6023,30008,23193,6322.888804
6024,30009,23193,6322.888804
6025,30010,23194,6322.921550
6026,30011,23194,6322.921550
6027,30012,23195,6322.969326
6028,30013,23196,6323.000219
6029,30014,23197,6323.033376
6030,30015,23198,6323.065564
6031,30016,23199,6323.097658
6032,30017,23199,6323.097658
6033,30018,23200,6323.128955
6034,30019,23201,6323.160395
6035,30020,23202,6323.192098
6036,30021,23203,6323.224118
6037,30022,23203,6323.224118
6038,30023,23204,6323.255531
6039,30024,23205,6323.290599
6040,30025,23205,6323.290599
6041,30026,23206,6323.336936
6042,30027,23208,6323.370932
6043,30028,23208,6323.370932
6044,30029,23209,6323.433667
6045,30030,23209,6323.433667
6046,30031,23210,6323.465022
6047,30032,23211,6323.497145
6048,30033,23212,6323.528393
6049,30034,23213,6323.560551
6050,30035,23213,6323.560551
6051,30036,23214,6323.594238
6052,30037,23215,6323.625659
6053,30038,23215,6323.625659
6054,30039,23216,6323.672250
6055,30040,23218,6323.710532
6056,30041,23219,6323.737355
6057,30042,23220,6323.768370
6058,30043,23220,6323.768370
6059,30044,23220,6323.768370
6060,30045,23221,6323.833421
6061,30046,23222,6323.865453
6062,30047,23223,6323.897945
6063,30048,23223,6323.897945
6064,30049,23224,6323.928826
6065,30050,23225,6323.961311
6066,30051,23225,6323.961311
6067,30052,23226,6324.008196
6068,30053,23228,6324.045400
6069,30054,23229,6324.073168
6070,30055,23230,6324.105005
6071,30056,23230,6324.105005
6072,30057,23231,6324.137233
6073,30058,23232,6324.168996
6074,30059,23232,6324.168996
6075,30060,23233,6324.232587
6076,30061,23233,6324.232587
6077,30062,23234,6324.264963
6078,30063,23235,6324.299101
6079,30064,23235,6324.299101
6080,30065,23236,6324.345484
6081,30066,23238,6324.378783
6082,30067,23239,6324.409310
6083,30068,23240,6324.439042
6084,30069,23240,6324.439042
6085,30070,23241,6324.471453
6086,30071,23242,6324.504454
6087,30072,23243,6324.537533
6088,30073,23243,6324.537533
6089,30074,23244,6324.569701
6090,30075,23244,6324.569701
6091,30076,23245,6324.632527
6092,30077,23245,6324.632527
6093,30078,23246,6324.680337
6094,30079,23248,6324.716107
6095,30080,23249,6324.745139
6096,30081,23249,6324.745139
6097,30082,23250,6324.777357
6098,30083,23251,6324.809256
6099,30084,23252,6324.841315
6100,30085,23253,6324.872573
6101,30086,23253,6324.872573
6102,30087,23254,6324.903549
6103,30088,23255,6324.937897
6104,30089,23256,6324.969276
6105,30090,23256,6324.969276
6106,30091,23256,6324.969276
6107,30092,23257,6325.049272
6108,30093,23258,6325.080457
6109,30094,23259,6325.083485
6110,30095,23260,6325.115390
6111,30096,23261,6325.146732
6112,30097,23262,6325.176899
6113,30098,23263,6325.210396
6114,30099,23263,6325.210396
6115,30100,23264,6325.239687
6116,30101,23265,6325.274277
6117,30102,23266,6325.306427
6118,30103,23267,6325.338158
6119,30104,23267,6325.338158
6120,30105,23268,6325.385813
6121,30106,23269,6325.416279
6122,30107,23269,6325.416279
6123,30108,23270,6325.450164
6124,30109,23271,6325.481378
6125,30110,23272,6325.511748
6126,30111,23273,6325.545201
6127,30112,23273,6325.545201
6128,30113,23274,6325.577873
6129,30114,23275,6325.607975
6130,30115,23276,6325.642295
6131,30116,23277,6325.672099
6132,30117,23277,6325.672099
6133,30118,23278,6325.719561
6134,30119,23279,6325.753277
6135,30120,23279,6325.753277
6136,30121,23280,6325.783656
6137,30122,23281,6325.817724
6138,30123,23282,6325.848751
6139,30124,23283,6325.880897
6140,30125,23283,6325.880897
6141,30126,23284,6325.913095
6142,30127,23285,6325.945994
6143,30128,23286,6325.976680
6144,30129,23287,6326.011169
6145,30130,23287,6326.011169
6146,30131,23288,6326.056516
6147,30132,23289,6326.088369
6148,30133,23289,6326.088369
6149,30134,23290,6326.121080
6150,30135,23291,6326.152716
6151,30136,23292,6326.184266
6152,30137,23293,6326.217243
6153,30138,23293,6326.217243
6154,30139,23294,6326.248563
6155,30140,23295,6326.280782
6156,30141,23296,6326.312514
6157,30142,23297,6326.344920
6158,30143,23297,6326.344920
6159,30144,23298,6326.393492
6160,30145,23299,6326.424259
6161,30146,23299,6326.424259
6162,30147,23300,6326.457566
6163,30148,23301,6326.490080
6164,30149,23302,6326.520256
6165,30150,23303,6326.552535
6166,30151,23303,6326.552535
6167,30152,23304,6326.585484
6168,30153,23305,6326.615290
6169,30154,23306,6326.650223
6170,30155,23307,6326.681466
6171,30156,23307,6326.681466
6172,30157,23308,6326.711715
6173,30158,23309,6326.761183
6174,30159,23309,6326.761183
6175,30160,23310,6326.792420
6176,30161,23311,6326.824234
6177,30162,23312,6326.855990
6178,30163,23313,6326.890708
6179,30164,23313,6326.890708
6180,30165,23314,6326.919950
6181,30166,23315,6326.953332
6182,30167,23316,6326.984299
6183,30168,23317,6327.016169
6184,30169,23317,6327.016169
6185,30170,23318,6327.049500
6186,30171,23319,6327.096894
6187,30172,23319,6327.096894
6188,30173,23320,6327.127989
6189,30174,23321,6327.160257
6190,30175,23322,6327.192900
6191,30176,23323,6327.224173
6192,30177,23323,6327.224173
6193,30178,23324,6327.255948
6194,30179,23325,6327.289208
6195,30180,23326,6327.321659
6196,30181,23327,6327.354024
6197,30182,23327,6327.354024
6198,30183,23328,6327.382870
6199,30184,23329,6327.431940
6200,30185,23329,6327.431940
6201,30186,23330,6327.463394
6202,30187,23331,6327.495589
6203,30188,23332,6327.529145
6204,30189,23333,6327.562219
6205,30190,23333,6327.562219
6206,30191,23334,6327.593758
6207,30192,23335,6327.625509
6208,30193,23336,6327.659677
6209,30194,23337,6327.689873
6210,30195,23337,6327.689873
6211,30196,23338,6327.722239
6212,30197,23339,6327.768787
6213,30198,23339,6327.768787
6214,30199,23340,6327.799971
6215,30200,23341,6327.833027
6216,30201,23342,6327.863440
6217,30202,23343,6327.895379
6218,30203,23343,6327.895379
6219,30204,23344,6327.928507
6220,30205,23345,6327.959443
6221,30206,23346,6327.993714
6222,30207,23347,6328.025375
6223,30208,23347,6328.025375
6224,30209,23348,6328.056754
6225,30210,23349,6328.106244
6226,30211,23349,6328.106244
6227,30212,23351,6328.141150
6228,30213,23352,6328.170542
6229,30214,23352,6328.170542
6230,30215,23353,6328.233571
6231,30216,23353,6328.233571
6232,30217,23354,6328.265236
6233,30218,23355,6328.296519
6234,30219,23356,6328.328564
6235,30220,23357,6328.362992
6236,30221,23357,6328.362992
6237,30222,23358,6328.391953
6238,30223,23359,6328.426188
6239,30224,23359,6328.426188
6240,30225,23361,6328.475343
6241,30226,23362,6328.505249
6242,30227,23363,6328.537799
6243,30228,23364,6328.570228
6244,30229,23364,6328.570228
6245,30230,23364,6328.570228
6246,30231,23365,6328.632560
6247,30232,23366,6328.665256
6248,30233,23367,6328.697183
6249,30234,23367,6328.697183
6250,30235,23368,6328.729082
6251,30236,23369,6328.761679
6252,30237,23369,6328.761679
6253,30238,23370,6328.810283
6254,30239,23372,6328.842472
6255,30240,23373,6328.872838
6256,30241,23374,6328.903643
6257,30242,23374,6328.903643
6258,30243,23375,6328.937325
6259,30244,23376,6328.969227
6260,30245,23376,6328.969227
6261,30246,23376,6328.969227
6262,30247,23377,6329.034569
6263,30248,23378,6329.065552
6264,30249,23379,6329.097731
6265,30250,23379,6329.097731
6266,30251,23380,6329.145930
6267,30252,23382,6329.181053
6268,30253,23383,6329.207202
6269,30254,23384,6329.241871
6270,30255,23384,6329.241871
6271,30256,23385,6329.273034
6272,30257,23386,6329.305327
6273,30258,23387,6329.337216
6274,30259,23388,6329.368493
6275,30260,23388,6329.368493
6276,30261,23388,6329.368493
6277,30262,23389,6329.434078
6278,30263,23389,6329.434078
6279,30264,23390,6329.481486
6280,30265,23392,6329.515074
6281,30266,23393,6329.545262
6282,30267,23394,6329.578193
6283,30268,23394,6329.578193
6284,30269,23395,6329.609985
6285,30270,23396,6329.641029
6286,30271,23397,6329.672377
6287,30272,23398,6329.704440
6288,30273,23398,6329.704440
6289,30274,23399,6329.737984
6290,30275,23400,6329.769687
6291,30276,23400,6329.769687
6292,30277,23400,6329.769687
6293,30278,23402,6329.852132
6294,30279,23403,6329.881728
6295,30280,23403,6329.881728
6296,30281,23404,6329.914858
6297,30282,23405,6329.945386
6298,30283,23406,6329.976790
6299,30284,23407,6330.009086
6300,30285,23408,6330.039882
6301,30286,23408,6330.039882
6302,30287,23409,6330.073599
6303,30288,23410,6330.104704
6304,30289,23411,6330.137498
6305,30290,23411,6330.137498
6306,30291,23412,6330.185210
6307,30292,23413,6330.217062
6308,30293,23413,6330.217062
6309,30294,23414,6330.248779
6310,30295,23415,6330.280639
6311,30296,23416,6330.312988
6312,30297,23417,6330.345354
6313,30298,23417,6330.345354
6314,30299,23418,6330.376879
6315,30300,23419,6330.409369
6316,30301,23420,6330.441697
6317,30302,23421,6330.473018
6318,30303,23421,6330.473018
6319,30304,23422,6330.522815
6320,30305,23423,6330.552438
6321,30306,23423,6330.552438
6322,30307,23424,6330.585357
6323,30308,23425,6330.618011
6324,30309,23426,6330.649321
6325,30310,23427,6330.681626
6326,30311,23427,6330.681626
6327,30312,23428,6330.714086
6328,30313,23429,6330.746605
6329,30314,23430,6330.777245
6330,30315,23431,6330.809076
6331,30316,23431,6330.809076
6332,30317,23432,6330.855493
6333,30318,23433,6330.888585
6334,30319,23433,6330.888585
6335,30320,23434,6330.921407
6336,30321,23435,6330.952499
6337,30322,23436,6330.984502
6338,30323,23437,6331.017199
6339,30324,23438,6331.048718
6340,30325,23438,6331.048718
6341,30326,23439,6331.080994
6342,30327,23440,6331.112056
6343,30328,23441,6331.145161
6344,30329,23441,6331.145161
6345,30330,23442,6331.193397
6346,30331,23443,6331.225481
6347,30332,23443,6331.225481
6348,30333,23444,6331.256461
6349,30334,23445,6331.288318
6350,30335,23446,6331.320495
6351,30336,23447,6331.353504
6352,30337,23448,6331.385295
6353,30338,23448,6331.385295
6354,30339,23449,6331.417021
6355,30340,23450,6331.449325
6356,30341,23451,6331.481195
6357,30342,23451,6331.481195
6358,30343,23452,6331.530551
6359,30344,23453,6331.563118
6360,30345,23453,6331.563118
6361,30346,23454,6331.592121
6362,30347,23455,6331.624165
6363,30348,23456,6331.656755
6364,30349,23457,6331.690320
6365,30350,23458,6331.720254
6366,30351,23458,6331.720254
6367,30352,23459,6331.753115
6368,30353,23460,6331.785354
6369,30354,23461,6331.816325
6370,30355,23461,6331.816325
6371,30356,23462,6331.865267
6372,30357,23463,6331.897235
6373,30358,23463,6331.897235
6374,30359,23464,6331.929523
6375,30360,23465,6331.960940
6376,30361,23466,6331.993746
6377,30362,23467,6332.025342
6378,30363,23467,6332.025342
6379,30364,23468,6332.057345
6380,30365,23469,6332.090136
6381,30366,23470,6332.122139
6382,30367,23471,6332.153087
6383,30368,23472,6332.185022
6384,30369,23472,6332.185022
6385,30370,23473,6332.233473
6386,30371,23473,6332.233473
6387,30372,23474,6332.265028
6388,30373,23475,6332.296657
6389,30374,23476,6332.330376
6390,30375,23477,6332.361910
6391,30376,23477,6332.361910
6392,30377,23478,6332.393315
6393,30378,23479,6332.424004
6394,30379,23480,6332.457483
6395,30380,23481,6332.488592
6396,30381,23482,6332.521246
6397,30382,23482,6332.521246
6398,30383,23483,6332.570265
6399,30384,23483,6332.570265
6400,30385,23484,6332.600236
6401,30386,23485,6332.633244
6402,30387,23486,6332.665158
6403,30388,23487,6332.698649
6404,30389,23487,6332.698649
6405,30390,23488,6332.728851
6406,30391,23489,6332.759359
6407,30392,23490,6332.793420
6408,30393,23491,6332.825137
6409,30394,23492,6332.858083
6410,30395,23492,6332.858083
6411,30396,23493,6332.906549
6412,30397,23494,6332.936017
6413,30398,23495,6332.938794
6414,30399,23496,6332.968235
6415,30400,23496,6332.968235
6416,30401,23497,6333.031213
6417,30402,23498,6333.064311
6418,30403,23498,6333.064311
6419,30404,23499,6333.097277
6420,30405,23500,6333.128391
6421,30406,23501,6333.161681
6422,30407,23502,6333.193018
6423,30408,23502,6333.193018
6424,30409,23503,6333.240128
6425,30410,23504,6333.272525
6426,30411,23505,6333.275068
6427,30412,23506,6333.305924
6428,30413,23507,6333.338086
6429,30414,23508,6333.369092
6430,30415,23508,6333.369092
6431,30416,23508,6333.369092
6432,30417,23509,6333.433256
6433,30418,23510,6333.466061
6434,30419,23511,6333.498612
6435,30420,23512,6333.529688
6436,30421,23512,6333.529688
6437,30422,23513,6333.576786
6438,30423,23514,6333.608972
6439,30424,23515,6333.612287
6440,30425,23516,6333.640663
6441,30426,23517,6333.672108
6442,30427,23518,6333.703854
6443,30428,23519,6333.738701
6444,30429,23519,6333.738701
6445,30430,23520,6333.769498
6446,30431,23520,6333.769498
6447,30432,23521,6333.833505
6448,30433,23522,6333.865025
6449,30434,23522,6333.865025
6450,30435,23523,6333.896514
6451,30436,23524,6333.944037
6452,30437,23524,6333.944037
6453,30438,23526,6333.979457
6454,30439,23527,6334.009296
6455,30440,23528,6334.039564
6456,30441,23529,6334.072508
6457,30442,23529,6334.072508
6458,30443,23530,6334.104139
6459,30444,23531,6334.137578
6460,30445,23532,6334.169922
6461,30446,23532,6334.169922
6462,30447,23532,6334.169922
6463,30448,23533,6334.231947
6464,30449,23534,6334.280044
6465,30450,23534,6334.280044
6466,30451,23536,6334.314401
6467,30452,23537,6334.344868
6468,30453,23538,6334.376729
6469,30454,23539,6334.409725
6470,30455,23539,6334.409725
6471,30456,23540,6334.440702
6472,30457,23541,6334.473730
6473,30458,23542,6334.505218
6474,30459,23543,6334.537111
6475,30460,23543,6334.537111
6476,30461,23544,6334.568482
6477,30462,23544,6334.568482
6478,30463,23544,6334.568482
6479,30464,23546,6334.651989
6480,30465,23547,6334.681227
6481,30466,23548,6334.714261
6482,30467,23549,6334.745012
6483,30468,23549,6334.745012
6484,30469,23550,6334.777893
6485,30470,23551,6334.807219
6486,30471,23552,6334.843026
6487,30472,23553,6334.874648
6488,30473,23554,6334.903673
6489,30474,23554,6334.903673
6490,30475,23555,6334.952351
6491,30476,23555,6334.952351
6492,30477,23556,6334.983755
6493,30478,23557,6335.016508
6494,30479,23558,6335.048505
6495,30480,23559,6335.080399
6496,30481,23560,6335.112461
6497,30482,23560,6335.112461
6498,30483,23561,6335.143439
6499,30484,23562,6335.177658
6500,30485,23563,6335.208873
6501,30486,23564,6335.239676
6502,30487,23564,6335.239676
6503,30488,23565,6335.289110
6504,30489,23565,6335.289110
6505,30490,23566,6335.320807
6506,30491,23567,6335.352300
6507,30492,23568,6335.384232
6508,30493,23569,6335.417492
6509,30494,23570,6335.449193
6510,30495,23570,6335.449193
6511,30496,23571,6335.480819
6512,30497,23572,6335.513983
6513,30498,23573,6335.544872
6514,30499,23574,6335.577024
6515,30500,23574,6335.577024
6516,30501,23575,6335.609137
6517,30502,23576,6335.656944
6518,30503,23576,6335.656944
6519,30504,23577,6335.689116
6520,30505,23578,6335.719556
6521,30506,23579,6335.752247
6522,30507,23580,6335.784408
6523,30508,23580,6335.784408
6524,30509,23581,6335.817031
6525,30510,23582,6335.849145
6526,30511,23583,6335.881180
6527,30512,23584,6335.913225
6528,30513,23584,6335.913225
6529,30514,23585,6335.944087
6530,30515,23586,6335.992235
6531,30516,23586,6335.992235
6532,30517,23587,6336.023920
6533,30518,23588,6336.057525
6534,30519,23589,6336.088787
6535,30520,23590,6336.121893
6536,30521,23590,6336.121893
6537,30522,23591,6336.153193
6538,30523,23592,6336.185795
6539,30524,23593,6336.217403
6540,30525,23594,6336.248251
6541,30526,23594,6336.248251
6542,30527,23595,6336.282004
6543,30528,23596,6336.329283
6544,30529,23596,6336.329283
6545,30530,23597,6336.360505
6546,30531,23598,6336.391745
6547,30532,23599,6336.425358
6548,30533,23600,6336.457910
6549,30534,23600,6336.457910
6550,30535,23601,6336.489123
6551,30536,23602,6336.522149
6552,30537,23603,6336.552688
6553,30538,23604,6336.585075
6554,30539,23604,6336.585075
6555,30540,23605,6336.616639
6556,30541,23606,6336.665116
6557,30542,23606,6336.665116
6558,30543,23607,6336.698040
6559,30544,23608,6336.728983
6560,30545,23609,6336.761578
6561,30546,23610,6336.792165
6562,30547,23610,6336.792165
6563,30548,23611,6336.825325
6564,30549,23612,6336.856694
6565,30550,23613,6336.890124
6566,30551,23614,6336.921746
6567,30552,23614,6336.921746
6568,30553,23615,6336.954100
6569,30554,23616,6337.000138
6570,30555,23616,6337.000138
6571,30556,23617,6337.032047
6572,30557,23618,6337.064946
6573,30558,23619,6337.097148
6574,30559,23620,6337.128765
6575,30560,23620,6337.128765
6576,30561,23621,6337.159750
6577,30562,23622,6337.194128
6578,30563,23623,6337.225104
6579,30564,23624,6337.256355
6580,30565,23624,6337.256355
6581,30566,23625,6337.290031
6582,30567,23626,6337.322079
6583,30568,23626,6337.322079
6584,30569,23628,6337.370337
6585,30570,23628,6337.370337
6586,30571,23629,6337.432936
6587,30572,23630,6337.465185
6588,30573,23630,6337.465185
6589,30574,23631,6337.497594
6590,30575,23632,6337.529745
6591,30576,23633,6337.561375
6592,30577,23634,6337.592413
6593,30578,23634,6337.592413
6594,30579,23635,6337.624136
6595,30580,23636,6337.657675
6596,30581,23636,6337.657675
6597,30582,23637,6337.703902
6598,30583,23639,6337.740243
6599,30584,23640,6337.768103
6600,30585,23640,6337.768103
6601,30586,23640,6337.768103
6602,30587,23641,6337.832361
6603,30588,23642,6337.866174
6604,30589,23643,6337.897420
6605,30590,23644,6337.928894
6606,30591,23644,6337.928894
6607,30592,23645,6337.961843
6608,30593,23646,6337.991593
6609,30594,23646,6337.991593
6610,30595,23647,6338.040256
6611,30596,23649,6338.076751
6612,30597,23650,6338.105200
6613,30598,23650,6338.105200
6614,30599,23651,6338.137003
6615,30600,23652,6338.168141
6616,30601,23652,6338.168141
6617,30602,23653,6338.232930
6618,30603,23653,6338.232930
6619,30604,23654,6338.264070
6620,30605,23655,6338.296941
6621,30606,23656,6338.329394
6622,30607,23656,6338.329394
6623,30608,23657,6338.377481
6624,30609,23659,6338.413056
6625,30610,23660,6338.440510
6626,30611,23660,6338.440510
6627,30612,23661,6338.472833
6628,30613,23662,6338.505806
6629,30614,23663,6338.537941
6630,30615,23663,6338.537941
6631,30616,23664,6338.599214
6632,30617,23664,6338.599214
6633,30618,23665,6338.632396
6634,30619,23666,6338.666317
6635,30620,23666,6338.666317
6636,30621,23667,6338.715327
6637,30622,23669,6338.748594
6638,30623,23670,6338.777061
6639,30624,23670,6338.777061
6640,30625,23671,6338.807727
6641,30626,23672,6338.843364
6642,30627,23673,6338.873631
6643,30628,23674,6338.905438
6644,30629,23674,6338.905438
6645,30630,23675,6338.937754
6646,30631,23676,6338.968455
6647,30632,23676,6338.968455
6648,30633,23677,6339.031269
6649,30634,23677,6339.031269
6650,30635,23679,6339.083761
6651,30636,23680,6339.113731
6652,30637,23680,6339.113731
6653,30638,23681,6339.144531
6654,30639,23682,6339.176315
6655,30640,23683,6339.208839
6656,30641,23684,6339.239231
6657,30642,23685,6339.272467
6658,30643,23685,6339.272467
6659,30644,23686,6339.304718
6660,30645,23687,6339.337140
6661,30646,23688,6339.368653
6662,30647,23688,6339.368653
6663,30648,23688,6339.368653
6664,30649,23690,6339.451512
6665,30650,23691,6339.480303
6666,30651,23691,6339.480303
6667,30652,23692,6339.513917
6668,30653,23693,6339.544591
6669,30654,23694,6339.577317
6670,30655,23695,6339.608133
6671,30656,23695,6339.608133
6672,30657,23696,6339.639609
6673,30658,23697,6339.673288
6674,30659,23698,6339.705245
6675,30660,23698,6339.705245
6676,30661,23699,6339.751875
6677,30662,23700,6339.785168
6678,30663,23700,6339.785168
6679,30664,23701,6339.817665
6680,30665,23702,6339.848199
6681,30666,23703,6339.882136
6682,30667,23704,6339.912393
6683,30668,23705,6339.944950
6684,30669,23705,6339.944950
6685,30670,23706,6339.976421
6686,30671,23707,6340.011068
6687,30672,23708,6340.039709
6688,30673,23708,6340.039709
6689,30674,23709,6340.089491
6690,30675,23710,6340.120318
6691,30676,23711,6340.154131
6692,30677,23711,6340.154131
6693,30678,23712,6340.184457
6694,30679,23713,6340.217194
6695,30680,23714,6340.249026
6696,30681,23715,6340.282413
6697,30682,23715,6340.282413
6698,30683,23716,6340.312851
6699,30684,23717,6340.344519
6700,30685,23718,6340.378743
6701,30686,23718,6340.378743
6702,30687,23719,6340.424418
6703,30688,23720,6340.456026
6704,30689,23721,6340.488488
6705,30690,23721,6340.488488
6706,30691,23722,6340.521581
6707,30692,23723,6340.552859
6708,30693,23724,6340.583920
6709,30694,23725,6340.616664
6710,30695,23726,6340.649576
6711,30696,23726,6340.649576
6712,30697,23727,6340.681182
6713,30698,23728,6340.713478
6714,30699,23728,6340.713478
6715,30700,23729,6340.760551
6716,30701,23730,6340.793064
6717,30702,23731,6340.825092
6718,30703,23731,6340.825092
6719,30704,23732,6340.856408
6720,30705,23733,6340.888060
6721,30706,23734,6340.919643
6722,30707,23735,6340.954167
6723,30708,23735,6340.954167
6724,30709,23736,6340.985937
6725,30710,23737,6341.016258
6726,30711,23738,6341.049177
6727,30712,23739,6341.081253
6728,30713,23739,6341.081253
6729,30714,23740,6341.128800
6730,30715,23741,6341.160452
6731,30716,23741,6341.160452
6732,30717,23742,6341.191809
6733,30718,23743,6341.223890
6734,30719,23744,6341.256784
6735,30720,23745,6341.289066
6736,30721,23745,6341.289066
6737,30722,23746,6341.320633
6738,30723,23747,6341.354104
6739,30724,23748,6341.385120
6740,30725,23749,6341.418619
6741,30726,23749,6341.418619
6742,30727,23750,6341.464469
6743,30728,23750,6341.464469
6744,30729,23751,6341.496762
6745,30730,23752,6341.529327
6746,30731,23753,6341.562088
6747,30732,23754,6341.592132
6748,30733,23755,6341.625215
6749,30734,23755,6341.625215
6750,30735,23756,6341.657826
6751,30736,23757,6341.690086
6752,30737,23758,6341.721449
6753,30738,23759,6341.752649
6754,30739,23759,6341.752649
6755,30740,23760,6341.800283
6756,30741,23760,6341.800283
6757,30742,23761,6341.833113
6758,30743,23762,6341.863672
6759,30744,23763,6341.895850
6760,30745,23764,6341.928098
6761,30746,23764,6341.928098
6762,30747,23765,6341.963002
6763,30748,23766,6341.991240
6764,30749,23767,6342.024933
6765,30750,23768,6342.056270
6766,30751,23769,6342.088588
6767,30752,23769,6342.088588
6768,30753,23770,6342.136261
6769,30754,23771,6342.168474
6770,30755,23772,6342.170771
6771,30756,23772,6342.170771
6772,30757,23773,6342.232689
6773,30758,23774,6342.266062
6774,30759,23775,6342.295925
6775,30760,23775,6342.295925
6776,30761,23776,6342.327663
6777,30762,23777,6342.361101
6778,30763,23778,6342.390681
6779,30764,23779,6342.424212
6780,30765,23779,6342.424212
6781,30766,23780,6342.473181
6782,30767,23780,6342.473181
6783,30768,23782,6342.507642
6784,30769,23783,6342.536970
6785,30770,23784,6342.568887
6786,30771,23784,6342.568887
6787,30772,23784,6342.568887
6788,30773,23785,6342.633161
6789,30774,23786,6342.665202
6790,30775,23787,6342.695428
6791,30776,23788,6342.728351
6792,30777,23789,6342.761165
6793,30778,23789,6342.761165
6794,30779,23790,6342.795364
6795,30780,23790,6342.795364
6796,30781,23791,6342.840702
6797,30782,23793,6342.876561
6798,30783,23794,6342.905496
6799,30784,23795,6342.937441
6800,30785,23796,6342.968986
6801,30786,23796,6342.968986
6802,30787,23796,6342.968986
6803,30788,23797,6343.033533
6804,30789,23798,6343.065726
6805,30790,23799,6343.097266
6806,30791,23799,6343.097266
6807,30792,23800,6343.129312
6808,30793,23801,6343.176352
6809,30794,23801,6343.176352
6810,30795,23803,6343.213989
6811,30796,23804,6343.241719
6812,30797,23805,6343.273807
6813,30798,23806,6343.305050
6814,30799,23806,6343.305050
6815,30800,23807,6343.335729
6816,30801,23808,6343.368188
6817,30802,23808,6343.368188
6818,30803,23808,6343.368188
6819,30804,23809,6343.434151
6820,30805,23810,6343.463728
6821,30806,23810,6343.463728
6822,30807,23811,6343.512578
6823,30808,23813,6343.546842
6824,30809,23814,6343.575246
6825,30810,23815,6343.610172
6826,30811,23815,6343.610172
6827,30812,23816,6343.641114
6828,30813,23817,6343.672842
6829,30814,23818,6343.705381
6830,30815,23819,6343.738390
6831,30816,23819,6343.738390
6832,30817,23820,6343.768758
6833,30818,23820,6343.768758
6834,30819,23820,6343.768758
6835,30820,23821,6343.846413
6836,30821,23823,6343.885690
6837,30822,23824,6343.913362
6838,30823,23825,6343.945453
6839,30824,23825,6343.945453
6840,30825,23826,6343.977007
6841,30826,23827,6344.009140
6842,30827,23828,6344.041368
6843,30828,23829,6344.074206
6844,30829,23829,6344.074206
6845,30830,23830,6344.103786
6846,30831,23831,6344.137333
6847,30832,23831,6344.137333
6848,30833,23832,6344.185426
6849,30834,23833,6344.216788
6850,30835,23834,6344.248851
6851,30836,23835,6344.279918
6852,30837,23835,6344.279918
6853,30838,23836,6344.311629
6854,30839,23837,6344.345530
6855,30840,23838,6344.377189
6856,30841,23839,6344.409544
6857,30842,23839,6344.409544
6858,30843,23840,6344.442892
6859,30844,23841,6344.475468
6860,30845,23842,6344.505217
6861,30846,23842,6344.505217
6862,30847,23843,6344.553335
6863,30848,23844,6344.583801
6864,30849,23844,6344.583801
6865,30850,23845,6344.618398
6866,30851,23846,6344.648000
6867,30852,23847,6344.681934
6868,30853,23848,6344.712817
6869,30854,23849,6344.745211
6870,30855,23849,6344.745211
6871,30856,23850,6344.776210
6872,30857,23851,6344.809178
6873,30858,23852,6344.841208
6874,30859,23852,6344.841208
6875,30860,23853,6344.888532
6876,30861,23854,6344.920355
6877,30862,23855,6344.952609
6878,30863,23855,6344.952609
6879,30864,23856,6344.985291
6880,30865,23857,6345.015652
6881,30866,23858,6345.048287
6882,30867,23859,6345.080111
6883,30868,23859,6345.080111
6884,30869,23860,6345.111645
6885,30870,23861,6345.144013
6886,30871,23862,6345.176185
6887,30872,23862,6345.176185
6888,30873,23863,6345.225161
6889,30874,23864,6345.257101
6890,30875,23864,6345.257101
6891,30876,23865,6345.288158
6892,30877,23866,6345.321228
6893,30878,23867,6345.353607
6894,30879,23868,6345.385021
6895,30880,23868,6345.385021
6896,30881,23869,6345.417698
6897,30882,23870,6345.448563
6898,30883,23871,6345.480800
6899,30884,23872,6345.513414
6900,30885,23872,6345.513414
6901,30886,23873,6345.559304
6902,30887,23874,6345.592665
6903,30888,23874,6345.592665
6904,30889,23875,6345.625446
6905,30890,23876,6345.655829
6906,30891,23877,6345.690700
6907,30892,23878,6345.721229
6908,30893,23878,6345.721229
6909,30894,23879,6345.752965
6910,30895,23880,6345.784924
6911,30896,23881,6345.817560
6912,30897,23882,6345.849178
6913,30898,23882,6345.849178
6914,30899,23883,6345.897961
6915,30900,23884,6345.929340
6916,30901,23884,6345.929340
6917,30902,23885,6345.960334
6918,30903,23886,6345.992852
6919,30904,23887,6346.025766
6920,30905,23888,6346.056905
6921,30906,23888,6346.056905
6922,30907,23889,6346.089202
6923,30908,23890,6346.121919
6924,30909,23891,6346.153150
6925,30910,23892,6346.185059
6926,30911,23893,6346.216647
6927,30912,23893,6346.216647
6928,30913,23894,6346.265094
6929,30914,23894,6346.265094
6930,30915,23895,6346.295526
6931,30916,23896,6346.330846
6932,30917,23897,6346.361074
6933,30918,23898,6346.392508
6934,30919,23898,6346.392508
6935,30920,23899,6346.425699
6936,30921,23900,6346.455777
6937,30922,23901,6346.489028
6938,30923,23902,6346.521258
6939,30924,23903,6346.551908
6940,30925,23903,6346.551908
6941,30926,23904,6346.601168
6942,30927,23904,6346.601168
6943,30928,23905,6346.632119
6944,30929,23906,6346.665223
6945,30930,23907,6346.697357
6946,30931,23908,6346.729601
6947,30932,23908,6346.729601
6948,30933,23909,6346.761277
6949,30934,23910,6346.792587
6950,30935,23911,6346.825591
6951,30936,23912,6346.856496
6952,30937,23912,6346.856496
6953,30938,23913,6346.888275
6954,30939,23914,6346.936116
6955,30940,23914,6346.936116
6956,30941,23916,6346.972123
6957,30942,23916,6346.972123
6958,30943,23917,6347.035410
6959,30944,23918,6347.064068
6960,30945,23918,6347.064068
6961,30946,23919,6347.095974
6962,30947,23920,6347.130912
6963,30948,23921,6347.162554
6964,30949,23922,6347.192843
6965,30950,23922,6347.192843
6966,30951,23923,6347.225680
6967,30952,23924,6347.272873
6968,30953,23924,6347.272873
6969,30954,23926,6347.307300
6970,30955,23927,6347.337501
6971,30956,23928,6347.368983
6972,30957,23928,6347.368983
6973,30958,23928,6347.368983
6974,30959,23929,6347.434374
6975,30960,23930,6347.465504
6976,30961,23931,6347.496809
6977,30962,23932,6347.530233
6978,30963,23933,6347.559544
6979,30964,23933,6347.559544
6980,30965,23934,6347.608240
6981,30966,23934,6347.608240
6982,30967,23936,6347.645465
6983,30968,23937,6347.673223
6984,30969,23938,6347.705028
6985,30970,23939,6347.736977
6986,30971,23939,6347.736977
6987,30972,23940,6347.769205
6988,30973,23940,6347.769205
6989,30974,23941,6347.832396
6990,30975,23942,6347.865042
6991,30976,23942,6347.865042
6992,30977,23943,6347.898080
6993,30978,23944,6347.928594
6994,30979,23944,6347.928594
6995,30980,23946,6347.980036
6996,30981,23947,6348.008266
6997,30982,23948,6348.041023
6998,30983,23949,6348.072385
6999,30984,23949,6348.072385
7000,30985,23950,6348.103531
7001,30986,23951,6348.137110
7002,30987,23952,6348.168888
7003,30988,23952,6348.168888
7004,30989,23952,6348.168888
7005,30990,23953,6348.231316
7006,30991,23954,6348.265183
7007,30992,23954,6348.265183
7008,30993,23955,6348.311851
7009,30994,23957,6348.347570
7010,30995,23958,6348.377138
7011,30996,23959,6348.409622
7012,30997,23959,6348.409622
7013,30998,23960,6348.439964
7014,30999,23961,6348.471534
7015,31000,23962,6348.506490
7016,31001,23963,6348.537334
7017,31002,23963,6348.537334
7018,31003,23963,6348.537334
7019,31004,23964,6348.600995
7020,31005,23964,6348.600995
7021,31006,23965,6348.648935
7022,31007,23967,6348.683273
7023,31008,23968,6348.713942
7024,31009,23969,6348.747147
7025,31010,23969,6348.747147
7026,31011,23970,6348.775916
7027,31012,23971,6348.810492
7028,31013,23972,6348.841756
7029,31014,23973,6348.873193
7030,31015,23974,6348.904259
7031,31016,23974,6348.904259
7032,31017,23975,6348.935313
7033,31018,23975,6348.935313
7034,31019,23976,6348.983836
7035,31020,23977,6349.017403
7036,31021,23978,6349.049475
7037,31022,23979,6349.081450
7038,31023,23979,6349.081450
7039,31024,23980,6349.111497
7040,31025,23981,6349.145525
7041,31026,23982,6349.176698
7042,31027,23983,6349.210251
7043,31028,23983,6349.210251
7044,31029,23984,6349.241963
7045,31030,23985,6349.272052
7046,31031,23985,6349.272052
7047,31032,23986,6349.320121
7048,31033,23987,6349.353287
7049,31034,23988,6349.386482
7050,31035,23989,6349.417251
7051,31036,23989,6349.417251
7052,31037,23990,6349.449308
7053,31038,23991,6349.480788
7054,31039,23992,6349.513119
7055,31040,23993,6349.544957
7056,31041,23993,6349.544957
7057,31042,23994,6349.575486
7058,31043,23995,6349.609358
7059,31044,23995,6349.609358
7060,31045,23996,6349.657208
7061,31046,23997,6349.687672
7062,31047,23998,6349.721157
7063,31048,23999,6349.752235
7064,31049,23999,6349.752235
7065,31050,24000,6349.784297
7066,31051,24001,6349.819062
7067,31052,24002,6349.848953
7068,31053,24003,6349.880442
7069,31054,24003,6349.880442
7070,31055,24004,6349.911854
7071,31056,24005,6349.946104
7072,31057,24006,6349.978558
7073,31058,24006,6349.978558
7074,31059,24007,6350.027287
7075,31060,24008,6350.057127
7076,31061,24009,6350.089222
7077,31062,24009,6350.089222
7078,31063,24010,6350.119539
7079,31064,24011,6350.152135
7080,31065,24012,6350.183779
7081,31066,24013,6350.218543
7082,31067,24013,6350.218543
7083,31068,24014,6350.248909
7084,31069,24015,6350.280832
7085,31070,24016,6350.313904
7086,31071,24016,6350.313904
7087,31072,24017,6350.361928
7088,31073,24018,6350.393377
7089,31074,24019,6350.425493
7090,31075,24019,6350.425493
7091,31076,24020,6350.454962
7092,31077,24021,6350.489034
7093,31078,24022,6350.520055
7094,31079,24023,6350.553811
7095,31080,24023,6350.553811
7096,31081,24024,6350.585376
7097,31082,24025,6350.617662
7098,31083,24026,6350.648518
7099,31084,24026,6350.648518
7100,31085,24027,6350.696684
7101,31086,24028,6350.730668
7102,31087,24029,6350.760566
7103,31088,24029,6350.760566
7104,31089,24030,6350.791665
7105,31090,24031,6350.824876
7106,31091,24032,6350.858029
7107,31092,24033,6350.888223
7108,31093,24033,6350.888223
7109,31094,24034,6350.921702
7110,31095,24035,6350.955572
7111,31096,24036,6350.985264
7112,31097,24036,6350.985264
7113,31098,24037,6351.032223
7114,31099,24038,6351.064326
7115,31100,24039,6351.097090
7116,31101,24039,6351.097090
7117,31102,24040,6351.128973
7118,31103,24041,6351.162362
7119,31104,24042,6351.193479
7120,31105,24043,6351.225100
7121,31106,24044,6351.257146
7122,31107,24044,6351.257146
7123,31108,24045,6351.290028
7124,31109,24046,6351.320466
7125,31110,24046,6351.320466
7126,31111,24047,6351.369394
7127,31112,24048,6351.400293
7128,31113,24049,6351.434612
7129,31114,24050,6351.465186
7130,31115,24050,6351.465186
7131,31116,24051,6351.497271
7132,31117,24052,6351.532233
7133,31118,24053,6351.562870
7134,31119,24054,6351.592458
7135,31120,24054,6351.592458
7136,31121,24055,6351.625042
7137,31122,24056,6351.655167
7138,31123,24057,6351.688465
7139,31124,24057,6351.688465
7140,31125,24058,6351.736756
7141,31126,24060,6351.771011
7142,31127,24060,6351.771011
7143,31128,24060,6351.771011
7144,31129,24061,6351.832025
7145,31130,24062,6351.864140
7146,31131,24063,6351.895771
7147,31132,24064,6351.928419
7148,31133,24064,6351.928419
7149,31134,24065,6351.961739
7150,31135,24066,6351.992639
7151,31136,24067,6352.024235
7152,31137,24067,6352.024235
7153,31138,24068,6352.074945
7154,31139,24070,6352.108307
7155,31140,24071,6352.136416
7156,31141,24071,6352.136416
7157,31142,24072,6352.170841
7158,31143,24072,6352.170841
7159,31144,24073,6352.233811
7160,31145,24074,6352.265159
7161,31146,24074,6352.265159
7162,31147,24075,6352.296780
7163,31148,24076,6352.329568
7164,31149,24077,6352.361065
7165,31150,24077,6352.361065
7166,31151,24078,6352.410024
7167,31152,24080,6352.445281
7168,31153,24081,6352.471849
7169,31154,24081,6352.471849
7170,31155,24082,6352.503837
7171,31156,24083,6352.537271
7172,31157,24084,6352.568981
7173,31158,24084,6352.568981
7174,31159,24084,6352.568981
7175,31160,24085,6352.632897
7176,31161,24086,6352.664050
7177,31162,24087,6352.698258
7178,31163,24087,6352.698258
7179,31164,24088,6352.743541
7180,31165,24090,6352.781493
7181,31166,24091,6352.809052
7182,31167,24091,6352.809052
7183,31168,24092,6352.842357
7184,31169,24093,6352.875253
7185,31170,24094,6352.908411
7186,31171,24095,6352.937329
7187,31172,24095,6352.937329
7188,31173,24096,6352.967700
7189,31174,24096,6352.967700
7190,31175,24097,6353.033297
7191,31176,24097,6353.033297
7192,31177,24098,6353.081896
7193,31178,24100,6353.115690
7194,31179,24101,6353.144279
7195,31180,24101,6353.144279
7196,31181,24102,6353.175271
7197,31182,24103,6353.208393
7198,31183,24104,6353.239927
7199,31184,24105,6353.274131
7200,31185,24105,6353.274131
7201,31186,24106,6353.303524
7202,31187,24107,6353.338329
7203,31188,24108,6353.369290
7204,31189,24108,6353.369290
7205,31190,24108,6353.369290
7206,31191,24109,6353.449473
7207,31192,24111,6353.483356
7208,31193,24111,6353.483356
7209,31194,24112,6353.511647
7210,31195,24113,6353.544454
7211,31196,24114,6353.576688
7212,31197,24115,6353.609453
7213,31198,24115,6353.609453
7214,31199,24116,6353.639892
7215,31200,24117,6353.672111
7216,31201,24118,6353.705621
7217,31202,24119,6353.737092
7218,31203,24119,6353.737092
7219,31204,24120,6353.784322
7220,31205,24121,6353.816449
7221,31206,24121,6353.816449
7222,31207,24122,6353.849086
7223,31208,24123,6353.881285
7224,31209,24124,6353.913958
7225,31210,24125,6353.945000
7226,31211,24125,6353.945000
7227,31212,24126,6353.978446
7228,31213,24127,6354.009358
7229,31214,24128,6354.041734
7230,31215,24129,6354.073671
7231,31216,24129,6354.073671
7232,31217,24130,6354.121612
7233,31218,24130,6354.121612
7234,31219,24131,6354.153276
7235,31220,24132,6354.185367
7236,31221,24133,6354.217185
7237,31222,24134,6354.250273
7238,31223,24135,6354.280793
7239,31224,24135,6354.280793
7240,31225,24136,6354.313212
7241,31226,24137,6354.345307
7242,31227,24138,6354.376811
7243,31228,24139,6354.410447
7244,31229,24139,6354.410447
7245,31230,24140,6354.457390
7246,31231,24141,6354.488436
7247,31232,24141,6354.488436
7248,31233,24142,6354.520072
7249,31234,24143,6354.553704
7250,31235,24144,6354.583632
7251,31236,24145,6354.616432
7252,31237,24145,6354.616432
7253,31238,24146,6354.649442
7254,31239,24147,6354.679881
7255,31240,24148,6354.713450
7256,31241,24149,6354.744319
7257,31242,24149,6354.744319
7258,31243,24150,6354.792020
7259,31244,24151,6354.824300
7260,31245,24151,6354.824300
7261,31246,24152,6354.856512
7262,31247,24153,6354.889227
7263,31248,24154,6354.921205
7264,31249,24155,6354.952391
7265,31250,24155,6354.952391
7266,31251,24156,6354.985454
7267,31252,24157,6355.016191
7268,31253,24158,6355.050554
7269,31254,24159,6355.082122
7270,31255,24159,6355.082122
7271,31256,24160,6355.112794
7272,31257,24161,6355.160439
7273,31258,24161,6355.160439
7274,31259,24162,6355.193448
7275,31260,24163,6355.224994
7276,31261,24164,6355.257382
7277,31262,24165,6355.289078
7278,31263,24165,6355.289078
7279,31264,24166,6355.321957
7280,31265,24167,6355.352556
7281,31266,24168,6355.385706
7282,31267,24169,6355.417742
7283,31268,24169,6355.417742
7284,31269,24170,6355.447310
7285,31270,24171,6355.497136
7286,31271,24171,6355.497136
7287,31272,24172,6355.529233
7288,31273,24173,6355.560677
7289,31274,24174,6355.591640
7290,31275,24175,6355.624458
7291,31276,24175,6355.624458
7292,31277,24176,6355.655699
7293,31278,24177,6355.689471
7294,31279,24178,6355.722386
7295,31280,24179,6355.753536
7296,31281,24179,6355.753536
7297,31282,24180,6355.786760
7298,31283,24180,6355.786760
7299,31284,24181,6355.834159
7300,31285,24182,6355.865494
7301,31286,24183,6355.896511
7302,31287,24184,6355.928352
7303,31288,24185,6355.960416
7304,31289,24185,6355.960416
7305,31290,24186,6355.990772
7306,31291,24187,6356.025079
7307,31292,24188,6356.057297
7308,31293,24189,6356.089041
7309,31294,24189,6356.089041
7310,31295,24190,6356.119283
7311,31296,24191,6356.168391
7312,31297,24191,6356.168391
7313,31298,24192,6356.200561
7314,31299,24193,6356.232445
7315,31300,24194,6356.263419
7316,31301,24195,6356.296010
7317,31302,24195,6356.296010
7318,31303,24196,6356.328495
7319,31304,24197,6356.363744
7320,31305,24198,6356.393456
7321,31306,24199,6356.425202
7322,31307,24199,6356.425202
7323,31308,24200,6356.456564
7324,31309,24200,6356.456564
7325,31310,24201,6356.506568
7326,31311,24203,6356.541548
7327,31312,24204,6356.569842
7328,31313,24204,6356.569842
7329,31314,24205,6356.632307
7330,31315,24205,6356.632307
7331,31316,24206,6356.664998
7332,31317,24207,6356.696824
7333,31318,24208,6356.729414
7334,31319,24209,6356.762519
7335,31320,24209,6356.762519
7336,31321,24210,6356.793538
7337,31322,24211,6356.824098
7338,31323,24211,6356.824098
7339,31324,24213,6356.874125
7340,31325,24214,6356.907269
7341,31326,24215,6356.938184
7342,31327,24216,6356.968236
7343,31328,24216,6356.968236
7344,31329,24216,6356.968236
7345,31330,24217,6357.032299
7346,31331,24218,6357.065889
7347,31332,24219,6357.096887
7348,31333,24219,6357.096887
7349,31334,24220,6357.129199
7350,31335,24221,6357.162562
7351,31336,24221,6357.162562
7352,31337,24222,6357.210028
7353,31338,24224,6357.245261
7354,31339,24225,6357.272717
7355,31340,24226,6357.304051
7356,31341,24226,6357.304051
7357,31342,24227,6357.338141
7358,31343,24228,6357.368842
7359,31344,24228,6357.368842
7360,31345,24229,6357.432751
7361,31346,24229,6357.432751
7362,31347,24230,6357.464185
7363,31348,24231,6357.497420
7364,31349,24231,6357.497420
7365,31350,24232,6357.545102
7366,31351,24234,6357.577851
7367,31352,24235,6357.610027
7368,31353,24236,6357.641403
7369,31354,24236,6357.641403
7370,31355,24237,6357.671250
7371,31356,24238,6357.703493
7372,31357,24239,6357.737322
7373,31358,24240,6357.769318
7374,31359,24240,6357.769318
7375,31360,24240,6357.769318
7376,31361,24241,6357.833102
7377,31362,24241,6357.833102
7378,31363,24242,6357.882246
7379,31364,24244,6357.915123
7380,31365,24245,6357.945053
7381,31366,24245,6357.945053
7382,31367,24246,6357.977028
7383,31368,24247,6358.008283
7384,31369,24248,6358.040498
7385,31370,24249,6358.073357
7386,31371,24249,6358.073357
7387,31372,24250,6358.105677
7388,31373,24251,6358.135632
7389,31374,24252,6358.169204
7390,31375,24252,6358.169204
7391,31376,24252,6358.169204
7392,31377,24254,6358.252363
7393,31378,24255,6358.282430
7394,31379,24255,6358.282430
7395,31380,24256,6358.312861
7396,31381,24257,6358.343707
7397,31382,24258,6358.378849
7398,31383,24259,6358.410441
7399,31384,24259,6358.410441
7400,31385,24260,6358.441912
7401,31386,24261,6358.472785
7402,31387,24262,6358.505575
7403,31388,24262,6358.505575
7404,31389,24263,6358.555105
7405,31390,24264,6358.585264
7406,31391,24265,6358.617048
7407,31392,24265,6358.617048
7408,31393,24266,6358.648349
7409,31394,24267,6358.681662
7410,31395,24268,6358.712369
7411,31396,24269,6358.745799
7412,31397,24269,6358.745799
7413,31398,24270,6358.775865
7414,31399,24271,6358.808139
7415,31400,24272,6358.841188
7416,31401,24273,6358.872701
7417,31402,24273,6358.872701
7418,31403,24274,6358.919496
7419,31404,24275,6358.952602
7420,31405,24275,6358.952602
7421,31406,24276,6358.983084
7422,31407,24277,6359.017100
7423,31408,24278,6359.049117
7424,31409,24279,6359.082398
7425,31410,24279,6359.082398
7426,31411,24280,6359.112519
7427,31412,24281,6359.145712
7428,31413,24282,6359.176905
7429,31414,24283,6359.208610
7430,31415,24283,6359.208610
7431,31416,24284,6359.255129
7432,31417,24285,6359.288329
7433,31418,24285,6359.288329
7434,31419,24286,6359.322056
7435,31420,24287,6359.352957
7436,31421,24288,6359.384940
7437,31422,24289,6359.417105
7438,31423,24289,6359.417105
7439,31424,24290,6359.448281
7440,31425,24291,6359.480552
7441,31426,24292,6359.512295
7442,31427,24293,6359.543788
7443,31428,24293,6359.543788
7444,31429,24294,6359.594985
7445,31430,24294,6359.594985
7446,31431,24295,6359.625557
7447,31432,24296,6359.657613
7448,31433,24297,6359.689130
7449,31434,24298,6359.720324
7450,31435,24299,6359.752165
7451,31436,24299,6359.752165
7452,31437,24300,6359.785667
7453,31438,24301,6359.817782
7454,31439,24302,6359.849538
7455,31440,24303,6359.880510
7456,31441,24303,6359.880510
7457,31442,24304,6359.929217
7458,31443,24304,6359.929217
7459,31444,24305,6359.961432
7460,31445,24306,6359.992971
7461,31446,24307,6360.025165
7462,31447,24308,6360.056751
7463,31448,24309,6360.088292
7464,31449,24309,6360.088292
7465,31450,24310,6360.121167
7466,31451,24311,6360.154339
7467,31452,24312,6360.184236
7468,31453,24312,6360.184236
7469,31454,24313,6360.218551
7470,31455,24314,6360.265097
7471,31456,24314,6360.265097
7472,31457,24315,6360.296837
7473,31458,24316,6360.328495
7474,31459,24317,6360.361265
7475,31460,24318,6360.394104
7476,31461,24318,6360.394104
7477,31462,24319,6360.425430
7478,31463,24320,6360.457129
7479,31464,24321,6360.487653
7480,31465,24322,6360.519435
7481,31466,24323,6360.553948
7482,31467,24323,6360.553948
7483,31468,24324,6360.583935
7484,31469,24324,6360.583935
7485,31470,24325,6360.634085
7486,31471,24326,6360.665859
7487,31472,24327,6360.696841
7488,31473,24328,6360.729876
7489,31474,24328,6360.729876
7490,31475,24329,6360.763765
7491,31476,24330,6360.793264
7492,31477,24331,6360.825834
7493,31478,24332,6360.856705
7494,31479,24333,6360.888744
7495,31480,24333,6360.888744
7496,31481,24334,6360.919778
7497,31482,24334,6360.919778
7498,31483,24335,6360.970551
7499,31484,24336,6361.002229
7500,31485,24337,6361.032324
7501,31486,24338,6361.065444
7502,31487,24339,6361.098208
7503,31488,24339,6361.098208
7504,31489,24340,6361.131765
7505,31490,24341,6361.160803
7506,31491,24342,6361.194050
7507,31492,24343,6361.225522
7508,31493,24344,6361.256976
7509,31494,24344,6361.256976
7510,31495,24345,6361.305009
7511,31496,24345,6361.305009
7512,31497,24347,6361.343001
7513,31498,24347,6361.343001
7514,31499,24348,6361.401837
7515,31500,24349,6361.434803
7516,31501,24349,6361.434803
7517,31502,24350,6361.465584
7518,31503,24351,6361.497070
7519,31504,24352,6361.528592
7520,31505,24353,6361.562240
7521,31506,24353,6361.562240
7522,31507,24354,6361.593144
7523,31508,24355,6361.640576
7524,31509,24356,6361.672353
7525,31510,24357,6361.675667
7526,31511,24358,6361.703790
7527,31512,24359,6361.736903
7528,31513,24360,6361.770462
7529,31514,24360,6361.770462
7530,31515,24360,6361.770462
7531,31516,24361,6361.832100
7532,31517,24362,6361.864421
7533,31518,24363,6361.897136
7534,31519,24363,6361.897136
7535,31520,24364,6361.930210
7536,31521,24365,6361.978626
7537,31522,24365,6361.978626
7538,31523,24367,6362.011297
7539,31524,24368,6362.041802
7540,31525,24369,6362.073591
7541,31526,24370,6362.106117
7542,31527,24370,6362.106117
7543,31528,24371,6362.135931
7544,31529,24372,6362.170076
7545,31530,24372,6362.170076
7546,31531,24373,6362.233714
7547,31532,24374,6362.263134
7548,31533,24374,6362.263134
7549,31534,24375,6362.295826
7550,31535,24375,6362.295826
7551,31536,24376,6362.343748
7552,31537,24378,6362.381583
7553,31538,24379,6362.410718
7554,31539,24380,6362.442343
7555,31540,24380,6362.442343
7556,31541,24381,6362.472133
7557,31542,24382,6362.505153
7558,31543,24383,6362.538000
7559,31544,24384,6362.571564
7560,31545,24384,6362.571564
7561,31546,24384,6362.571564
7562,31547,24385,6362.633491
7563,31548,24385,6362.633491
7564,31549,24386,6362.680355
7565,31550,24388,6362.716318
7566,31551,24389,6362.747254
7567,31552,24390,6362.777241
7568,31553,24390,6362.777241
7569,31554,24391,6362.807498
7570,31555,24392,6362.840438
7571,31556,24393,6362.873686
7572,31557,24394,6362.905050
7573,31558,24394,6362.905050
7574,31559,24395,6362.937697
7575,31560,24396,6362.968042
7576,31561,24396,6362.968042
7577,31562,24396,6362.968042
7578,31563,24398,6363.053625
7579,31564,24399,6363.082040
7580,31565,24400,6363.114073
7581,31566,24400,6363.114073
7582,31567,24401,6363.145511
7583,31568,24402,6363.177413
7584,31569,24403,6363.208982
7585,31570,24404,6363.241227
7586,31571,24405,6363.272370
7587,31572,24405,6363.272370
7588,31573,24406,6363.305546
7589,31574,24406,6363.305546
7590,31575,24407,6363.351738
7591,31576,24408,6363.385830
7592,31577,24409,6363.417524
7593,31578,24410,6363.448301
7594,31579,24410,6363.448301
7595,31580,24411,6363.482600
7596,31581,24412,6363.511857
7597,31582,24413,6363.543753
7598,31583,24414,6363.577196
7599,31584,24414,6363.577196
7600,31585,24415,6363.610368
7601,31586,24416,6363.641027
7602,31587,24417,6363.687431
7603,31588,24417,6363.687431
7604,31589,24418,6363.721132
7605,31590,24419,6363.755127
7606,31591,24420,6363.785283
7607,31592,24421,6363.818028
7608,31593,24421,6363.818028
7609,31594,24422,6363.849891
7610,31595,24423,6363.883988
7611,31596,24424,6363.913368
7612,31597,24424,6363.913368
7613,31598,24425,6363.947705
7614,31599,24426,6363.977307
7615,31600,24427,6364.009396
7616,31601,24427,6364.009396
7617,31602,24428,6364.057875
7618,31603,24429,6364.090016
7619,31604,24430,6364.121114
7620,31605,24431,6364.153523
7621,31606,24431,6364.153523
7622,31607,24432,6364.185376
7623,31608,24433,6364.215493
7624,31609,24434,6364.249492
7625,31610,24435,6364.282187
7626,31611,24435,6364.282187
7627,31612,24436,6364.312107
7628,31613,24437,6364.344156
7629,31614,24437,6364.344156
7630,31615,24438,6364.391624
7631,31616,24439,6364.423843
7632,31617,24440,6364.457859
7633,31618,24440,6364.457859
7634,31619,24441,6364.490072
7635,31620,24442,6364.520822
7636,31621,24443,6364.555157
7637,31622,24444,6364.585553
7638,31623,24445,6364.618357
7639,31624,24445,6364.618357
7640,31625,24446,6364.648518
7641,31626,24447,6364.680041
7642,31627,24447,6364.680041
7643,31628,24448,6364.727935
7644,31629,24449,6364.762010
7645,31630,24450,6364.793642
7646,31631,24451,6364.824386
7647,31632,24451,6364.824386
7648,31633,24452,6364.857070
7649,31634,24453,6364.889059
7650,31635,24454,6364.919332
7651,31636,24455,6364.952913
7652,31637,24455,6364.952913
7653,31638,24456,6364.985188
7654,31639,24457,6365.017284
7655,31640,24457,6365.017284
7656,31641,24458,6365.065652
7657,31642,24459,6365.096941
7658,31643,24460,6365.128573
7659,31644,24461,6365.160282
7660,31645,24461,6365.160282
7661,31646,24462,6365.192625
7662,31647,24463,6365.225439
7663,31648,24464,6365.255370
7664,31649,24464,6365.255370
7665,31650,24465,6365.290762
7666,31651,24466,6365.322069
7667,31652,24467,6365.353660
7668,31653,24467,6365.353660
7669,31654,24468,6365.400088
7670,31655,24469,6365.435032
7671,31656,24470,6365.465292
7672,31657,24471,6365.496152
7673,31658,24471,6365.496152
7674,31659,24472,6365.528126
7675,31660,24473,6365.559370
7676,31661,24474,6365.592698
7677,31662,24475,6365.623767
7678,31663,24475,6365.623767
7679,31664,24476,6365.655409
7680,31665,24477,6365.688329
7681,31666,24478,6365.721201
7682,31667,24478,6365.721201
7683,31668,24480,6365.770818
7684,31669,24480,6365.770818
7685,31670,24481,6365.833811
7686,31671,24481,6365.833811
7687,31672,24482,6365.864903
7688,31673,24483,6365.896495
7689,31674,24484,6365.928222
7690,31675,24485,6365.960516
7691,31676,24485,6365.960516
7692,31677,24486,6365.991902
7693,31678,24487,6366.024251
7694,31679,24488,6366.057296
7695,31680,24488,6366.057296
7696,31681,24489,6366.105056
7697,31682,24491,6366.140192
7698,31683,24491,6366.140192
7699,31684,24492,6366.170601
7700,31685,24492,6366.170601
7701,31686,24493,6366.233805
7702,31687,24494,6366.265151
7703,31688,24495,6366.297139
7704,31689,24495,6366.297139
7705,31690,24496,6366.327871
7706,31691,24497,6366.362143
7707,31692,24498,6366.393677
7708,31693,24498,6366.393677
7709,31694,24499,6366.441733
7710,31695,24501,6366.476046
7711,31696,24502,6366.504902
7712,31697,24502,6366.504902
7713,31698,24503,6366.536143
7714,31699,24504,6366.569026
7715,31700,24504,6366.569026
7716,31701,24505,6366.632591
7717,31702,24505,6366.632591
7718,31703,24506,6366.665278
7719,31704,24507,6366.697830
7720,31705,24508,6366.730510
7721,31706,24508,6366.730510
7722,31707,24509,6366.778425
7723,31708,24511,6366.812426
7724,31709,24512,6366.841625
7725,31710,24512,6366.841625
7726,31711,24513,6366.873854
7727,31712,24514,6366.903950
7728,31713,24515,6366.937720
7729,31714,24516,6366.968930
7730,31715,24516,6366.968930
7731,31716,24516,6366.968930
7732,31717,24517,6367.032068
7733,31718,24518,6367.063359
7734,31719,24518,6367.063359
7735,31720,24519,6367.113826
7736,31721,24521,6367.146315
7737,31722,24522,6367.175865
7738,31723,24522,6367.175865
7739,31724,24523,6367.209322
7740,31725,24524,6367.240724
7741,31726,24525,6367.273627
7742,31727,24526,6367.305112
7743,31728,24526,6367.305112
7744,31729,24527,6367.336920
7745,31730,24528,6367.368757
7746,31731,24528,6367.368757
7747,31732,24528,6367.368757
7748,31733,24529,6367.448605
7749,31734,24531,6367.484306
7750,31735,24532,6367.512356
7751,31736,24532,6367.512356
7752,31737,24533,6367.543448
7753,31738,24534,6367.576619
7754,31739,24535,6367.608898
7755,31740,24536,6367.641375
7756,31741,24536,6367.641375
7757,31742,24537,6367.673489
7758,31743,24538,6367.703617
7759,31744,24539,6367.736493
7760,31745,24539,6367.736493
7761,31746,24539,6367.736493
7762,31747,24540,6367.818611
7763,31748,24540,6367.818611
7764,31749,24542,6367.851746
7765,31750,24543,6367.879859
7766,31751,24544,6367.912196
7767,31752,24545,6367.945078
7768,31753,24546,6367.975875
7769,31754,24546,6367.975875
7770,31755,24547,6368.008687
7771,31756,24548,6368.042669
7772,31757,24549,6368.073133
7773,31758,24550,6368.105889
7774,31759,24550,6368.105889
7775,31760,24551,6368.153912
7776,31761,24552,6368.186560
7777,31762,24552,6368.186560
7778,31763,24553,6368.217629
7779,31764,24554,6368.248544
7780,31765,24555,6368.283618
7781,31766,24556,6368.312955
7782,31767,24556,6368.312955
7783,31768,24557,6368.347413
7784,31769,24558,6368.377561
7785,31770,24559,6368.411245
7786,31771,24560,6368.442192
7787,31772,24560,6368.442192
7788,31773,24561,6368.490495
7789,31774,24562,6368.520147
7790,31775,24563,6368.552519
7791,31776,24563,6368.552519
7792,31777,24564,6368.583953
7793,31778,24565,6368.617503
7794,31779,24566,6368.649111
7795,31780,24567,6368.680547
7796,31781,24567,6368.680547
7797,31782,24568,6368.713258
7798,31783,24569,6368.745042
7799,31784,24570,6368.775783
7800,31785,24570,6368.775783
7801,31786,24571,6368.825676
7802,31787,24572,6368.857365
7803,31788,24573,6368.888353
7804,31789,24573,6368.888353
7805,31790,24574,6368.919674
7806,31791,24575,6368.951891
7807,31792,24576,6368.983895
7808,31793,24577,6369.016447
7809,31794,24577,6369.016447
7810,31795,24578,6369.048249
7811,31796,24579,6369.081679
7812,31797,24580,6369.113916
7813,31798,24580,6369.113916
7814,31799,24581,6369.162367
7815,31800,24582,6369.193257
7816,31801,24583,6369.224183
7817,31802,24583,6369.224183
7818,31803,24584,6369.256864
7819,31804,24585,6369.289596
7820,31805,24586,6369.320194
7821,31806,24587,6369.354996
7822,31807,24587,6369.354996
7823,31808,24588,6369.385088
7824,31809,24589,6369.416956
7825,31810,24590,6369.448735
7826,31811,24591,6369.480251
7827,31812,24591,6369.480251
7828,31813,24592,6369.529376
7829,31814,24593,6369.561319
7830,31815,24594,6369.591188
7831,31816,24594,6369.591188
7832,31817,24595,6369.626727
7833,31818,24596,6369.656556
7834,31819,24597,6369.688256
7835,31820,24598,6369.720188
7836,31821,24598,6369.720188
7837,31822,24599,6369.753548
7838,31823,24600,6369.784372
7839,31824,24601,6369.818524
7840,31825,24601,6369.818524
7841,31826,24602,6369.865116
7842,31827,24603,6369.897259
7843,31828,24603,6369.897259
7844,31829,24604,6369.928255
7845,31830,24605,6369.961956
7846,31831,24606,6369.993782
7847,31832,24607,6370.023181
7848,31833,24608,6370.056360
7849,31834,24608,6370.056360
7850,31835,24609,6370.089222
7851,31836,24610,6370.121934
7852,31837,24611,6370.153570
7853,31838,24611,6370.153570
7854,31839,24612,6370.199628
7855,31840,24613,6370.232285
7856,31841,24614,6370.265335
7857,31842,24614,6370.265335
7858,31843,24615,6370.297469
7859,31844,24616,6370.329616
7860,31845,24617,6370.361353
7861,31846,24618,6370.392301
7862,31847,24618,6370.392301
7863,31848,24619,6370.425729
7864,31849,24620,6370.456948
7865,31850,24621,6370.488790
7866,31851,24621,6370.488790
7867,31852,24622,6370.538218
7868,31853,24624,6370.570605
7869,31854,24624,6370.570605
7870,31855,24624,6370.570605
7871,31856,24625,6370.632642
7872,31857,24626,6370.665249
7873,31858,24627,6370.697429
7874,31859,24628,6370.729274
7875,31860,24628,6370.729274
7876,31861,24629,6370.761312
7877,31862,24630,6370.793384
7878,31863,24631,6370.825690
7879,31864,24631,6370.825690
7880,31865,24632,6370.873916
7881,31866,24634,6370.910171
7882,31867,24634,6370.910171
7883,31868,24635,6370.936996
7884,31869,24636,6370.967993
7885,31870,24636,6370.967993
7886,31871,24637,6371.033345
7887,31872,24637,6371.033345
7888,31873,24638,6371.065231
7889,31874,24639,6371.097092
7890,31875,24640,6371.128976
7891,31876,24641,6371.161443
7892,31877,24642,6371.192015
7893,31878,24642,6371.192015
7894,31879,24643,6371.241159
7895,31880,24643,6371.241159
7896,31881,24645,6371.275405
7897,31882,24646,6371.305362
7898,31883,24647,6371.337070
7899,31884,24648,6371.367982
7900,31885,24648,6371.367982
7901,31886,24648,6371.367982
7902,31887,24649,6371.431803
7903,31888,24650,6371.465546
7904,31889,24651,6371.497264
7905,31890,24651,6371.497264
7906,31891,24652,6371.527495
7907,31892,24653,6371.576062
7908,31893,24653,6371.576062
7909,31894,24655,6371.612266
7910,31895,24656,6371.642057
7911,31896,24657,6371.673055
7912,31897,24658,6371.705015
7913,31898,24658,6371.705015
7914,31899,24659,6371.735535
7915,31900,24660,6371.769168
7916,31901,24660,6371.769168
7917,31902,24661,6371.832339
7918,31903,24662,6371.863752
7919,31904,24662,6371.863752
7920,31905,24663,6371.912198
7921,31906,24663,6371.912198
7922,31907,24665,6371.948362
7923,31908,24666,6371.976200
7924,31909,24667,6372.009693
7925,31910,24668,6372.041157
7926,31911,24668,6372.041157
7927,31912,24669,6372.072459
7928,31913,24670,6372.104140
7929,31914,24671,6372.138537
7930,31915,24672,6372.171083
7931,31916,24672,6372.171083
7932,31917,24672,6372.171083
7933,31918,24673,6372.249081
7934,31919,24673,6372.249081
7935,31920,24675,6372.285273
7936,31921,24676,6372.311951
7937,31922,24677,6372.345555
7938,31923,24678,6372.377879
7939,31924,24678,6372.377879
7940,31925,24679,6372.409514
7941,31926,24680,6372.442541
7942,31927,24681,6372.473465
7943,31928,24682,6372.504096
7944,31929,24682,6372.504096
7945,31930,24683,6372.536831
7946,31931,24684,6372.584089
7947,31932,24684,6372.584089
7948,31933,24685,6372.615290
7949,31934,24686,6372.649338
7950,31935,24687,6372.681289
7951,31936,24688,6372.711981
7952,31937,24688,6372.711981
7953,31938,24689,6372.743707
7954,31939,24690,6372.777277
7955,31940,24691,6372.809158
7956,31941,24692,6372.842199
7957,31942,24692,6372.842199
7958,31943,24693,6372.872561
7959,31944,24694,6372.905933
7960,31945,24694,6372.905933
7961,31946,24695,6372.951974
7962,31947,24696,6372.985374
7963,31948,24697,6373.016774
7964,31949,24698,6373.049906
7965,31950,24698,6373.049906
7966,31951,24699,6373.082934
7967,31952,24700,6373.116531
7968,31953,24701,6373.147367
7969,31954,24702,6373.176768
7970,31955,24703,6373.208172
7971,31956,24703,6373.208172
7972,31957,24704,6373.241927
7973,31958,24704,6373.241927
7974,31959,24705,6373.288780
7975,31960,24706,6373.322016
7976,31961,24707,6373.353133
7977,31962,24708,6373.384840
7978,31963,24708,6373.384840
7979,31964,24709,6373.417288
7980,31965,24710,6373.448476
7981,31966,24711,6373.481424
7982,31967,24712,6373.513448
7983,31968,24713,6373.545025
7984,31969,24713,6373.545025
7985,31970,24714,6373.578131
7986,31971,24714,6373.578131
7987,31972,24715,6373.624963
7988,31973,24716,6373.656589
7989,31974,24717,6373.689378
7990,31975,24718,6373.722021
7991,31976,24719,6373.752496
7992,31977,24719,6373.752496
7993,31978,24720,6373.785420
7994,31979,24721,6373.815799
7995,31980,24722,6373.849431
7996,31981,24723,6373.881160
7997,31982,24723,6373.881160
7998,31983,24724,6373.912803
7999,31984,24725,6373.960157
8000,31985,24725,6373.960157
8001,31986,24726,6373.992832
8002,31987,24727,6374.025495
8003,31988,24728,6374.057415
8004,31989,24729,6374.088406
8005,31990,24729,6374.088406
8006,31991,24730,6374.118725
8007,31992,24731,6374.151717
8008,31993,24732,6374.185414
8009,31994,24733,6374.216771
8010,31995,24733,6374.216771
8011,31996,24734,6374.247203
8012,31997,24734,6374.247203
8013,31998,24735,6374.297684
8014,31999,24736,6374.328126
8015,32000,24737,6374.361883
8016,32001,24738,6374.391827
8017,32002,24739,6374.426081
8018,32003,24739,6374.426081
8019,32004,24740,6374.456777
8020,32005,24741,6374.489590
8021,32006,24742,6374.521762
8022,32007,24743,6374.555112
8023,32008,24743,6374.555112
8024,32009,24744,6374.584452
8025,32010,24745,6374.617420
8026,32011,24745,6374.617420
8027,32012,24746,6374.665066
8028,32013,24747,6374.696173
8029,32014,24748,6374.727554
8030,32015,24749,6374.761771
8031,32016,24749,6374.761771
8032,32017,24750,6374.792819
8033,32018,24751,6374.823199
8034,32019,24752,6374.855339
8035,32020,24753,6374.888885
8036,32021,24753,6374.888885
8037,32022,24754,6374.921471
8038,32023,24755,6374.954338
8039,32024,24755,6374.954338
8040,32025,24756,6375.001493
8041,32026,24757,6375.032381
8042,32027,24758,6375.063763
8043,32028,24759,6375.098223
8044,32029,24759,6375.098223
8045,32030,24760,6375.129616
8046,32031,24761,6375.161200
8047,32032,24762,6375.192917
8048,32033,24763,6375.227113
8049,32034,24763,6375.227113
8050,32035,24764,6375.258238
8051,32036,24765,6375.289016
8052,32037,24765,6375.289016
8053,32038,24766,6375.336468
8054,32039,24768,6375.372720
8055,32040,24768,6375.372720
8056,32041,24769,6375.433221
8057,32042,24769,6375.433221
8058,32043,24770,6375.463848
8059,32044,24771,6375.496741
8060,32045,24772,6375.528493
8061,32046,24773,6375.560464
8062,32047,24773,6375.560464
8063,32048,24774,6375.591943
8064,32049,24775,6375.625298
8065,32050,24775,6375.625298
8066,32051,24776,6375.672480
8067,32052,24778,6375.708085
8068,32053,24779,6375.736966
8069,32054,24779,6375.736966
8070,32055,24780,6375.769502
8071,32056,24780,6375.769502
8072,32057,24781,6375.830903
8073,32058,24782,6375.863743
8074,32059,24783,6375.895546
8075,32060,24783,6375.895546
8076,32061,24784,6375.930050
8077,32062,24785,6375.961170
8078,32063,24785,6375.961170
8079,32064,24786,6376.010771
8080,32065,24788,6376.044368
8081,32066,24789,6376.074209
8082,32067,24789,6376.074209
8083,32068,24790,6376.104337
8084,32069,24791,6376.137530
8085,32070,24792,6376.168520
8086,32071,24792,6376.168520
8087,32072,24792,6376.168520
8088,32073,24793,6376.232810
8089,32074,24794,6376.265193
8090,32075,24795,6376.297532
8091,32076,24796,6376.329441
8092,32077,24796,6376.329441
8093,32078,24798,6376.379417
8094,32079,24799,6376.408951
8095,32080,24799,6376.408951
8096,32081,24800,6376.441842
8097,32082,24801,6376.472761
8098,32083,24802,6376.505605
8099,32084,24803,6376.538419
8100,32085,24804,6376.569732
8101,32086,24804,6376.569732
8102,32087,24804,6376.569732
8103,32088,24805,6376.634472
8104,32089,24806,6376.665399
8105,32090,24806,6376.665399
8106,32091,24807,6376.712212
8107,32092,24809,6376.750001
8108,32093,24809,6376.750001
8109,32094,24810,6376.777679
8110,32095,24811,6376.808038
8111,32096,24812,6376.839738
8112,32097,24813,6376.872564
8113,32098,24813,6376.872564
8114,32099,24814,6376.906320
8115,32100,24815,6376.937111
8116,32101,24816,6376.970501
8117,32102,24816,6376.970501
8118,32103,24816,6376.970501
8119,32104,24817,6377.049266
8120,32105,24819,6377.083446
8121,32106,24820,6377.112337
8122,32107,24820,6377.112337
8123,32108,24821,6377.144841
8124,32109,24822,6377.177508
8125,32110,24823,6377.207908
8126,32111,24824,6377.240749
8127,32112,24824,6377.240749
8128,32113,24825,6377.271910
8129,32114,24826,6377.304987
8130,32115,24827,6377.336285
8131,32116,24827,6377.336285
8132,32117,24828,6377.385341
8133,32118,24829,6377.416749
8134,32119,24830,6377.448187
8135,32120,24830,6377.448187
8136,32121,24831,6377.480902
8137,32122,24832,6377.513975
8138,32123,24833,6377.545114
8139,32124,24834,6377.576632
8140,32125,24834,6377.576632
8141,32126,24835,6377.610436
8142,32127,24836,6377.640496
8143,32128,24837,6377.676137
8144,32129,24837,6377.676137
8145,32130,24838,6377.721175
8146,32131,24839,6377.754128
8147,32132,24840,6377.784954
8148,32133,24840,6377.784954
8149,32134,24841,6377.817567
8150,32135,24842,6377.849520
8151,32136,24843,6377.881378
8152,32137,24844,6377.912436
8153,32138,24844,6377.912436
8154,32139,24845,6377.944953
8155,32140,24846,6377.977247
8156,32141,24847,6378.008721
8157,32142,24847,6378.008721
8158,32143,24848,6378.056443
8159,32144,24849,6378.089059
8160,32145,24850,6378.120197
8161,32146,24850,6378.120197
8162,32147,24851,6378.152918
8163,32148,24852,6378.184132
8164,32149,24853,6378.216508
8165,32150,24854,6378.248173
8166,32151,24854,6378.248173
8167,32152,24855,6378.281943
8168,32153,24856,6378.312761
8169,32154,24857,6378.344978
8170,32155,24858,6378.377976
8171,32156,24858,6378.377976
8172,32157,24859,6378.424956
8173,32158,24860,6378.456412
8174,32159,24860,6378.456412
8175,32160,24861,6378.489660
8176,32161,24862,6378.520765
8177,32162,24863,6378.551784
8178,32163,24864,6378.583273
8179,32164,24864,6378.583273
8180,32165,24865,6378.616383
8181,32166,24866,6378.649489
8182,32167,24867,6378.681102
8183,32168,24868,6378.713023
8184,32169,24868,6378.713023
8185,32170,24869,6378.760919
8186,32171,24870,6378.791887
8187,32172,24870,6378.791887
8188,32173,24871,6378.824302
8189,32174,24872,6378.855173
8190,32175,24873,6378.888938
8191,32176,24874,6378.921311
8192,32177,24874,6378.921311
8193,32178,24875,6378.953582
8194,32179,24876,6378.987243
8195,32180,24877,6379.016824
8196,32181,24878,6379.048455
8197,32182,24878,6379.048455
8198,32183,24879,6379.097759
8199,32184,24880,6379.127781
8200,32185,24880,6379.127781
8201,32186,24881,6379.160332
8202,32187,24882,6379.191325
8203,32188,24883,6379.225168
8204,32189,24884,6379.256803
8205,32190,24884,6379.256803
8206,32191,24885,6379.288998
8207,32192,24886,6379.321473
8208,32193,24887,6379.353593
8209,32194,24888,6379.384367
8210,32195,24888,6379.384367
8211,32196,24889,6379.434271
8212,32197,24889,6379.434271
8213,32198,24890,6379.465181
8214,32199,24891,6379.496825
8215,32200,24892,6379.528889
8216,32201,24893,6379.560292
8217,32202,24893,6379.560292
8218,32203,24894,6379.593532
8219,32204,24895,6379.624212
8220,32205,24896,6379.657490
8221,32206,24897,6379.689134
8222,32207,24898,6379.720083
8223,32208,24898,6379.720083
8224,32209,24899,6379.768405
8225,32210,24899,6379.768405
8226,32211,24900,6379.800282
8227,32212,24901,6379.833886
8228,32213,24902,6379.865102
8229,32214,24903,6379.897181
8230,32215,24903,6379.897181
8231,32216,24904,6379.928891
8232,32217,24905,6379.961087
8233,32218,24906,6379.993373
8234,32219,24907,6380.025411
8235,32220,24907,6380.025411
8236,32221,24908,6380.058015
8237,32222,24909,6380.088011
8238,32223,24909,6380.088011
8239,32224,24910,6380.136537
8240,32225,24912,6380.175905
8241,32226,24912,6380.175905
8242,32227,24913,6380.233010
8243,32228,24913,6380.233010
8244,32229,24914,6380.265553
8245,32230,24915,6380.298881
8246,32231,24916,6380.329219
8247,32232,24917,6380.362768
8248,32233,24917,6380.362768
8249,32234,24918,6380.393384
8250,32235,24919,6380.425186
8251,32236,24919,6380.425186
8252,32237,24920,6380.472432
8253,32238,24922,6380.509287
8254,32239,24923,6380.537706
8255,32240,24924,6380.570785
8256,32241,24924,6380.570785
8257,32242,24924,6380.570785
8258,32243,24925,6380.635010
8259,32244,24926,6380.665058
8260,32245,24927,6380.697331
8261,32246,24928,6380.728588
8262,32247,24928,6380.728588
8263,32248,24929,6380.759963
8264,32249,24930,6380.809121
8265,32250,24930,6380.809121
8266,32251,24932,6380.842855
8267,32252,24933,6380.874695
8268,32253,24934,6380.905213
8269,32254,24935,6380.938305
8270,32255,24935,6380.938305
8271,32256,24936,6380.967507
8272,32257,24936,6380.967507
8273,32258,24937,6381.032663
8274,32259,24938,6381.063969
8275,32260,24938,6381.063969
8276,32261,24939,6381.097236
8277,32262,24939,6381.097236
8278,32263,24940,6381.145559
8279,32264,24942,6381.179752
8280,32265,24943,6381.209163
8281,32266,24944,6381.242388
8282,32267,24944,6381.242388
8283,32268,24945,6381.273535
8284,32269,24946,6381.305390
8285,32270,24947,6381.335493
8286,32271,24948,6381.368284
8287,32272,24948,6381.368284
8288,32273,24948,6381.368284
8289,32274,24949,6381.433646
8290,32275,24949,6381.433646
8291,32276,24950,6381.480844
8292,32277,24952,6381.517675
8293,32278,24953,6381.545549
8294,32279,24954,6381.577411
8295,32280,24955,6381.608147
8296,32281,24955,6381.608147
8297,32282,24956,6381.640709
8298,32283,24957,6381.673902
8299,32284,24958,6381.705257
8300,32285,24959,6381.737464
8301,32286,24959,6381.737464
8302,32287,24960,6381.770062
8303,32288,24960,6381.770062
8304,32289,24960,6381.770062
8305,32290,24961,6381.848720
8306,32291,24963,6381.884079
8307,32292,24964,6381.914294
8308,32293,24965,6381.943902
8309,32294,24965,6381.943902
8310,32295,24966,6381.978212
8311,32296,24967,6382.011583
8312,32297,24968,6382.039219
8313,32298,24969,6382.072323
8314,32299,24969,6382.072323
8315,32300,24970,6382.104241
8316,32301,24971,6382.137597
8317,32302,24971,6382.137597
8318,32303,24972,6382.185374
8319,32304,24973,6382.216593
8320,32305,24974,6382.248548
8321,32306,24975,6382.280731
8322,32307,24975,6382.280731
8323,32308,24976,6382.311269
8324,32309,24977,6382.345108
8325,32310,24978,6382.377196
8326,32311,24979,6382.409228
8327,32312,24979,6382.409228
8328,32313,24980,6382.441833
8329,32314,24981,6382.472848
8330,32315,24981,6382.472848
8331,32316,24982,6382.520738
8332,32317,24983,6382.552253
8333,32318,24984,6382.583841
8334,32319,24985,6382.616456
8335,32320,24985,6382.616456
8336,32321,24986,6382.647986
8337,32322,24987,6382.681788
8338,32323,24988,6382.713366
8339,32324,24989,6382.743300
8340,32325,24989,6382.743300
8341,32326,24990,6382.777353
8342,32327,24991,6382.807574
8343,32328,24991,6382.807574
8344,32329,24992,6382.856778
8345,32330,24993,6382.887484
8346,32331,24994,6382.921617
8347,32332,24994,6382.921617
8348,32333,24995,6382.953805
8349,32334,24996,6382.984970
8350,32335,24997,6383.017053
8351,32336,24998,6383.048672
8352,32337,24998,6383.048672
8353,32338,24999,6383.081004
8354,32339,25000,6383.114999
8355,32340,25001,6383.145593
8356,32341,25001,6383.145593
8357,32342,25002,6383.192196
8358,32343,25003,6383.225788
8359,32344,25004,6383.257139
8360,32345,25004,6383.257139
8361,32346,25005,6383.290429
8362,32347,25006,6383.320944
8363,32348,25007,6383.353914
8364,32349,25008,6383.385083
8365,32350,25009,6383.417999
8366,32351,25009,6383.417999
8367,32352,25010,6383.450129
8368,32353,25011,6383.481492
8369,32354,25012,6383.513891
8370,32355,25012,6383.513891
8371,32356,25013,6383.561701
8372,32357,25014,6383.592564
8373,32358,25015,6383.624215
8374,32359,25015,6383.624215
8375,32360,25016,6383.655568
8376,32361,25017,6383.689406
8377,32362,25018,6383.721333
8378,32363,25019,6383.751763
8379,32364,25019,6383.751763
8380,32365,25020,6383.786106
8381,32366,25021,6383.817221
8382,32367,25022,6383.848714
8383,32368,25022,6383.848714
8384,32369,25023,6383.896649
8385,32370,25024,6383.927719
8386,32371,25025,6383.961258
8387,32372,25025,6383.961258
8388,32373,25026,6383.993732
8389,32374,25027,6384.023687
8390,32375,25028,6384.056764
8391,32376,25029,6384.088797
8392,32377,25029,6384.088797
8393,32378,25030,6384.119054
8394,32379,25031,6384.153772
8395,32380,25032,6384.185263
8396,32381,25032,6384.185263
8397,32382,25033,6384.233825
8398,32383,25034,6384.265408
8399,32384,25035,6384.295280
8400,32385,25035,6384.295280
8401,32386,25036,6384.328490
8402,32387,25037,6384.361247
8403,32388,25038,6384.393839
8404,32389,25039,6384.425059
8405,32390,25039,6384.425059
8406,32391,25040,6384.457304
8407,32392,25041,6384.491580
8408,32393,25042,6384.521310
8409,32394,25042,6384.521310
8410,32395,25043,6384.567952
8411,32396,25044,6384.602911
8412,32397,25045,6384.634089
8413,32398,25045,6384.634089
8414,32399,25046,6384.664346
8415,32400,25047,6384.697439
8416,32401,25048,6384.729140
8417,32402,25049,6384.762338
8418,32403,25049,6384.762338
8419,32404,25050,6384.792868
8420,32405,25051,6384.825537
8421,32406,25052,6384.856694
8422,32407,25052,6384.856694
8423,32408,25053,6384.905380
8424,32409,25055,6384.938281
8425,32410,25056,6384.968462
8426,32411,25056,6384.968462
8427,32412,25056,6384.968462
8428,32413,25057,6385.035017
8429,32414,25058,6385.063737
8430,32415,25059,6385.097338
8431,32416,25059,6385.097338
8432,32417,25060,6385.130326
8433,32418,25061,6385.161861
8434,32419,25062,6385.192925
8435,32420,25063,6385.224305
8436,32421,25063,6385.224305
8437,32422,25065,6385.275331
8438,32423,25066,6385.304062
8439,32424,25066,6385.304062
8440,32425,25067,6385.336432
8441,32426,25068,6385.369379
8442,32427,25068,6385.369379
8443,32428,25069,6385.432416
8444,32429,25069,6385.432416
8445,32430,25070,6385.464965
8446,32431,25071,6385.495082
8447,32432,25072,6385.528571
8448,32433,25073,6385.561122
8449,32434,25073,6385.561122
8450,32435,25074,6385.609687
8451,32436,25074,6385.609687
8452,32437,25076,6385.644930
8453,32438,25077,6385.672892
8454,32439,25078,6385.703432
8455,32440,25079,6385.736646
8456,32441,25080,6385.768630
8457,32442,25080,6385.768630
8458,32443,25080,6385.768630
8459,32444,25081,6385.833312
8460,32445,25082,6385.863972
8461,32446,25083,6385.897767
8462,32447,25083,6385.897767
8463,32448,25084,6385.944952
8464,32449,25084,6385.944952
8465,32450,25086,6385.979987
8466,32451,25087,6386.008212
8467,32452,25088,6386.041385
8468,32453,25089,6386.073199
8469,32454,25090,6386.103944
8470,32455,25090,6386.103944
8471,32456,25091,6386.137165
8472,32457,25092,6386.168904
8473,32458,25092,6386.168904
8474,32459,25093,6386.233366
8475,32460,25093,6386.233366
8476,32461,25094,6386.280470
8477,32462,25094,6386.280470
8478,32463,25096,6386.317075
8479,32464,25097,6386.345007
8480,32465,25098,6386.376987
8481,32466,25099,6386.407820
8482,32467,25100,6386.442187
8483,32468,25100,6386.442187
8484,32469,25101,6386.471801
8485,32470,25102,6386.504335
8486,32471,25103,6386.535345
8487,32472,25104,6386.569072
8488,32473,25104,6386.569072
8489,32474,25104,6386.569072
8490,32475,25105,6386.648496
8491,32476,25106,6386.651033
8492,32477,25107,6386.680530
8493,32478,25108,6386.713231
8494,32479,25109,6386.745351
8495,32480,25110,6386.777142
8496,32481,25110,6386.777142
8497,32482,25111,6386.809948
8498,32483,25112,6386.841588
8499,32484,25113,6386.872975
8500,32485,25114,6386.905089
8501,32486,25114,6386.905089
8502,32487,25115,6386.953040
8503,32488,25116,6386.984110
8504,32489,25116,6386.984110
8505,32490,25117,6387.017388
8506,32491,25118,6387.048186
8507,32492,25119,6387.081720
8508,32493,25119,6387.081720
8509,32494,25120,6387.114938
8510,32495,25121,6387.145777
8511,32496,25122,6387.177220
8512,32497,25123,6387.208974
8513,32498,25124,6387.242045
8514,32499,25124,6387.242045
8515,32500,25125,6387.272899
8516,32501,25125,6387.272899
8517,32502,25126,6387.320737
8518,32503,25127,6387.352816
8519,32504,25128,6387.385258
8520,32505,25129,6387.417949
8521,32506,25130,6387.447746
8522,32507,25130,6387.447746
8523,32508,25131,6387.479516
8524,32509,25132,6387.512752
8525,32510,25133,6387.545256
8526,32511,25134,6387.577077
8527,32512,25134,6387.577077
8528,32513,25135,6387.607369
8529,32514,25136,6387.656238
8530,32515,25136,6387.656238
8531,32516,25137,6387.688042
8532,32517,25138,6387.721847
8533,32518,25139,6387.753139
8534,32519,25140,6387.785013
8535,32520,25140,6387.785013
8536,32521,25141,6387.817293
8537,32522,25142,6387.849367
8538,32523,25143,6387.881343
8539,32524,25144,6387.914023
8540,32525,25144,6387.914023
8541,32526,25145,6387.944486
8542,32527,25146,6387.992850
8543,32528,25146,6387.992850
8544,32529,25147,6388.026131
8545,32530,25148,6388.057287
8546,32531,25149,6388.088904
8547,32532,25150,6388.120359
8548,32533,25150,6388.120359
8549,32534,25151,6388.154125
8550,32535,25152,6388.184083
8551,32536,25153,6388.215436
8552,32537,25154,6388.248423
8553,32538,25154,6388.248423
8554,32539,25155,6388.282003
8555,32540,25156,6388.327928
8556,32541,25156,6388.327928
8557,32542,25157,6388.361053
8558,32543,25158,6388.393494
8559,32544,25159,6388.423774
8560,32545,25160,6388.456367
8561,32546,25160,6388.456367
8562,32547,25161,6388.487770
8563,32548,25162,6388.519559
8564,32549,25163,6388.553861
8565,32550,25164,6388.584936
8566,32551,25164,6388.584936
8567,32552,25165,6388.615115
8568,32553,25165,6388.615115
8569,32554,25166,6388.665795
8570,32555,25167,6388.697628
8571,32556,25168,6388.729458
8572,32557,25169,6388.761503
8573,32558,25170,6388.792997
8574,32559,25170,6388.792997
8575,32560,25171,6388.825254
8576,32561,25172,6388.856931
8577,32562,25173,6388.889615
8578,32563,25174,6388.920400
8579,32564,25174,6388.920400
8580,32565,25175,6388.952192
8581,32566,25176,6388.985333
8582,32567,25176,6388.985333
8583,32568,25177,6389.032637
8584,32569,25178,6389.064378
8585,32570,25179,6389.097355
8586,32571,25180,6389.129282
8587,32572,25180,6389.129282
8588,32573,25181,6389.161843
8589,32574,25182,6389.193195
8590,32575,25183,6389.224424
8591,32576,25184,6389.257053
8592,32577,25184,6389.257053
8593,32578,25185,6389.288962
8594,32579,25186,6389.320781
8595,32580,25186,6389.320781
8596,32581,25187,6389.368911
8597,32582,25188,6389.402820
8598,32583,25189,6389.432608
8599,32584,25190,6389.464151
8600,32585,25190,6389.464151
8601,32586,25191,6389.498184
8602,32587,25192,6389.528762
8603,32588,25193,6389.560260
8604,32589,25193,6389.560260
8605,32590,25194,6389.594742
8606,32591,25195,6389.624192
8607,32592,25196,6389.656423
8608,32593,25196,6389.656423
8609,32594,25197,6389.704189
8610,32595,25199,6389.738336
8611,32596,25199,6389.738336
8612,32597,25200,6389.800290
8613,32598,25200,6389.800290
8614,32599,25201,6389.831891
8615,32600,25202,6389.865407
8616,32601,25203,6389.896913
8617,32602,25203,6389.896913
8618,32603,25204,6389.931518
8619,32604,25205,6389.961742
8620,32605,25206,6389.992688
8621,32606,25206,6389.992688
8622,32607,25207,6390.040743
8623,32608,25209,6390.077508
8624,32609,25210,6390.105008
8625,32610,25210,6390.105008
8626,32611,25211,6390.138365
8627,32612,25212,6390.168202
8628,32613,25212,6390.168202
8629,32614,25213,6390.231332
8630,32615,25213,6390.231332
8631,32616,25214,6390.268212
8632,32617,25215,6390.296589
8633,32618,25216,6390.328679
8634,32619,25216,6390.328679
8635,32620,25217,6390.375929
8636,32621,25219,6390.413512
8637,32622,25220,6390.441578
8638,32623,25220,6390.441578
8639,32624,25221,6390.474232
8640,32625,25222,6390.504857
8641,32626,25223,6390.538569
8642,32627,25224,6390.569028
8643,32628,25224,6390.569028
8644,32629,25224,6390.569028
8645,32630,25225,6390.632940
8646,32631,25226,6390.664895
8647,32632,25227,6390.696404
8648,32633,25227,6390.696404
8649,32634,25228,6390.745307
8650,32635,25230,6390.780112
8651,32636,25231,6390.807731
8652,32637,25231,6390.807731
8653,32638,25232,6390.840514
8654,32639,25233,6390.874277
8655,32640,25234,6390.905274
8656,32641,25235,6390.937166
8657,32642,25235,6390.937166
8658,32643,25236,6390.968890
8659,32644,25236,6390.968890
8660,32645,25237,6391.033075
8661,32646,25237,6391.033075
8662,32647,25238,6391.080963
8663,32648,25240,6391.116966
8664,32649,25241,6391.144313
8665,32650,25241,6391.144313
8666,32651,25242,6391.176761
8667,32652,25243,6391.209072
8668,32653,25244,6391.240317
8669,32654,25245,6391.272193
8670,32655,25245,6391.272193
8671,32656,25246,6391.304073
8672,32657,25247,6391.336601
8673,32658,25248,6391.368669
8674,32659,25248,6391.368669
8675,32660,25248,6391.368669
8676,32661,25250,6391.451815
8677,32662,25250,6391.451815
8678,32663,25251,6391.480187
8679,32664,25252,6391.515829
8680,32665,25253,6391.545018
8681,32666,25254,6391.577617
8682,32667,25255,6391.609223
8683,32668,25255,6391.609223
8684,32669,25256,6391.640762
8685,32670,25257,6391.673377
8686,32671,25258,6391.705239
8687,32672,25258,6391.705239
8688,32673,25259,6391.752710
8689,32674,25260,6391.786982
8690,32675,25260,6391.786982
8691,32676,25261,6391.816706
8692,32677,25262,6391.849106
8693,32678,25263,6391.881487
8694,32679,25264,6391.914470
8695,32680,25265,6391.945236
8696,32681,25265,6391.945236
8697,32682,25266,6391.976669
8698,32683,25267,6392.010155
8699,32684,25268,6392.041196
8700,32685,25268,6392.041196
8701,32686,25269,6392.088384
8702,32687,25270,6392.121367
8703,32688,25271,6392.152483
8704,32689,25271,6392.152483
8705,32690,25272,6392.185984
8706,32691,25273,6392.216501
8707,32692,25274,6392.247315
8708,32693,25275,6392.279982
8709,32694,25275,6392.279982
8710,32695,25276,6392.311926
8711,32696,25277,6392.343679
8712,32697,25278,6392.376866
8713,32698,25279,6392.408782
8714,32699,25279,6392.408782
8715,32700,25280,6392.456884
8716,32701,25280,6392.456884
8717,32702,25281,6392.488646
8718,32703,25282,6392.520030
8719,32704,25283,6392.553246
8720,32705,25284,6392.584296
8721,32706,25285,6392.615975
8722,32707,25285,6392.615975
8723,32708,25286,6392.648122
8724,32709,25287,6392.680319
8725,32710,25288,6392.711619
8726,32711,25289,6392.744976
8727,32712,25289,6392.744976
8728,32713,25290,6392.792228
8729,32714,25290,6392.792228
8730,32715,25291,6392.825013
8731,32716,25292,6392.857241
8732,32717,25293,6392.890372
8733,32718,25294,6392.921019
8734,32719,25295,6392.954131
8735,32720,25295,6392.954131
8736,32721,25296,6392.985322
8737,32722,25297,6393.016568
8738,32723,25298,6393.048134
8739,32724,25299,6393.082305
8740,32725,25299,6393.082305
8741,32726,25300,6393.129276
8742,32727,25301,6393.160464
8743,32728,25301,6393.160464
8744,32729,25302,6393.192302
8745,32730,25303,6393.224307
8746,32731,25304,6393.256706
8747,32732,25305,6393.290059
8748,32733,25305,6393.290059
8749,32734,25306,6393.321916
8750,32735,25307,6393.354672
8751,32736,25308,6393.385440
8752,32737,25309,6393.417200
8753,32738,25309,6393.417200
8754,32739,25310,6393.463106
8755,32740,25311,6393.497862
8756,32741,25311,6393.497862
8757,32742,25312,6393.529925
8758,32743,25313,6393.560906
8759,32744,25314,6393.593054
8760,32745,25315,6393.624878
8761,32746,25315,6393.624878
8762,32747,25316,6393.655662
8763,32748,25317,6393.688579
8764,32749,25318,6393.722513
8765,32750,25319,6393.754857
8766,32751,25319,6393.754857
8767,32752,25320,6393.800215
8768,32753,25320,6393.800215
8769,32754,25321,6393.832632
8770,32755,25322,6393.864185
8771,32756,25323,6393.897254
8772,32757,25324,6393.930195
8773,32758,25324,6393.930195
8774,32759,25325,6393.961187
8775,32760,25326,6393.992034
8776,32761,25327,6394.025365
8777,32762,25328,6394.055382
8778,32763,25329,6394.088210
8779,32764,25329,6394.088210
8780,32765,25330,6394.121692
8781,32766,25331,6394.168210
8782,32767,25332,6394.171259
8783,32768,25332,6394.171259
8784,32769,25333,6394.231426
8785,32770,25334,6394.263887
8786,32771,25335,6394.297321
8787,32772,25335,6394.297321
8788,32773,25336,6394.327222
8789,32774,25337,6394.361049
8790,32775,25338,6394.393769
8791,32776,25339,6394.424152
8792,32777,25339,6394.424152
8793,32778,25340,6394.456236
8794,32779,25341,6394.505282
8795,32780,25341,6394.505282
8796,32781,25343,6394.541585
8797,32782,25344,6394.570245
8798,32783,25344,6394.570245
8799,32784,25345,6394.633579
8800,32785,25345,6394.633579
8801,32786,25346,6394.665235
8802,32787,25347,6394.698103
8803,32788,25348,6394.728290
8804,32789,25349,6394.760099
8805,32790,25349,6394.760099
8806,32791,25350,6394.793551
8807,32792,25350,6394.793551
8808,32793,25351,6394.842853
8809,32794,25353,6394.874996
8810,32795,25354,6394.906084
8811,32796,25355,6394.937302
8812,32797,25356,6394.968876
8813,32798,25356,6394.968876
8814,32799,25356,6394.968876
8815,32800,25357,6395.031924
8816,32801,25358,6395.064751
8817,32802,25359,6395.098322
8818,32803,25360,6395.129183
8819,32804,25360,6395.129183
8820,32805,25361,6395.178135
8821,32806,25361,6395.178135
8822,32807,25363,6395.213650
8823,32808,25364,6395.240452
8824,32809,25365,6395.272925
8825,32810,25366,6395.305917
8826,32811,25366,6395.305917
8827,32812,25367,6395.337992
8828,32813,25368,6395.369848
8829,32814,25368,6395.369848
8830,32815,25369,6395.433048
8831,32816,25369,6395.433048
8832,32817,25370,6395.463034
8833,32818,25371,6395.512261
8834,32819,25371,6395.512261
8835,32820,25373,6395.548789
8836,32821,25374,6395.577276
8837,32822,25375,6395.608871
8838,32823,25376,6395.642320
8839,32824,25376,6395.642320
8840,32825,25377,6395.673665
8841,32826,25378,6395.705411
8842,32827,25379,6395.736236
8843,32828,25380,6395.768466
8844,32829,25380,6395.768466
8845,32830,25380,6395.768466
8846,32831,25381,6395.848925
8847,32832,25381,6395.848925
8848,32833,25383,6395.883972
8849,32834,25384,6395.913407
8850,32835,25385,6395.945571
8851,32836,25386,6395.976324
8852,32837,25386,6395.976324
8853,32838,25387,6396.008716
8854,32839,25388,6396.041131
8855,32840,25389,6396.072689
8856,32841,25390,6396.103769
8857,32842,25391,6396.136039
8858,32843,25391,6396.136039
8859,32844,25392,6396.170060
8860,32845,25392,6396.170060
8861,32846,25392,6396.170060
8862,32847,25394,6396.254287
8863,32848,25395,6396.282156
8864,32849,25396,6396.315156
8865,32850,25396,6396.315156
8866,32851,25397,6396.345324
8867,32852,25398,6396.375512
8868,32853,25399,6396.409243
8869,32854,25400,6396.443361
8870,32855,25400,6396.443361
8871,32856,25401,6396.472781
8872,32857,25402,6396.504199
8873,32858,25402,6396.504199
8874,32859,25403,6396.554931
8875,32860,25404,6396.584314
8876,32861,25405,6396.615609
8877,32862,25406,6396.648529
8878,32863,25407,6396.680274
8879,32864,25407,6396.680274
8880,32865,25408,6396.713049
8881,32866,25409,6396.745466
8882,32867,25410,6396.777117
8883,32868,25410,6396.777117
8884,32869,25411,6396.810085
8885,32870,25412,6396.841476
8886,32871,25412,6396.841476
8887,32872,25413,6396.888823
8888,32873,25414,6396.923726
8889,32874,25415,6396.955483
8890,32875,25416,6396.985217
8891,32876,25416,6396.985217
8892,32877,25417,6397.017582
8893,32878,25418,6397.049275
8894,32879,25419,6397.081574
8895,32880,25420,6397.115300
8896,32881,25420,6397.115300
8897,32882,25421,6397.145906
8898,32883,25422,6397.179015
8899,32884,25422,6397.179015
8900,32885,25423,6397.225693
8901,32886,25424,6397.256951
8902,32887,25425,6397.289699
8903,32888,25426,6397.320681
8904,32889,25426,6397.320681
8905,32890,25427,6397.352220
8906,32891,25428,6397.385199
8907,32892,25429,6397.416790
8908,32893,25430,6397.447908
8909,32894,25430,6397.447908
8910,32895,25431,6397.479645
8911,32896,25432,6397.514612
8912,32897,25432,6397.514612
8913,32898,25433,6397.560830
8914,32899,25434,6397.591583
8915,32900,25435,6397.625100
8916,32901,25436,6397.657144
8917,32902,25436,6397.657144
8918,32903,25437,6397.687578
8919,32904,25438,6397.720581
8920,32905,25439,6397.751527
8921,32906,25440,6397.785292
8922,32907,25441,6397.816975
8923,32908,25441,6397.816975
8924,32909,25442,6397.848594
8925,32910,25443,6397.882293
8926,32911,25443,6397.882293
8927,32912,25444,6397.928384
8928,32913,25445,6397.960487
8929,32914,25446,6397.992725
8930,32915,25446,6397.992725
8931,32916,25447,6398.025125
8932,32917,25448,6398.056939
8933,32918,25449,6398.088807
8934,32919,25450,6398.122749
8935,32920,25450,6398.122749
8936,32921,25451,6398.152083
8937,32922,25452,6398.185831
8938,32923,25453,6398.219427
8939,32924,25453,6398.219427
8940,32925,25454,6398.264135
8941,32926,25455,6398.296821
8942,32927,25456,6398.329069
8943,32928,25456,6398.329069
8944,32929,25457,6398.362322
8945,32930,25458,6398.395164
8946,32931,25459,6398.425393
8947,32932,25460,6398.457186
8948,32933,25460,6398.457186
8949,32934,25461,6398.488607
8950,32935,25462,6398.520605
8951,32936,25463,6398.552475
8952,32937,25463,6398.552475
8953,32938,25464,6398.601294
8954,32939,25465,6398.633604
8955,32940,25466,6398.664352
8956,32941,25466,6398.664352
8957,32942,25467,6398.695384
8958,32943,25468,6398.731461
8959,32944,25469,6398.760463
8960,32945,25470,6398.792871
8961,32946,25470,6398.792871
8962,32947,25471,6398.825259
8963,32948,25472,6398.858544
8964,32949,25473,6398.889061
8965,32950,25473,6398.889061
8966,32951,25474,6398.936891
8967,32952,25476,6398.972072
8968,32953,25476,6398.972072
8969,32954,25476,6398.972072
8970,32955,25477,6399.033494
8971,32956,25478,6399.065313
8972,32957,25479,6399.096759
8973,32958,25480,6399.130687
8974,32959,25480,6399.130687
8975,32960,25481,6399.160794
8976,32961,25482,6399.193492
8977,32962,25483,6399.223224
8978,32963,25483,6399.223224
8979,32964,25484,6399.271812
8980,32965,25486,6399.306726
8981,32966,25487,6399.337094
8982,32967,25487,6399.337094
8983,32968,25488,6399.368639
8984,32969,25488,6399.368639
8985,32970,25489,6399.433504
8986,32971,25490,6399.464972
8987,32972,25490,6399.464972
8988,32973,25491,6399.498270
8989,32974,25492,6399.530154
8990,32975,25493,6399.561663
8991,32976,25494,6399.595180
8992,32977,25494,6399.595180
8993,32978,25495,6399.640522
8994,32979,25495,6399.640522
8995,32980,25497,6399.677457
8996,32981,25498,6399.705380
8997,32982,25499,6399.737788
8998,32983,25499,6399.737788
8999,32984,25500,6399.802251
9000,32985,25500,6399.802251
9001,32986,25501,6399.831816
9002,32987,25502,6399.867250
9003,32988,25503,6399.895151
9004,32989,25504,6399.930046
9005,32990,25504,6399.930046
9006,32991,25505,6399.976825
9007,32992,25506,6400.008586
9008,32993,25507,6400.011211
9009,32994,25508,6400.041472
9010,32995,25509,6400.072032
9011,32996,25510,6400.105477
9012,32997,25511,6400.136510
9013,32998,25511,6400.136510
9014,32999,25512,6400.168312
9015,33000,25512,6400.168312
9016,33001,25513,6400.235446
9017,33002,25514,6400.265061
9018,33003,25514,6400.265061
9019,33004,25515,6400.311233
9020,33005,25516,6400.345323
9021,33006,25517,6400.347315
9022,33007,25518,6400.376869
9023,33008,25519,6400.408879
9024,33009,25520,6400.440381
9025,33010,25521,6400.474053
9026,33011,25521,6400.474053
9027,33012,25522,6400.504445
9028,33013,25523,6400.539127
9029,33014,25524,6400.569484
9030,33015,25524,6400.569484
9031,33016,25524,6400.569484
9032,33017,25525,6400.649095
9033,33018,25527,6400.682286
9034,33019,25527,6400.682286
9035,33020,25528,6400.713633
9036,33021,25529,6400.745198
9037,33022,25530,6400.776962
9038,33023,25531,6400.810084
9039,33024,25531,6400.810084
9040,33025,25532,6400.841930
9041,33026,25533,6400.874900
9042,33027,25534,6400.903877
9043,33028,25535,6400.937531
9044,33029,25535,6400.937531
9045,33030,25536,6400.984989
9046,33031,25537,6401.016309
9047,33032,25537,6401.016309
9048,33033,25538,6401.049756
9049,33034,25539,6401.081298
9050,33035,25540,6401.113600
9051,33036,25541,6401.145000
9052,33037,25541,6401.145000
9053,33038,25542,6401.176464
9054,33039,25543,6401.209059
9055,33040,25544,6401.239844
9056,33041,25545,6401.275241
9057,33042,25545,6401.275241
9058,33043,25546,6401.305673
9059,33044,25547,6401.355337
9060,33045,25547,6401.355337
9061,33046,25548,6401.386231
9062,33047,25549,6401.417204
9063,33048,25550,6401.449011
9064,33049,25551,6401.481271
9065,33050,25551,6401.481271
9066,33051,25552,6401.513694
9067,33052,25553,6401.545258
9068,33053,25554,6401.576968
9069,33054,25555,6401.609327
9070,33055,25555,6401.609327
9071,33056,25556,6401.641362
9072,33057,25557,6401.688810
9073,33058,25557,6401.688810
9074,33059,25558,6401.720667
9075,33060,25559,6401.752445
9076,33061,25560,6401.785444
9077,33062,25561,6401.816824
9078,33063,25561,6401.816824
9079,33064,25562,6401.849364
9080,33065,25563,6401.882087
9081,33066,25564,6401.913356
9082,33067,25565,6401.945388
9083,33068,25565,6401.945388
9084,33069,25566,6401.975162
9085,33070,25567,6402.025113
9086,33071,25567,6402.025113
9087,33072,25568,6402.057275
9088,33073,25569,6402.091282
9089,33074,25570,6402.120858
9090,33075,25571,6402.153971
9091,33076,25571,6402.153971
9092,33077,25572,6402.184364
9093,33078,25573,6402.216643
9094,33079,25574,6402.249741
9095,33080,25575,6402.279642
9096,33081,25575,6402.279642
9097,33082,25576,6402.312801
9098,33083,25577,6402.360062
9099,33084,25577,6402.360062
9100,33085,25578,6402.392059
9101,33086,25579,6402.425136
9102,33087,25580,6402.456984
9103,33088,25581,6402.487329
9104,33089,25581,6402.487329
9105,33090,25582,6402.520963
9106,33091,25583,6402.551861
9107,33092,25584,6402.585936
9108,33093,25585,6402.618188
9109,33094,25585,6402.618188
9110,33095,25586,6402.649638
9111,33096,25587,6402.697087
9112,33097,25587,6402.697087
9113,33098,25588,6402.727907
9114,33099,25589,6402.759172
9115,33100,25590,6402.792569
9116,33101,25590,6402.792569
9117,33102,25591,6402.826826
9118,33103,25592,6402.856926
9119,33104,25593,6402.890251
9120,33105,25594,6402.921247
9121,33106,25595,6402.951843
9122,33107,25595,6402.951843
9123,33108,25596,6402.984982
9124,33109,25597,6403.016936
9125,33110,25597,6403.016936
9126,33111,25598,6403.064965
9127,33112,25599,6403.098410
9128,33113,25600,6403.128797
9129,33114,25601,6403.162509
9130,33115,25601,6403.162509
9131,33116,25602,6403.194142
9132,33117,25603,6403.227773
9133,33118,25604,6403.256919
9134,33119,25605,6403.289163
9135,33120,25605,6403.289163
9136,33121,25606,6403.320710
9137,33122,25607,6403.352340
9138,33123,25607,6403.352340
9139,33124,25608,6403.399603
9140,33125,25609,6403.433886
9141,33126,25610,6403.465464
9142,33127,25611,6403.496741
9143,33128,25611,6403.496741
9144,33129,25612,6403.529688
9145,33130,25613,6403.560338
9146,33131,25614,6403.593840
9147,33132,25615,6403.623827
9148,33133,25616,6403.656805
9149,33134,25616,6403.656805
9150,33135,25617,6403.689578
9151,33136,25617,6403.689578
9152,33137,25618,6403.737470
9153,33138,25620,6403.770071
9154,33139,25620,6403.770071
9155,33140,25621,6403.834294
9156,33141,25622,6403.865244
9157,33142,25622,6403.865244
9158,33143,25623,6403.894988
9159,33144,25624,6403.929206
9160,33145,25625,6403.961460
9161,33146,25626,6403.991915
9162,33147,25626,6403.991915
9163,33148,25627,6404.024847
9164,33149,25628,6404.072058
9165,33150,25628,6404.072058
9166,33151,25630,6404.109035
9167,33152,25631,6404.135416
9168,33153,25632,6404.169582
9169,33154,25632,6404.169582
9170,33155,25632,6404.169582
9171,33156,25633,6404.232592
9172,33157,25634,6404.266628
9173,33158,25635,6404.298529
9174,33159,25636,6404.330204
9175,33160,25636,6404.330204
9176,33161,25637,6404.360707
9177,33162,25637,6404.360707
9178,33163,25638,6404.409118
9179,33164,25640,6404.446427
9180,33165,25641,6404.474254
9181,33166,25642,6404.505240
9182,33167,25643,6404.536882
9183,33168,25643,6404.536882
9184,33169,25644,6404.567282
9185,33170,25644,6404.567282
9186,33171,25645,6404.632223
9187,33172,25646,6404.664843
9188,33173,25646,6404.664843
9189,33174,25647,6404.697609
9190,33175,25647,6404.697609
9191,33176,25648,6404.745698
9192,33177,25650,6404.780849
9193,33178,25651,6404.809395
9194,33179,25652,6404.840317
9195,33180,25652,6404.840317
9196,33181,25653,6404.873565
9197,33182,25654,6404.904242
9198,33183,25655,6404.937156
9199,33184,25655,6404.937156
9200,33185,25656,6405.001026
9201,33186,25656,6405.001026
9202,33187,25657,6405.033876
9203,33188,25658,6405.062894
9204,33189,25658,6405.062894
9205,33190,25659,6405.113931
9206,33191,25661,6405.147455
9207,33192,25662,6405.176645
9208,33193,25663,6405.209187
9209,33194,25663,6405.209187
9210,33195,25664,6405.240981
9211,33196,25665,6405.274103
9212,33197,25666,6405.305414
9213,33198,25667,6405.337239
9214,33199,25667,6405.337239
9215,33200,25668,6405.369788
9216,33201,25668,6405.369788
9217,33202,25668,6405.369788
9218,33203,25669,6405.450308
9219,33204,25671,6405.482507
9220,33205,25672,6405.510747
9221,33206,25673,6405.545222
9222,33207,25673,6405.545222
9223,33208,25674,6405.574966
9224,33209,25675,6405.608495
9225,33210,25676,6405.643500
9226,33211,25677,6405.675572
9227,33212,25677,6405.675572
9228,33213,25678,6405.708467
9229,33214,25679,6405.739437
9230,33215,25679,6405.739437
9231,33216,25680,6405.787886
9232,33217,25681,6405.819106
9233,33218,25682,6405.852278
9234,33219,25683,6405.881741
9235,33220,25684,6405.915327
9236,33221,25684,6405.915327
9237,33222,25685,6405.945419
9238,33223,25686,6405.975446
9239,33224,25687,6406.008772
9240,33225,25688,6406.040990
9241,33226,25689,6406.072898
9242,33227,25689,6406.072898
9243,33228,25690,6406.121583
9244,33229,25690,6406.121583
9245,33230,25691,6406.154572
9246,33231,25692,6406.187461
9247,33232,25693,6406.218996
9248,33233,25694,6406.252234
9249,33234,25695,6406.280889
9250,33235,25695,6406.280889
9251,33236,25696,6406.311654
9252,33237,25697,6406.345292
9253,33238,25698,6406.377107
9254,33239,25699,6406.409799
9255,33240,25699,6406.409799
9256,33241,25700,6406.457877
9257,33242,25700,6406.457877
9258,33243,25701,6406.490177
9259,33244,25702,6406.522113
9260,33245,25703,6406.554402
9261,33246,25704,6406.585028
9262,33247,25705,6406.617332
9263,33248,25705,6406.617332
9264,33249,25706,6406.648278
9265,33250,25707,6406.680403
9266,33251,25708,6406.712573
9267,33252,25709,6406.744972
9268,33253,25709,6406.744972
9269,33254,25710,6406.777256
9270,33255,25711,6406.823936
9271,33256,25711,6406.823936
9272,33257,25712,6406.857196
9273,33258,25713,6406.889019
9274,33259,25714,6406.922002
9275,33260,25715,6406.952019
9276,33261,25715,6406.952019
9277,33262,25716,6406.984396
9278,33263,25717,6407.017033
9279,33264,25718,6407.049087
9280,33265,25719,6407.080204
9281,33266,25719,6407.080204
9282,33267,25720,6407.112716
9283,33268,25721,6407.161318
9284,33269,25721,6407.161318
9285,33270,25722,6407.193850
9286,33271,25723,6407.224976
9287,33272,25724,6407.257312
9288,33273,25725,6407.290437
9289,33274,25725,6407.290437
9290,33275,25726,6407.321060
9291,33276,25727,6407.352294
9292,33277,25728,6407.385222
9293,33278,25729,6407.417563
9294,33279,25729,6407.417563
9295,33280,25730,6407.449392
9296,33281,25731,6407.497718
9297,33282,25731,6407.497718
9298,33283,25732,6407.528751
9299,33284,25733,6407.562427
9300,33285,25734,6407.593636
9301,33286,25735,6407.625090
9302,33287,25735,6407.625090
9303,33288,25736,6407.659465
9304,33289,25737,6407.689331
9305,33290,25738,6407.725234
9306,33291,25739,6407.755192
9307,33292,25740,6407.786342
9308,33293,25740,6407.786342
9309,33294,25741,6407.835203
9310,33295,25742,6407.865168
9311,33296,25742,6407.865168
9312,33297,25743,6407.896660
9313,33298,25744,6407.929855
9314,33299,25745,6407.961022
9315,33300,25746,6407.993854
9316,33301,25746,6407.993854
9317,33302,25747,6408.025405
9318,33303,25748,6408.058818
9319,33304,25749,6408.088614
9320,33305,25750,6408.120826
9321,33306,25750,6408.120826
9322,33307,25751,6408.168247
9323,33308,25752,6408.200396
9324,33309,25752,6408.200396
9325,33310,25753,6408.233978
9326,33311,25754,6408.265334
9327,33312,25755,6408.295739
9328,33313,25756,6408.328828
9329,33314,25756,6408.328828
9330,33315,25757,6408.361775
9331,33316,25758,6408.392271
9332,33317,25759,6408.425138
9333,33318,25760,6408.456442
9334,33319,25761,6408.488088
9335,33320,25761,6408.488088
9336,33321,25762,6408.537992
9337,33322,25762,6408.537992
9338,33323,25763,6408.569544
9339,33324,25764,6408.601256
9340,33325,25765,6408.633148
9341,33326,25766,6408.665758
9342,33327,25766,6408.665758
9343,33328,25767,6408.695120
9344,33329,25768,6408.730367
9345,33330,25769,6408.761620
9346,33331,25770,6408.793286
9347,33332,25770,6408.793286
9348,33333,25771,6408.825064
9349,33334,25772,6408.873828
9350,33335,25772,6408.873828
9351,33336,25774,6408.908460
9352,33337,25775,6408.937219
9353,33338,25775,6408.937219
9354,33339,25776,6409.000731
9355,33340,25776,6409.000731
9356,33341,25777,6409.034103
9357,33342,25778,6409.067207
9358,33343,25779,6409.095279
9359,33344,25780,6409.130257
9360,33345,25781,6409.160427
9361,33346,25781,6409.160427
9362,33347,25782,6409.210788
9363,33348,25782,6409.210788
9364,33349,25784,6409.244158
9365,33350,25785,6409.272255
9366,33351,25786,6409.305294
9367,33352,25787,6409.337757
9368,33353,25787,6409.337757
9369,33354,25787,6409.337757
9370,33355,25788,6409.400208
9371,33356,25789,6409.433157
9372,33357,25790,6409.465363
9373,33358,25791,6409.497052
9374,33359,25791,6409.497052
9375,33360,25792,6409.544918
9376,33361,25792,6409.544918
9377,33362,25794,6409.578638
9378,33363,25795,6409.609438
9379,33364,25796,6409.641631
9380,33365,25797,6409.672114
9381,33366,25798,6409.703803
9382,33367,25798,6409.703803
9383,33368,25799,6409.737407
9384,33369,25800,6409.767120
9385,33370,25800,6409.767120
9386,33371,25800,6409.767120
9387,33372,25801,6409.834268
9388,33373,25802,6409.881161
9389,33374,25802,6409.881161
9390,33375,25804,6409.915278
9391,33376,25805,6409.944883
9392,33377,25806,6409.976446
9393,33378,25807,6410.010244
9394,33379,25807,6410.010244
9395,33380,25808,6410.039896
9396,33381,25809,6410.073556
9397,33382,25810,6410.105099
9398,33383,25811,6410.136815
9399,33384,25811,6410.136815
9400,33385,25812,6410.167949
9401,33386,25812,6410.167949
9402,33387,25812,6410.167949
9403,33388,25814,6410.252749
9404,33389,25815,6410.282562
9405,33390,25816,6410.314391
9406,33391,25817,6410.345090
9407,33392,25817,6410.345090
9408,33393,25818,6410.376868
9409,33394,25819,6410.410501
9410,33395,25820,6410.440514
9411,33396,25821,6410.474183
9412,33397,25821,6410.474183
9413,33398,25822,6410.505368
9414,33399,25823,6410.537202
9415,33400,25823,6410.537202
9416,33401,25824,6410.583808
9417,33402,25825,6410.617727
9418,33403,25826,6410.648814
9419,33404,25827,6410.681147
9420,33405,25827,6410.681147
9421,33406,25828,6410.713626
9422,33407,25829,6410.745033
9423,33408,25830,6410.777728
9424,33409,25831,6410.809322
9425,33410,25831,6410.809322
9426,33411,25832,6410.841551
9427,33412,25833,6410.874139
9428,33413,25833,6410.874139
9429,33414,25834,6410.921307
9430,33415,25835,6410.954039
9431,33416,25836,6410.985698
9432,33417,25837,6411.016730
9433,33418,25837,6411.016730
9434,33419,25838,6411.047919
9435,33420,25839,6411.080530
9436,33421,25840,6411.112824
9437,33422,25841,6411.146120
9438,33423,25841,6411.146120
9439,33424,25842,6411.177137
9440,33425,25843,6411.209331
9441,33426,25843,6411.209331
9442,33427,25844,6411.257044
9443,33428,25845,6411.288963
9444,33429,25846,6411.320717
9445,33430,25847,6411.350747
9446,33431,25847,6411.350747
9447,33432,25848,6411.385091
9448,33433,25849,6411.417009
9449,33434,25850,6411.450153
9450,33435,25851,6411.479975
9451,33436,25851,6411.479975
9452,33437,25852,6411.515279
9453,33438,25853,6411.543268
9454,33439,25853,6411.543268
9455,33440,25854,6411.595174
9456,33441,25855,6411.628822
9457,33442,25856,6411.657404
9458,33443,25857,6411.689599
9459,33444,25857,6411.689599
9460,33445,25858,6411.721783
9461,33446,25859,6411.753122
9462,33447,25860,6411.785343
9463,33448,25861,6411.817668
9464,33449,25861,6411.817668
9465,33450,25862,6411.848773
9466,33451,25863,6411.881129
9467,33452,25864,6411.916542
9468,33453,25864,6411.916542
9469,33454,25865,6411.960316
9470,33455,25866,6411.993266
9471,33456,25867,6412.025345
9472,33457,25867,6412.025345
9473,33458,25868,6412.057093
9474,33459,25869,6412.089212
9475,33460,25870,6412.121268
9476,33461,25871,6412.153598
9477,33462,25871,6412.153598
9478,33463,25872,6412.185087
9479,33464,25873,6412.216388
9480,33465,25874,6412.249076
9481,33466,25874,6412.249076
9482,33467,25875,6412.296926
9483,33468,25876,6412.328733
9484,33469,25877,6412.362088
9485,33470,25878,6412.392428
9486,33471,25878,6412.392428
9487,33472,25879,6412.423944
9488,33473,25880,6412.456352
9489,33474,25881,6412.488321
9490,33475,25882,6412.520289
9491,33476,25882,6412.520289
9492,33477,25883,6412.551475
9493,33478,25884,6412.585665
9494,33479,25884,6412.585665
9495,33480,25885,6412.633023
9496,33481,25886,6412.664891
9497,33482,25887,6412.697300
9498,33483,25888,6412.729250
9499,33484,25888,6412.729250
9500,33485,25889,6412.758705
9501,33486,25890,6412.792599
9502,33487,25891,6412.823596
9503,33488,25892,6412.857977
9504,33489,25892,6412.857977
9505,33490,25893,6412.889975
9506,33491,25894,6412.922070
9507,33492,25894,6412.922070
9508,33493,25895,6412.969305
9509,33494,25896,6413.000268
9510,33495,25897,6413.034139
9511,33496,25898,6413.067152
9512,33497,25898,6413.067152
9513,33498,25899,6413.095061
9514,33499,25900,6413.128223
9515,33500,25901,6413.162527
9516,33501,25902,6413.193478
9517,33502,25902,6413.193478
9518,33503,25903,6413.225321
9519,33504,25904,6413.256892
9520,33505,25904,6413.256892
9521,33506,25905,6413.304200
9522,33507,25907,6413.341512
9523,33508,25908,6413.369314
9524,33509,25908,6413.369314
9525,33510,25908,6413.369314
9526,33511,25909,6413.432929
9527,33512,25910,6413.464250
9528,33513,25911,6413.495553
9529,33514,25912,6413.529038
9530,33515,25912,6413.529038
9531,33516,25913,6413.560289
9532,33517,25914,6413.592906
9533,33518,25914,6413.592906
9534,33519,25915,6413.641183
9535,33520,25917,6413.676202
9536,33521,25918,6413.705162
9537,33522,25919,6413.735058
9538,33523,25919,6413.735058
9539,33524,25920,6413.768004
9540,33525,25920,6413.768004
9541,33526,25921,6413.835273
9542,33527,25922,6413.864813
9543,33528,25922,6413.864813
9544,33529,25923,6413.895265
9545,33530,25924,6413.927917
9546,33531,25925,6413.959125
9547,33532,25925,6413.959125
9548,33533,25926,6414.008993
9549,33534,25928,6414.042393
9550,33535,25929,6414.071805
9551,33536,25929,6414.071805
9552,33537,25930,6414.105156
9553,33538,25931,6414.137131
9554,33539,25931,6414.137131
9555,33540,25932,6414.199883
9556,33541,25932,6414.199883
9557,33542,25933,6414.232732
9558,33543,25934,6414.265128
9559,33544,25935,6414.297471
9560,33545,25935,6414.297471
9561,33546,25936,6414.344808
9562,33547,25938,6414.378440
9563,33548,25939,6414.408347
9564,33549,25939,6414.408347
9565,33550,25940,6414.440128
9566,33551,25941,6414.473912
9567,33552,25942,6414.505220
9568,33553,25943,6414.537263
9569,33554,25943,6414.537263
9570,33555,25944,6414.570106
9571,33556,25944,6414.570106
9572,33557,25945,6414.632832
9573,33558,25945,6414.632832
9574,33559,25946,6414.681647
9575,33560,25948,6414.715305
9576,33561,25949,6414.746091
9577,33562,25949,6414.746091
9578,33563,25950,6414.775804
9579,33564,25951,6414.808362
9580,33565,25952,6414.841294
9581,33566,25953,6414.872765
9582,33567,25953,6414.872765
9583,33568,25954,6414.904913
9584,33569,25955,6414.935686
9585,33570,25955,6414.935686
9586,33571,25955,6414.935686
9587,33572,25956,6415.017399
9588,33573,25958,6415.050202
9589,33574,25959,6415.080886
9590,33575,25959,6415.080886
9591,33576,25960,6415.112205
9592,33577,25961,6415.144939
9593,33578,25962,6415.175060
9594,33579,25963,6415.209301
9595,33580,25963,6415.209301
9596,33581,25964,6415.240076
9597,33582,25965,6415.272384
9598,33583,25966,6415.304936
9599,33584,25966,6415.304936
9600,33585,25967,6415.353477
9601,33586,25968,6415.384898
9602,33587,25968,6415.384898
9603,33588,25969,6415.416772
9604,33589,25970,6415.448262
9605,33590,25971,6415.481058
9606,33591,25972,6415.513064
9607,33592,25972,6415.513064
9608,33593,25973,6415.545552
9609,33594,25974,6415.574774
9610,33595,25975,6415.609606
9611,33596,25976,6415.639346
9612,33597,25977,6415.672681
9613,33598,25977,6415.672681
9614,33599,25978,6415.722319
9615,33600,25979,6415.751380
9616,33601,25979,6415.751380
9617,33602,25980,6415.784863
9618,33603,25981,6415.816377
9619,33604,25982,6415.849848
9620,33605,25983,6415.880061
9621,33606,25983,6415.880061
9622,33607,25984,6415.915136
9623,33608,25985,6415.947520
9624,33609,25986,6415.975474
9625,33610,25987,6416.008719
9626,33611,25987,6416.008719
9627,33612,25988,6416.056293
9628,33613,25988,6416.056293
9629,33614,25989,6416.088222
9630,33615,25990,6416.121098
9631,33616,25991,6416.153361
9632,33617,25992,6416.184407
9633,33618,25992,6416.184407
9634,33619,25993,6416.217601
9635,33620,25994,6416.249302
9636,33621,25995,6416.281924
9637,33622,25996,6416.312718
9638,33623,25997,6416.345191
9639,33624,25997,6416.345191
9640,33625,25998,6416.393046
9641,33626,25998,6416.393046
9642,33627,25999,6416.424865
9643,33628,26000,6416.456518
9644,33629,26001,6416.488800
9645,33630,26002,6416.522154
9646,33631,26002,6416.522154
9647,33632,26003,6416.553419
9648,33633,26004,6416.585049
9649,33634,26005,6416.615831
9650,33635,26006,6416.650723
9651,33636,26007,6416.680830
9652,33637,26007,6416.680830
9653,33638,26008,6416.730552
9654,33639,26008,6416.730552
9655,33640,26009,6416.761056
9656,33641,26010,6416.792289
9657,33642,26011,6416.824982
9658,33643,26012,6416.856935
9659,33644,26012,6416.856935
9660,33645,26013,6416.890191
9661,33646,26014,6416.922081
9662,33647,26015,6416.953318
9663,33648,26016,6416.985722
9664,33649,26017,6417.016180
9665,33650,26017,6417.016180
9666,33651,26018,6417.066253
9667,33652,26018,6417.066253
9668,33653,26019,6417.097878
9669,33654,26020,6417.130496
9670,33655,26021,6417.161702
9671,33656,26022,6417.193305
9672,33657,26022,6417.193305
9673,33658,26023,6417.225438
9674,33659,26024,6417.258573
9675,33660,26025,6417.290371
9676,33661,26026,6417.321518
9677,33662,26027,6417.352877
9678,33663,26027,6417.352877
9679,33664,26028,6417.384865
9680,33665,26028,6417.384865
9681,33666,26029,6417.432244
9682,33667,26030,6417.464998
9683,33668,26031,6417.497081
9684,33669,26032,6417.530249
9685,33670,26032,6417.530249
9686,33671,26033,6417.564512
9687,33672,26034,6417.593311
9688,33673,26035,6417.623122
9689,33674,26036,6417.657440
9690,33675,26036,6417.657440
9691,33676,26037,6417.689752
9692,33677,26038,6417.719467
9693,33678,26038,6417.719467
9694,33679,26039,6417.767801
9695,33680,26040,6417.800749
9696,33681,26041,6417.832205
9697,33682,26042,6417.864098
9698,33683,26043,6417.895076
9699,33684,26043,6417.895076
9700,33685,26044,6417.930306
9701,33686,26045,6417.960503
9702,33687,26046,6417.992575
9703,33688,26046,6417.992575
9704,33689,26047,6418.025746
9705,33690,26048,6418.057475
9706,33691,26048,6418.057475
9707,33692,26049,6418.102615
9708,33693,26051,6418.141856
9709,33694,26052,6418.167763
9710,33695,26052,6418.167763
9711,33696,26052,6418.167763
9712,33697,26053,6418.235243
9713,33698,26054,6418.265395
9714,33699,26055,6418.297441
9715,33700,26056,6418.328485
9716,33701,26056,6418.328485
9717,33702,26057,6418.360799
9718,33703,26058,6418.392645
9719,33704,26058,6418.392645
9720,33705,26059,6418.440285
9721,33706,26061,6418.474183
9722,33707,26062,6418.507508
9723,33708,26063,6418.536900
9724,33709,26063,6418.536900
9725,33710,26063,6418.536900
9726,33711,26064,6418.602665
9727,33712,26065,6418.633450
9728,33713,26066,6418.665201
9729,33714,26066,6418.665201
9730,33715,26067,6418.696828
9731,33716,26068,6418.727975
9732,33717,26068,6418.727975
9733,33718,26069,6418.775822
9734,33719,26071,6418.812348
9735,33720,26072,6418.840777
9736,33721,26073,6418.871907
9737,33722,26073,6418.871907
9738,33723,26074,6418.903549
9739,33724,26075,6418.936538
9740,33725,26075,6418.936538
9741,33726,26076,6419.002533
9742,33727,26076,6419.002533
9743,33728,26077,6419.032881
9744,33729,26078,6419.063801
9745,33730,26079,6419.097409
9746,33731,26079,6419.097409
9747,33732,26081,6419.148154
9748,33733,26082,6419.177856
9749,33734,26083,6419.208443
9750,33735,26083,6419.208443
9751,33736,26084,6419.240525
9752,33737,26085,6419.272429
9753,33738,26086,6419.305383
9754,33739,26087,6419.337172
9755,33740,26087,6419.337172
9756,33741,26087,6419.337172
9757,33742,26088,6419.401270
9758,33743,26089,6419.433498
9759,33744,26089,6419.433498
9760,33745,26090,6419.480841
9761,33746,26092,6419.516065
9762,33747,26093,6419.545031
9763,33748,26093,6419.545031
9764,33749,26094,6419.577144
9765,33750,26095,6419.609513
9766,33751,26096,6419.641926
9767,33752,26097,6419.673742
9768,33753,26097,6419.673742
9769,33754,26098,6419.703923
9770,33755,26099,6419.737727
9771,33756,26100,6419.768773
9772,33757,26100,6419.768773
9773,33758,26100,6419.768773
9774,33759,26102,6419.852131
9775,33760,26103,6419.880847
9776,33761,26103,6419.880847
9777,33762,26104,6419.914013
9778,33763,26105,6419.945558
9779,33764,26106,6419.976731
9780,33765,26107,6420.008020
9781,33766,26107,6420.008020
9782,33767,26108,6420.040922
9783,33768,26109,6420.074443
9784,33769,26110,6420.103467
9785,33770,26110,6420.103467
9786,33771,26111,6420.155124
9787,33772,26112,6420.184314
9788,33773,26113,6420.216366
9789,33774,26113,6420.216366
9790,33775,26114,6420.248280
9791,33776,26115,6420.279486
9792,33777,26116,6420.311428
9793,33778,26117,6420.344191
9794,33779,26117,6420.344191
9795,33780,26118,6420.377140
9796,33781,26119,6420.409401
9797,33782,26120,6420.440420
9798,33783,26120,6420.440420
9799,33784,26121,6420.488950
9800,33785,26122,6420.522586
9801,33786,26122,6420.522586
9802,33787,26123,6420.552320
9803,33788,26124,6420.583946
9804,33789,26125,6420.617152
9805,33790,26126,6420.649048
9806,33791,26126,6420.649048
9807,33792,26127,6420.681668
9808,33793,26128,6420.714049
9809,33794,26129,6420.748064
9810,33795,26130,6420.776916
9811,33796,26131,6420.811091
9812,33797,26131,6420.811091
9813,33798,26132,6420.859438
9814,33799,26133,6420.888932
9815,33800,26133,6420.888932
9816,33801,26134,6420.921939
9817,33802,26135,6420.957144
9818,33803,26136,6420.985208
9819,33804,26137,6421.018976
9820,33805,26137,6421.018976
9821,33806,26138,6421.048850
9822,33807,26139,6421.081759
9823,33808,26140,6421.115292
9824,33809,26141,6421.145444
9825,33810,26141,6421.145444
9826,33811,26142,6421.193375
9827,33812,26143,6421.225099
9828,33813,26143,6421.225099
9829,33814,26144,6421.257053
9830,33815,26145,6421.288385
9831,33816,26146,6421.323129
9832,33817,26147,6421.354362
9833,33818,26148,6421.386581
9834,33819,26148,6421.386581
9835,33820,26149,6421.417397
9836,33821,26150,6421.447999
9837,33822,26151,6421.481239
9838,33823,26151,6421.481239
9839,33824,26152,6421.530381
9840,33825,26153,6421.561109
9841,33826,26154,6421.591847
9842,33827,26154,6421.591847
9843,33828,26155,6421.625293
9844,33829,26156,6421.657403
9845,33830,26157,6421.691667
9846,33831,26158,6421.723087
9847,33832,26158,6421.723087
9848,33833,26159,6421.752717
9849,33834,26160,6421.784946
9850,33835,26161,6421.816778
9851,33836,26161,6421.816778
9852,33837,26162,6421.866970
9853,33838,26163,6421.896741
9854,33839,26164,6421.929250
9855,33840,26164,6421.929250
9856,33841,26165,6421.960984
9857,33842,26166,6421.991949
9858,33843,26167,6422.025353
9859,33844,26168,6422.056888
9860,33845,26168,6422.056888
9861,33846,26169,6422.088395
9862,33847,26170,6422.120387
9863,33848,26171,6422.152530
9864,33849,26171,6422.152530
9865,33850,26172,6422.201965
9866,33851,26173,6422.233400
9867,33852,26174,6422.264925
9868,33853,26174,6422.264925
9869,33854,26175,6422.297091
9870,33855,26176,6422.331048
9871,33856,26177,6422.360374
9872,33857,26178,6422.393698
9873,33858,26178,6422.393698
9874,33859,26179,6422.425012
9875,33860,26180,6422.457038
9876,33861,26181,6422.487804
9877,33862,26181,6422.487804
9878,33863,26182,6422.537696
9879,33864,26184,6422.572000
9880,33865,26184,6422.572000
9881,33866,26184,6422.572000
9882,33867,26185,6422.632307
9883,33868,26186,6422.665321
9884,33869,26187,6422.696708
9885,33870,26188,6422.728777
9886,33871,26188,6422.728777
9887,33872,26189,6422.761659
9888,33873,26190,6422.792437
9889,33874,26191,6422.826056
9890,33875,26192,6422.857605
9891,33876,26192,6422.857605
9892,33877,26193,6422.906194
9893,33878,26195,6422.939027
9894,33879,26195,6422.939027
9895,33880,26195,6422.939027
9896,33881,26196,6423.000840
9897,33882,26197,6423.032559
9898,33883,26198,6423.064860
9899,33884,26198,6423.064860
9900,33885,26199,6423.097389
9901,33886,26200,6423.129971
9902,33887,26201,6423.161629
9903,33888,26202,6423.193257
9904,33889,26202,6423.193257
9905,33890,26203,6423.241224
9906,33891,26204,6423.274070
9907,33892,26205,6423.276931
9908,33893,26206,6423.304163
9909,33894,26207,6423.337486
9910,33895,26208,6423.368633
9911,33896,26208,6423.368633
9912,33897,26208,6423.368633
9913,33898,26209,6423.433711
9914,33899,26210,6423.464867
9915,33900,26211,6423.498032
9916,33901,26212,6423.528678
9917,33902,26212,6423.528678
9918,33903,26213,6423.575544
9919,33904,26214,6423.608265
9920,33905,26215,6423.610836
9921,33906,26216,6423.639546
9922,33907,26217,6423.672591
9923,33908,26218,6423.704951
9924,33909,26219,6423.737444
9925,33910,26219,6423.737444
9926,33911,26219,6423.737444
9927,33912,26220,6423.801146
9928,33913,26221,6423.834037
9929,33914,26222,6423.865199
9930,33915,26222,6423.865199
9931,33916,26223,6423.913166
9932,33917,26224,6423.943944
9933,33918,26225,6423.946490
9934,33919,26226,6423.977329
9935,33920,26227,6424.009130
9936,33921,26228,6424.042204
9937,33922,26228,6424.042204
9938,33923,26229,6424.074139
9939,33924,26230,6424.104836
9940,33925,26231,6424.137437
9941,33926,26232,6424.170031
9942,33927,26232,6424.170031
9943,33928,26232,6424.170031
9944,33929,26233,6424.248983
9945,33930,26233,6424.248983
9946,33931,26235,6424.285245
9947,33932,26236,6424.311883
9948,33933,26237,6424.343843
9949,33934,26238,6424.375996
9950,33935,26239,6424.408140
9951,33936,26239,6424.408140
9952,33937,26240,6424.440644
9953,33938,26241,6424.473714
9954,33939,26242,6424.505385
9955,33940,26243,6424.538040
9956,33941,26243,6424.538040
9957,33942,26243,6424.538040
9958,33943,26244,6424.615865
9959,33944,26244,6424.615865
9960,33945,26246,6424.651140
9961,33946,26247,6424.679042
9962,33947,26248,6424.712806
9963,33948,26249,6424.745058
9964,33949,26249,6424.745058
9965,33950,26250,6424.776910
9966,33951,26251,6424.808834
9967,33952,26252,6424.841586
9968,33953,26252,6424.841586
9969,33954,26253,6424.874740
9970,33955,26254,6424.904189
9971,33956,26254,6424.904189
9972,33957,26255,6424.952799
9973,33958,26256,6424.984880
9974,33959,26257,6425.017343
9975,33960,26258,6425.048395
9976,33961,26259,6425.080329
9977,33962,26259,6425.080329
9978,33963,26260,6425.111962
9979,33964,26261,6425.146245
9980,33965,26262,6425.176631
9981,33966,26263,6425.208591
9982,33967,26263,6425.208591
9983,33968,26264,6425.240696
9984,33969,26265,6425.289577
9985,33970,26265,6425.289577
9986,33971,26266,6425.319761
9987,33972,26267,6425.353652
9988,33973,26268,6425.385024
9989,33974,26269,6425.417747
9990,33975,26269,6425.417747
9991,33976,26270,6425.448932
9992,33977,26271,6425.481144
9993,33978,26272,6425.514607
9994,33979,26273,6425.545175
9995,33980,26273,6425.545175
9996,33981,26274,6425.578183
9997,33982,26275,6425.624932
9998,33983,26275,6425.624932
9999,33984,26276,6425.654856
10000,33985,26277,6425.690670
10001,33986,26278,6425.723181
10002,33987,26279,6425.752887
10003,33988,26279,6425.752887
10004,33989,26280,6425.784744
10005,33990,26281,6425.817052
10006,33991,26282,6425.850382
10007,33992,26283,6425.881897
10008,33993,26283,6425.881897
10009,33994,26284,6425.912067
10010,33995,26285,6425.960454
10011,33996,26285,6425.960454
10012,33997,26286,6425.991936
10013,33998,26287,6426.025792
10014,33999,26288,6426.057130
10015,34000,26289,6426.088993
10016,34001,26289,6426.088993
10017,34002,26290,6426.119532
10018,34003,26291,6426.154989
10019,34004,26292,6426.184366
10020,34005,26293,6426.217165
10021,34006,26293,6426.217165
10022,34007,26294,6426.249095
10023,34008,26295,6426.280833
10024,34009,26295,6426.280833
10025,34010,26296,6426.328190
10026,34011,26297,6426.364158
10027,34012,26298,6426.392233
10028,34013,26299,6426.424996
10029,34014,26300,6426.455960
10030,34015,26300,6426.455960
10031,34016,26301,6426.489941
10032,34017,26302,6426.521564
10033,34018,26303,6426.553211
10034,34019,26303,6426.553211
10035,34020,26304,6426.585957
10036,34021,26305,6426.615285
10037,34022,26305,6426.615285
10038,34023,26306,6426.664419
10039,34024,26307,6426.697311
10040,34025,26308,6426.729335
10041,34026,26309,6426.762183
10042,34027,26310,6426.792603
10043,34028,26310,6426.792603
10044,34029,26311,6426.825338
10045,34030,26312,6426.857385
10046,34031,26313,6426.890895
10047,34032,26314,6426.921774
10048,34033,26314,6426.921774
10049,34034,26315,6426.953191
10050,34035,26315,6426.953191
10051,34036,26316,6427.002448
10052,34037,26317,6427.032143
10053,34038,26318,6427.065016
10054,34039,26319,6427.097335
10055,34040,26320,6427.129025
10056,34041,26320,6427.129025
10057,34042,26321,6427.160158
10058,34043,26322,6427.192348
10059,34044,26323,6427.225340
10060,34045,26324,6427.256987
10061,34046,26324,6427.256987
10062,34047,26325,6427.288556
10063,34048,26326,6427.335880
10064,34049,26326,6427.335880
10065,34050,26328,6427.373109
10066,34051,26328,6427.373109
10067,34052,26329,6427.435039
10068,34053,26330,6427.465622
10069,34054,26330,6427.465622
10070,34055,26331,6427.497774
10071,34056,26332,6427.530130
10072,34057,26333,6427.561340
10073,34058,26334,6427.593544
10074,34059,26334,6427.593544
10075,34060,26335,6427.625381
10076,34061,26336,6427.672753
10077,34062,26336,6427.672753
10078,34063,26338,6427.706485
10079,34064,26339,6427.736482
10080,34065,26340,6427.769173
10081,34066,26340,6427.769173
10082,34067,26340,6427.769173
10083,34068,26341,6427.831545
10084,34069,26342,6427.865478
10085,34070,26343,6427.897153
10086,34071,26344,6427.929522
10087,34072,26344,6427.929522
10088,34073,26345,6427.961709
10089,34074,26346,6427.992499
10090,34075,26346,6427.992499
10091,34076,26348,6428.044086
10092,34077,26349,6428.073404
10093,34078,26350,6428.104964
10094,34079,26351,6428.137074
10095,34080,26351,6428.137074
10096,34081,26351,6428.137074
10097,34082,26352,6428.200752
10098,34083,26353,6428.233502
10099,34084,26354,6428.265350
10100,34085,26354,6428.265350
10101,34086,26355,6428.296452
10102,34087,26356,6428.330066
10103,34088,26356,6428.330066
10104,34089,26357,6428.376033
10105,34090,26359,6428.411180
10106,34091,26360,6428.442281
10107,34092,26361,6428.474867
10108,34093,26361,6428.474867
10109,34094,26362,6428.503978
10110,34095,26363,6428.535776
10111,34096,26364,6428.568963
10112,34097,26364,6428.568963
10113,34098,26365,6428.634866
10114,34099,26365,6428.634866
10115,34100,26366,6428.665161
10116,34101,26367,6428.712908
10117,34102,26367,6428.712908
10118,34103,26369,6428.747204
10119,34104,26370,6428.776857
10120,34105,26371,6428.809040
10121,34106,26371,6428.809040
10122,34107,26372,6428.842286
10123,34108,26373,6428.871571
10124,34109,26374,6428.905217
10125,34110,26375,6428.937831
10126,34111,26375,6428.937831
10127,34112,26375,6428.937831
10128,34113,26376,6429.001535
10129,34114,26376,6429.001535
10130,34115,26377,6429.049753
10131,34116,26379,6429.083002
10132,34117,26380,6429.113465
10133,34118,26381,6429.144289
10134,34119,26381,6429.144289
10135,34120,26382,6429.175268
10136,34121,26383,6429.208222
10137,34122,26384,6429.241466
10138,34123,26385,6429.273001
10139,34124,26385,6429.273001
10140,34125,26386,6429.306108
10141,34126,26387,6429.335119
10142,34127,26387,6429.335119
10143,34128,26387,6429.335119
10144,34129,26389,6429.420030
10145,34130,26390,6429.449360
10146,34131,26391,6429.481969
10147,34132,26391,6429.481969
10148,34133,26392,6429.513641
10149,34134,26393,6429.560438
10150,34135,26393,6429.560438
10151,34136,26394,6429.592424
10152,34137,26395,6429.625425
10153,34138,26396,6429.657415
10154,34139,26397,6429.689962
10155,34140,26397,6429.689962
10156,34141,26398,6429.721821
10157,34142,26399,6429.753457
10158,34143,26400,6429.785120
10159,34144,26401,6429.817342
10160,34145,26401,6429.817342
10161,34146,26402,6429.850017
10162,34147,26403,6429.881583
10163,34148,26403,6429.881583
10164,34149,26404,6429.931235
10165,34150,26405,6429.961873
10166,34151,26406,6429.992739
10167,34152,26407,6430.025225
10168,34153,26407,6430.025225
10169,34154,26408,6430.056160
10170,34155,26409,6430.088467
10171,34156,26410,6430.121151
10172,34157,26411,6430.153646
10173,34158,26411,6430.153646
10174,34159,26412,6430.185025
10175,34160,26413,6430.217539
10176,34161,26413,6430.217539
10177,34162,26414,6430.265234
10178,34163,26415,6430.297356
10179,34164,26416,6430.329359
10180,34165,26417,6430.362680
10181,34166,26417,6430.362680
10182,34167,26418,6430.391741
10183,34168,26419,6430.423821
10184,34169,26420,6430.457240
10185,34170,26421,6430.489080
10186,34171,26421,6430.489080
10187,34172,26422,6430.519701
10188,34173,26423,6430.552247
10189,34174,26423,6430.552247
10190,34175,26424,6430.599192
10191,34176,26425,6430.632711
10192,34177,26426,6430.665196
10193,34178,26427,6430.696548
10194,34179,26427,6430.696548
10195,34180,26428,6430.728746
10196,34181,26429,6430.759355
10197,34182,26430,6430.793439
10198,34183,26431,6430.825658
10199,34184,26431,6430.825658
10200,34185,26432,6430.857911
10201,34186,26433,6430.891021
10202,34187,26433,6430.891021
10203,34188,26434,6430.938430
10204,34189,26436,6430.971576
10205,34190,26436,6430.971576
10206,34191,26437,6431.035416
10207,34192,26437,6431.035416
10208,34193,26438,6431.065108
10209,34194,26439,6431.095713
10210,34195,26440,6431.129329
10211,34196,26441,6431.160394
10212,34197,26441,6431.160394
10213,34198,26442,6431.193608
10214,34199,26443,6431.223673
10215,34200,26443,6431.223673
10216,34201,26444,6431.271805
10217,34202,26446,6431.308636
10218,34203,26447,6431.337113
10219,34204,26447,6431.337113
10220,34205,26447,6431.337113
10221,34206,26448,6431.401005
10222,34207,26449,6431.432156
10223,34208,26450,6431.464333
10224,34209,26451,6431.496635
10225,34210,26451,6431.496635
10226,34211,26452,6431.528479
10227,34212,26453,6431.561574
10228,34213,26454,6431.593337
10229,34214,26454,6431.593337
10230,34215,26456,6431.642589
10231,34216,26457,6431.672811
10232,34217,26458,6431.704744
10233,34218,26458,6431.704744
10234,34219,26459,6431.737512
10235,34220,26459,6431.737512
10236,34221,26460,6431.799167
10237,34222,26461,6431.831243
10238,34223,26461,6431.831243
10239,34224,26462,6431.863931
10240,34225,26463,6431.895076
10241,34226,26464,6431.929043
10242,34227,26464,6431.929043
10243,34228,26465,6431.976418
10244,34229,26467,6432.011303
10245,34230,26467,6432.011303
10246,34231,26468,6432.041436
10247,34232,26469,6432.072690
10248,34233,26470,6432.104390
10249,34234,26471,6432.137515
10250,34235,26471,6432.137515
10251,34236,26471,6432.137515
10252,34237,26472,6432.200684
10253,34238,26473,6432.235341
10254,34239,26474,6432.264081
10255,34240,26474,6432.264081
10256,34241,26475,6432.313847
10257,34242,26477,6432.348813
10258,34243,26477,6432.348813
10259,34244,26478,6432.378406
10260,34245,26479,6432.408092
10261,34246,26480,6432.442328
10262,34247,26481,6432.473992
10263,34248,26482,6432.505089
10264,34249,26482,6432.505089
10265,34250,26483,6432.537182
10266,34251,26484,6432.570074
10267,34252,26484,6432.570074
10268,34253,26484,6432.570074
10269,34254,26485,6432.651327
10270,34255,26487,6432.685802
10271,34256,26488,6432.712274
10272,34257,26488,6432.712274
10273,34258,26489,6432.744319
10274,34259,26490,6432.775372
10275,34260,26491,6432.808662
10276,34261,26492,6432.841959
10277,34262,26492,6432.841959
10278,34263,26493,6432.873365
10279,34264,26494,6432.905016
10280,34265,26495,6432.937076
10281,34266,26495,6432.937076
10282,34267,26495,6432.937076
10283,34268,26497,6433.018989
10284,34269,26497,6433.018989
10285,34270,26498,6433.049547
10286,34271,26499,6433.080829
10287,34272,26500,6433.112638
10288,34273,26501,6433.145230
10289,34274,26502,6433.176975
10290,34275,26502,6433.176975
10291,34276,26503,6433.208268
10292,34277,26504,6433.240677
10293,34278,26505,6433.272599
10294,34279,26506,6433.305271
10295,34280,26506,6433.305271
10296,34281,26507,6433.351013
10297,34282,26508,6433.384827
10298,34283,26508,6433.384827
10299,34284,26509,6433.417022
10300,34285,26510,6433.447293
10301,34286,26511,6433.480268
10302,34287,26512,6433.513324
10303,34288,26512,6433.513324
10304,34289,26513,6433.543990
10305,34290,26514,6433.576525
10306,34291,26515,6433.608309
10307,34292,26516,6433.641295
10308,34293,26516,6433.641295
10309,34294,26517,6433.691142
10310,34295,26517,6433.691142
10311,34296,26518,6433.721547
10312,34297,26519,6433.755288
10313,34298,26520,6433.784410
10314,34299,26521,6433.817114
10315,34300,26521,6433.817114
10316,34301,26522,6433.849253
10317,34302,26523,6433.880431
10318,34303,26524,6433.913975
10319,34304,26525,6433.945178
10320,34305,26526,6433.975862
10321,34306,26526,6433.975862
10322,34307,26527,6434.025190
10323,34308,26527,6434.025190
10324,34309,26528,6434.057000
10325,34310,26529,6434.090346
10326,34311,26530,6434.123048
10327,34312,26531,6434.153662
10328,34313,26532,6434.185092
10329,34314,26532,6434.185092
10330,34315,26533,6434.217415
10331,34316,26534,6434.249923
10332,34317,26535,6434.280471
10333,34318,26536,6434.313426
10334,34319,26536,6434.313426
10335,34320,26537,6434.361001
10336,34321,26538,6434.392397
10337,34322,26538,6434.392397
10338,34323,26539,6434.423846
10339,34324,26540,6434.456263
10340,34325,26541,6434.491253
10341,34326,26542,6434.522297
10342,34327,26542,6434.522297
10343,34328,26543,6434.552581
10344,34329,26544,6434.585334
10345,34330,26545,6434.618697
10346,34331,26546,6434.649992
10347,34332,26546,6434.649992
10348,34333,26547,6434.695929
10349,34334,26548,6434.729247
10350,34335,26548,6434.729247
10351,34336,26549,6434.761130
10352,34337,26550,6434.792466
10353,34338,26551,6434.825138
10354,34339,26552,6434.856966
10355,34340,26552,6434.856966
10356,34341,26553,6434.889630
10357,34342,26554,6434.920433
10358,34343,26555,6434.953795
10359,34344,26556,6434.985611
10360,34345,26556,6434.985611
10361,34346,26557,6435.035300
10362,34347,26558,6435.066308
10363,34348,26558,6435.066308
10364,34349,26559,6435.097472
10365,34350,26560,6435.128921
10366,34351,26561,6435.162036
10367,34352,26562,6435.195145
10368,34353,26563,6435.225660
10369,34354,26563,6435.225660
10370,34355,26564,6435.256221
10371,34356,26565,6435.291270
10372,34357,26566,6435.322687
10373,34358,26567,6435.353711
10374,34359,26567,6435.353711
10375,34360,26568,6435.402506
10376,34361,26569,6435.435061
10377,34362,26569,6435.435061
10378,34363,26570,6435.465058
10379,34364,26571,6435.499560
10380,34365,26572,6435.530096
10381,34366,26573,6435.562010
10382,34367,26573,6435.562010
10383,34368,26574,6435.594232
10384,34369,26575,6435.624552
10385,34370,26576,6435.659284
10386,34371,26577,6435.689303
10387,34372,26577,6435.689303
10388,34373,26578,6435.737452
10389,34374,26579,6435.768777
10390,34375,26579,6435.768777
10391,34376,26580,6435.802054
10392,34377,26581,6435.833900
10393,34378,26582,6435.865855
10394,34379,26583,6435.896410
10395,34380,26584,6435.928078
10396,34381,26584,6435.928078
10397,34382,26585,6435.960584
10398,34383,26586,6435.993307
10399,34384,26587,6436.024068
10400,34385,26587,6436.024068
10401,34386,26588,6436.073306
10402,34387,26590,6436.106085
10403,34388,26591,6436.136924
10404,34389,26591,6436.136924
10405,34390,26592,6436.168067
10406,34391,26592,6436.168067
10407,34392,26593,6436.232337
10408,34393,26594,6436.265069
10409,34394,26594,6436.265069
10410,34395,26595,6436.296999
10411,34396,26596,6436.330310
10412,34397,26597,6436.360290
10413,34398,26597,6436.360290
10414,34399,26598,6436.409623
10415,34400,26600,6436.443923
10416,34401,26601,6436.473066
10417,34402,26601,6436.473066
10418,34403,26602,6436.503897
10419,34404,26603,6436.536529
10420,34405,26604,6436.570391
10421,34406,26604,6436.570391
10422,34407,26604,6436.570391
10423,34408,26605,6436.632367
10424,34409,26606,6436.664880
10425,34410,26607,6436.697322
10426,34411,26607,6436.697322
10427,34412,26608,6436.744991
10428,34413,26610,6436.779759
10429,34414,26611,6436.809140
10430,34415,26611,6436.809140
10431,34416,26612,6436.841406
10432,34417,26613,6436.875354
10433,34418,26614,6436.903874
10434,34419,26615,6436.938229
10435,34420,26615,6436.938229
10436,34421,26616,6436.969277
10437,34422,26616,6436.969277
10438,34423,26617,6437.033645
10439,34424,26618,6437.065957
10440,34425,26618,6437.065957
10441,34426,26619,6437.112997
10442,34427,26619,6437.112997
10443,34428,26621,6437.151724
10444,34429,26622,6437.177390
10445,34430,26623,6437.214717
10446,34431,26624,6437.246265
10447,34432,26625,6437.275326
10448,34433,26625,6437.275326
10449,34434,26626,6437.305621
10450,34435,26627,6437.336976
10451,34436,26628,6437.371332
10452,34437,26628,6437.371332
10453,34438,26628,6437.371332
10454,34439,26629,6437.449444
10455,34440,26631,6437.484907
10456,34441,26632,6437.512536
10457,34442,26632,6437.512536
10458,34443,26633,6437.542930
10459,34444,26634,6437.577201
10460,34445,26635,6437.608383
10461,34446,26636,6437.641407
10462,34447,26636,6437.641407
10463,34448,26637,6437.690629
10464,34449,26637,6437.690629
10465,34450,26638,6437.721007
10466,34451,26639,6437.752512
10467,34452,26640,6437.785584
10468,34453,26641,6437.817965
10469,34454,26642,6437.847856
10470,34455,26642,6437.847856
10471,34456,26643,6437.883527
10472,34457,26644,6437.913143
10473,34458,26644,6437.913143
10474,34459,26645,6437.962668
10475,34460,26646,6437.995184
10476,34461,26647,6438.024910
10477,34462,26647,6438.024910
10478,34463,26648,6438.055456
10479,34464,26649,6438.089380
10480,34465,26650,6438.121297
10481,34466,26651,6438.152667
10482,34467,26651,6438.152667
10483,34468,26652,6438.183588
10484,34469,26653,6438.216890
10485,34470,26654,6438.249974
10486,34471,26654,6438.249974
10487,34472,26655,6438.297894
10488,34473,26656,6438.328529
10489,34474,26657,6438.361466
10490,34475,26657,6438.361466
10491,34476,26658,6438.391649
10492,34477,26659,6438.425027
10493,34478,26660,6438.456582
10494,34479,26661,6438.488280
10495,34480,26661,6438.488280
10496,34481,26662,6438.519584
10497,34482,26663,6438.552812
10498,34483,26664,6438.585459
10499,34484,26664,6438.585459
10500,34485,26665,6438.633419
10501,34486,26666,6438.665462
10502,34487,26667,6438.698387
10503,34488,26667,6438.698387
10504,34489,26668,6438.731462
10505,34490,26669,6438.763887
10506,34491,26670,6438.795216
10507,34492,26671,6438.827090
10508,34493,26672,6438.857209
10509,34494,26672,6438.857209
10510,34495,26673,6438.890983
10511,34496,26674,6438.923546
10512,34497,26675,6438.955719
10513,34498,26675,6438.955719
10514,34499,26676,6439.003595
10515,34500,26677,6439.037615
10516,34501,26678,6439.066031
10517,34502,26678,6439.066031
10518,34503,26679,6439.098831
10519,34504,26680,6439.131268
10520,34505,26681,6439.163167
10521,34506,26682,6439.195137
10522,34507,26683,6439.226692
10523,34508,26683,6439.226692
10524,34509,26684,6439.258663
10525,34510,26685,6439.291615
10526,34511,26685,6439.291615
10527,34512,26686,6439.338991
10528,34513,26688,6439.375155
10529,34514,26688,6439.375155
10530,34515,26689,6439.435173
10531,34516,26690,6439.467575
10532,34517,26690,6439.467575
10533,34518,26691,6439.498845
10534,34519,26692,6439.533734
10535,34520,26693,6439.563209
10536,34521,26694,6439.594885
10537,34522,26695,6439.628599
10538,34523,26695,6439.628599
10539,34524,26696,6439.675177
10540,34525,26697,6439.706327
10541,34526,26698,6439.709656
10542,34527,26699,6439.738835
10543,34528,26699,6439.738835
10544,34529,26700,6439.802102
10545,34530,26701,6439.835403
10546,34531,26702,6439.866096
10547,34532,26702,6439.866096
10548,34533,26703,6439.898772
10549,34534,26704,6439.931827
10550,34535,26705,6439.963719
10551,34536,26705,6439.963719
10552,34537,26706,6440.012005
10553,34538,26708,6440.046498
10554,34539,26709,6440.074577
10555,34540,26709,6440.074577
10556,34541,26710,6440.106814
10557,34542,26711,6440.139265
10558,34543,26711,6440.139265
10559,34544,26712,6440.201525
10560,34545,26713,6440.235108
10561,34546,26713,6440.235108
10562,34547,26714,6440.266351
10563,34548,26715,6440.299259
10564,34549,26715,6440.299259
10565,34550,26716,6440.347087
10566,34551,26718,6440.383681
10567,34552,26719,6440.413393
10568,34553,26720,6440.441954
10569,34554,26721,6440.475068
10570,34555,26721,6440.475068
10571,34556,26722,6440.505289
10572,34557,26723,6440.538753
10573,34558,26723,6440.538753
10574,34559,26724,6440.601382
10575,34560,26725,6440.634626
10576,34561,26725,6440.634626
10577,34562,26726,6440.666652
10578,34563,26727,6440.714859
10579,34564,26727,6440.714859
10580,34565,26729,6440.754674
10581,34566,26730,6440.779319
10582,34567,26731,6440.811631
10583,34568,26732,6440.842154
10584,34569,26733,6440.874207
10585,34570,26733,6440.874207
10586,34571,26734,6440.907093
10587,34572,26735,6440.939717
10588,34573,26735,6440.939717
10589,34574,26736,6441.002854
10590,34575,26736,6441.002854
10591,34576,26737,6441.050407
10592,34577,26739,6441.083927
10593,34578,26740,6441.111995
10594,34579,26740,6441.111995
10595,34580,26741,6441.145162
10596,34581,26742,6441.177601
10597,34582,26743,6441.208801
10598,34583,26744,6441.242227
10599,34584,26744,6441.242227
10600,34585,26745,6441.272809
10601,34586,26746,6441.305092
10602,34587,26747,6441.336689
10603,34588,26747,6441.336689
10604,34589,26747,6441.336689
10605,34590,26749,6441.418635
10606,34591,26749,6441.418635
10607,34592,26750,6441.450852
10608,34593,26751,6441.480124
10609,34594,26752,6441.515142
10610,34595,26753,6441.545289
10611,34596,26754,6441.576256
10612,34597,26754,6441.576256
10613,34598,26755,6441.607811
10614,34599,26756,6441.639749
10615,34600,26757,6441.673569
10616,34601,26757,6441.673569
10617,34602,26758,6441.720927
10618,34603,26759,6441.752967
10619,34604,26760,6441.785043
10620,34605,26760,6441.785043
10621,34606,26761,6441.815074
10622,34607,26762,6441.848324
10623,34608,26762,6441.848324
10624,34609,26763,6441.896008
10625,34610,26764,6441.928999
10626,34611,26765,6441.962388
10627,34612,26766,6441.993083
10628,34613,26766,6441.993083
10629,34614,26767,6442.025328
10630,34615,26768,6442.055323
10631,34616,26769,6442.087580
10632,34617,26770,6442.120689
10633,34618,26770,6442.120689
10634,34619,26771,6442.153951
10635,34620,26772,6442.187314
10636,34621,26772,6442.187314
10637,34622,26773,6442.233232
10638,34623,26774,6442.265028
10639,34624,26775,6442.297344
10640,34625,26776,6442.328999
10641,34626,26776,6442.328999
10642,34627,26777,6442.360839
10643,34628,26778,6442.394264
10644,34629,26779,6442.424470
10645,34630,26780,6442.458976
10646,34631,26780,6442.458976
10647,34632,26781,6442.488582
10648,34633,26782,6442.520557
10649,34634,26783,6442.553348
10650,34635,26783,6442.553348
10651,34636,26784,6442.602798
10652,34637,26785,6442.633432
10653,34638,26786,6442.664967
10654,34639,26786,6442.664967
10655,34640,26787,6442.696720
10656,34641,26788,6442.729289
10657,34642,26789,6442.760696
10658,34643,26790,6442.793510
10659,34644,26791,6442.824283
10660,34645,26791,6442.824283
10661,34646,26792,6442.855476
10662,34647,26793,6442.889475
10663,34648,26793,6442.889475
10664,34649,26794,6442.935619
10665,34650,26796,6442.972978
10666,34651,26796,6442.972978
10667,34652,26796,6442.972978
10668,34653,26797,6443.033078
10669,34654,26798,6443.063225
10670,34655,26799,6443.097138
10671,34656,26800,6443.128040
10672,34657,26801,6443.161089
10673,34658,26801,6443.161089
10674,34659,26802,6443.192207
10675,34660,26803,6443.225826
10676,34661,26803,6443.225826
10677,34662,26804,6443.271281
10678,34663,26806,6443.309003
10679,34664,26807,6443.337213
10680,34665,26807,6443.337213
10681,34666,26807,6443.337213
10682,34667,26808,6443.400760
10683,34668,26809,6443.434043
10684,34669,26810,6443.467081
10685,34670,26811,6443.495250
10686,34671,26811,6443.495250
10687,34672,26812,6443.528342
10688,34673,26813,6443.560335
10689,34674,26813,6443.560335
10690,34675,26814,6443.609364
10691,34676,26816,6443.642758
10692,34677,26817,6443.674387
10693,34678,26818,6443.705146
10694,34679,26818,6443.705146
10695,34680,26819,6443.736839
10696,34681,26820,6443.768886
10697,34682,26820,6443.768886
10698,34683,26821,6443.832222
10699,34684,26821,6443.832222
10700,34685,26822,6443.864940
10701,34686,26823,6443.896858
10702,34687,26823,6443.896858
10703,34688,26824,6443.945332
10704,34689,26826,6443.978847
10705,34690,26827,6444.009273
10706,34691,26828,6444.040349
10707,34692,26828,6444.040349
10708,34693,26829,6444.071736
10709,34694,26830,6444.105232
10710,34695,26831,6444.137161
10711,34696,26831,6444.137161
10712,34697,26832,6444.200022
10713,34698,26832,6444.200022
10714,34699,26833,6444.233588
10715,34700,26834,6444.265585
10716,34701,26834,6444.265585
10717,34702,26835,6444.311789
10718,34703,26837,6444.348078
10719,34704,26838,6444.376641
10720,34705,26838,6444.376641
10721,34706,26839,6444.407535
10722,34707,26840,6444.441189
10723,34708,26841,6444.473602
10724,34709,26842,6444.504781
10725,34710,26842,6444.504781
10726,34711,26843,6444.537415
10727,34712,26843,6444.537415
10728,34713,26844,6444.601257
10729,34714,26844,6444.601257
10730,34715,26845,6444.649935
10731,34716,26847,6444.684786
10732,34717,26847,6444.684786
10733,34718,26848,6444.713844
10734,34719,26849,6444.744822
10735,34720,26850,6444.777279
10736,34721,26851,6444.807852
10737,34722,26852,6444.840452
10738,34723,26852,6444.840452
10739,34724,26853,6444.871012
10740,34725,26854,6444.907382
10741,34726,26855,6444.937033
10742,34727,26855,6444.937033
10743,34728,26856,6444.986857
10744,34729,26857,6445.017380
10745,34730,26857,6445.017380
10746,34731,26858,6445.048969
10747,34732,26859,6445.080679
10748,34733,26860,6445.113198
10749,34734,26861,6445.145194
10750,34735,26862,6445.176575
10751,34736,26862,6445.176575
10752,34737,26863,6445.208993
10753,34738,26864,6445.241476
10754,34739,26865,6445.273115
10755,34740,26865,6445.273115
10756,34741,26866,6445.320422
10757,34742,26867,6445.352321
10758,34743,26867,6445.352321
10759,34744,26868,6445.384009
10760,34745,26869,6445.416474
10761,34746,26870,6445.448304
10762,34747,26871,6445.481279
10763,34748,26871,6445.481279
10764,34749,26872,6445.512816
10765,34750,26873,6445.545148
10766,34751,26874,6445.576332
10767,34752,26875,6445.608662
10768,34753,26875,6445.608662
10769,34754,26876,6445.657074
10770,34755,26877,6445.688943
10771,34756,26877,6445.688943
10772,34757,26878,6445.720218
10773,34758,26879,6445.755281
10774,34759,26880,6445.785196
10775,34760,26881,6445.816724
10776,34761,26881,6445.816724
10777,34762,26882,6445.848711
10778,34763,26883,6445.882219
10779,34764,26884,6445.911423
10780,34765,26885,6445.946718
10781,34766,26885,6445.946718
10782,34767,26886,6445.976796
10783,34768,26887,6446.024924
10784,34769,26887,6446.024924
10785,34770,26888,6446.059157
10786,34771,26889,6446.088367
10787,34772,26890,6446.122017
10788,34773,26891,6446.153140
10789,34774,26891,6446.153140
10790,34775,26892,6446.184297
10791,34776,26893,6446.215283
10792,34777,26894,6446.248418
10793,34778,26895,6446.282860
10794,34779,26895,6446.282860
10795,34780,26896,6446.311938
10796,34781,26897,6446.361773
10797,34782,26897,6446.361773
10798,34783,26898,6446.393465
10799,34784,26899,6446.427681
10800,34785,26900,6446.459782
10801,34786,26901,6446.489297
10802,34787,26901,6446.489297
10803,34788,26902,6446.521033
10804,34789,26903,6446.552573
10805,34790,26904,6446.585678
10806,34791,26905,6446.617271
10807,34792,26905,6446.617271
10808,34793,26906,6446.648550
10809,34794,26907,6446.698403
10810,34795,26907,6446.698403
10811,34796,26908,6446.728121
10812,34797,26909,6446.760039
10813,34798,26910,6446.793239
10814,34799,26911,6446.825163
10815,34800,26911,6446.825163
10816,34801,26912,6446.856654
10817,34802,26913,6446.889914
10818,34803,26914,6446.923040
10819,34804,26915,6446.951877
10820,34805,26916,6446.985186
10821,34806,26916,6446.985186
10822,34807,26917,6447.034794
10823,34808,26917,6447.034794
10824,34809,26918,6447.066490
10825,34810,26919,6447.097276
10826,34811,26920,6447.128841
10827,34812,26921,6447.160338
10828,34813,26921,6447.160338
10829,34814,26922,6447.193378
10830,34815,26923,6447.225741
10831,34816,26924,6447.257431
10832,34817,26925,6447.290843
10833,34818,26925,6447.290843
10834,34819,26926,6447.319811
10835,34820,26927,6447.369076
10836,34821,26927,6447.369076
10837,34822,26928,6447.401783
10838,34823,26929,6447.434502
10839,34824,26930,6447.465304
10840,34825,26931,6447.497422
10841,34826,26931,6447.497422
10842,34827,26932,6447.530323
10843,34828,26933,6447.561208
10844,34829,26934,6447.592547
10845,34830,26935,6447.624494
10846,34831,26935,6447.624494
10847,34832,26936,6447.657481
10848,34833,26937,6447.688893
10849,34834,26937,6447.688893
10850,34835,26939,6447.742656
10851,34836,26939,6447.742656
10852,34837,26940,6447.802464
10853,34838,26941,6447.834020
10854,34839,26941,6447.834020
10855,34840,26942,6447.865520
10856,34841,26943,6447.896620
10857,34842,26944,6447.929412
10858,34843,26945,6447.962641
10859,34844,26946,6447.993294
10860,34845,26946,6447.993294
10861,34846,26947,6448.026238
10862,34847,26947,6448.026238
10863,34848,26948,6448.073203
10864,34849,26950,6448.109444
10865,34850,26951,6448.137420
10866,34851,26951,6448.137420
10867,34852,26952,6448.201622
10868,34853,26952,6448.201622
10869,34854,26953,6448.234041
10870,34855,26954,6448.265103
10871,34856,26955,6448.298722
10872,34857,26956,6448.328247
10873,34858,26956,6448.328247
10874,34859,26957,6448.360171
10875,34860,26958,6448.411275
10876,34861,26958,6448.411275
10877,34862,26960,6448.443719
10878,34863,26961,6448.475173
10879,34864,26962,6448.506920
10880,34865,26963,6448.538413
10881,34866,26963,6448.538413
10882,34867,26964,6448.569738
10883,34868,26964,6448.569738
10884,34869,26965,6448.634023
10885,34870,26966,6448.664186
10886,34871,26966,6448.664186
10887,34872,26967,6448.698786
10888,34873,26968,6448.746571
10889,34874,26968,6448.746571
10890,34875,26970,6448.781847
10891,34876,26971,6448.808997
10892,34877,26972,6448.841186
10893,34878,26973,6448.874391
10894,34879,26974,6448.905878
10895,34880,26974,6448.905878
10896,34881,26975,6448.937423
10897,34882,26975,6448.937423
10898,34883,26976,6449.003536
10899,34884,26977,6449.033242
10900,34885,26977,6449.033242
10901,34886,26978,6449.082923
10902,34887,26980,6449.117666
10903,34888,26981,6449.144904
10904,34889,26981,6449.144904
10905,34890,26982,6449.177107
10906,34891,26983,6449.211801
10907,34892,26984,6449.242530
10908,34893,26985,6449.276205
10909,34894,26986,6449.306972
10910,34895,26986,6449.306972
10911,34896,26987,6449.339358
10912,34897,26987,6449.339358
10913,34898,26988,6449.404088
10914,34899,26988,6449.404088
10915,34900,26990,6449.453249
10916,34901,26991,6449.483517
10917,34902,26992,6449.515051
10918,34903,26993,6449.547504
10919,34904,26994,6449.577597
10920,34905,26994,6449.577597
10921,34906,26995,6449.608836
10922,34907,26996,6449.644964
10923,34908,26997,6449.674985
10924,34909,26998,6449.707506
10925,34910,26999,6449.738408
10926,34911,26999,6449.738408
10927,34912,26999,6449.738408
10928,34913,26999,6449.738408
10929,34914,27001,6449.826105
10930,34915,27002,6449.850606
10931,34916,27003,6449.880504
10932,34917,27004,6449.918544
10933,34918,27005,6449.947153
10934,34919,27006,6449.978325
10935,34920,27007,6450.010907
10936,34921,27007,6450.010907
10937,34922,27008,6450.042637
10938,34923,27009,6450.075354
10939,34924,27009,6450.075354
10940,34925,27010,6450.122087
10941,34926,27011,6450.153862
10942,34927,27012,6450.187286
10943,34928,27013,6450.221066
10944,34929,27014,6450.250787
10945,34930,27015,6450.283690
10946,34931,27015,6450.283690
10947,34932,27016,6450.316293
10948,34933,27017,6450.344305
10949,34934,27018,6450.380773
10950,34935,27019,6450.412597
10951,34936,27019,6450.412597
10952,34937,27020,6450.459633
10953,34938,27021,6450.492538
10954,34939,27022,6450.525468
10955,34940,27023,6450.556667
10956,34941,27024,6450.587510
10957,34942,27024,6450.587510
10958,34943,27025,6450.620706
10959,34944,27026,6450.651584
10960,34945,27027,6450.683255
10961,34946,27028,6450.715567
10962,34947,27029,6450.747200
10963,34948,27029,6450.747200
10964,34949,27030,6450.794441
10965,34950,27031,6450.827855
10966,34951,27032,6450.859705
10967,34952,27033,6450.893394
10968,34953,27034,6450.925382
10969,34954,27035,6450.955185
10970,34955,27036,6450.987470
10971,34956,27036,6450.987470
10972,34957,27037,6451.017788
10973,34958,27038,6451.051704
10974,34959,27039,6451.083545
10975,34960,27039,6451.083545
10976,34961,27040,6451.129433
10977,34962,27041,6451.163118
10978,34963,27042,6451.193526
10979,34964,27043,6451.228272
10980,34965,27044,6451.260774
10981,34966,27045,6451.292622
10982,34967,27045,6451.292622
10983,34968,27046,6451.323678
10984,34969,27047,6451.355216
10985,34970,27048,6451.385443
10986,34971,27049,6451.419355
10987,34972,27050,6451.451689
10988,34973,27050,6451.451689
10989,34974,27051,6451.499035
10990,34975,27052,6451.531719
10991,34976,27053,6451.564357
10992,34977,27054,6451.595758
10993,34978,27055,6451.625680
10994,34979,27055,6451.625680
10995,34980,27056,6451.659021
10996,34981,27057,6451.690599
10997,34982,27058,6451.723003
10998,34983,27059,6451.754366
10999,34984,27060,6451.783930
11000,34985,27060,6451.783930
11001,34986,27061,6451.837502
11002,34987,27062,6451.865595
11003,34988,27062,6451.865595
11004,34989,27063,6451.898605
11005,34990,27064,6451.929600
11006,34991,27065,6451.961774
11007,34992,27066,6451.994026
11008,34993,27067,6452.024377
11009,34994,27067,6452.024377
11010,34995,27068,6452.056370
11011,34996,27069,6452.092101
11012,34997,27070,6452.121984
11013,34998,27070,6452.121984
11014,34999,27071,6452.168726
11015,35000,27072,6452.200134
11016,35001,27073,6452.232782
11017,35002,27073,6452.232782
11018,35003,27074,6452.264915
11019,35004,27075,6452.297212
11020,35005,27076,6452.329332
11021,35006,27077,6452.361515
11022,35007,27077,6452.361515
11023,35008,27078,6452.393268
11024,35009,27079,6452.425626
11025,35010,27080,6452.458868
11026,35011,27080,6452.458868
11027,35012,27081,6452.505723
11028,35013,27083,6452.538771
11029,35014,27083,6452.538771
11030,35015,27083,6452.538771
11031,35016,27084,6452.601335
11032,35017,27085,6452.635112
11033,35018,27086,6452.664917
11034,35019,27087,6452.697911
11035,35020,27087,6452.697911
11036,35021,27088,6452.728533
11037,35022,27089,6452.761250
11038,35023,27090,6452.792938
11039,35024,27090,6452.792938
11040,35025,27091,6452.840654
11041,35026,27093,6452.875749
11042,35027,27094,6452.905382
11043,35028,27094,6452.905382
11044,35029,27095,6452.935841
11045,35030,27096,6452.970475
11046,35031,27096,6452.970475
11047,35032,27097,6453.034142
11048,35033,27097,6453.034142
11049,35034,27098,6453.065455
11050,35035,27099,6453.097684
11051,35036,27100,6453.129385
11052,35037,27101,6453.161871
11053,35038,27101,6453.161871
11054,35039,27102,6453.209074
11055,35040,27104,6453.242877
11056,35041,27104,6453.242877
11057,35042,27105,6453.273882
11058,35043,27106,6453.306213
11059,35044,27107,6453.337568
11060,35045,27107,6453.337568
11061,35046,27107,6453.337568
11062,35047,27108,6453.400246
11063,35048,27109,6453.433909
11064,35049,27110,6453.465343
11065,35050,27111,6453.496965
11066,35051,27111,6453.496965
11067,35052,27112,6453.544290
11068,35053,27114,6453.578956
11069,35054,27114,6453.578956
11070,35055,27115,6453.609811
11071,35056,27116,6453.642386
11072,35057,27117,6453.673101
11073,35058,27118,6453.705164
11074,35059,27118,6453.705164
11075,35060,27119,6453.737804
11076,35061,27119,6453.737804
11077,35062,27120,6453.800636
11078,35063,27121,6453.834982
11079,35064,27121,6453.834982
11080,35065,27122,6453.881309
11081,35066,27123,6453.914903
11082,35067,27124,6453.918066
11083,35068,27125,6453.944184
11084,35069,27126,6453.977511
11085,35070,27127,6454.008691
11086,35071,27128,6454.039755
11087,35072,27129,6454.072338
11088,35073,27129,6454.072338
11089,35074,27130,6454.106303
11090,35075,27131,6454.138287
11091,35076,27131,6454.138287
11092,35077,27131,6454.138287
11093,35078,27132,6454.216778
11094,35079,27134,6454.253894
11095,35080,27135,6454.279457
11096,35081,27135,6454.279457
11097,35082,27136,6454.312481
11098,35083,27137,6454.345065
11099,35084,27138,6454.379050
11100,35085,27139,6454.408474
11101,35086,27139,6454.408474
11102,35087,27140,6454.440206
11103,35088,27141,6454.475065
11104,35089,27142,6454.505334
11105,35090,27142,6454.505334
11106,35091,27143,6454.555031
11107,35092,27144,6454.584923
11108,35093,27145,6454.616453
11109,35094,27145,6454.616453
11110,35095,27146,6454.650205
11111,35096,27147,6454.681712
11112,35097,27148,6454.714242
11113,35098,27149,6454.745269
11114,35099,27149,6454.745269
11115,35100,27150,6454.776492
11116,35101,27151,6454.808357
11117,35102,27152,6454.842666
11118,35103,27153,6454.872466
11119,35104,27153,6454.872466
11120,35105,27154,6454.921129
11121,35106,27155,6454.952302
11122,35107,27155,6454.952302
11123,35108,27156,6454.985412
11124,35109,27157,6455.017923
11125,35110,27158,6455.051084
11126,35111,27159,6455.082811
11127,35112,27159,6455.082811
11128,35113,27160,6455.112712
11129,35114,27161,6455.143776
11130,35115,27162,6455.177518
11131,35116,27163,6455.209493
11132,35117,27163,6455.209493
11133,35118,27164,6455.259368
11134,35119,27165,6455.288046
11135,35120,27165,6455.288046
11136,35121,27166,6455.322074
11137,35122,27167,6455.352012
11138,35123,27168,6455.385197
11139,35124,27169,6455.417230
11140,35125,27169,6455.417230
11141,35126,27170,6455.448361
11142,35127,27171,6455.481605
11143,35128,27172,6455.513472
11144,35129,27173,6455.545196
11145,35130,27173,6455.545196
11146,35131,27174,6455.594222
11147,35132,27175,6455.625609
11148,35133,27175,6455.625609
11149,35134,27176,6455.657136
11150,35135,27177,6455.688297
11151,35136,27178,6455.722930
11152,35137,27179,6455.752313
11153,35138,27180,6455.785014
11154,35139,27180,6455.785014
11155,35140,27181,6455.817733
11156,35141,27182,6455.849240
11157,35142,27183,6455.882293
11158,35143,27183,6455.882293
11159,35144,27184,6455.930266
11160,35145,27185,6455.961031
11161,35146,27185,6455.961031
11162,35147,27186,6455.994419
11163,35148,27187,6456.024837
11164,35149,27188,6456.059002
11165,35150,27189,6456.089943
11166,35151,27190,6456.120670
11167,35152,27190,6456.120670
11168,35153,27191,6456.153443
11169,35154,27192,6456.185738
11170,35155,27193,6456.215267
11171,35156,27193,6456.215267
11172,35157,27194,6456.264965
11173,35158,27195,6456.297502
11174,35159,27196,6456.330898
11175,35160,27196,6456.330898
11176,35161,27197,6456.363356
11177,35162,27198,6456.392069
11178,35163,27199,6456.426356
11179,35164,27200,6456.457154
11180,35165,27200,6456.457154
11181,35166,27201,6456.490197
11182,35167,27202,6456.525422
11183,35168,27203,6456.553960
11184,35169,27204,6456.585024
11185,35170,27204,6456.585024
11186,35171,27205,6456.634007
11187,35172,27206,6456.665510
11188,35173,27206,6456.665510
11189,35174,27207,6456.696921
11190,35175,27208,6456.729134
11191,35176,27209,6456.760900
11192,35177,27210,6456.792017
11193,35178,27210,6456.792017
11194,35179,27211,6456.825266
11195,35180,27212,6456.859006
11196,35181,27213,6456.890542
11197,35182,27214,6456.920912
11198,35183,27214,6456.920912
11199,35184,27215,6456.969021
11200,35185,27216,6457.005875
11201,35186,27217,6457.036513
11202,35187,27218,6457.065620
11203,35188,27218,6457.065620
11204,35189,27219,6457.098902
11205,35190,27220,6457.129540
11206,35191,27221,6457.164981
11207,35192,27222,6457.194355
11208,35193,27223,6457.225132
11209,35194,27224,6457.256463
11210,35195,27224,6457.256463
11211,35196,27225,6457.305605
11212,35197,27225,6457.305605
11213,35198,27227,6457.343181
11214,35199,27227,6457.343181
11215,35200,27228,6457.401256
11216,35201,27229,6457.436337
11217,35202,27230,6457.467419
11218,35203,27231,6457.497774
11219,35204,27231,6457.497774
11220,35205,27232,6457.531317
11221,35206,27233,6457.561295
11222,35207,27234,6457.593912
11223,35208,27234,6457.593912
11224,35209,27235,6457.640418
11225,35210,27237,6457.675351
11226,35211,27238,6457.705514
11227,35212,27239,6457.735037
11228,35213,27239,6457.735037
11229,35214,27239,6457.735037
11230,35215,27240,6457.802205
11231,35216,27241,6457.835120
11232,35217,27242,6457.867061
11233,35218,27243,6457.899026
11234,35219,27243,6457.899026
11235,35220,27244,6457.928272
11236,35221,27245,6457.977513
11237,35222,27245,6457.977513
11238,35223,27247,6458.012368
11239,35224,27248,6458.042773
11240,35225,27249,6458.073769
11241,35226,27250,6458.105593
11242,35227,27250,6458.105593
11243,35228,27251,6458.136727
11244,35229,27251,6458.136727
11245,35230,27252,6458.202014
11246,35231,27253,6458.234323
11247,35232,27253,6458.234323
11248,35233,27254,6458.267468
11249,35234,27255,6458.298917
11250,35235,27256,6458.345228
11251,35236,27257,6458.348326
11252,35237,27258,6458.376341
11253,35238,27259,6458.409521
11254,35239,27260,6458.441531
11255,35240,27261,6458.472578
11256,35241,27261,6458.472578
11257,35242,27262,6458.505860
11258,35243,27263,6458.538581
11259,35244,27264,6458.568926
11260,35245,27264,6458.568926
11261,35246,27265,6458.632270
11262,35247,27265,6458.632270
11263,35248,27266,6458.683047
11264,35249,27266,6458.683047
11265,35250,27268,6458.716398
11266,35251,27269,6458.747362
11267,35252,27270,6458.776855
11268,35253,27271,6458.809278
11269,35254,27272,6458.843057
11270,35255,27272,6458.843057
11271,35256,27273,6458.873442
11272,35257,27274,6458.906385
11273,35258,27275,6458.938036
11274,35259,27275,6458.938036
11275,35260,27275,6458.938036
11276,35261,27276,6459.016799
11277,35262,27277,6459.049875
11278,35263,27278,6459.052063
11279,35264,27279,6459.081541
11280,35265,27280,6459.113680
11281,35266,27281,6459.146129
11282,35267,27282,6459.177547
11283,35268,27282,6459.177547
11284,35269,27283,6459.209276
11285,35270,27284,6459.242686
11286,35271,27285,6459.273833
11287,35272,27286,6459.305235
11288,35273,27286,6459.305235
11289,35274,27287,6459.352553
11290,35275,27288,6459.385416
11291,35276,27288,6459.385416
11292,35277,27289,6459.415351
11293,35278,27290,6459.450300
11294,35279,27291,6459.483412
11295,35280,27292,6459.512853
11296,35281,27292,6459.512853
11297,35282,27293,6459.544460
11298,35283,27294,6459.579155
11299,35284,27295,6459.609932
11300,35285,27296,6459.642635
11301,35286,27296,6459.642635
11302,35287,27297,6459.689057
11303,35288,27298,6459.721972
11304,35289,27298,6459.721972
11305,35290,27299,6459.753523
11306,35291,27300,6459.784646
11307,35292,27301,6459.816860
11308,35293,27302,6459.848887
11309,35294,27302,6459.848887
11310,35295,27303,6459.881314
11311,35296,27304,6459.912200
11312,35297,27305,6459.945523
11313,35298,27306,6459.979056
11314,35299,27306,6459.979056
11315,35300,27307,6460.026211
11316,35301,27308,6460.058763
11317,35302,27308,6460.058763
11318,35303,27309,6460.088420
11319,35304,27310,6460.123446
11320,35305,27311,6460.153897
11321,35306,27312,6460.185076
11322,35307,27312,6460.185076
11323,35308,27313,6460.218843
11324,35309,27314,6460.248644
11325,35310,27315,6460.282181
11326,35311,27316,6460.313677
11327,35312,27317,6460.344859
11328,35313,27317,6460.344859
11329,35314,27318,6460.393318
11330,35315,27319,6460.423690
11331,35316,27319,6460.423690
11332,35317,27320,6460.456785
11333,35318,27321,6460.490100
11334,35319,27322,6460.522277
11335,35320,27323,6460.552418
11336,35321,27323,6460.552418
11337,35322,27324,6460.585420
11338,35323,27325,6460.617286
11339,35324,27326,6460.651115
11340,35325,27327,6460.681418
11341,35326,27327,6460.681418
11342,35327,27328,6460.729374
11343,35328,27329,6460.761788
11344,35329,27329,6460.761788
11345,35330,27330,6460.794573
11346,35331,27331,6460.825355
11347,35332,27332,6460.858459
11348,35333,27333,6460.889697
11349,35334,27334,6460.920919
11350,35335,27334,6460.920919
11351,35336,27335,6460.952713
11352,35337,27336,6460.985216
11353,35338,27337,6461.021652
11354,35339,27337,6461.021652
11355,35340,27338,6461.066003
11356,35341,27339,6461.100488
11357,35342,27340,6461.131675
11358,35343,27341,6461.165235
11359,35344,27342,6461.195554
11360,35345,27342,6461.195554
11361,35346,27343,6461.225143
11362,35347,27344,6461.255967
11363,35348,27345,6461.291691
11364,35349,27346,6461.322840
11365,35350,27347,6461.354330
11366,35351,27347,6461.354330
11367,35352,27348,6461.403518
11368,35353,27349,6461.435537
11369,35354,27350,6461.465191
11370,35355,27350,6461.465191
11371,35356,27351,6461.499134
11372,35357,27352,6461.530391
11373,35358,27353,6461.562443
11374,35359,27354,6461.595112
11375,35360,27355,6461.625692
11376,35361,27355,6461.625692
11377,35362,27356,6461.656872
11378,35363,27357,6461.689097
11379,35364,27357,6461.689097
11380,35365,27358,6461.736588
11381,35366,27360,6461.773401
11382,35367,27360,6461.773401
11383,35368,27361,6461.832608
11384,35369,27361,6461.832608
11385,35370,27362,6461.864000
11386,35371,27363,6461.898643
11387,35372,27364,6461.931331
11388,35373,27365,6461.962444
11389,35374,27365,6461.962444
11390,35375,27366,6461.992759
11391,35376,27367,6462.026537
11392,35377,27368,6462.058452
11393,35378,27368,6462.058452
11394,35379,27369,6462.107184
11395,35380,27371,6462.141454
11396,35381,27371,6462.141454
11397,35382,27371,6462.141454
11398,35383,27372,6462.200559
11399,35384,27373,6462.235106
11400,35385,27374,6462.265341
11401,35386,27375,6462.297463
11402,35387,27376,6462.330022
11403,35388,27376,6462.330022
11404,35389,27377,6462.359481
11405,35390,27378,6462.391015
11406,35391,27378,6462.391015
11407,35392,27379,6462.441731
11408,35393,27381,6462.474894
11409,35394,27382,6462.505103
11410,35395,27383,6462.537191
11411,35396,27383,6462.537191
11412,35397,27383,6462.537191
11413,35398,27384,6462.601950
11414,35399,27385,6462.631807
11415,35400,27386,6462.665009
11416,35401,27386,6462.665009
11417,35402,27387,6462.696628
11418,35403,27388,6462.728834
11419,35404,27388,6462.728834
11420,35405,27389,6462.776352
11421,35406,27391,6462.813002
11422,35407,27392,6462.841764
11423,35408,27393,6462.874902
11424,35409,27393,6462.874902
11425,35410,27394,6462.904168
11426,35411,27395,6462.936865
11427,35412,27396,6462.968879
11428,35413,27396,6462.968879
11429,35414,27397,6463.031758
11430,35415,27397,6463.031758
11431,35416,27398,6463.064860
11432,35417,27398,6463.064860
11433,35418,27399,6463.113554
11434,35419,27401,6463.148815
11435,35420,27402,6463.176862
11436,35421,27403,6463.208217
11437,35422,27403,6463.208217
11438,35423,27404,6463.241985
11439,35424,27405,6463.272456
11440,35425,27406,6463.305421
11441,35426,27407,6463.336447
11442,35427,27407,6463.336447
11443,35428,27407,6463.336447
11444,35429,27408,6463.401264
11445,35430,27408,6463.401264
11446,35431,27409,6463.448946
11447,35432,27411,6463.488042
11448,35433,27412,6463.514198
11449,35434,27413,6463.546956
11450,35435,27413,6463.546956
11451,35436,27414,6463.577512
11452,35437,27415,6463.610070
11453,35438,27416,6463.642977
11454,35439,27417,6463.675504
11455,35440,27418,6463.706242
11456,35441,27418,6463.706242
11457,35442,27419,6463.737986
11458,35443,27419,6463.737986
11459,35444,27419,6463.737986
11460,35445,27420,6463.817367
11461,35446,27422,6463.852315
11462,35447,27423,6463.881589
11463,35448,27424,6463.912594
11464,35449,27424,6463.912594
11465,35450,27425,6463.944157
11466,35451,27426,6463.975744
11467,35452,27427,6464.008200
11468,35453,27428,6464.041325
11469,35454,27428,6464.041325
11470,35455,27429,6464.071919
11471,35456,27430,6464.105195
11472,35457,27430,6464.105195
11473,35458,27431,6464.153212
11474,35459,27432,6464.185254
11475,35460,27433,6464.216563
11476,35461,27434,6464.248791
11477,35462,27434,6464.248791
11478,35463,27435,6464.281799
11479,35464,27436,6464.311968
11480,35465,27437,6464.345842
11481,35466,27438,6464.377022
11482,35467,27438,6464.377022
11483,35468,27439,6464.409840
11484,35469,27440,6464.440440
11485,35470,27440,6464.440440
11486,35471,27441,6464.489068
11487,35472,27442,6464.521264
11488,35473,27443,6464.552389
11489,35474,27444,6464.585012
11490,35475,27444,6464.585012
11491,35476,27445,6464.616350
11492,35477,27446,6464.649298
11493,35478,27447,6464.680909
11494,35479,27448,6464.712665
11495,35480,27448,6464.712665
11496,35481,27449,6464.743972
11497,35482,27450,6464.777168
11498,35483,27450,6464.777168
11499,35484,27451,6464.827006
11500,35485,27452,6464.858472
11501,35486,27453,6464.889191
11502,35487,27454,6464.920336
11503,35488,27454,6464.920336
11504,35489,27455,6464.953568
11505,35490,27456,6464.985281
11506,35491,27457,6465.015144
11507,35492,27458,6465.050742
11508,35493,27458,6465.050742
11509,35494,27459,6465.081245
11510,35495,27460,6465.113209
11511,35496,27460,6465.113209
11512,35497,27461,6465.160744
11513,35498,27462,6465.193314
11514,35499,27463,6465.224638
11515,35500,27464,6465.256250
11516,35501,27464,6465.256250
11517,35502,27465,6465.288041
11518,35503,27466,6465.321227
11519,35504,27467,6465.350685
11520,35505,27468,6465.385019
11521,35506,27468,6465.385019
11522,35507,27469,6465.417216
11523,35508,27470,6465.450571
11524,35509,27471,6465.480658
11525,35510,27471,6465.480658
11526,35511,27472,6465.527466
11527,35512,27473,6465.561182
11528,35513,27473,6465.561182
11529,35514,27474,6465.594694
11530,35515,27475,6465.625154
11531,35516,27476,6465.657798
11532,35517,27477,6465.689166
11533,35518,27478,6465.721315
11534,35519,27478,6465.721315
11535,35520,27479,6465.753820
11536,35521,27480,6465.785485
11537,35522,27481,6465.817154
11538,35523,27481,6465.817154
11539,35524,27482,6465.865394
11540,35525,27483,6465.897047
11541,35526,27484,6465.927579
11542,35527,27484,6465.927579
11543,35528,27485,6465.961451
11544,35529,27486,6465.992936
11545,35530,27487,6466.025218
11546,35531,27488,6466.056319
11547,35532,27488,6466.056319
11548,35533,27489,6466.088257
11549,35534,27490,6466.121562
11550,35535,27491,6466.153566
11551,35536,27491,6466.153566
11552,35537,27492,6466.201734
11553,35538,27493,6466.233184
11554,35539,27494,6466.265156
11555,35540,27494,6466.265156
11556,35541,27495,6466.297016
11557,35542,27496,6466.327417
11558,35543,27497,6466.361379
11559,35544,27497,6466.361379
11560,35545,27498,6466.394916
11561,35546,27499,6466.424912
11562,35547,27500,6466.456871
11563,35548,27501,6466.488906
11564,35549,27501,6466.488906
11565,35550,27502,6466.536714
11566,35551,27503,6466.568908
11567,35552,27504,6466.600159
11568,35553,27504,6466.600159
11569,35554,27505,6466.631895
11570,35555,27506,6466.665864
11571,35556,27507,6466.696919
11572,35557,27508,6466.728341
11573,35558,27508,6466.728341
11574,35559,27509,6466.760899
11575,35560,27510,6466.793717
11576,35561,27511,6466.825330
11577,35562,27511,6466.825330
11578,35563,27512,6466.872573
11579,35564,27514,6466.907329
11580,35565,27515,6466.936125
11581,35566,27515,6466.936125
11582,35567,27515,6466.936125
11583,35568,27516,6467.001273
11584,35569,27517,6467.031264
11585,35570,27518,6467.065044
11586,35571,27518,6467.065044
11587,35572,27519,6467.096227
11588,35573,27520,6467.129066
11589,35574,27521,6467.161456
11590,35575,27522,6467.192762
11591,35576,27522,6467.192762
11592,35577,27524,6467.244150
11593,35578,27524,6467.244150
11594,35579,27525,6467.272852
11595,35580,27526,6467.305130
11596,35581,27527,6467.337155
11597,35582,27527,6467.337155
11598,35583,27528,6467.400620
11599,35584,27528,6467.400620
11600,35585,27529,6467.431786
11601,35586,27530,6467.466927
11602,35587,27531,6467.495278
11603,35588,27532,6467.529266
11604,35589,27532,6467.529266
11605,35590,27533,6467.578442
11606,35591,27533,6467.578442
11607,35592,27535,6467.612266
11608,35593,27536,6467.640575
11609,35594,27537,6467.675031
11610,35595,27538,6467.703284
11611,35596,27539,6467.737193
11612,35597,27539,6467.737193
11613,35598,27540,6467.769759
11614,35599,27540,6467.769759
11615,35600,27541,6467.833243
11616,35601,27542,6467.864833
11617,35602,27542,6467.864833
11618,35603,27543,6467.914350
11619,35604,27543,6467.914350
11620,35605,27545,6467.948260
11621,35606,27546,6467.978178
11622,35607,27547,6468.007636
11623,35608,27548,6468.041696
11624,35609,27549,6468.072261
11625,35610,27549,6468.072261
11626,35611,27550,6468.105065
11627,35612,27551,6468.136877
11628,35613,27552,6468.200239
11629,35614,27552,6468.200239
11630,35615,27553,6468.249328
11631,35616,27555,6468.285058
11632,35617,27556,6468.314049
11633,35618,27557,6468.345094
11634,35619,27557,6468.345094
11635,35620,27558,6468.376176
11636,35621,27559,6468.408104
11637,35622,27560,6468.440247
11638,35623,27561,6468.472993
11639,35624,27561,6468.472993
11640,35625,27562,6468.503642
11641,35626,27563,6468.535626
11642,35627,27563,6468.535626
11643,35628,27563,6468.535626
11644,35629,27565,6468.619427
11645,35630,27566,6468.649293
11646,35631,27567,6468.681122
11647,35632,27567,6468.681122
11648,35633,27568,6468.713705
11649,35634,27569,6468.744515
11650,35635,27570,6468.777150
11651,35636,27571,6468.810984
11652,35637,27571,6468.810984
11653,35638,27572,6468.839880
11654,35639,27573,6468.872635
11655,35640,27574,6468.905113
11656,35641,27574,6468.905113
11657,35642,27575,6468.954668
11658,35643,27576,6468.987378
11659,35644,27577,6469.016725
11660,35645,27577,6469.016725
11661,35646,27578,6469.048948
11662,35647,27579,6469.083095
11663,35648,27580,6469.112009
11664,35649,27581,6469.147292
11665,35650,27581,6469.147292
11666,35651,27582,6469.176450
11667,35652,27583,6469.208140
11668,35653,27584,6469.241470
11669,35654,27584,6469.241470
11670,35655,27585,6469.288925
11671,35656,27586,6469.322137
11672,35657,27587,6469.352101
11673,35658,27587,6469.352101
11674,35659,27588,6469.385048
11675,35660,27589,6469.417155
11676,35661,27590,6469.449050
11677,35662,27591,6469.480241
11678,35663,27591,6469.480241
11679,35664,27592,6469.513363
11680,35665,27593,6469.545090
11681,35666,27594,6469.576897
11682,35667,27594,6469.576897
11683,35668,27595,6469.625711
11684,35669,27596,6469.657316
11685,35670,27597,6469.689178
11686,35671,27597,6469.689178
11687,35672,27598,6469.722105
11688,35673,27599,6469.751918
11689,35674,27600,6469.784375
11690,35675,27601,6469.817133
11691,35676,27601,6469.817133
11692,35677,27602,6469.847340
11693,35678,27603,6469.880413
11694,35679,27604,6469.911454
11695,35680,27604,6469.911454
11696,35681,27605,6469.960867
11697,35682,27606,6469.993012
11698,35683,27607,6470.025528
11699,35684,27607,6470.025528
11700,35685,27608,6470.057235
11701,35686,27609,6470.088985
11702,35687,27610,6470.121658
11703,35688,27611,6470.152615
11704,35689,27611,6470.152615
11705,35690,27612,6470.185264
11706,35691,27613,6470.216567
11707,35692,27614,6470.250062
11708,35693,27614,6470.250062
11709,35694,27615,6470.296644
11710,35695,27616,6470.328984
11711,35696,27617,6470.360292
11712,35697,27617,6470.360292
11713,35698,27618,6470.393609
11714,35699,27619,6470.425682
11715,35700,27620,6470.457514
11716,35701,27621,6470.489432
11717,35702,27621,6470.489432
11718,35703,27622,6470.521125
11719,35704,27623,6470.553804
11720,35705,27624,6470.585306
11721,35706,27624,6470.585306
11722,35707,27625,6470.633058
11723,35708,27626,6470.664077
11724,35709,27627,6470.697135
11725,35710,27627,6470.697135
11726,35711,27628,6470.727940
11727,35712,27629,6470.761734
11728,35713,27630,6470.793747
11729,35714,27631,6470.825277
11730,35715,27631,6470.825277
11731,35716,27632,6470.857550
11732,35717,27635,6470.950545
11733,35718,27635,6470.950545
11734,35719,27636,6471.001032
11735,35720,27637,6471.033305
11736,35721,27637,6471.033305
11737,35722,27638,6471.065313
11738,35723,27639,6471.097429
11739,35724,27640,6471.128044
11740,35725,27641,6471.163433
11741,35726,27641,6471.163433
11742,35727,27642,6471.192499
11743,35728,27643,6471.224205
11744,35729,27644,6471.258717
11745,35730,27645,6471.287541
11746,35731,27645,6471.287541
11747,35732,27646,6471.336496
11748,35733,27647,6471.368422
11749,35734,27647,6471.368422
11750,35735,27648,6471.399293
11751,35736,27649,6471.433939
11752,35737,27650,6471.465364
11753,35738,27651,6471.496814
11754,35739,27651,6471.496814
11755,35740,27652,6471.528379
11756,35741,27653,6471.561627
11757,35742,27654,6471.593415
11758,35743,27655,6471.625077
11759,35744,27655,6471.625077
11760,35745,27656,6471.673779
11761,35746,27658,6471.708057
11762,35747,27659,6471.735915
11763,35748,27659,6471.735915
11764,35749,27659,6471.735915
11765,35750,27660,6471.801362
11766,35751,27661,6471.834443
11767,35752,27662,6471.865332
11768,35753,27662,6471.865332
11769,35754,27663,6471.897226
11770,35755,27664,6471.930498
11771,35756,27665,6471.960138
11772,35757,27665,6471.960138
11773,35758,27666,6472.008853
11774,35759,27668,6472.043903
11775,35760,27668,6472.043903
11776,35761,27669,6472.072488
11777,35762,27670,6472.103991
11778,35763,27671,6472.135441
11779,35764,27671,6472.135441
11780,35765,27671,6472.135441
11781,35766,27672,6472.200433
11782,35767,27673,6472.231931
11783,35768,27674,6472.265181
11784,35769,27675,6472.297718
11785,35770,27675,6472.297718
11786,35771,27676,6472.345937
11787,35772,27678,6472.378496
11788,35773,27678,6472.378496
11789,35774,27679,6472.408684
11790,35775,27680,6472.440406
11791,35776,27681,6472.472949
11792,35777,27682,6472.504844
11793,35778,27682,6472.504844
11794,35779,27683,6472.537014
11795,35780,27683,6472.537014
11796,35781,27684,6472.601125
11797,35782,27685,6472.633982
11798,35783,27685,6472.633982
11799,35784,27686,6472.664921
11800,35785,27687,6472.715192
11801,35786,27687,6472.715192
11802,35787,27689,6472.747893
11803,35788,27690,6472.777363
11804,35789,27691,6472.809217
11805,35790,27692,6472.841166
11806,35791,27692,6472.841166
11807,35792,27693,6472.873963
11808,35793,27694,6472.907186
11809,35794,27695,6472.938744
11810,35795,27695,6472.938744
11811,35796,27695,6472.938744
11812,35797,27696,6473.000933
11813,35798,27697,6473.048935
11814,35799,27697,6473.048935
11815,35800,27699,6473.081918
11816,35801,27700,6473.114916
11817,35802,27701,6473.145188
11818,35803,27702,6473.177972
11819,35804,27702,6473.177972
11820,35805,27703,6473.209726
11821,35806,27704,6473.239912
11822,35807,27705,6473.274971
11823,35808,27706,6473.305158
11824,35809,27707,6473.338071
11825,35810,27707,6473.338071
11826,35811,27708,6473.385001
11827,35812,27708,6473.385001
11828,35813,27709,6473.416370
11829,35814,27710,6473.448673
11830,35815,27711,6473.481693
11831,35816,27712,6473.511953
11832,35817,27713,6473.544202
11833,35818,27713,6473.544202
11834,35819,27714,6473.576002
11835,35820,27715,6473.608847
11836,35821,27716,6473.642127
11837,35822,27717,6473.672865
11838,35823,27717,6473.672865
11839,35824,27718,6473.722120
11840,35825,27718,6473.722120
11841,35826,27719,6473.751677
11842,35827,27720,6473.784175
11843,35828,27721,6473.816648
11844,35829,27722,6473.849780
11845,35830,27723,6473.880155
11846,35831,27723,6473.880155
11847,35832,27724,6473.911694
11848,35833,27725,6473.945507
11849,35834,27726,6473.975196
11850,35835,27727,6474.009083
11851,35836,27727,6474.009083
11852,35837,27728,6474.056817
11853,35838,27728,6474.056817
11854,35839,27729,6474.089028
11855,35840,27730,6474.121560
11856,35841,27731,6474.152025
11857,35842,27732,6474.182952
11858,35843,27733,6474.216826
11859,35844,27733,6474.216826
11860,35845,27734,6474.247667
11861,35846,27735,6474.281385
11862,35847,27736,6474.311904
11863,35848,27737,6474.343947
11864,35849,27737,6474.343947
11865,35850,27738,6474.376563
11866,35851,27738,6474.376563
11867,35852,27739,6474.424241
11868,35853,27740,6474.457081
11869,35854,27741,6474.489029
11870,35855,27742,6474.520744
11871,35856,27742,6474.520744
11872,35857,27743,6474.553387
11873,35858,27744,6474.584960
11874,35859,27745,6474.617405
11875,35860,27746,6474.649796
11876,35861,27747,6474.680651
11877,35862,27747,6474.680651
11878,35863,27748,6474.712773
11879,35864,27748,6474.712773
11880,35865,27749,6474.760357
11881,35866,27750,6474.792012
11882,35867,27751,6474.824001
11883,35868,27752,6474.857336
11884,35869,27753,6474.887353
11885,35870,27753,6474.887353
11886,35871,27754,6474.921041
11887,35872,27755,6474.952563
11888,35873,27756,6474.983780
11889,35874,27757,6475.017257
11890,35875,27757,6475.017257
11891,35876,27758,6475.049267
11892,35877,27759,6475.094985
11893,35878,27759,6475.094985
11894,35879,27760,6475.129173
11895,35880,27761,6475.161891
11896,35881,27762,6475.194178
11897,35882,27763,6475.224796
11898,35883,27763,6475.224796
11899,35884,27764,6475.256826
11900,35885,27765,6475.288545
11901,35886,27766,6475.321224
11902,35887,27767,6475.352498
11903,35888,27767,6475.352498
11904,35889,27768,6475.383454
11905,35890,27768,6475.383454
11906,35891,27769,6475.432402
11907,35892,27770,6475.464157
11908,35893,27771,6475.498353
11909,35894,27772,6475.529217
11910,35895,27772,6475.529217
11911,35896,27773,6475.560929
11912,35897,27774,6475.592730
11913,35898,27775,6475.624800
11914,35899,27776,6475.656855
11915,35900,27777,6475.687827
11916,35901,27777,6475.687827
11917,35902,27778,6475.720559
11918,35903,27778,6475.720559
11919,35904,27779,6475.767576
11920,35905,27780,6475.801768
11921,35906,27781,6475.832479
11922,35907,27782,6475.865775
11923,35908,27782,6475.865775
11924,35909,27783,6475.896358
11925,35910,27784,6475.928798
11926,35911,27785,6475.961736
11927,35912,27786,6475.992174
11928,35913,27786,6475.992174
11929,35914,27787,6476.025108
11930,35915,27788,6476.055642
11931,35916,27789,6476.088652
11932,35917,27789,6476.088652
11933,35918,27791,6476.142065
11934,35919,27792,6476.171295
11935,35920,27792,6476.171295
11936,35921,27792,6476.171295
11937,35922,27793,6476.233689
11938,35923,27794,6476.265174
11939,35924,27795,6476.297164
11940,35925,27796,6476.328505
11941,35926,27796,6476.328505
11942,35927,27797,6476.362375
11943,35928,27798,6476.392862
11944,35929,27799,6476.424144
11945,35930,27799,6476.424144
11946,35931,27800,6476.473618
11947,35932,27802,6476.507588
11948,35933,27803,6476.536873
11949,35934,27803,6476.536873
11950,35935,27803,6476.536873
11951,35936,27804,6476.599715
11952,35937,27805,6476.633973
11953,35938,27806,6476.664053
11954,35939,27806,6476.664053
11955,35940,27807,6476.696185
11956,35941,27808,6476.730072
11957,35942,27809,6476.761784
11958,35943,27809,6476.761784
11959,35944,27810,6476.808028
11960,35945,27812,6476.844079
11961,35946,27813,6476.874196
11962,35947,27813,6476.874196
11963,35948,27814,6476.902456
11964,35949,27815,6476.936263
11965,35950,27815,6476.936263
11966,35951,27816,6477.000327
11967,35952,27816,6477.000327
11968,35953,27817,6477.031970
11969,35954,27818,6477.065400
11970,35955,27819,6477.097583
11971,35956,27819,6477.097583
11972,35957,27820,6477.144194
11973,35958,27822,6477.179510
11974,35959,27823,6477.209050
11975,35960,27823,6477.209050
11976,35961,27824,6477.240015
11977,35962,27825,6477.271935
11978,35963,27826,6477.305219
11979,35964,27827,6477.336594
11980,35965,27827,6477.336594
11981,35966,27827,6477.336594
11982,35967,27828,6477.403615
11983,35968,27829,6477.433820
11984,35969,27829,6477.433820
11985,35970,27830,6477.481371
11986,35971,27832,6477.516138
11987,35972,27833,6477.543725
11988,35973,27833,6477.543725
11989,35974,27834,6477.576458
11990,35975,27835,6477.610392
11991,35976,27836,6477.640132
11992,35977,27837,6477.674206
11993,35978,27837,6477.674206
11994,35979,27838,6477.704033
11995,35980,27839,6477.736714
11996,35981,27839,6477.736714
11997,35982,27840,6477.800906
11998,35983,27840,6477.800906
11999,35984,27842,6477.851572
12000,35985,27843,6477.879246
12001,35986,27843,6477.879246
12002,35987,27844,6477.912202
12003,35988,27845,6477.945517
12004,35989,27846,6477.978196
12005,35990,27846,6477.978196
12006,35991,27847,6478.010371
12007,35992,27848,6478.042177
12008,35993,27849,6478.073446
12009,35994,27850,6478.105225
12010,35995,27851,6478.136765
12011,35996,27851,6478.136765
12012,35997,27852,6478.185158
12013,35998,27852,6478.185158
12014,35999,27853,6478.215631
12015,36000,27854,6478.247952
12016,36001,27855,6478.281331
12017,36002,27856,6478.313163
12018,36003,27857,6478.343222
12019,36004,27857,6478.343222
12020,36005,27858,6478.376521
12021,36006,27859,6478.411115
12022,36007,27860,6478.440128
12023,36008,27861,6478.473400
12024,36009,27861,6478.473400
12025,36010,27862,6478.520342
12026,36011,27862,6478.520342
12027,36012,27863,6478.551678
12028,36013,27864,6478.583868
12029,36014,27865,6478.616499
12030,36015,27866,6478.650448
12031,36016,27867,6478.679395
12032,36017,27867,6478.679395
12033,36018,27868,6478.713245
12034,36019,27869,6478.744734
12035,36020,27870,6478.776449
12036,36021,27871,6478.808935
12037,36022,27871,6478.808935
12038,36023,27872,6478.858815
12039,36024,27872,6478.858815
12040,36025,27873,6478.889791
12041,36026,27874,6478.922292
12042,36027,27875,6478.954841
12043,36028,27876,6478.983151
12044,36029,27877,6479.017560
12045,36030,27877,6479.017560
12046,36031,27878,6479.050250
12047,36032,27879,6479.081282
12048,36033,27880,6479.113753
12049,36034,27881,6479.143759
12050,36035,27881,6479.143759
12051,36036,27882,6479.192328
12052,36037,27882,6479.192328
12053,36038,27883,6479.224591
12054,36039,27884,6479.256888
12055,36040,27885,6479.287522
12056,36041,27886,6479.321812
12057,36042,27886,6479.321812
12058,36043,27887,6479.353641
12059,36044,27888,6479.383779
12060,36045,27889,6479.415270
12061,36046,27890,6479.448289
12062,36047,27890,6479.448289
12063,36048,27891,6479.481786
12064,36049,27892,6479.528952
12065,36050,27892,6479.528952
12066,36051,27893,6479.561256
12067,36052,27894,6479.594766
12068,36053,27895,6479.625162
12069,36054,27896,6479.656789
12070,36055,27896,6479.656789
12071,36056,27897,6479.688362
12072,36057,27898,6479.719644
12073,36058,27899,6479.753336
12074,36059,27899,6479.753336
12075,36060,27900,6479.801277
12076,36061,27901,6479.833654
12077,36062,27902,6479.865245
12078,36063,27902,6479.865245
12079,36064,27903,6479.896595
12080,36065,27904,6479.930171
12081,36066,27905,6479.960163
12082,36067,27906,6479.995003
12083,36068,27906,6479.995003
12084,36069,27907,6480.023916
12085,36070,27908,6480.072376
12086,36071,27908,6480.072376
12087,36072,27910,6480.108536
12088,36073,27911,6480.138907
12089,36074,27912,6480.169115
12090,36075,27912,6480.169115
12091,36076,27912,6480.169115
12092,36077,27913,6480.231739
12093,36078,27914,6480.265500
12094,36079,27915,6480.298037
12095,36080,27916,6480.328636
12096,36081,27916,6480.328636
12097,36082,27917,6480.360091
12098,36083,27918,6480.407983
12099,36084,27918,6480.407983
12100,36085,27920,6480.442423
12101,36086,27921,6480.474128
12102,36087,27922,6480.504975
12103,36088,27923,6480.535966
12104,36089,27923,6480.535966
12105,36090,27923,6480.535966
12106,36091,27924,6480.600735
12107,36092,27925,6480.633559
12108,36093,27926,6480.663690
12109,36094,27926,6480.663690
12110,36095,27927,6480.697099
12111,36096,27928,6480.743873
12112,36097,27928,6480.743873
12113,36098,27930,6480.778855
12114,36099,27931,6480.808532
12115,36100,27932,6480.840157
12116,36101,27932,6480.840157
12117,36102,27933,6480.875194
12118,36103,27934,6480.905457
12119,36104,27935,6480.937805
12120,36105,27935,6480.937805
12121,36106,27936,6481.000443
12122,36107,27936,6481.000443
12123,36108,27937,6481.034490
12124,36109,27937,6481.034490
12125,36110,27938,6481.081475
12126,36111,27940,6481.118005
12127,36112,27941,6481.145623
12128,36113,27942,6481.176100
12129,36114,27943,6481.209163
12130,36115,27943,6481.209163
12131,36116,27944,6481.242274
12132,36117,27945,6481.273297
12133,36118,27946,6481.304242
12134,36119,27947,6481.337353
12135,36120,27947,6481.337353
12136,36121,27948,6481.369469
12137,36122,27948,6481.369469
12138,36123,27948,6481.369469
12139,36124,27950,6481.450028
12140,36125,27951,6481.480528
12141,36126,27952,6481.513998
12142,36127,27952,6481.513998
12143,36128,27953,6481.544921
12144,36129,27954,6481.576326
12145,36130,27955,6481.610000
12146,36131,27956,6481.640551
12147,36132,27957,6481.672627
12148,36133,27957,6481.672627
12149,36134,27958,6481.705016
12150,36135,27959,6481.737363
12151,36136,27959,6481.737363
12152,36137,27960,6481.783655
12153,36138,27961,6481.816295
12154,36139,27962,6481.848674
12155,36140,27963,6481.880058
12156,36141,27963,6481.880058
12157,36142,27964,6481.913109
12158,36143,27965,6481.943693
12159,36144,27966,6481.975127
12160,36145,27967,6482.008122
12161,36146,27967,6482.008122
12162,36147,27968,6482.039845
12163,36148,27969,6482.073102
12164,36149,27969,6482.073102
12165,36150,27970,6482.122984
12166,36151,27971,6482.151251
12167,36152,27972,6482.183925
12168,36153,27972,6482.183925
12169,36154,27973,6482.217445
12170,36155,27974,6482.248128
12171,36156,27975,6482.281652
12172,36157,27976,6482.314150
12173,36158,27976,6482.314150
12174,36159,27977,6482.345691
12175,36160,27978,6482.376740
12176,36161,27979,6482.410201
12177,36162,27979,6482.410201
12178,36163,27980,6482.456549
12179,36164,27981,6482.489116
12180,36165,27982,6482.522109
12181,36166,27983,6482.551898
12182,36167,27983,6482.551898
12183,36168,27984,6482.583914
12184,36169,27985,6482.617283
12185,36170,27986,6482.649544
12186,36171,27987,6482.680270
12187,36172,27987,6482.680270
12188,36173,27988,6482.710598
12189,36174,27989,6482.743985
12190,36175,27989,6482.743985
12191,36176,27990,6482.792462
12192,36177,27991,6482.826137
12193,36178,27992,6482.858096
12194,36179,27992,6482.858096
12195,36180,27993,6482.888343
12196,36181,27994,6482.921309
12197,36182,27995,6482.951788
12198,36183,27996,6482.984984
12199,36184,27997,6483.015994
12200,36185,27997,6483.015994
12201,36186,27998,6483.049317
12202,36187,27999,6483.080261
12203,36188,27999,6483.080261
12204,36189,28000,6483.129967
12205,36190,28001,6483.161034
12206,36191,28002,6483.194866
12207,36192,28002,6483.194866
12208,36193,28003,6483.224298
12209,36194,28004,6483.257841
12210,36195,28005,6483.289374
12211,36196,28006,6483.320662
12212,36197,28006,6483.320662
12213,36198,28007,6483.352432
12214,36199,28008,6483.383740
12215,36200,28009,6483.418345
12216,36201,28010,6483.448148
12217,36202,28010,6483.448148
12218,36203,28011,6483.497128
12219,36204,28012,6483.527260
12220,36205,28012,6483.527260
12221,36206,28013,6483.559936
12222,36207,28014,6483.594585
12223,36208,28015,6483.625455
12224,36209,28016,6483.657450
12225,36210,28016,6483.657450
12226,36211,28017,6483.688392
12227,36212,28018,6483.720432
12228,36213,28019,6483.751398
12229,36214,28020,6483.785081
12230,36215,28020,6483.785081
12231,36216,28021,6483.832911
12232,36217,28022,6483.865760
12233,36218,28022,6483.865760
12234,36219,28023,6483.897372
12235,36220,28024,6483.928070
12236,36221,28025,6483.961007
12237,36222,28026,6483.992252
12238,36223,28026,6483.992252
12239,36224,28027,6484.025363
12240,36225,28028,6484.057765
12241,36226,28029,6484.090348
12242,36227,28030,6484.121615
12243,36228,28030,6484.121615
12244,36229,28031,6484.169271
12245,36230,28032,6484.200213
12246,36231,28032,6484.200213
12247,36232,28033,6484.232807
12248,36233,28034,6484.264388
12249,36234,28035,6484.297457
12250,36235,28036,6484.328688
12251,36236,28036,6484.328688
12252,36237,28037,6484.360646
12253,36238,28038,6484.394242
12254,36239,28039,6484.425306
12255,36240,28040,6484.457228
12256,36241,28040,6484.457228
12257,36242,28041,6484.503938
12258,36243,28042,6484.536869
12259,36244,28043,6484.539357
12260,36245,28043,6484.539357
12261,36246,28044,6484.602467
12262,36247,28045,6484.633175
12263,36248,28046,6484.665114
12264,36249,28046,6484.665114
12265,36250,28047,6484.697168
12266,36251,28048,6484.729982
12267,36252,28049,6484.761759
12268,36253,28050,6484.794037
12269,36254,28050,6484.794037
12270,36255,28051,6484.841348
12271,36256,28052,6484.873478
12272,36257,28053,6484.875921
12273,36258,28054,6484.905921
12274,36259,28055,6484.936946
12275,36260,28055,6484.936946
12276,36261,28056,6485.001041
12277,36262,28056,6485.001041
12278,36263,28057,6485.032685
12279,36264,28058,6485.066853
12280,36265,28059,6485.098106
12281,36266,28060,6485.130011
12282,36267,28060,6485.130011
12283,36268,28061,6485.162685
12284,36269,28062,6485.210062
12285,36270,28062,6485.210062
12286,36271,28064,6485.243466
12287,36272,28065,6485.272783
12288,36273,28066,6485.303897
12289,36274,28067,6485.336718
12290,36275,28067,6485.336718
12291,36276,28067,6485.336718
12292,36277,28068,6485.399783
12293,36278,28069,6485.432780
12294,36279,28070,6485.464259
12295,36280,28071,6485.496769
12296,36281,28071,6485.496769
12297,36282,28072,6485.545175
12298,36283,28072,6485.545175
12299,36284,28074,6485.579884
12300,36285,28075,6485.609941
12301,36286,28076,6485.639661
12302,36287,28077,6485.673268
12303,36288,28078,6485.705035
12304,36289,28078,6485.705035
12305,36290,28079,6485.736250
12306,36291,28079,6485.736250
12307,36292,28080,6485.800285
12308,36293,28081,6485.832970
12309,36294,28081,6485.832970
12310,36295,28082,6485.879932
12311,36296,28082,6485.879932
12312,36297,28084,6485.915208
12313,36298,28085,6485.945020
12314,36299,28086,6485.977386
12315,36300,28087,6486.007780
12316,36301,28088,6486.041520
12317,36302,28088,6486.041520
12318,36303,28089,6486.072249
12319,36304,28090,6486.105058
12320,36305,28091,6486.139205
12321,36306,28091,6486.139205
12322,36307,28091,6486.139205
12323,36308,28092,6486.217774
12324,36309,28093,6486.247935
12325,36310,28094,6486.250549
12326,36311,28095,6486.281852
12327,36312,28096,6486.314245
12328,36313,28097,6486.344987
12329,36314,28098,6486.374868
12330,36315,28098,6486.374868
12331,36316,28099,6486.408233
12332,36317,28100,6486.440791
12333,36318,28101,6486.473930
12334,36319,28102,6486.505328
12335,36320,28102,6486.505328
12336,36321,28103,6486.554139
12337,36322,28103,6486.554139
12338,36323,28104,6486.585117
12339,36324,28105,6486.614958
12340,36325,28106,6486.648766
12341,36326,28107,6486.680393
12342,36327,28108,6486.712349
12343,36328,28108,6486.712349
12344,36329,28109,6486.746264
12345,36330,28110,6486.776688
12346,36331,28111,6486.808046
12347,36332,28112,6486.842154
12348,36333,28112,6486.842154
12349,36334,28113,6486.872322
12350,36335,28114,6486.920082
12351,36336,28114,6486.920082
12352,36337,28115,6486.953789
12353,36338,28116,6486.985224
12354,36339,28117,6487.015297
12355,36340,28118,6487.048959
12356,36341,28118,6487.048959
12357,36342,28119,6487.079671
12358,36343,28120,6487.113672
12359,36344,28121,6487.145620
12360,36345,28122,6487.177128
12361,36346,28122,6487.177128
12362,36347,28123,6487.207548
12363,36348,28123,6487.207548
12364,36349,28124,6487.256775
12365,36350,28125,6487.288106
12366,36351,28126,6487.319781
12367,36352,28127,6487.353256
12368,36353,28128,6487.383989
12369,36354,28128,6487.383989
12370,36355,28129,6487.416979
12371,36356,28130,6487.447979
12372,36357,28131,6487.482022
12373,36358,28132,6487.515163
12374,36359,28132,6487.515163
12375,36360,28133,6487.545275
12376,36361,28134,6487.594299
12377,36362,28134,6487.594299
12378,36363,28135,6487.625020
12379,36364,28136,6487.656927
12380,36365,28137,6487.688824
12381,36366,28138,6487.722057
12382,36367,28138,6487.722057
12383,36368,28139,6487.752801
12384,36369,28140,6487.785458
12385,36370,28141,6487.816965
12386,36371,28142,6487.849788
12387,36372,28142,6487.849788
12388,36373,28143,6487.879829
12389,36374,28144,6487.928891
12390,36375,28144,6487.928891
12391,36376,28145,6487.959571
12392,36377,28146,6487.993196
12393,36378,28147,6488.024909
12394,36379,28148,6488.058200
12395,36380,28148,6488.058200
12396,36381,28149,6488.088841
12397,36382,28150,6488.122320
12398,36383,28151,6488.152492
12399,36384,28152,6488.185196
12400,36385,28152,6488.185196
12401,36386,28153,6488.214671
12402,36387,28153,6488.214671
12403,36388,28154,6488.265606
12404,36389,28155,6488.295528
12405,36390,28156,6488.329139
12406,36391,28157,6488.359247
12407,36392,28158,6488.391906
12408,36393,28158,6488.391906
12409,36394,28159,6488.425195
12410,36395,28160,6488.457218
12411,36396,28161,6488.488478
12412,36397,28162,6488.520201
12413,36398,28162,6488.520201
12414,36399,28163,6488.553768
12415,36400,28164,6488.585858
12416,36401,28164,6488.585858
12417,36402,28165,6488.633188
12418,36403,28166,6488.664849
12419,36404,28167,6488.696878
12420,36405,28168,6488.728863
12421,36406,28168,6488.728863
12422,36407,28169,6488.760800
12423,36408,28170,6488.793147
12424,36409,28171,6488.827480
12425,36410,28172,6488.856556
12426,36411,28172,6488.856556
12427,36412,28173,6488.888387
12428,36413,28174,6488.920595
12429,36414,28174,6488.920595
12430,36415,28175,6488.967860
12431,36416,28176,6489.002436
12432,36417,28177,6489.034977
12433,36418,28178,6489.065059
12434,36419,28178,6489.065059
12435,36420,28179,6489.096472
12436,36421,28180,6489.129320
12437,36422,28181,6489.161285
12438,36423,28182,6489.191908
12439,36424,28183,6489.224090
12440,36425,28183,6489.224090
12441,36426,28184,6489.256045
12442,36427,28184,6489.256045
12443,36428,28185,6489.304176
12444,36429,28187,6489.341295
12445,36430,28187,6489.341295
12446,36431,28188,6489.400158
12447,36432,28189,6489.432559
12448,36433,28189,6489.432559
12449,36434,28190,6489.464852
12450,36435,28191,6489.497300
12451,36436,28192,6489.527780
12452,36437,28193,6489.560466
12453,36438,28193,6489.560466
12454,36439,28194,6489.592755
12455,36440,28194,6489.592755
12456,36441,28195,6489.641050
12457,36442,28197,6489.674437
12458,36443,28198,6489.704882
12459,36444,28199,6489.737144
12460,36445,28199,6489.737144
12461,36446,28199,6489.737144
12462,36447,28200,6489.803243
12463,36448,28201,6489.833344
12464,36449,28202,6489.864176
12465,36450,28202,6489.864176
12466,36451,28203,6489.895935
12467,36452,28204,6489.928362
12468,36453,28204,6489.928362
12469,36454,28205,6489.977185
12470,36455,28207,6490.015001
12471,36456,28208,6490.040672
12472,36457,28209,6490.074838
12473,36458,28209,6490.074838
12474,36459,28210,6490.105551
12475,36460,28211,6490.137139
12476,36461,28212,6490.168732
12477,36462,28212,6490.168732
12478,36463,28212,6490.168732
12479,36464,28213,6490.233211
12480,36465,28214,6490.264797
12481,36466,28215,6490.298016
12482,36467,28215,6490.298016
12483,36468,28217,6490.348722
12484,36469,28218,6490.377122
12485,36470,28219,6490.408986
12486,36471,28220,6490.439264
12487,36472,28220,6490.439264
12488,36473,28221,6490.473008
12489,36474,28222,6490.505255
12490,36475,28223,6490.537435
12491,36476,28223,6490.537435
12492,36477,28223,6490.537435
12493,36478,28224,6490.599832
12494,36479,28225,6490.633626
12495,36480,28225,6490.633626
12496,36481,28226,6490.679878
12497,36482,28228,6490.716325
12498,36483,28229,6490.744851
12499,36484,28230,6490.776921
12500,36485,28230,6490.776921
12501,36486,28231,6490.809430
12502,36487,28232,6490.841712
12503,36488,28233,6490.873113
12504,36489,28234,6490.906943
12505,36490,28234,6490.906943
12506,36491,28235,6490.936934
12507,36492,28235,6490.936934
12508,36493,28235,6490.936934
12509,36494,28236,6491.016339
12510,36495,28238,6491.053804
12511,36496,28239,6491.080969
12512,36497,28240,6491.114892
12513,36498,28240,6491.114892
12514,36499,28241,6491.145139
12515,36500,28242,6491.177202
12516,36501,28243,6491.209180
12517,36502,28244,6491.240340
12518,36503,28244,6491.240340
12519,36504,28245,6491.274205
12520,36505,28246,6491.307109
12521,36506,28246,6491.307109
12522,36507,28247,6491.353796
12523,36508,28248,6491.385464
12524,36509,28249,6491.417515
12525,36510,28250,6491.448431
12526,36511,28250,6491.448431
12527,36512,28251,6491.480909
12528,36513,28252,6491.511874
12529,36514,28253,6491.545094
12530,36515,28254,6491.577245
12531,36516,28254,6491.577245
12532,36517,28255,6491.610370
12533,36518,28256,6491.640393
12534,36519,28256,6491.640393
12535,36520,28257,6491.688010
12536,36521,28258,6491.720777
12537,36522,28259,6491.753963
12538,36523,28260,6491.785176
12539,36524,28260,6491.785176
12540,36525,28261,6491.815749
12541,36526,28262,6491.851163
12542,36527,28263,6491.879903
12543,36528,28264,6491.912580
12544,36529,28264,6491.912580
12545,36530,28265,6491.943360
12546,36531,28266,6491.976350
12547,36532,28266,6491.976350
12548,36533,28267,6492.023937
12549,36534,28268,6492.057481
12550,36535,28269,6492.088644
12551,36536,28270,6492.120249
12552,36537,28270,6492.120249
12553,36538,28271,6492.152323
12554,36539,28272,6492.185580
12555,36540,28273,6492.216380
12556,36541,28274,6492.249795
12557,36542,28274,6492.249795
12558,36543,28275,6492.280535
12559,36544,28276,6492.312423
12560,36545,28277,6492.345141
12561,36546,28277,6492.345141
12562,36547,28278,6492.391626
12563,36548,28279,6492.425368
12564,36549,28280,6492.457756
12565,36550,28280,6492.457756
12566,36551,28281,6492.488414
12567,36552,28282,6492.523668
12568,36553,28283,6492.553034
12569,36554,28284,6492.584506
12570,36555,28284,6492.584506
12571,36556,28285,6492.616667
12572,36557,28286,6492.649329
12573,36558,28287,6492.680639
12574,36559,28287,6492.680639
12575,36560,28288,6492.730149
12576,36561,28289,6492.760618
12577,36562,28290,6492.794035
12578,36563,28290,6492.794035
12579,36564,28291,6492.823692
12580,36565,28292,6492.855404
12581,36566,28293,6492.889131
12582,36567,28294,6492.921966
12583,36568,28295,6492.950959
12584,36569,28295,6492.950959
12585,36570,28296,6492.984858
12586,36571,28297,6493.015100
12587,36572,28297,6493.015100
12588,36573,28298,6493.065709
12589,36574,28299,6493.098669
12590,36575,28300,6493.128718
12591,36576,28300,6493.128718
12592,36577,28301,6493.161407
12593,36578,28302,6493.192472
12594,36579,28303,6493.224305
12595,36580,28304,6493.257369
12596,36581,28305,6493.289984
12597,36582,28305,6493.289984
12598,36583,28305,6493.289984
12599,36584,28306,6493.353117
12600,36585,28306,6493.353117
12601,36586,28308,6493.405423
12602,36587,28309,6493.432616
12603,36588,28310,6493.462550
12604,36589,28311,6493.495923
12605,36590,28311,6493.495923
12606,36591,28312,6493.528534
12607,36592,28313,6493.560913
12608,36593,28314,6493.592905
12609,36594,28315,6493.623888
12610,36595,28315,6493.623888
12611,36596,28316,6493.656626
12612,36597,28317,6493.689961
12613,36598,28317,6493.689961
12614,36599,28318,6493.737681
12615,36600,28319,6493.769210
12616,36601,28320,6493.798857
12617,36602,28321,6493.834056
12618,36603,28321,6493.834056
12619,36604,28322,6493.865145
12620,36605,28323,6493.898287
12621,36606,28324,6493.929593
12622,36607,28325,6493.960012
12623,36608,28325,6493.960012
12624,36609,28326,6493.992042
12625,36610,28327,6494.024887
12626,36611,28328,6494.057180
12627,36612,28328,6494.057180
12628,36613,28329,6494.105575
12629,36614,28331,6494.140227
12630,36615,28331,6494.140227
12631,36616,28331,6494.140227
12632,36617,28332,6494.199993
12633,36618,28333,6494.232568
12634,36619,28334,6494.265178
12635,36620,28335,6494.297584
12636,36621,28335,6494.297584
12637,36622,28336,6494.328530
12638,36623,28337,6494.359377
12639,36624,28338,6494.393280
12640,36625,28338,6494.393280
12641,36626,28339,6494.442457
12642,36627,28341,6494.475040
12643,36628,28342,6494.503772
12644,36629,28342,6494.503772
12645,36630,28343,6494.536687
12646,36631,28343,6494.536687
12647,36632,28344,6494.601777
12648,36633,28345,6494.633647
12649,36634,28346,6494.664926
12650,36635,28346,6494.664926
12651,36636,28347,6494.697019
12652,36637,28348,6494.729251
12653,36638,28348,6494.729251
12654,36639,28349,6494.777111
12655,36640,28351,6494.811877
12656,36641,28352,6494.839961
12657,36642,28352,6494.839961
12658,36643,28353,6494.872492
12659,36644,28354,6494.903848
12660,36645,28355,6494.935783
12661,36646,28355,6494.935783
12662,36647,28356,6495.000290
12663,36648,28356,6495.000290
12664,36649,28357,6495.032161
12665,36650,28358,6495.064500
12666,36651,28358,6495.064500
12667,36652,28359,6495.112552
12668,36653,28361,6495.148349
12669,36654,28362,6495.177064
12670,36655,28363,6495.207947
12671,36656,28363,6495.207947
12672,36657,28364,6495.240726
12673,36658,28365,6495.273123
12674,36659,28366,6495.302632
12675,36660,28367,6495.335974
12676,36661,28367,6495.335974
12677,36662,28367,6495.335974
12678,36663,28368,6495.401036
12679,36664,28368,6495.401036
12680,36665,28369,6495.448609
12681,36666,28371,6495.484028
12682,36667,28372,6495.512355
12683,36668,28373,6495.543384
12684,36669,28373,6495.543384
12685,36670,28374,6495.576255
12686,36671,28375,6495.609200
12687,36672,28376,6495.640170
12688,36673,28377,6495.671821
12689,36674,28377,6495.671821
12690,36675,28378,6495.704994
12691,36676,28379,6495.738288
12692,36677,28379,6495.738288
12693,36678,28379,6495.738288
12694,36679,28380,6495.817577
12695,36680,28382,6495.851429
12696,36681,28383,6495.879612
12697,36682,28383,6495.879612
12698,36683,28384,6495.911610
12699,36684,28385,6495.945142
12700,36685,28386,6495.974830
12701,36686,28386,6495.974830
12702,36687,28387,6496.011014
12703,36688,28388,6496.041784
12704,36689,28389,6496.073042
12705,36690,28390,6496.104896
12706,36691,28390,6496.104896
12707,36692,28391,6496.152818
12708,36693,28392,6496.185109
12709,36694,28393,6496.215403
12710,36695,28393,6496.215403
12711,36696,28394,6496.249116
12712,36697,28395,6496.279170
12713,36698,28396,6496.310790
12714,36699,28397,6496.345061
12715,36700,28397,6496.345061
12716,36701,28398,6496.376785
12717,36702,28399,6496.408868
12718,36703,28400,6496.441814
12719,36704,28400,6496.441814
12720,36705,28401,6496.489212
12721,36706,28402,6496.521033
12722,36707,28402,6496.521033
12723,36708,28403,6496.553421
12724,36709,28404,6496.584772
12725,36710,28405,6496.617142
12726,36711,28406,6496.648614
12727,36712,28407,6496.681314
12728,36713,28407,6496.681314
12729,36714,28408,6496.713458
12730,36715,28409,6496.744225
12731,36716,28410,6496.776728
12732,36717,28410,6496.776728
12733,36718,28411,6496.825008
12734,36719,28412,6496.856822
12735,36720,28413,6496.888324
12736,36721,28413,6496.888324
12737,36722,28414,6496.919090
12738,36723,28415,6496.952157
12739,36724,28416,6496.985308
12740,36725,28417,6497.015993
12741,36726,28417,6497.015993
12742,36727,28418,6497.048041
12743,36728,28419,6497.081347
12744,36729,28420,6497.112314
12745,36730,28420,6497.112314
12746,36731,28421,6497.160292
12747,36732,28422,6497.193036
12748,36733,28423,6497.224229
12749,36734,28423,6497.224229
12750,36735,28424,6497.256865
12751,36736,28425,6497.289265
12752,36737,28426,6497.321902
12753,36738,28426,6497.321902
12754,36739,28427,6497.355168
12755,36740,28428,6497.383527
12756,36741,28429,6497.418051
12757,36742,28430,6497.448975
12758,36743,28431,6497.480357
12759,36744,28431,6497.480357
12760,36745,28432,6497.528504
12761,36746,28432,6497.528504
12762,36747,28433,6497.561486
12763,36748,28434,6497.593035
12764,36749,28435,6497.626423
12765,36750,28436,6497.656993
12766,36751,28436,6497.656993
12767,36752,28437,6497.690804
12768,36753,28438,6497.721996
12769,36754,28439,6497.754875
12770,36755,28440,6497.783160
12771,36756,28441,6497.817695
12772,36757,28441,6497.817695
12773,36758,28442,6497.865464
12774,36759,28443,6497.894758
12775,36760,28443,6497.894758
12776,36761,28444,6497.928209
12777,36762,28445,6497.960245
12778,36763,28446,6497.991716
12779,36764,28447,6498.024695
12780,36765,28447,6498.024695
12781,36766,28448,6498.055201
12782,36767,28449,6498.087796
12783,36768,28450,6498.120102
12784,36769,28451,6498.152371
12785,36770,28451,6498.152371
12786,36771,28452,6498.200113
12787,36772,28453,6498.232002
12788,36773,28453,6498.232002
12789,36774,28454,6498.264736
12790,36775,28455,6498.297233
12791,36776,28456,6498.328639
12792,36777,28457,6498.359946
12793,36778,28457,6498.359946
12794,36779,28458,6498.392739
12795,36780,28459,6498.425199
12796,36781,28460,6498.457102
12797,36782,28461,6498.488989
12798,36783,28461,6498.488989
12799,36784,28462,6498.538120
12800,36785,28462,6498.538120
12801,36786,28463,6498.567339
12802,36787,28464,6498.601392
12803,36788,28465,6498.631365
12804,36789,28466,6498.664704
12805,36790,28466,6498.664704
12806,36791,28467,6498.696687
12807,36792,28468,6498.730728
12808,36793,28469,6498.760523
12809,36794,28470,6498.794576
12810,36795,28470,6498.794576
12811,36796,28471,6498.826743
12812,36797,28472,6498.874034
12813,36798,28472,6498.874034
12814,36799,28474,6498.909676
12815,36800,28475,6498.937426
12816,36801,28475,6498.937426
12817,36802,28476,6499.001997
12818,36803,28476,6499.001997
12819,36804,28477,6499.032626
12820,36805,28478,6499.065863
12821,36806,28479,6499.096587
12822,36807,28480,6499.128513
12823,36808,28480,6499.128513
12824,36809,28481,6499.160229
12825,36810,28482,6499.193089
12826,36811,28482,6499.193089
12827,36812,28484,6499.244951
12828,36813,28485,6499.271409
12829,36814,28486,6499.304997
12830,36815,28487,6499.337366
12831,36816,28487,6499.337366
12832,36817,28487,6499.337366
12833,36818,28488,6499.399870
12834,36819,28489,6499.433189
12835,36820,28490,6499.466187
12836,36821,28490,6499.466187
12837,36822,28491,6499.496670
12838,36823,28492,6499.528842
12839,36824,28492,6499.528842
12840,36825,28493,6499.577887
12841,36826,28495,6499.614866
12842,36827,28496,6499.640999
12843,36828,28497,6499.673284
12844,36829,28497,6499.673284
12845,36830,28498,6499.705539
12846,36831,28499,6499.736186
12847,36832,28500,6499.767473
12848,36833,28500,6499.767473
12849,36834,28500,6499.767473
12850,36835,28501,6499.833688
12851,36836,28502,6499.864110
12852,36837,28502,6499.864110
12853,36838,28503,6499.913500
12854,36839,28505,6499.948918
12855,36840,28506,6499.978162
12856,36841,28507,6500.010907
12857,36842,28507,6500.010907
12858,36843,28508,6500.039653
12859,36844,28509,6500.071969
12860,36845,28510,6500.104049
12861,36846,28511,6500.136852
12862,36847,28511,6500.136852
12863,36848,28511,6500.136852
12864,36849,28512,6500.200728
12865,36850,28512,6500.200728
12866,36851,28513,6500.247104
12867,36852,28515,6500.285034
12868,36853,28516,6500.314001
12869,36854,28517,6500.343977
12870,36855,28517,6500.343977
12871,36856,28518,6500.377146
12872,36857,28519,6500.407780
12873,36858,28520,6500.441160
12874,36859,28521,6500.474159
12875,36860,28522,6500.504952
12876,36861,28522,6500.504952
12877,36862,28523,6500.537593
12878,36863,28523,6500.537593
12879,36864,28523,6500.537593
12880,36865,28525,6500.619748
12881,36866,28526,6500.649036
12882,36867,28527,6500.678893
12883,36868,28528,6500.712286
12884,36869,28528,6500.712286
12885,36870,28529,6500.744713
12886,36871,28530,6500.776951
12887,36872,28531,6500.809897
12888,36873,28532,6500.841324
12889,36874,28532,6500.841324
12890,36875,28533,6500.872317
12891,36876,28533,6500.872317
12892,36877,28534,6500.921829
12893,36878,28535,6500.954206
12894,36879,28536,6500.984507
12895,36880,28537,6501.016833
12896,36881,28538,6501.048701
12897,36882,28538,6501.048701
12898,36883,28539,6501.080775
12899,36884,28540,6501.112405
12900,36885,28541,6501.144922
12901,36886,28542,6501.176752
12902,36887,28542,6501.176752
12903,36888,28543,6501.210475
12904,36889,28544,6501.240589
12905,36890,28544,6501.240589
12906,36891,28545,6501.288118
12907,36892,28546,6501.321724
12908,36893,28547,6501.351669
12909,36894,28548,6501.385341
12910,36895,28548,6501.385341
12911,36896,28549,6501.416586
12912,36897,28550,6501.449294
12913,36898,28551,6501.481380
12914,36899,28552,6501.514251
12915,36900,28552,6501.514251
12916,36901,28553,6501.545190
12917,36902,28554,6501.578213
12918,36903,28554,6501.578213
12919,36904,28555,6501.625860
12920,36905,28556,6501.657135
12921,36906,28557,6501.689553
12922,36907,28558,6501.722517
12923,36908,28558,6501.722517
12924,36909,28559,6501.753720
12925,36910,28560,6501.784836
12926,36911,28561,6501.817107
12927,36912,28562,6501.848136
12928,36913,28562,6501.848136
12929,36914,28563,6501.881070
12930,36915,28564,6501.913985
12931,36916,28564,6501.913985
12932,36917,28565,6501.961686
12933,36918,28566,6501.993031
12934,36919,28567,6502.023841
12935,36920,28568,6502.057153
12936,36921,28568,6502.057153
12937,36922,28569,6502.086670
12938,36923,28570,6502.121580
12939,36924,28571,6502.150810
12940,36925,28572,6502.184774
12941,36926,28572,6502.184774
12942,36927,28573,6502.215487
12943,36928,28574,6502.248467
12944,36929,28574,6502.248467
12945,36930,28575,6502.297407
12946,36931,28576,6502.329291
12947,36932,28577,6502.361386
12948,36933,28578,6502.392983
12949,36934,28578,6502.392983
12950,36935,28579,6502.425241
12951,36936,28580,6502.456311
12952,36937,28581,6502.489132
12953,36938,28582,6502.520741
12954,36939,28582,6502.520741
12955,36940,28583,6502.553088
12956,36941,28584,6502.583427
12957,36942,28584,6502.583427
12958,36943,28585,6502.632992
12959,36944,28586,6502.662994
12960,36945,28587,6502.697593
12961,36946,28587,6502.697593
12962,36947,28588,6502.728450
12963,36948,28589,6502.760243
12964,36949,28590,6502.791302
12965,36950,28591,6502.825138
12966,36951,28591,6502.825138
12967,36952,28592,6502.856938
12968,36953,28593,6502.887359
12969,36954,28594,6502.920599
12970,36955,28595,6502.953731
12971,36956,28595,6502.953731
12972,36957,28596,6503.002151
12973,36958,28597,6503.033085
12974,36959,28597,6503.033085
12975,36960,28598,6503.064198
12976,36961,28599,6503.097073
12977,36962,28600,6503.127813
12978,36963,28601,6503.160446
12979,36964,28602,6503.192865
12980,36965,28602,6503.192865
12981,36966,28603,6503.225085
12982,36967,28604,6503.255320
12983,36968,28605,6503.288095
12984,36969,28605,6503.288095
12985,36970,28606,6503.337304
12986,36971,28607,6503.368282
12987,36972,28608,6503.399752
12988,36973,28608,6503.399752
12989,36974,28609,6503.433524
12990,36975,28610,6503.464397
12991,36976,28611,6503.496510
12992,36977,28612,6503.527885
12993,36978,28612,6503.527885
12994,36979,28613,6503.559557
12995,36980,28614,6503.591893
12996,36981,28615,6503.623231
12997,36982,28615,6503.623231
12998,36983,28616,6503.673564
12999,36984,28618,6503.707881
13000,36985,28619,6503.734824
13001,36986,28619,6503.734824
13002,36987,28619,6503.734824
13003,36988,28620,6503.799844
13004,36989,28621,6503.831931
13005,36990,28622,6503.864625
13006,36991,28622,6503.864625
13007,36992,28623,6503.896837
13008,36993,28624,6503.929890
13009,36994,28625,6503.962854
13010,36995,28625,6503.962854
13011,36996,28626,6504.009102
13012,36997,28628,6504.044449
13013,36998,28628,6504.044449
13014,36999,28629,6504.071115
13015,37000,28630,6504.106071
13016,37001,28631,6504.137342
13017,37002,28631,6504.137342
13018,37003,28631,6504.137342
13019,37004,28632,6504.199674
13020,37005,28633,6504.232685
13021,37006,28634,6504.265892
13022,37007,28635,6504.296776
13023,37008,28635,6504.296776
13024,37009,28636,6504.344948
13025,37010,28637,6504.376930
13026,37011,28638,6504.379438
13027,37012,28639,6504.408126
13028,37013,28640,6504.441486
13029,37014,28641,6504.473183
13030,37015,28642,6504.506745
13031,37016,28642,6504.506745
13032,37017,28643,6504.537982
13033,37018,28643,6504.537982
13034,37019,28644,6504.601048
13035,37020,28645,6504.632408
13036,37021,28645,6504.632408
13037,37022,28646,6504.664597
13038,37023,28647,6504.712905
13039,37024,28647,6504.712905
13040,37025,28649,6504.745940
13041,37026,28650,6504.775406
13042,37027,28651,6504.807980
13043,37028,28652,6504.842043
13044,37029,28652,6504.842043
13045,37030,28653,6504.872455
13046,37031,28654,6504.905240
13047,37032,28655,6504.937058
13048,37033,28655,6504.937058
13049,37034,28656,6505.000149
13050,37035,28656,6505.000149
13051,37036,28657,6505.049221
13052,37037,28658,6505.080366
13053,37038,28659,6505.082402
13054,37039,28660,6505.111467
13055,37040,28661,6505.144925
13056,37041,28662,6505.177029
13057,37042,28663,6505.209724
13058,37043,28663,6505.209724
13059,37044,28664,6505.239479
13060,37045,28665,6505.272433
13061,37046,28666,6505.305806
13062,37047,28667,6505.336541
13063,37048,28667,6505.336541
13064,37049,28667,6505.336541
13065,37050,28668,6505.415992
13066,37051,28669,6505.418004
13067,37052,28670,6505.447983
13068,37053,28671,6505.479764
13069,37054,28672,6505.512278
13070,37055,28673,6505.544694
13071,37056,28673,6505.544694
13072,37057,28674,6505.576712
13073,37058,28675,6505.609839
13074,37059,28676,6505.641802
13075,37060,28677,6505.674047
13076,37061,28677,6505.674047
13077,37062,28678,6505.720449
13078,37063,28678,6505.720449
13079,37064,28679,6505.753089
13080,37065,28680,6505.784758
13081,37066,28681,6505.817403
13082,37067,28682,6505.848774
13083,37068,28683,6505.881064
13084,37069,28683,6505.881064
13085,37070,28684,6505.911896
13086,37071,28685,6505.945190
13087,37072,28686,6505.975362
13088,37073,28687,6506.010335
13089,37074,28687,6506.010335
13090,37075,28688,6506.056545
13091,37076,28689,6506.088071
13092,37077,28689,6506.088071
13093,37078,28690,6506.121611
13094,37079,28691,6506.152206
13095,37080,28692,6506.184214
13096,37081,28693,6506.216491
13097,37082,28693,6506.216491
13098,37083,28694,6506.249252
13099,37084,28695,6506.279516
13100,37085,28696,6506.313545
13101,37086,28697,6506.344984
13102,37087,28697,6506.344984
13103,37088,28698,6506.376825
13104,37089,28698,6506.376825
13105,37090,28699,6506.424620
13106,37091,28700,6506.457273
13107,37092,28701,6506.488798
13108,37093,28702,6506.521837
13109,37094,28703,6506.552320
13110,37095,28703,6506.552320
13111,37096,28704,6506.583636
13112,37097,28705,6506.617245
13113,37098,28706,6506.646543
13114,37099,28707,6506.680173
13115,37100,28707,6506.680173
13116,37101,28708,6506.711979
13117,37102,28708,6506.711979
13118,37103,28709,6506.760502
13119,37104,28710,6506.791644
13120,37105,28711,6506.826407
13121,37106,28712,6506.856533
13122,37107,28713,6506.888801
13123,37108,28713,6506.888801
13124,37109,28714,6506.921879
13125,37110,28715,6506.951765
13126,37111,28716,6506.984082
13127,37112,28717,6507.016070
13128,37113,28717,6507.016070
13129,37114,28718,6507.048118
13130,37115,28718,6507.048118
13131,37116,28719,6507.097889
13132,37117,28720,6507.130264
13133,37118,28721,6507.159341
13134,37119,28722,6507.193436
13135,37120,28723,6507.224062
13136,37121,28723,6507.224062
13137,37122,28724,6507.256956
13138,37123,28725,6507.288260
13139,37124,28726,6507.322691
13140,37125,28727,6507.354225
13141,37126,28727,6507.354225
13142,37127,28728,6507.384729
13143,37128,28729,6507.435151
13144,37129,28729,6507.435151
13145,37130,28730,6507.465022
13146,37131,28731,6507.498205
13147,37132,28732,6507.528999
13148,37133,28733,6507.560372
13149,37134,28733,6507.560372
13150,37135,28734,6507.591935
13151,37136,28735,6507.625230
13152,37137,28736,6507.655325
13153,37138,28737,6507.688181
13154,37139,28738,6507.719912
13155,37140,28738,6507.719912
13156,37141,28739,6507.768077
13157,37142,28740,6507.801348
13158,37143,28741,6507.832299
13159,37144,28741,6507.832299
13160,37145,28742,6507.865126
13161,37146,28743,6507.896875
13162,37147,28744,6507.928890
13163,37148,28745,6507.961334
13164,37149,28745,6507.961334
13165,37150,28746,6507.993534
13166,37151,28747,6508.025223
13167,37152,28748,6508.056792
13168,37153,28749,6508.088397
13169,37154,28749,6508.088397
13170,37155,28751,6508.138815
13171,37156,28751,6508.138815
13172,37157,28751,6508.138815
13173,37158,28752,6508.201321
13174,37159,28753,6508.233466
13175,37160,28754,6508.263630
13176,37161,28755,6508.296094
13177,37162,28755,6508.296094
13178,37163,28756,6508.328878
13179,37164,28757,6508.361867
13180,37165,28758,6508.393120
13181,37166,28759,6508.424259
13182,37167,28759,6508.424259
13183,37168,28760,6508.472456
13184,37169,28760,6508.472456
13185,37170,28762,6508.508399
13186,37171,28763,6508.536464
13187,37172,28763,6508.536464
13188,37173,28764,6508.601036
13189,37174,28764,6508.601036
13190,37175,28765,6508.633406
13191,37176,28766,6508.664946
13192,37177,28767,6508.697544
13193,37178,28768,6508.730209
13194,37179,28769,6508.760845
13195,37180,28769,6508.760845
13196,37181,28770,6508.809013
13197,37182,28771,6508.840147
13198,37183,28772,6508.842294
13199,37184,28773,6508.873165
13200,37185,28774,6508.905362
13201,37186,28775,6508.936146
13202,37187,28775,6508.936146
13203,37188,28775,6508.936146
13204,37189,28776,6509.001024
13205,37190,28777,6509.033977
13206,37191,28778,6509.063675
13207,37192,28779,6509.098649
13208,37193,28779,6509.098649
13209,37194,28780,6509.145463
13210,37195,28781,6509.176060
13211,37196,28782,6509.178184
13212,37197,28783,6509.210050
13213,37198,28784,6509.240124
13214,37199,28785,6509.272475
13215,37200,28786,6509.305010
13216,37201,28786,6509.305010
13217,37202,28787,6509.336964
13218,37203,28788,6509.369922
13219,37204,28788,6509.369922
13220,37205,28789,6509.432334
13221,37206,28789,6509.432334
13222,37207,28790,6509.481179
13223,37208,28790,6509.481179
13224,37209,28792,6509.516027
13225,37210,28793,6509.543882
13226,37211,28794,6509.578786
13227,37212,28795,6509.610689
13228,37213,28796,6509.641122
13229,37214,28796,6509.641122
13230,37215,28797,6509.671852
13231,37216,28798,6509.704952
13232,37217,28799,6509.737187
13233,37218,28800,6509.768020
13234,37219,28800,6509.768020
13235,37220,28800,6509.768020
13236,37221,28800,6509.768020
13237,37222,28802,6509.850712
13238,37223,28803,6509.880460
13239,37224,28804,6509.913445
13240,37225,28805,6509.945782
13241,37226,28805,6509.945782
13242,37227,28806,6509.977179
13243,37228,28807,6510.009620
13244,37229,28808,6510.041526
13245,37230,28809,6510.070787
13246,37231,28810,6510.105093
13247,37232,28810,6510.105093
13248,37233,28811,6510.136532
13249,37234,28811,6510.136532
13250,37235,28811,6510.136532
13251,37236,28813,6510.219966
13252,37237,28814,6510.248721
13253,37238,28815,6510.282975
13254,37239,28815,6510.282975
13255,37240,28816,6510.313343
13256,37241,28817,6510.344755
13257,37242,28818,6510.377406
13258,37243,28819,6510.409568
13259,37244,28820,6510.441875
13260,37245,28820,6510.441875
13261,37246,28821,6510.473182
13262,37247,28821,6510.473182
13263,37248,28822,6510.520545
13264,37249,28823,6510.552016
13265,37250,28824,6510.583134
13266,37251,28825,6510.616534
13267,37252,28826,6510.648701
13268,37253,28826,6510.648701
13269,37254,28827,6510.681855
13270,37255,28828,6510.715141
13271,37256,28829,6510.745130
13272,37257,28830,6510.777754
13273,37258,28830,6510.777754
13274,37259,28831,6510.808239
13275,37260,28832,6510.855724
13276,37261,28832,6510.855724
13277,37262,28833,6510.888585
13278,37263,28834,6510.921084
13279,37264,28835,6510.953023
13280,37265,28836,6510.984086
13281,37266,28836,6510.984086
13282,37267,28837,6511.016118
13283,37268,28838,6511.049789
13284,37269,28839,6511.080840
13285,37270,28840,6511.112670
13286,37271,28840,6511.112670
13287,37272,28841,6511.144169
13288,37273,28842,6511.192802
13289,37274,28842,6511.192802
13290,37275,28843,6511.223446
13291,37276,28844,6511.256631
13292,37277,28845,6511.288428
13293,37278,28845,6511.288428
13294,37279,28846,6511.323580
13295,37280,28847,6511.352170
13296,37281,28848,6511.385565
13297,37282,28849,6511.417552
13298,37283,28850,6511.449751
13299,37284,28850,6511.449751
13300,37285,28851,6511.481881
13301,37286,28851,6511.481881
13302,37287,28852,6511.530929
13303,37288,28853,6511.561422
13304,37289,28854,6511.593598
13305,37290,28855,6511.624029
13306,37291,28856,6511.657817
13307,37292,28856,6511.657817
13308,37293,28857,6511.688392
13309,37294,28858,6511.721599
13310,37295,28859,6511.753046
13311,37296,28861,6511.816152
13312,37297,28861,6511.816152
13313,37298,28862,6511.849770
13314,37299,28862,6511.849770
13315,37300,28863,6511.896859
13316,37301,28864,6511.929050
13317,37302,28865,6511.959623
13318,37303,28866,6511.992271
13319,37304,28867,6512.023346
13320,37305,28867,6512.023346
13321,37306,28868,6512.055669
13322,37307,28869,6512.088717
13323,37308,28870,6512.120357
13324,37309,28870,6512.120357
13325,37310,28871,6512.155216
13326,37311,28872,6512.185442
13327,37312,28872,6512.185442
13328,37313,28873,6512.232605
13329,37314,28874,6512.266712
13330,37315,28875,6512.297087
13331,37316,28876,6512.329703
13332,37317,28877,6512.359571
13333,37318,28877,6512.359571
13334,37319,28878,6512.392697
13335,37320,28879,6512.424962
13336,37321,28880,6512.454900
13337,37322,28881,6512.488135
13338,37323,28881,6512.488135
13339,37324,28882,6512.520652
13340,37325,28882,6512.520652
13341,37326,28883,6512.568597
13342,37327,28884,6512.600484
13343,37328,28885,6512.632208
13344,37329,28886,6512.662535
13345,37330,28887,6512.696449
13346,37331,28887,6512.696449
13347,37332,28888,6512.727865
13348,37333,28889,6512.761524
13349,37334,28890,6512.793334
13350,37335,28891,6512.824953
13351,37336,28891,6512.824953
13352,37337,28892,6512.859685
13353,37338,28892,6512.859685
13354,37339,28893,6512.905153
13355,37340,28895,6512.941101
13356,37341,28895,6512.941101
13357,37342,28896,6513.000915
13358,37343,28897,6513.032138
13359,37344,28897,6513.032138
13360,37345,28898,6513.065665
13361,37346,28899,6513.096467
13362,37347,28900,6513.127995
13363,37348,28901,6513.160938
13364,37349,28901,6513.160938
13365,37350,28902,6513.193931
13366,37351,28902,6513.193931
13367,37352,28903,6513.241436
13368,37353,28905,6513.273653
13369,37354,28906,6513.303991
13370,37355,28907,6513.335057
13371,37356,28907,6513.335057
13372,37357,28907,6513.335057
13373,37358,28908,6513.400240
13374,37359,28909,6513.435213
13375,37360,28910,6513.464960
13376,37361,28911,6513.496210
13377,37362,28911,6513.496210
13378,37363,28912,6513.528364
13379,37364,28913,6513.560162
13380,37365,28913,6513.560162
13381,37366,28914,6513.607217
13382,37367,28916,6513.642174
13383,37368,28917,6513.671967
13384,37369,28918,6513.704063
13385,37370,28918,6513.704063
13386,37371,28919,6513.736905
13387,37372,28919,6513.736905
13388,37373,28919,6513.736905
13389,37374,28921,6513.819078
13390,37375,28922,6513.848576
13391,37376,28923,6513.880365
13392,37377,28924,6513.912097
13393,37378,28924,6513.912097
13394,37379,28925,6513.944908
13395,37380,28926,6513.975311
13396,37381,28927,6514.008897
13397,37382,28928,6514.040048
13398,37383,28928,6514.040048
13399,37384,28929,6514.071892
13400,37385,28929,6514.071892
13401,37386,28930,6514.121490
13402,37387,28931,6514.152571
13403,37388,28932,6514.185624
13404,37389,28933,6514.217141
13405,37390,28934,6514.247891
13406,37391,28934,6514.247891
13407,37392,28935,6514.279512
13408,37393,28936,6514.313481
13409,37394,28937,6514.345542
13410,37395,28938,6514.376316
13411,37396,28938,6514.376316
13412,37397,28939,6514.409868
13413,37398,28940,6514.457046
13414,37399,28940,6514.457046
13415,37400,28941,6514.487292
13416,37401,28942,6514.521613
13417,37402,28943,6514.553133
13418,37403,28944,6514.585046
13419,37404,28944,6514.585046
13420,37405,28945,6514.616721
13421,37406,28946,6514.648720
13422,37407,28947,6514.680332
13423,37408,28948,6514.711596
13424,37409,28948,6514.711596
13425,37410,28949,6514.744744
13426,37411,28949,6514.744744
13427,37412,28950,6514.793502
13428,37413,28951,6514.825571
13429,37414,28952,6514.857021
13430,37415,28953,6514.888765
13431,37416,28954,6514.921646
13432,37417,28954,6514.921646
13433,37418,28955,6514.953877
13434,37419,28956,6514.985586
13435,37420,28957,6515.016908
13436,37421,28958,6515.050025
13437,37422,28958,6515.050025
13438,37423,28959,6515.079465
13439,37424,28960,6515.126199
13440,37425,28960,6515.126199
13441,37426,28961,6515.160364
13442,37427,28962,6515.193142
13443,37428,28963,6515.224714
13444,37429,28964,6515.256880
13445,37430,28964,6515.256880
13446,37431,28965,6515.287856
13447,37432,28966,6515.322090
13448,37433,28967,6515.353160
13449,37434,28968,6515.384877
13450,37435,28968,6515.384877
13451,37436,28969,6515.416853
13452,37437,28970,6515.448037
13453,37438,28970,6515.448037
13454,37439,28971,6515.496964
13455,37440,28972,6515.529244
13456,37441,28973,6515.561280
13457,37442,28974,6515.593618
13458,37443,28974,6515.593618
13459,37444,28975,6515.625031
13460,37445,28976,6515.657147
13461,37446,28977,6515.689989
13462,37447,28978,6515.723142
13463,37448,28978,6515.723142
13464,37449,28979,6515.753467
13465,37450,28980,6515.784999
13466,37451,28980,6515.784999
13467,37452,28981,6515.831646
13468,37453,28982,6515.864911
13469,37454,28983,6515.897195
13470,37455,28984,6515.928917
13471,37456,28985,6515.960165
13472,37457,28985,6515.960165
13473,37458,28986,6515.992303
13474,37459,28987,6516.025310
13475,37460,28988,6516.056696
13476,37461,28989,6516.089019
13477,37462,28989,6516.089019
13478,37463,28990,6516.119378
13479,37464,28990,6516.119378
13480,37465,28991,6516.168054
13481,37466,28992,6516.200256
13482,37467,28993,6516.233184
13483,37468,28994,6516.266112
13484,37469,28994,6516.266112
13485,37470,28995,6516.297170
13486,37471,28996,6516.329064
13487,37472,28997,6516.361006
13488,37473,28998,6516.393905
13489,37474,28999,6516.424958
13490,37475,28999,6516.424958
13491,37476,29000,6516.456777
13492,37477,29000,6516.456777
13493,37478,29001,6516.506104
13494,37479,29003,6516.539340
13495,37480,29003,6516.539340
13496,37481,29004,6516.601955
13497,37482,29004,6516.601955
13498,37483,29005,6516.631715
13499,37484,29006,6516.665167
13500,37485,29007,6516.696538
13501,37486,29008,6516.728928
13502,37487,29009,6516.760511
13503,37488,29009,6516.760511
13504,37489,29010,6516.791438
13505,37490,29010,6516.791438
13506,37491,29011,6516.840044
13507,37492,29013,6516.874156
13508,37493,29014,6516.904829
13509,37494,29015,6516.937951
13510,37495,29015,6516.937951
13511,37496,29015,6516.937951
13512,37497,29016,6517.001516
13513,37498,29017,6517.033710
13514,37499,29018,6517.065377
13515,37500,29018,6517.065377
13516,37501,29019,6517.097805
13517,37502,29020,6517.127965
13518,37503,29021,6517.160599
13519,37504,29021,6517.160599
13520,37505,29022,6517.208085
13521,37506,29024,6517.244616
13522,37507,29025,6517.273102
13523,37508,29025,6517.273102
13524,37509,29026,6517.304864
13525,37510,29027,6517.335894
13526,37511,29027,6517.335894
13527,37512,29028,6517.400364
13528,37513,29029,6517.432315
13529,37514,29029,6517.432315
13530,37515,29030,6517.465011
13531,37516,29031,6517.496980
13532,37517,29031,6517.496980
13533,37518,29032,6517.543904
13534,37519,29034,6517.578728
13535,37520,29035,6517.608974
13536,37521,29035,6517.608974
13537,37522,29036,6517.640487
13538,37523,29037,6517.672080
13539,37524,29038,6517.704359
13540,37525,29039,6517.735741
13541,37526,29039,6517.735741
13542,37527,29039,6517.735741
13543,37528,29040,6517.800316
13544,37529,29041,6517.832524
13545,37530,29041,6517.832524
13546,37531,29042,6517.882470
13547,37532,29044,6517.915015
13548,37533,29045,6517.944842
13549,37534,29045,6517.944842
13550,37535,29046,6517.974919
13551,37536,29047,6518.007892
13552,37537,29048,6518.040575
13553,37538,29049,6518.071897
13554,37539,29049,6518.071897
13555,37540,29050,6518.105191
13556,37541,29051,6518.136940
13557,37542,29052,6518.168511
13558,37543,29052,6518.168511
13559,37544,29052,6518.168511
13560,37545,29054,6518.251217
13561,37546,29055,6518.282062
13562,37547,29055,6518.282062
13563,37548,29056,6518.312069
13564,37549,29057,6518.344263
13565,37550,29058,6518.375444
13566,37551,29059,6518.410038
13567,37552,29059,6518.410038
13568,37553,29060,6518.441432
13569,37554,29061,6518.472236
13570,37555,29062,6518.505034
13571,37556,29062,6518.505034
13572,37557,29063,6518.552764
13573,37558,29064,6518.585068
13574,37559,29065,6518.615598
13575,37560,29065,6518.615598
13576,37561,29066,6518.649095
13577,37562,29067,6518.681587
13578,37563,29068,6518.712060
13579,37564,29069,6518.744997
13580,37565,29069,6518.744997
13581,37566,29070,6518.777213
13582,37567,29071,6518.808805
13583,37568,29072,6518.841833
13584,37569,29073,6518.874867
13585,37570,29073,6518.874867
13586,37571,29074,6518.920129
13587,37572,29075,6518.953851
13588,37573,29075,6518.953851
13589,37574,29076,6518.983615
13590,37575,29077,6519.017323
13591,37576,29078,6519.048007
13592,37577,29079,6519.079534
13593,37578,29079,6519.079534
13594,37579,29080,6519.113464
13595,37580,29081,6519.144919
13596,37581,29082,6519.176460
13597,37582,29083,6519.209458
13598,37583,29083,6519.209458
13599,37584,29084,6519.257212
13600,37585,29085,6519.290155
13601,37586,29085,6519.290155
13602,37587,29086,6519.319936
13603,37588,29087,6519.355250
13604,37589,29088,6519.384937
13605,37590,29089,6519.418289
13606,37591,29089,6519.418289
13607,37592,29090,6519.448253
13608,37593,29091,6519.482614
13609,37594,29092,6519.513025
13610,37595,29093,6519.545105
13611,37596,29093,6519.545105
13612,37597,29094,6519.592294
13613,37598,29095,6519.624975
13614,37599,29095,6519.624975
13615,37600,29096,6519.657474
13616,37601,29097,6519.691516
13617,37602,29098,6519.721340
13618,37603,29099,6519.752063
13619,37604,29099,6519.752063
13620,37605,29100,6519.784268
13621,37606,29101,6519.815508
13622,37607,29102,6519.847654
13623,37608,29103,6519.880910
13624,37609,29103,6519.880910
13625,37610,29104,6519.929340
13626,37611,29105,6519.960712
13627,37612,29105,6519.960712
13628,37613,29106,6519.992770
13629,37614,29107,6520.025040
13630,37615,29108,6520.056657
13631,37616,29109,6520.088445
13632,37617,29110,6520.120875
13633,37618,29110,6520.120875
13634,37619,29111,6520.152006
13635,37620,29112,6520.185364
13636,37621,29113,6520.216825
13637,37622,29113,6520.216825
13638,37623,29114,6520.264887
13639,37624,29115,6520.297298
13640,37625,29115,6520.297298
13641,37626,29116,6520.328829
13642,37627,29117,6520.360558
13643,37628,29118,6520.391959
13644,37629,29119,6520.425079
13645,37630,29120,6520.456700
13646,37631,29120,6520.456700
13647,37632,29121,6520.489602
13648,37633,29122,6520.520179
13649,37634,29123,6520.553431
13650,37635,29124,6520.585078
13651,37636,29124,6520.585078
13652,37637,29125,6520.635013
13653,37638,29126,6520.664856
13654,37639,29126,6520.664856
13655,37640,29127,6520.697037
13656,37641,29128,6520.729159
13657,37642,29129,6520.760280
13658,37643,29130,6520.792288
13659,37644,29130,6520.792288
13660,37645,29131,6520.825074
13661,37646,29132,6520.856027
13662,37647,29133,6520.887625
13663,37648,29134,6520.920539
13664,37649,29134,6520.920539
13665,37650,29135,6520.968180
13666,37651,29136,6521.000717
13667,37652,29136,6521.000717
13668,37653,29137,6521.034099
13669,37654,29138,6521.065020
13670,37655,29139,6521.096327
13671,37656,29140,6521.128226
13672,37657,29140,6521.128226
13673,37658,29141,6521.159194
13674,37659,29142,6521.191386
13675,37660,29143,6521.224973
13676,37661,29144,6521.256908
13677,37662,29144,6521.256908
13678,37663,29145,6521.305166
13679,37664,29146,6521.336747
13680,37665,29147,6521.339818
13681,37666,29148,6521.370361
13682,37667,29148,6521.370361
13683,37668,29149,6521.433993
13684,37669,29150,6521.465214
13685,37670,29150,6521.465214
13686,37671,29151,6521.497157
13687,37672,29152,6521.527896
13688,37673,29153,6521.562596
13689,37674,29154,6521.593675
13690,37675,29154,6521.593675
13691,37676,29155,6521.639875
13692,37677,29156,6521.673252
13693,37678,29157,6521.675985
13694,37679,29158,6521.703903
13695,37680,29159,6521.737059
13696,37681,29159,6521.737059
13697,37682,29160,6521.802416
13698,37683,29160,6521.802416
13699,37684,29161,6521.831224
13700,37685,29162,6521.865097
13701,37686,29163,6521.897368
13702,37687,29164,6521.929047
13703,37688,29164,6521.929047
13704,37689,29165,6521.976160
13705,37690,29166,6522.007859
13706,37691,29167,6522.010635
13707,37692,29168,6522.040627
13708,37693,29169,6522.071963
13709,37694,29170,6522.105263
13710,37695,29171,6522.137044
13711,37696,29171,6522.137044
13712,37697,29171,6522.137044
13713,37698,29172,6522.200543
13714,37699,29173,6522.232941
13715,37700,29174,6522.264874
13716,37701,29174,6522.264874
13717,37702,29175,6522.312686
13718,37703,29176,6522.344021
13719,37704,29177,6522.346599
13720,37705,29178,6522.377345
13721,37706,29179,6522.409142
13722,37707,29180,6522.442775
13723,37708,29180,6522.442775
13724,37709,29181,6522.474785
13725,37710,29182,6522.504739
13726,37711,29183,6522.534834
13727,37712,29183,6522.534834
13728,37713,29184,6522.600131
13729,37714,29184,6522.600131
13730,37715,29185,6522.632723
13731,37716,29186,6522.680629
13732,37717,29186,6522.680629
13733,37718,29188,6522.714825
13734,37719,29189,6522.745137
13735,37720,29190,6522.777272
13736,37721,29191,6522.808095
13737,37722,29191,6522.808095
13738,37723,29192,6522.841254
13739,37724,29193,6522.874085
13740,37725,29194,6522.905160
13741,37726,29195,6522.938064
13742,37727,29195,6522.938064
13743,37728,29195,6522.938064
13744,37729,29196,6523.017056
13745,37730,29196,6523.017056
13746,37731,29198,6523.049436
13747,37732,29199,6523.081097
13748,37733,29200,6523.113575
13749,37734,29201,6523.145402
13750,37735,29201,6523.145402
13751,37736,29202,6523.176933
13752,37737,29203,6523.209327
13753,37738,29204,6523.241318
13754,37739,29205,6523.271911
13755,37740,29205,6523.271911
13756,37741,29206,6523.304116
13757,37742,29207,6523.351533
13758,37743,29207,6523.351533
13759,37744,29208,6523.387499
13760,37745,29209,6523.416175
13761,37746,29210,6523.448080
13762,37747,29210,6523.448080
13763,37748,29211,6523.482894
13764,37749,29212,6523.511745
13765,37750,29213,6523.545294
13766,37751,29214,6523.575171
13767,37752,29215,6523.609379
13768,37753,29215,6523.609379
13769,37754,29216,6523.640350
13770,37755,29216,6523.640350
13771,37756,29217,6523.688674
13772,37757,29218,6523.720539
13773,37758,29219,6523.753283
13774,37759,29220,6523.783900
13775,37760,29221,6523.815089
13776,37761,29221,6523.815089
13777,37762,29222,6523.848633
13778,37763,29223,6523.880960
13779,37764,29224,6523.913711
13780,37765,29225,6523.946266
13781,37766,29225,6523.946266
13782,37767,29226,6523.977352
13783,37768,29226,6523.977352
13784,37769,29227,6524.025353
13785,37770,29228,6524.057162
13786,37771,29229,6524.090204
13787,37772,29230,6524.121131
13788,37773,29231,6524.153125
13789,37774,29231,6524.153125
13790,37775,29232,6524.185483
13791,37776,29233,6524.216931
13792,37777,29234,6524.249975
13793,37778,29235,6524.282434
13794,37779,29235,6524.282434
13795,37780,29236,6524.312674
13796,37781,29237,6524.345123
13797,37782,29237,6524.345123
13798,37783,29238,6524.392705
13799,37784,29239,6524.425609
13800,37785,29240,6524.458556
13801,37786,29241,6524.489285
13802,37787,29241,6524.489285
13803,37788,29242,6524.519996
13804,37789,29243,6524.552630
13805,37790,29244,6524.585158
13806,37791,29245,6524.618074
13807,37792,29246,6524.648510
13808,37793,29246,6524.648510
13809,37794,29247,6524.679745
13810,37795,29247,6524.679745
13811,37796,29248,6524.727826
13812,37797,29249,6524.760243
13813,37798,29250,6524.792861
13814,37799,29251,6524.824160
13815,37800,29252,6524.857063
13816,37801,29252,6524.857063
13817,37802,29253,6524.887436
13818,37803,29254,6524.920835
13819,37804,29255,6524.952845
13820,37805,29256,6524.984753
13821,37806,29256,6524.984753
13822,37807,29257,6525.017042
13823,37808,29257,6525.017042
13824,37809,29258,6525.064549
13825,37810,29259,6525.095583
13826,37811,29260,6525.129196
13827,37812,29261,6525.160573
13828,37813,29262,6525.193950
13829,37814,29262,6525.193950
13830,37815,29263,6525.224978
13831,37816,29264,6525.257091
13832,37817,29265,6525.290108
13833,37818,29266,6525.322477
13834,37819,29266,6525.322477
13835,37820,29267,6525.354884
13836,37821,29268,6525.400184
13837,37822,29268,6525.400184
13838,37823,29269,6525.432259
13839,37824,29270,6525.466554
13840,37825,29271,6525.495099
13841,37826,29272,6525.530404
13842,37827,29272,6525.530404
13843,37828,29273,6525.561016
13844,37829,29274,6525.592846
13845,37830,29275,6525.626262
13846,37831,29276,6525.656197
13847,37832,29277,6525.690089
13848,37833,29277,6525.690089
13849,37834,29278,6525.737302
13850,37835,29278,6525.737302
13851,37836,29279,6525.769282
13852,37837,29280,6525.800925
13853,37838,29281,6525.833796
13854,37839,29282,6525.865260
13855,37840,29283,6525.897247
13856,37841,29283,6525.897247
13857,37842,29284,6525.928074
13858,37843,29285,6525.962584
13859,37844,29286,6525.994126
13860,37845,29287,6526.025987
13861,37846,29287,6526.025987
13862,37847,29288,6526.057065
13863,37848,29289,6526.104069
13864,37849,29289,6526.104069
13865,37850,29291,6526.141875
13866,37851,29291,6526.141875
13867,37852,29292,6526.201025
13868,37853,29293,6526.233756
13869,37854,29293,6526.233756
13870,37855,29294,6526.264968
13871,37856,29295,6526.297467
13872,37857,29296,6526.330010
13873,37858,29297,6526.362357
13874,37859,29297,6526.362357
13875,37860,29298,6526.393434
13876,37861,29299,6526.440823
13877,37862,29299,6526.440823
13878,37863,29301,6526.476257
13879,37864,29302,6526.505593
13880,37865,29303,6526.536877
13881,37866,29303,6526.536877
13882,37867,29303,6526.536877
13883,37868,29304,6526.600681
13884,37869,29305,6526.635050
13885,37870,29306,6526.665147
13886,37871,29307,6526.697037
13887,37872,29307,6526.697037
13888,37873,29308,6526.729192
13889,37874,29309,6526.777626
13890,37875,29309,6526.777626
13891,37876,29311,6526.812808
13892,37877,29312,6526.841251
13893,37878,29313,6526.873108
13894,37879,29314,6526.905040
13895,37880,29314,6526.905040
13896,37881,29315,6526.937995
13897,37882,29315,6526.937995
13898,37883,29316,6527.000925
13899,37884,29317,6527.032292
13900,37885,29317,6527.032292
13901,37886,29318,6527.064089
13902,37887,29319,6527.113188
13903,37888,29319,6527.113188
13904,37889,29321,6527.147934
13905,37890,29322,6527.176728
13906,37891,29323,6527.209295
13907,37892,29324,6527.240300
13908,37893,29324,6527.240300
13909,37894,29325,6527.272921
13910,37895,29326,6527.304896
13911,37896,29327,6527.336506
13912,37897,29327,6527.336506
13913,37898,29327,6527.336506
13914,37899,29328,6527.400048
13915,37900,29328,6527.400048
13916,37901,29329,6527.451050
13917,37902,29331,6527.482956
13918,37903,29332,6527.512211
13919,37904,29333,6527.545485
13920,37905,29334,6527.578678
13921,37906,29334,6527.578678
13922,37907,29335,6527.609559
13923,37908,29336,6527.642524
13924,37909,29337,6527.673955
13925,37910,29338,6527.704899
13926,37911,29338,6527.704899
13927,37912,29339,6527.737395
13928,37913,29339,6527.737395
13929,37914,29339,6527.737395
13930,37915,29341,6527.819378
13931,37916,29342,6527.849703
13932,37917,29343,6527.881726
13933,37918,29344,6527.912849
13934,37919,29345,6527.943575
13935,37920,29345,6527.943575
13936,37921,29346,6527.976584
13937,37922,29347,6528.009015
13938,37923,29348,6528.042420
13939,37924,29349,6528.072342
13940,37925,29349,6528.072342
13941,37926,29350,6528.105283
13942,37927,29350,6528.105283
13943,37928,29351,6528.152877
13944,37929,29352,6528.187154
13945,37930,29353,6528.217416
13946,37931,29354,6528.250047
13947,37932,29354,6528.250047
13948,37933,29355,6528.281839
13949,37934,29356,6528.315054
13950,37935,29357,6528.347707
13951,37936,29358,6528.377032
13952,37937,29359,6528.408228
13953,37938,29359,6528.408228
13954,37939,29360,6528.440769
13955,37940,29361,6528.488137
13956,37941,29361,6528.488137
13957,37942,29362,6528.520532
13958,37943,29363,6528.553005
13959,37944,29364,6528.586603
13960,37945,29365,6528.616192
13961,37946,29365,6528.616192
13962,37947,29366,6528.649623
13963,37948,29367,6528.680752
13964,37949,29368,6528.712466
13965,37950,29369,6528.744743
13966,37951,29369,6528.744743
13967,37952,29370,6528.778237
13968,37953,29370,6528.778237
13969,37954,29371,6528.825685
13970,37955,29372,6528.856653
13971,37956,29373,6528.888734
13972,37957,29374,6528.921413
13973,37958,29374,6528.921413
13974,37959,29375,6528.954472
13975,37960,29376,6528.985002
13976,37961,29377,6529.017930
13977,37962,29378,6529.049657
13978,37963,29379,6529.080151
13979,37964,29379,6529.080151
13980,37965,29380,6529.112449
13981,37966,29381,6529.160235
13982,37967,29381,6529.160235
13983,37968,29382,6529.195927
13984,37969,29383,6529.225202
13985,37970,29384,6529.256476
13986,37971,29385,6529.288997
13987,37972,29385,6529.288997
13988,37973,29386,6529.319950
13989,37974,29387,6529.353304
13990,37975,29388,6529.385074
13991,37976,29389,6529.417574
13992,37977,29389,6529.417574
13993,37978,29390,6529.449396
13994,37979,29391,6529.483215
13995,37980,29391,6529.483215
13996,37981,29392,6529.528013
13997,37982,29393,6529.563294
13998,37983,29394,6529.593727
13999,37984,29395,6529.627131
14000,37985,29395,6529.627131
14001,37986,29396,6529.657865
14002,37987,29397,6529.691184
14003,37988,29398,6529.722286
14004,37989,29399,6529.754940
14005,37990,29399,6529.754940
14006,37991,29400,6529.784749
14007,37992,29401,6529.817134
14008,37993,29401,6529.817134
14009,37994,29402,6529.865760
14010,37995,29403,6529.898748
14011,37996,29404,6529.930134
14012,37997,29405,6529.962798
14013,37998,29405,6529.962798
14014,37999,29406,6529.991726
14015,38000,29407,6530.028028
14016,38001,29408,6530.058219
14017,38002,29409,6530.088670
14018,38003,29409,6530.088670
14019,38004,29410,6530.122316
14020,38005,29411,6530.151863
14021,38006,29411,6530.151863
14022,38007,29412,6530.199886
14023,38008,29413,6530.233721
14024,38009,29414,6530.265156
14025,38010,29415,6530.297159
14026,38011,29415,6530.297159
14027,38012,29416,6530.331026
14028,38013,29417,6530.361407
14029,38014,29418,6530.393293
14030,38015,29419,6530.425107
14031,38016,29420,6530.457434
14032,38017,29420,6530.457434
14033,38018,29421,6530.489584
14034,38019,29421,6530.489584
14035,38020,29422,6530.537680
14036,38021,29423,6530.567872
14037,38022,29424,6530.601711
14038,38023,29425,6530.632128
14039,38024,29425,6530.632128
14040,38025,29426,6530.666902
14041,38026,29427,6530.697516
14042,38027,29428,6530.729883
14043,38028,29429,6530.760895
14044,38029,29430,6530.792187
14045,38030,29430,6530.792187
14046,38031,29431,6530.825581
14047,38032,29432,6530.873565
14048,38033,29432,6530.873565
14049,38034,29434,6530.909675
14050,38035,29435,6530.938548
14051,38036,29435,6530.938548
14052,38037,29436,6531.002037
14053,38038,29436,6531.002037
14054,38039,29437,6531.032500
14055,38040,29438,6531.063500
14056,38041,29439,6531.098595
14057,38042,29440,6531.128032
14058,38043,29441,6531.161167
14059,38044,29441,6531.161167
14060,38045,29442,6531.209685
14061,38046,29442,6531.209685
14062,38047,29444,6531.244129
14063,38048,29445,6531.273760
14064,38049,29446,6531.305222
14065,38050,29447,6531.338396
14066,38051,29447,6531.338396
14067,38052,29447,6531.338396
14068,38053,29448,6531.399749
14069,38054,29449,6531.435282
14070,38055,29450,6531.465000
14071,38056,29451,6531.496916
14072,38057,29451,6531.496916
14073,38058,29452,6531.530289
14074,38059,29452,6531.530289
14075,38060,29453,6531.577460
14076,38061,29455,6531.611011
14077,38062,29456,6531.641717
14078,38063,29457,6531.673307
14079,38064,29458,6531.703939
14080,38065,29458,6531.703939
14081,38066,29459,6531.737026
14082,38067,29459,6531.737026
14083,38068,29460,6531.800788
14084,38069,29461,6531.834935
14085,38070,29461,6531.834935
14086,38071,29462,6531.865337
14087,38072,29463,6531.913385
14088,38073,29463,6531.913385
14089,38074,29465,6531.947090
14090,38075,29466,6531.976713
14091,38076,29467,6532.009160
14092,38077,29468,6532.040272
14093,38078,29468,6532.040272
14094,38079,29469,6532.072395
14095,38080,29470,6532.103362
14096,38081,29471,6532.138206
14097,38082,29471,6532.138206
14098,38083,29472,6532.199943
14099,38084,29472,6532.199943
14100,38085,29473,6532.250240
14101,38086,29473,6532.250240
14102,38087,29475,6532.285111
14103,38088,29476,6532.312443
14104,38089,29477,6532.345418
14105,38090,29478,6532.377545
14106,38091,29479,6532.408630
14107,38092,29479,6532.408630
14108,38093,29480,6532.457148
14109,38094,29480,6532.457148
14110,38095,29481,6532.487949
14111,38096,29482,6532.524102
14112,38097,29483,6532.555207
14113,38098,29484,6532.585269
14114,38099,29484,6532.585269
14115,38100,29485,6532.616730
14116,38101,29486,6532.649266
14117,38102,29487,6532.681268
14118,38103,29488,6532.711678
14119,38104,29488,6532.711678
14120,38105,29489,6532.761592
14121,38106,29490,6532.793762
14122,38107,29491,6532.823758
14123,38108,29491,6532.823758
14124,38109,29492,6532.856381
14125,38110,29493,6532.890105
14126,38111,29494,6532.920479
14127,38112,29495,6532.952432
14128,38113,29495,6532.952432
14129,38114,29496,6532.985048
14130,38115,29497,6533.017662
14131,38116,29498,6533.050388
14132,38117,29499,6533.079733
14133,38118,29499,6533.079733
14134,38119,29500,6533.129032
14135,38120,29500,6533.129032
14136,38121,29501,6533.160311
14137,38122,29502,6533.193199
14138,38123,29503,6533.226969
14139,38124,29504,6533.256707
14140,38125,29504,6533.256707
14141,38126,29505,6533.289256
14142,38127,29506,6533.320912
14143,38128,29507,6533.353737
14144,38129,29508,6533.385841
14145,38130,29509,6533.417675
14146,38131,29509,6533.417675
14147,38132,29510,6533.466115
14148,38133,29510,6533.466115
14149,38134,29511,6533.496641
14150,38135,29512,6533.528258
14151,38136,29513,6533.561960
14152,38137,29514,6533.594435
14153,38138,29515,6533.626705
14154,38139,29516,6533.657810
14155,38140,29516,6533.657810
14156,38141,29517,6533.688770
14157,38142,29518,6533.722340
14158,38143,29519,6533.753743
14159,38144,29519,6533.753743
14160,38145,29520,6533.802410
14161,38146,29521,6533.832887
14162,38147,29522,6533.865429
14163,38148,29522,6533.865429
14164,38149,29523,6533.897354
14165,38150,29524,6533.930281
14166,38151,29525,6533.961642
14167,38152,29526,6533.992100
14168,38153,29526,6533.992100
14169,38154,29527,6534.024996
14170,38155,29528,6534.059236
14171,38156,29529,6534.088736
14172,38157,29529,6534.088736
14173,38158,29530,6534.137362
14174,38159,29531,6534.168899
14175,38160,29532,6534.202660
14176,38161,29532,6534.202660
14177,38162,29533,6534.231403
14178,38163,29534,6534.265588
14179,38164,29535,6534.297256
14180,38165,29536,6534.328782
14181,38166,29536,6534.328782
14182,38167,29537,6534.360558
14183,38168,29538,6534.393659
14184,38169,29539,6534.423251
14185,38170,29539,6534.423251
14186,38171,29540,6534.474101
14187,38172,29542,6534.507981
14188,38173,29543,6534.536966
14189,38174,29543,6534.536966
14190,38175,29543,6534.536966
14191,38176,29544,6534.601220
14192,38177,29545,6534.634188
14193,38178,29546,6534.665179
14194,38179,29546,6534.665179
14195,38180,29547,6534.697670
14196,38181,29548,6534.728016
14197,38182,29549,6534.761706
14198,38183,29549,6534.761706
14199,38184,29550,6534.809875
14200,38185,29552,6534.844951
14201,38186,29553,6534.871948
14202,38187,29553,6534.871948
14203,38188,29554,6534.905696
14204,38189,29555,6534.935572
14205,38190,29555,6534.935572
14206,38191,29556,6535.001963
14207,38192,29557,6535.032656
14208,38193,29557,6535.032656
14209,38194,29558,6535.064950
14210,38195,29559,6535.098915
14211,38196,29560,6535.129203
14212,38197,29560,6535.129203
14213,38198,29561,6535.179125
14214,38199,29563,6535.212239
14215,38200,29564,6535.242292
14216,38201,29564,6535.242292
14217,38202,29565,6535.272832
14218,38203,29566,6535.304130
14219,38204,29567,6535.336845
14220,38205,29567,6535.336845
14221,38206,29568,6535.400056
14222,38207,29568,6535.400056
14223,38208,29569,6535.432091
14224,38209,29570,6535.465213
14225,38210,29570,6535.465213
14226,38211,29571,6535.511834
14227,38212,29573,6535.549818
14228,38213,29574,6535.576667
14229,38214,29574,6535.576667
14230,38215,29575,6535.612916
14231,38216,29576,6535.640534
14232,38217,29577,6535.673381
14233,38218,29578,6535.705408
14234,38219,29578,6535.705408
14235,38220,29579,6535.738111
14236,38221,29579,6535.738111
14237,38222,29580,6535.799875
14238,38223,29580,6535.799875
14239,38224,29581,6535.849173
14240,38225,29583,6535.884869
14241,38226,29584,6535.912241
14242,38227,29584,6535.912241
14243,38228,29585,6535.944382
14244,38229,29586,6535.975110
14245,38230,29587,6536.006962
14246,38231,29588,6536.040248
14247,38232,29589,6536.071960
14248,38233,29589,6536.071960
14249,38234,29590,6536.105019
14250,38235,29591,6536.138346
14251,38236,29591,6536.138346
14252,38237,29591,6536.138346
14253,38238,29593,6536.219730
14254,38239,29594,6536.249778
14255,38240,29594,6536.249778
14256,38241,29595,6536.279987
14257,38242,29596,6536.313875
14258,38243,29597,6536.344107
14259,38244,29598,6536.376434
14260,38245,29599,6536.407741
14261,38246,29599,6536.407741
14262,38247,29600,6536.441787
14263,38248,29601,6536.474976
14264,38249,29601,6536.474976
14265,38250,29602,6536.520280
14266,38251,29603,6536.553424
14267,38252,29604,6536.585165
14268,38253,29605,6536.617566
14269,38254,29605,6536.617566
14270,38255,29606,6536.648162
14271,38256,29607,6536.683523
14272,38257,29608,6536.713454
14273,38258,29609,6536.744754
14274,38259,29609,6536.744754
14275,38260,29610,6536.777818
14276,38261,29611,6536.808436
14277,38262,29612,6536.841541
14278,38263,29612,6536.841541
14279,38264,29613,6536.889871
14280,38265,29614,6536.919983
14281,38266,29615,6536.953765
14282,38267,29615,6536.953765
14283,38268,29616,6536.986294
14284,38269,29617,6537.017191
14285,38270,29618,6537.049869
14286,38271,29619,6537.080497
14287,38272,29619,6537.080497
14288,38273,29620,6537.112258
14289,38274,29621,6537.143784
14290,38275,29622,6537.176998
14291,38276,29622,6537.176998
14292,38277,29623,6537.224991
14293,38278,29624,6537.256919
14294,38279,29625,6537.288870
14295,38280,29625,6537.288870
14296,38281,29626,6537.321888
14297,38282,29627,6537.353389
14298,38283,29628,6537.385106
14299,38284,29629,6537.418466
14300,38285,29629,6537.418466
14301,38286,29630,6537.448115
14302,38287,29631,6537.480981
14303,38288,29632,6537.512218
14304,38289,29632,6537.512218
14305,38290,29633,6537.561236
14306,38291,29634,6537.593492
14307,38292,29635,6537.624891
14308,38293,29635,6537.624891
14309,38294,29636,6537.657029
14310,38295,29637,6537.688160
14311,38296,29638,6537.720714
14312,38297,29639,6537.752806
14313,38298,29640,6537.784190
14314,38299,29640,6537.784190
14315,38300,29641,6537.816374
14316,38301,29642,6537.850098
14317,38302,29642,6537.850098
14318,38303,29643,6537.896959
14319,38304,29644,6537.929884
14320,38305,29645,6537.963225
14321,38306,29645,6537.963225
14322,38307,29646,6537.993478
14323,38308,29647,6538.024123
14324,38309,29648,6538.058023
14325,38310,29649,6538.089825
14326,38311,29650,6538.119414
14327,38312,29650,6538.119414
14328,38313,29651,6538.153401
14329,38314,29652,6538.185238
14330,38315,29652,6538.185238
14331,38316,29653,6538.231742
14332,38317,29654,6538.265269
14333,38318,29655,6538.297219
14334,38319,29656,6538.329929
14335,38320,29656,6538.329929
14336,38321,29657,6538.359573
14337,38322,29658,6538.394882
14338,38323,29659,6538.423639
14339,38324,29660,6538.456179
14340,38325,29660,6538.456179
14341,38326,29661,6538.487908
14342,38327,29662,6538.519876
14343,38328,29663,6538.551252
14344,38329,29663,6538.551252
14345,38330,29664,6538.601310
14346,38331,29665,6538.633232
14347,38332,29666,6538.664725
14348,38333,29666,6538.664725
14349,38334,29667,6538.696760
14350,38335,29668,6538.729635
14351,38336,29669,6538.761325
14352,38337,29670,6538.792855
14353,38338,29670,6538.792855
14354,38339,29671,6538.824808
14355,38340,29672,6538.856432
14356,38341,29673,6538.888079
14357,38342,29673,6538.888079
14358,38343,29674,6538.936224
14359,38344,29675,6538.967292
14360,38345,29676,6539.000890
14361,38346,29676,6539.000890
14362,38347,29677,6539.032724
14363,38348,29678,6539.065377
14364,38349,29679,6539.096892
14365,38350,29680,6539.129660
14366,38351,29680,6539.129660
14367,38352,29681,6539.161304
14368,38353,29682,6539.195191
14369,38354,29683,6539.224926
14370,38355,29683,6539.224926
14371,38356,29684,6539.271382
14372,38357,29686,6539.308026
14373,38358,29687,6539.336803
14374,38359,29687,6539.336803
14375,38360,29687,6539.336803
14376,38361,29688,6539.400787
14377,38362,29689,6539.433480
14378,38363,29690,6539.464177
14379,38364,29691,6539.497811
14380,38365,29691,6539.497811
14381,38366,29692,6539.528073
14382,38367,29693,6539.561315
14383,38368,29693,6539.561315
14384,38369,29694,6539.608474
14385,38370,29696,6539.645157
14386,38371,29697,6539.673188
14387,38372,29698,6539.705023
14388,38373,29698,6539.705023
14389,38374,29699,6539.736319
14390,38375,29699,6539.736319
14391,38376,29700,6539.801546
14392,38377,29701,6539.832580
14393,38378,29701,6539.832580
14394,38379,29702,6539.863563
14395,38380,29703,6539.896193
14396,38381,29703,6539.896193
14397,38382,29704,6539.945117
14398,38383,29706,6539.980014
14399,38384,29707,6540.009470
14400,38385,29708,6540.040998
14401,38386,29708,6540.040998
14402,38387,29709,6540.071135
14403,38388,29710,6540.104027
14404,38389,29711,6540.135145
14405,38390,29711,6540.135145
14406,38391,29711,6540.135145
14407,38392,29712,6540.200407
14408,38393,29713,6540.231086
14409,38394,29714,6540.264889
14410,38395,29714,6540.264889
14411,38396,29716,6540.316329
14412,38397,29717,6540.345636
14413,38398,29718,6540.376182
14414,38399,29718,6540.376182
14415,38400,29719,6540.407824
14416,38401,29720,6540.440228
14417,38402,29721,6540.472497
14418,38403,29722,6540.505094
14419,38404,29722,6540.505094
14420,38405,29723,6540.537866
14421,38406,29723,6540.537866
14422,38407,29724,6540.600847
14423,38408,29724,6540.600847
14424,38409,29725,6540.648823
14425,38410,29727,6540.683117
14426,38411,29727,6540.683117
14427,38412,29728,6540.713322
14428,38413,29729,6540.743641
14429,38414,29730,6540.777174
14430,38415,29731,6540.810374
14431,38416,29731,6540.810374
14432,38417,29732,6540.841635
14433,38418,29733,6540.872390
14434,38419,29734,6540.905169
14435,38420,29735,6540.938010
14436,38421,29735,6540.938010
14437,38422,29735,6540.938010
14438,38423,29737,6541.018412
14439,38424,29737,6541.018412
14440,38425,29738,6541.047972
14441,38426,29739,6541.082382
14442,38427,29740,6541.111194
14443,38428,29741,6541.146106
14444,38429,29741,6541.146106
14445,38430,29742,6541.176664
14446,38431,29743,6541.209043
14447,38432,29744,6541.241651
14448,38433,29745,6541.271165
14449,38434,29745,6541.271165
14450,38435,29746,6541.321334
14451,38436,29747,6541.351982
14452,38437,29747,6541.351982
14453,38438,29748,6541.385597
14454,38439,29749,6541.415429
14455,38440,29750,6541.449057
14456,38441,29751,6541.481932
14457,38442,29751,6541.481932
14458,38443,29752,6541.512804
14459,38444,29753,6541.543929
14460,38445,29754,6541.576922
14461,38446,29755,6541.609377
14462,38447,29755,6541.609377
14463,38448,29756,6541.654856
14464,38449,29757,6541.688542
14465,38450,29757,6541.688542
14466,38451,29758,6541.722137
14467,38452,29759,6541.753705
14468,38453,29760,6541.785085
14469,38454,29761,6541.818403
14470,38455,29761,6541.818403
14471,38456,29762,6541.848144
14472,38457,29763,6541.879488
14473,38458,29764,6541.913291
14474,38459,29765,6541.945069
14475,38460,29765,6541.945069
14476,38461,29766,6541.976195
14477,38462,29767,6542.024949
14478,38463,29767,6542.024949
14479,38464,29768,6542.056088
14480,38465,29769,6542.089970
14481,38466,29770,6542.121017
14482,38467,29771,6542.151809
14483,38468,29771,6542.151809
14484,38469,29772,6542.186310
14485,38470,29773,6542.219630
14486,38471,29774,6542.250673
14487,38472,29775,6542.280564
14488,38473,29775,6542.280564
14489,38474,29776,6542.311430
14490,38475,29777,6542.360298
14491,38476,29777,6542.360298
14492,38477,29778,6542.393030
14493,38478,29779,6542.424843
14494,38479,29780,6542.455136
14495,38480,29781,6542.488058
14496,38481,29781,6542.488058
14497,38482,29782,6542.521453
14498,38483,29783,6542.552077
14499,38484,29784,6542.585205
14500,38485,29785,6542.616278
14501,38486,29785,6542.616278
14502,38487,29786,6542.648243
14503,38488,29786,6542.648243
14504,38489,29787,6542.696393
14505,38490,29788,6542.729702
14506,38491,29789,6542.761059
14507,38492,29790,6542.792266
14508,38493,29791,6542.823779
14509,38494,29791,6542.823779
14510,38495,29792,6542.856466
14511,38496,29793,6542.888964
14512,38497,29794,6542.920798
14513,38498,29795,6542.952389
14514,38499,29795,6542.952389
14515,38500,29796,6542.984808
14516,38501,29796,6542.984808
14517,38502,29797,6543.031468
14518,38503,29798,6543.063877
14519,38504,29799,6543.095754
14520,38505,29800,6543.128602
14521,38506,29800,6543.128602
14522,38507,29801,6543.162343
14523,38508,29802,6543.192757
14524,38509,29803,6543.225036
14525,38510,29804,6543.257009
14526,38511,29804,6543.257009
14527,38512,29805,6543.289753
14528,38513,29806,6543.320980
14529,38514,29806,6543.320980
14530,38515,29807,6543.367984
14531,38516,29808,6543.400727
14532,38517,29809,6543.433723
14533,38518,29810,6543.463876
14534,38519,29810,6543.463876
14535,38520,29811,6543.497607
14536,38521,29812,6543.527766
14537,38522,29813,6543.560353
14538,38523,29814,6543.593703
14539,38524,29815,6543.625046
14540,38525,29815,6543.625046
14541,38526,29816,6543.658113
14542,38527,29817,6543.690719
14543,38528,29817,6543.690719
14544,38529,29819,6543.739588
14545,38530,29819,6543.739588
14546,38531,29820,6543.800928
14547,38532,29820,6543.800928
14548,38533,29821,6543.832458
14549,38534,29822,6543.865110
14550,38535,29823,6543.897000
14551,38536,29824,6543.929594
14552,38537,29825,6543.960580
14553,38538,29825,6543.960580
14554,38539,29826,6543.992493
14555,38540,29827,6544.024915
14556,38541,29827,6544.024915
14557,38542,29828,6544.072006
14558,38543,29830,6544.106901
14559,38544,29831,6544.136269
14560,38545,29831,6544.136269
14561,38546,29831,6544.136269
14562,38547,29832,6544.200253
14563,38548,29833,6544.232015
14564,38549,29834,6544.264899
14565,38550,29835,6544.294844
14566,38551,29835,6544.294844
14567,38552,29836,6544.328540
14568,38553,29837,6544.361170
14569,38554,29837,6544.361170
14570,38555,29838,6544.407251
14571,38556,29840,6544.442865
14572,38557,29841,6544.473854
14573,38558,29841,6544.473854
14574,38559,29842,6544.505302
14575,38560,29843,6544.537615
14576,38561,29844,6544.568589
14577,38562,29844,6544.568589
14578,38563,29844,6544.568589
14579,38564,29845,6544.632642
14580,38565,29846,6544.664816
14581,38566,29847,6544.697160
14582,38567,29847,6544.697160
14583,38568,29848,6544.743908
14584,38569,29850,6544.779356
14585,38570,29851,6544.809342
14586,38571,29851,6544.809342
14587,38572,29852,6544.839619
14588,38573,29853,6544.872505
14589,38574,29854,6544.905297
14590,38575,29855,6544.937308
14591,38576,29855,6544.937308
14592,38577,29855,6544.937308
14593,38578,29856,6545.001151
14594,38579,29857,6545.033468
14595,38580,29857,6545.033468
14596,38581,29858,6545.081203
14597,38582,29860,6545.115242
14598,38583,29861,6545.144747
14599,38584,29861,6545.144747
14600,38585,29862,6545.177022
14601,38586,29863,6545.208366
14602,38587,29864,6545.240949
14603,38588,29865,6545.272084
14604,38589,29865,6545.272084
14605,38590,29866,6545.304622
14606,38591,29867,6545.336029
14607,38592,29867,6545.336029
14608,38593,29867,6545.336029
14609,38594,29868,6545.416452
14610,38595,29870,6545.450692
14611,38596,29871,6545.480312
14612,38597,29871,6545.480312
14613,38598,29872,6545.513200
14614,38599,29873,6545.544897
14615,38600,29874,6545.577278
14616,38601,29875,6545.608597
14617,38602,29875,6545.608597
14618,38603,29876,6545.643377
14619,38604,29877,6545.674375
14620,38605,29878,6545.705283
14621,38606,29879,6545.736681
14622,38607,29879,6545.736681
14623,38608,29880,6545.782684
14624,38609,29881,6545.815844
14625,38610,29881,6545.815844
14626,38611,29882,6545.848130
14627,38612,29883,6545.882006
14628,38613,29884,6545.912633
14629,38614,29885,6545.944778
14630,38615,29885,6545.944778
14631,38616,29886,6545.975030
14632,38617,29887,6546.008247
14633,38618,29888,6546.041208
14634,38619,29889,6546.072500
14635,38620,29889,6546.072500
14636,38621,29890,6546.120545
14637,38622,29891,6546.152040
14638,38623,29891,6546.152040
14639,38624,29892,6546.185048
14640,38625,29893,6546.219229
14641,38626,29894,6546.250840
14642,38627,29895,6546.282395
14643,38628,29895,6546.282395
14644,38629,29896,6546.311909
14645,38630,29897,6546.346397
14646,38631,29898,6546.376522
14647,38632,29899,6546.409199
14648,38633,29899,6546.409199
14649,38634,29900,6546.457184
14650,38635,29901,6546.487938
14651,38636,29901,6546.487938
14652,38637,29902,6546.520138
14653,38638,29903,6546.552866
14654,38639,29904,6546.582460
14655,38640,29905,6546.617794
14656,38641,29905,6546.617794
14657,38642,29906,6546.650549
14658,38643,29907,6546.680423
14659,38644,29908,6546.711679
14660,38645,29908,6546.711679
14661,38646,29909,6546.747267
14662,38647,29910,6546.793933
14663,38648,29910,6546.793933
14664,38649,29911,6546.824715
14665,38650,29912,6546.857360
14666,38651,29913,6546.888545
14667,38652,29914,6546.921629
14668,38653,29915,6546.952839
14669,38654,29915,6546.952839
14670,38655,29916,6546.984889
14671,38656,29917,6547.017004
14672,38657,29918,6547.048471
14673,38658,29919,6547.080058
14674,38659,29919,6547.080058
14675,38660,29920,6547.129913
14676,38661,29920,6547.129913
14677,38662,29921,6547.160640
14678,38663,29922,6547.192574
14679,38664,29923,6547.225022
14680,38665,29924,6547.257085
14681,38666,29925,6547.288941
14682,38667,29925,6547.288941
14683,38668,29926,6547.319692
14684,38669,29927,6547.351567
14685,38670,29928,6547.385506
14686,38671,29929,6547.416728
14687,38672,29929,6547.416728
14688,38673,29930,6547.447355
14689,38674,29931,6547.496619
14690,38675,29931,6547.496619
14691,38676,29932,6547.527913
14692,38677,29933,6547.559266
14693,38678,29934,6547.594310
14694,38679,29935,6547.625162
14695,38680,29935,6547.625162
14696,38681,29936,6547.655324
14697,38682,29937,6547.689484
14698,38683,29938,6547.722142
14699,38684,29939,6547.752886
14700,38685,29939,6547.752886
14701,38686,29940,6547.786791
14702,38687,29941,6547.832164
14703,38688,29941,6547.832164
14704,38689,29942,6547.863713
14705,38690,29943,6547.896190
14706,38691,29944,6547.927040
14707,38692,29945,6547.960044
14708,38693,29945,6547.960044
14709,38694,29946,6547.991368
14710,38695,29947,6548.024782
14711,38696,29948,6548.056112
14712,38697,29949,6548.087575
14713,38698,29949,6548.087575
14714,38699,29950,6548.120555
14715,38700,29950,6548.120555
14716,38701,29951,6548.168204
14717,38702,29952,6548.200565
14718,38703,29953,6548.232457
14719,38704,29954,6548.264131
14720,38705,29954,6548.264131
14721,38706,29955,6548.296405
14722,38707,29956,6548.327999
14723,38708,29957,6548.362327
14724,38709,29958,6548.393730
14725,38710,29959,6548.424843
14726,38711,29959,6548.424843
14727,38712,29960,6548.456254
14728,38713,29960,6548.456254
14729,38714,29961,6548.505215
14730,38715,29963,6548.539934
14731,38716,29963,6548.539934
14732,38717,29964,6548.602396
14733,38718,29964,6548.602396
14734,38719,29965,6548.631870
14735,38720,29966,6548.681955
14736,38721,29966,6548.681955
14737,38722,29968,6548.713933
14738,38723,29969,6548.744386
14739,38724,29970,6548.776112
14740,38725,29971,6548.809843
14741,38726,29971,6548.809843
14742,38727,29972,6548.839944
14743,38728,29973,6548.872136
14744,38729,29974,6548.904891
14745,38730,29975,6548.937228
14746,38731,29975,6548.937228
14747,38732,29975,6548.937228
14748,38733,29976,6549.017310
14749,38734,29976,6549.017310
14750,38735,29978,6549.051306
14751,38736,29979,6549.079649
14752,38737,29980,6549.112537
14753,38738,29981,6549.145295
14754,38739,29981,6549.145295
14755,38740,29982,6549.175491
14756,38741,29983,6549.209089
14757,38742,29984,6549.240875
14758,38743,29985,6549.274369
14759,38744,29985,6549.274369
14760,38745,29986,6549.305122
14761,38746,29987,6549.337463
14762,38747,29987,6549.337463
14763,38748,29987,6549.337463
14764,38749,29989,6549.420909
14765,38750,29990,6549.448528
14766,38751,29991,6549.481142
14767,38752,29991,6549.481142
14768,38753,29992,6549.513080
14769,38754,29993,6549.543777
14770,38755,29994,6549.576471
14771,38756,29995,6549.607957
14772,38757,29995,6549.607957
14773,38758,29996,6549.640453
14774,38759,29997,6549.674227
14775,38760,29997,6549.674227
14776,38761,29998,6549.720541
14777,38762,29999,6549.753601
14778,38763,30000,6549.784765
14779,38764,30001,6549.816031
14780,38765,30001,6549.816031
14781,38766,30002,6549.847697
14782,38767,30003,6549.880131
14783,38768,30004,6549.911941
14784,38769,30005,6549.949478
14785,38770,30005,6549.949478
14786,38771,30006,6549.977976
14787,38772,30007,6550.008362
14788,38773,30007,6550.008362
14789,38774,30008,6550.057225
14790,38775,30009,6550.087865
14791,38776,30010,6550.121034
14792,38777,30011,6550.153311
14793,38778,30012,6550.183091
14794,38779,30012,6550.183091
14795,38780,30013,6550.216101
14796,38781,30014,6550.246940
14797,38782,30015,6550.279476
14798,38783,30015,6550.279476
14799,38784,30016,6550.313844
14800,38785,30017,6550.344699
14801,38786,30017,6550.344699
14802,38787,30018,6550.393866
14803,38788,30019,6550.425219
14804,38789,30020,6550.459068
14805,38790,30021,6550.489855
14806,38791,30021,6550.489855
14807,38792,30022,6550.520806
14808,38793,30023,6550.552674
14809,38794,30024,6550.585385
14810,38795,30025,6550.616434
14811,38796,30025,6550.616434
14812,38797,30026,6550.649834
14813,38798,30027,6550.681585
14814,38799,30027,6550.681585
14815,38800,30028,6550.729906
14816,38801,30029,6550.760442
14817,38802,30030,6550.791435
14818,38803,30031,6550.824601
14819,38804,30031,6550.824601
14820,38805,30032,6550.856781
14821,38806,30033,6550.888155
14822,38807,30034,6550.921285
14823,38808,30035,6550.952396
14824,38809,30035,6550.952396
14825,38810,30036,6550.984746
14826,38811,30037,6551.015852
14827,38812,30038,6551.048912
14828,38813,30038,6551.048912
14829,38814,30039,6551.096003
14830,38815,30040,6551.129016
14831,38816,30041,6551.160248
14832,38817,30041,6551.160248
14833,38818,30042,6551.192266
14834,38819,30043,6551.224791
14835,38820,30044,6551.258429
14836,38821,30045,6551.288348
14837,38822,30045,6551.288348
14838,38823,30046,6551.320863
14839,38824,30047,6551.352779
14840,38825,30048,6551.385698
14841,38826,30048,6551.385698
14842,38827,30049,6551.433059
14843,38828,30050,6551.464963
14844,38829,30051,6551.496893
14845,38830,30051,6551.496893
14846,38831,30052,6551.529216
14847,38832,30053,6551.562010
14848,38833,30054,6551.592323
14849,38834,30055,6551.626244
14850,38835,30055,6551.626244
14851,38836,30056,6551.655148
14852,38837,30057,6551.688979
14853,38838,30058,6551.720511
14854,38839,30058,6551.720511
14855,38840,30059,6551.769357
14856,38841,30060,6551.801107
14857,38842,30061,6551.832279
14858,38843,30061,6551.832279
14859,38844,30062,6551.864792
14860,38845,30063,6551.899119
14861,38846,30064,6551.929292
14862,38847,30065,6551.960063
14863,38848,30065,6551.960063
14864,38849,30066,6551.992724
14865,38850,30067,6552.025241
14866,38851,30068,6552.058111
14867,38852,30068,6552.058111
14868,38853,30069,6552.105080
14869,38854,30071,6552.140349
14870,38855,30071,6552.140349
14871,38856,30071,6552.140349
14872,38857,30072,6552.200184
14873,38858,30073,6552.232940
14874,38859,30074,6552.263466
14875,38860,30075,6552.295926
14876,38861,30075,6552.295926
14877,38862,30076,6552.327923
14878,38863,30077,6552.361453
14879,38864,30078,6552.394580
14880,38865,30078,6552.394580
14881,38866,30079,6552.439357
14882,38867,30081,6552.475028
14883,38868,30081,6552.475028
14884,38869,30082,6552.504700
14885,38870,30083,6552.534887
14886,38871,30083,6552.534887
14887,38872,30084,6552.602393
14888,38873,30084,6552.602393
14889,38874,30085,6552.633851
14890,38875,30086,6552.665023
14891,38876,30087,6552.695350
14892,38877,30088,6552.728779
14893,38878,30089,6552.761700
14894,38879,30089,6552.761700
14895,38880,30090,6552.807899
14896,38881,30090,6552.807899
14897,38882,30092,6552.842904
14898,38883,30093,6552.871539
14899,38884,30094,6552.905095
14900,38885,30095,6552.935748
14901,38886,30095,6552.935748
14902,38887,30096,6552.968508
14903,38888,30096,6552.968508
14904,38889,30097,6553.033709
14905,38890,30098,6553.065937
14906,38891,30098,6553.065937
14907,38892,30099,6553.097109
14908,38893,30100,6553.144772
14909,38894,30100,6553.144772
14910,38895,30102,6553.178407
14911,38896,30103,6553.210041
14912,38897,30104,6553.240871
14913,38898,30105,6553.271947
14914,38899,30105,6553.271947
14915,38900,30106,6553.305650
14916,38901,30107,6553.335204
14917,38902,30107,6553.335204
14918,38903,30108,6553.401340
14919,38904,30109,6553.431442
14920,38905,30109,6553.431442
14921,38906,30110,6553.480842
14922,38907,30110,6553.480842
14923,38908,30112,6553.513699
14924,38909,30113,6553.545760
14925,38910,30114,6553.578178
14926,38911,30115,6553.608869
14927,38912,30115,6553.608869
14928,38913,30116,6553.639734
14929,38914,30117,6553.672293
14930,38915,30118,6553.706891
14931,38916,30119,6553.736246
14932,38917,30119,6553.736246
14933,38918,30119,6553.736246
14934,38919,30119,6553.736246
14935,38920,30120,6553.817393
14936,38921,30122,6553.851678
14937,38922,30123,6553.881462
14938,38923,30124,6553.912362
14939,38924,30124,6553.912362
14940,38925,30125,6553.946819
14941,38926,30126,6553.977231
14942,38927,30127,6554.009094
14943,38928,30128,6554.039343
14944,38929,30129,6554.071824
14945,38930,30129,6554.071824
14946,38931,30130,6554.103444
14947,38932,30130,6554.103444
14948,38933,30131,6554.152476
14949,38934,30132,6554.184044
14950,38935,30133,6554.217243
14951,38936,30134,6554.249440
14952,38937,30135,6554.280241
14953,38938,30135,6554.280241
14954,38939,30136,6554.312528
14955,38940,30137,6554.345106
14956,38941,30138,6554.377335
14957,38942,30139,6554.408033
14958,38943,30139,6554.408033
14959,38944,30140,6554.439366
14960,38945,30141,6554.473323
14961,38946,30141,6554.473323
14962,38947,30142,6554.520796
14963,38948,30143,6554.554603
14964,38949,30144,6554.584058
14965,38950,30145,6554.615304
14966,38951,30145,6554.615304
14967,38952,30146,6554.648832
14968,38953,30147,6554.681712
14969,38954,30148,6554.713152
14970,38955,30148,6554.713152
14971,38956,30149,6554.745358
14972,38957,30150,6554.776485
14973,38958,30151,6554.808739
14974,38959,30151,6554.808739
14975,38960,30152,6554.856126
14976,38961,30153,6554.888988
14977,38962,30154,6554.922025
14978,38963,30154,6554.922025
14979,38964,30155,6554.952680
14980,38965,30156,6554.984776
14981,38966,30157,6555.015041
14982,38967,30158,6555.049195
14983,38968,30159,6555.079977
14984,38969,30159,6555.079977
14985,38970,30160,6555.110422
14986,38971,30161,6555.145530
14987,38972,30161,6555.145530
14988,38973,30162,6555.192158
14989,38974,30163,6555.225552
14990,38975,30164,6555.257097
14991,38976,30164,6555.257097
14992,38977,30165,6555.288545
14993,38978,30166,6555.321473
14994,38979,30167,6555.353214
14995,38980,30168,6555.384260
14996,38981,30168,6555.384260
14997,38982,30169,6555.417974
14998,38983,30170,6555.447194
14999,38984,30171,6555.480201
15000,38985,30171,6555.480201
15001,38986,30172,6555.527007
15002,38987,30173,6555.561278
15003,38988,30174,6555.594789
15004,38989,30174,6555.594789
15005,38990,30175,6555.624256
15006,38991,30176,6555.654781
15007,38992,30177,6555.687453
15008,38993,30178,6555.721784
15009,38994,30179,6555.751050
15010,38995,30179,6555.751050
15011,38996,30180,6555.783071
15012,38997,30181,6555.816939
15013,38998,30181,6555.816939
15014,38999,30182,6555.864504
15015,39000,30183,6555.896921
15016,39001,30184,6555.928436
15017,39002,30184,6555.928436
15018,39003,30185,6555.959760
15019,39004,30186,6555.995119
15020,39005,30187,6556.025541
15021,39006,30188,6556.057014
15022,39007,30188,6556.057014
15023,39008,30189,6556.088187
15024,39009,30190,6556.122472
15025,39010,30191,6556.153990
15026,39011,30192,6556.184838
15027,39012,30192,6556.184838
15028,39013,30193,6556.233110
15029,39014,30194,6556.263315
15030,39015,30195,6556.296261
15031,39016,30195,6556.296261
15032,39017,30196,6556.327237
15033,39018,30197,6556.360814
15034,39019,30198,6556.393494
15035,39020,30199,6556.424895
15036,39021,30199,6556.424895
15037,39022,30200,6556.456441
15038,39023,30201,6556.488627
15039,39024,30202,6556.518771
15040,39025,30202,6556.518771
15041,39026,30203,6556.567268
15042,39027,30204,6556.600408
15043,39028,30205,6556.631333
15044,39029,30205,6556.631333
15045,39030,30206,6556.663729
15046,39031,30207,6556.696261
15047,39032,30208,6556.729670
15048,39033,30209,6556.759668
15049,39034,30209,6556.759668
15050,39035,30210,6556.792151
15051,39036,30211,6556.824889
15052,39037,30212,6556.856932
15053,39038,30212,6556.856932
15054,39039,30213,6556.904005
15055,39040,30215,6556.938661
15056,39041,30215,6556.938661
15057,39042,30215,6556.938661
15058,39043,30216,6557.001974
15059,39044,30217,6557.033145
15060,39045,30218,6557.065829
15061,39046,30218,6557.065829
15062,39047,30219,6557.097005
15063,39048,30220,6557.126829
15064,39049,30221,6557.160266
15065,39050,30222,6557.191837
15066,39051,30222,6557.191837
15067,39052,30223,6557.240112
15068,39053,30224,6557.272676
15069,39054,30225,6557.275150
15070,39055,30226,6557.305116
15071,39056,30227,6557.337447
15072,39057,30227,6557.337447
15073,39058,30228,6557.399738
15074,39059,30228,6557.399738
15075,39060,30229,6557.434950
15076,39061,30230,6557.465576
15077,39062,30231,6557.496355
15078,39063,30232,6557.528001
15079,39064,30232,6557.528001
15080,39065,30233,6557.576433
15081,39066,30235,6557.609955
15082,39067,30235,6557.609955
15083,39068,30236,6557.639602
15084,39069,30237,6557.673427
15085,39070,30238,6557.705130
15086,39071,30239,6557.736486
15087,39072,30239,6557.736486
15088,39073,30239,6557.736486
15089,39074,30240,6557.799669
15090,39075,30241,6557.832389
15091,39076,30242,6557.864829
15092,39077,30242,6557.864829
15093,39078,30243,6557.912742
15094,39079,30244,6557.943275
15095,39080,30245,6557.946423
15096,39081,30246,6557.976167
15097,39082,30247,6558.006804
15098,39083,30248,6558.039651
15099,39084,30248,6558.039651
15100,39085,30249,6558.075138
15101,39086,30250,6558.105114
15102,39087,30251,6558.135157
15103,39088,30251,6558.135157
15104,39089,30252,6558.201953
15105,39090,30252,6558.201953
15106,39091,30253,6558.233565
15107,39092,30254,6558.279685
15108,39093,30254,6558.279685
15109,39094,30256,6558.314717
15110,39095,30257,6558.345259
15111,39096,30258,6558.376267
15112,39097,30259,6558.408935
15113,39098,30259,6558.408935
15114,39099,30260,6558.441512
15115,39100,30261,6558.470874
15116,39101,30262,6558.503064
15117,39102,30263,6558.536848
15118,39103,30263,6558.536848
15119,39104,30263,6558.536848
15120,39105,30263,6558.536848
15121,39106,30264,6558.616506
15122,39107,30266,6558.653854
15123,39108,30267,6558.681290
15124,39109,30268,6558.714179
15125,39110,30268,6558.714179
15126,39111,30269,6558.745241
15127,39112,30270,6558.775724
15128,39113,30271,6558.808171
15129,39114,30272,6558.841207
15130,39115,30272,6558.841207
15131,39116,30273,6558.873808
15132,39117,30274,6558.903276
15133,39118,30274,6558.903276
15134,39119,30275,6558.951366
15135,39120,30276,6558.986017
15136,39121,30277,6559.016921
15137,39122,30278,6559.049784
15138,39123,30278,6559.049784
15139,39124,30279,6559.080902
15140,39125,30280,6559.111873
15141,39126,30281,6559.145140
15142,39127,30282,6559.177307
15143,39128,30283,6559.208020
15144,39129,30283,6559.208020
15145,39130,30284,6559.239560
15146,39131,30284,6559.239560
15147,39132,30285,6559.287997
15148,39133,30286,6559.321249
15149,39134,30287,6559.351329
15150,39135,30288,6559.384720
15151,39136,30288,6559.384720
15152,39137,30289,6559.416111
15153,39138,30290,6559.447585
15154,39139,30291,6559.480593
15155,39140,30292,6559.514029
15156,39141,30292,6559.514029
15157,39142,30293,6559.545131
15158,39143,30294,6559.575538
15159,39144,30294,6559.575538
15160,39145,30295,6559.624736
15161,39146,30296,6559.657161
15162,39147,30297,6559.688902
15163,39148,30298,6559.721072
15164,39149,30298,6559.721072
15165,39150,30299,6559.752309
15166,39151,30300,6559.785316
15167,39152,30301,6559.816827
15168,39153,30302,6559.849800
15169,39154,30302,6559.849800
15170,39155,30303,6559.880486
15171,39156,30304,6559.912057
15172,39157,30305,6559.945038
15173,39158,30305,6559.945038
15174,39159,30306,6559.992728
15175,39160,30307,6560.023474
15176,39161,30308,6560.054701
15177,39162,30308,6560.054701
15178,39163,30309,6560.089326
15179,39164,30310,6560.122493
15180,39165,30311,6560.153638
15181,39166,30312,6560.184982
15182,39167,30312,6560.184982
15183,39168,30313,6560.219071
15184,39169,30314,6560.248962
15185,39170,30315,6560.281444
15186,39171,30315,6560.281444
15187,39172,30316,6560.328422
15188,39173,30317,6560.362591
15189,39174,30318,6560.392263
15190,39175,30318,6560.392263
15191,39176,30319,6560.427209
15192,39177,30320,6560.457128
15193,39178,30321,6560.487083
15194,39179,30322,6560.519930
15195,39180,30322,6560.519930
15196,39181,30323,6560.552351
15197,39182,30324,6560.585177
15198,39183,30325,6560.616684
15199,39184,30325,6560.616684
15200,39185,30326,6560.663381
15201,39186,30327,6560.696910
15202,39187,30328,6560.728591
15203,39188,30328,6560.728591
15204,39189,30329,6560.760165
15205,39190,30330,6560.793048
15206,39191,30331,6560.825183
15207,39192,30332,6560.856787
15208,39193,30332,6560.856787
15209,39194,30333,6560.887760
15210,39195,30334,6560.919407
15211,39196,30335,6560.953085
15212,39197,30335,6560.953085
15213,39198,30336,6561.000934
15214,39199,30337,6561.032494
15215,39200,30338,6561.064949
15216,39201,30338,6561.064949
15217,39202,30339,6561.095720
15218,39203,30340,6561.128129
15219,39204,30341,6561.161465
15220,39205,30342,6561.191931
15221,39206,30342,6561.191931
15222,39207,30343,6561.224931
15223,39208,30344,6561.257779
15224,39209,30345,6561.289244
15225,39210,30345,6561.289244
15226,39211,30346,6561.335027
15227,39212,30347,6561.368640
15228,39213,30348,6561.401158
15229,39214,30348,6561.401158
15230,39215,30349,6561.431684
15231,39216,30350,6561.464777
15232,39217,30351,6561.495295
15233,39218,30352,6561.527817
15234,39219,30352,6561.527817
15235,39220,30353,6561.560553
15236,39221,30354,6561.593940
15237,39222,30355,6561.625080
15238,39223,30356,6561.657713
15239,39224,30356,6561.657713
15240,39225,30357,6561.704887
15241,39226,30358,6561.735703
15242,39227,30359,6561.738330
15243,39228,30359,6561.738330
15244,39229,30360,6561.800334
15245,39230,30361,6561.834821
15246,39231,30361,6561.834821
15247,39232,30362,6561.864947
15248,39233,30363,6561.895080
15249,39234,30364,6561.927806
15250,39235,30365,6561.960686
15251,39236,30366,6561.992578
15252,39237,30366,6561.992578
15253,39238,30367,6562.042144
15254,39239,30367,6562.042144
15255,39240,30369,6562.076054
15256,39241,30370,6562.105271
15257,39242,30371,6562.136953
15258,39243,30371,6562.136953
15259,39244,30371,6562.136953
15260,39245,30372,6562.201452
15261,39246,30373,6562.233059
15262,39247,30374,6562.264774
15263,39248,30375,6562.297011
15264,39249,30376,6562.327889
15265,39250,30376,6562.327889
15266,39251,30376,6562.327889
15267,39252,30377,6562.381172
15268,39253,30379,6562.412535
15269,39254,30380,6562.439890
15270,39255,30381,6562.473753
15271,39256,30382,6562.505573
15272,39257,30382,6562.505573
15273,39258,30383,6562.536304
15274,39259,30383,6562.536304
15275,39260,30384,6562.600129
15276,39261,30385,6562.633789
15277,39262,30385,6562.633789
15278,39263,30386,6562.665195
15279,39264,30387,6562.712090
15280,39265,30387,6562.712090
15281,39266,30389,6562.747060
15282,39267,30390,6562.777208
15283,39268,30391,6562.808380
15284,39269,30392,6562.842471
15285,39270,30392,6562.842471
15286,39271,30393,6562.872997
15287,39272,30394,6562.904916
15288,39273,30395,6562.937610
15289,39274,30395,6562.937610
15290,39275,30396,6563.001271
15291,39276,30396,6563.001271
15292,39277,30397,6563.050938
15293,39278,30397,6563.050938
15294,39279,30399,6563.084911
15295,39280,30400,6563.112532
15296,39281,30401,6563.145491
15297,39282,30402,6563.176920
15298,39283,30403,6563.208252
15299,39284,30403,6563.208252
15300,39285,30404,6563.241509
15301,39286,30405,6563.272428
15302,39287,30406,6563.304897
15303,39288,30407,6563.336593
15304,39289,30407,6563.336593
15305,39290,30407,6563.336593
15306,39291,30407,6563.336593
15307,39292,30409,6563.422330
15308,39293,30410,6563.448146
15309,39294,30411,6563.480119
15310,39295,30412,6563.511300
15311,39296,30413,6563.545720
15312,39297,30413,6563.545720
15313,39298,30414,6563.575939
15314,39299,30415,6563.608757
15315,39300,30416,6563.641124
15316,39301,30417,6563.673134
15317,39302,30417,6563.673134
15318,39303,30418,6563.704844
15319,39304,30419,6563.751831
15320,39305,30419,6563.751831
15321,39306,30420,6563.785909
15322,39307,30421,6563.815817
15323,39308,30422,6563.847543
15324,39309,30422,6563.847543
15325,39310,30423,6563.882763
15326,39311,30424,6563.913736
15327,39312,30425,6563.947079
15328,39313,30426,6563.976942
15329,39314,30427,6564.008925
15330,39315,30427,6564.008925
15331,39316,30428,6564.040650
15332,39317,30429,6564.088397
15333,39318,30429,6564.088397
15334,39319,30430,6564.121444
15335,39320,30431,6564.153945
15336,39321,30432,6564.184152
15337,39322,30433,6564.216293
15338,39323,30433,6564.216293
15339,39324,30434,6564.247727
15340,39325,30435,6564.281440
15341,39326,30436,6564.314215
15342,39327,30437,6564.343999
15343,39328,30437,6564.343999
15344,39329,30438,6564.378165
15345,39330,30439,6564.424896
15346,39331,30439,6564.424896
15347,39332,30440,6564.457019
15348,39333,30441,6564.488928
15349,39334,30442,6564.520052
15350,39335,30443,6564.552949
15351,39336,30443,6564.552949
15352,39337,30444,6564.584194
15353,39338,30445,6564.616948
15354,39339,30446,6564.649894
15355,39340,30447,6564.681933
15356,39341,30447,6564.681933
15357,39342,30448,6564.713312
15358,39343,30449,6564.759889
15359,39344,30449,6564.759889
15360,39345,30450,6564.791572
15361,39346,30451,6564.825061
15362,39347,30452,6564.857225
15363,39348,30452,6564.857225
15364,39349,30453,6564.891283
15365,39350,30454,6564.920390
15366,39351,30455,6564.953281
15367,39352,30456,6564.984994
15368,39353,30457,6565.017205
15369,39354,30457,6565.017205
15370,39355,30458,6565.049344
15371,39356,30459,6565.080676
15372,39357,30459,6565.080676
15373,39358,30460,6565.128449
15374,39359,30461,6565.161267
15375,39360,30462,6565.193202
15376,39361,30463,6565.224722
15377,39362,30463,6565.224722
15378,39363,30464,6565.255772
15379,39364,30465,6565.288493
15380,39365,30466,6565.322701
15381,39366,30467,6565.353989
15382,39367,30467,6565.353989
15383,39368,30468,6565.386484
15384,39369,30469,6565.416932
15385,39370,30469,6565.416932
15386,39371,30470,6565.465427
15387,39372,30471,6565.499697
15388,39373,30472,6565.528258
15389,39374,30473,6565.561352
15390,39375,30473,6565.561352
15391,39376,30474,6565.591583
15392,39377,30475,6565.623997
15393,39378,30476,6565.656793
15394,39379,30477,6565.688604
15395,39380,30477,6565.688604
15396,39381,30478,6565.720781
15397,39382,30479,6565.752079
15398,39383,30479,6565.752079
15399,39384,30480,6565.800684
15400,39385,30481,6565.834801
15401,39386,30482,6565.863484
15402,39387,30483,6565.898124
15403,39388,30484,6565.927734
15404,39389,30484,6565.927734
15405,39390,30485,6565.961613
15406,39391,30486,6565.995207
15407,39392,30487,6566.025547
15408,39393,30488,6566.056771
15409,39394,30488,6566.056771
15410,39395,30489,6566.087213
15411,39396,30490,6566.135092
15412,39397,30490,6566.135092
15413,39398,30491,6566.169195
15414,39399,30492,6566.200227
15415,39400,30493,6566.232790
15416,39401,30493,6566.232790
15417,39402,30494,6566.264847
15418,39403,30495,6566.297195
15419,39404,30496,6566.329470
15420,39405,30497,6566.366862
15421,39406,30498,6566.393946
15422,39407,30498,6566.393946
15423,39408,30499,6566.423537
15424,39409,30500,6566.472731
15425,39410,30500,6566.472731
15426,39411,30502,6566.506211
15427,39412,30503,6566.537360
15428,39413,30503,6566.537360
15429,39414,30504,6566.600787
15430,39415,30504,6566.600787
15431,39416,30505,6566.632124
15432,39417,30506,6566.665147
15433,39418,30507,6566.697044
15434,39419,30508,6566.729262
15435,39420,30508,6566.729262
15436,39421,30509,6566.759920
15437,39422,30510,6566.809040
15438,39423,30510,6566.809040
15439,39424,30512,6566.843532
15440,39425,30513,6566.871418
15441,39426,30514,6566.904942
15442,39427,30515,6566.936737
15443,39428,30515,6566.936737
15444,39429,30515,6566.936737
15445,39430,30516,6567.002063
15446,39431,30517,6567.032060
15447,39432,30518,6567.064568
15448,39433,30518,6567.064568
15449,39434,30519,6567.096293
15450,39435,30520,6567.126710
15451,39436,30520,6567.126710
15452,39437,30521,6567.177176
15453,39438,30523,6567.210813
15454,39439,30524,6567.241555
15455,39440,30525,6567.274143
15456,39441,30525,6567.274143
15457,39442,30526,6567.305261
15458,39443,30527,6567.335471
15459,39444,30527,6567.335471
15460,39445,30528,6567.400897
15461,39446,30528,6567.400897
15462,39447,30529,6567.431735
15463,39448,30530,6567.463792
15464,39449,30530,6567.463792
15465,39450,30531,6567.512584
15466,39451,30533,6567.549542
15467,39452,30534,6567.577895
15468,39453,30535,6567.608070
15469,39454,30535,6567.608070
15470,39455,30536,6567.640246
15471,39456,30537,6567.671757
15472,39457,30538,6567.705171
15473,39458,30539,6567.736919
15474,39459,30539,6567.736919
15475,39460,30539,6567.736919
15476,39461,30540,6567.801475
15477,39462,30540,6567.801475
15478,39463,30541,6567.849456
15479,39464,30543,6567.884826
15480,39465,30544,6567.911957
15481,39466,30545,6567.943841
15482,39467,30545,6567.943841
15483,39468,30546,6567.977765
15484,39469,30547,6568.008250
15485,39470,30548,6568.040782
15486,39471,30549,6568.072596
15487,39472,30549,6568.072596
15488,39473,30550,6568.105543
15489,39474,30551,6568.136843
15490,39475,30551,6568.136843
15491,39476,30551,6568.136843
15492,39477,30553,6568.220596
15493,39478,30554,6568.250555
15494,39479,30555,6568.282320
15495,39480,30555,6568.282320
15496,39481,30556,6568.312674
15497,39482,30557,6568.349052
15498,39483,30558,6568.380125
15499,39484,30559,6568.410810
15500,39485,30559,6568.410810
15501,39486,30560,6568.441936
15502,39487,30561,6568.472907
15503,39488,30561,6568.472907
15504,39489,30562,6568.521701
15505,39490,30563,6568.552996
15506,39491,30564,6568.584943
15507,39492,30565,6568.617046
15508,39493,30565,6568.617046
15509,39494,30566,6568.647965
15510,39495,30567,6568.680725
15511,39496,30568,6568.713605
15512,39497,30569,6568.745535
15513,39498,30570,6568.776033
15514,39499,30570,6568.776033
15515,39500,30571,6568.810893
15516,39501,30572,6568.843506
15517,39502,30572,6568.843506
15518,39503,30573,6568.890484
15519,39504,30574,6568.922526
15520,39505,30575,6568.955166
15521,39506,30576,6568.985062
15522,39507,30576,6568.985062
15523,39508,30577,6569.015497
15524,39509,30578,6569.048865
15525,39510,30579,6569.082792
15526,39511,30580,6569.112120
15527,39512,30580,6569.112120
15528,39513,30581,6569.144719
15529,39514,30582,6569.178066
15530,39515,30582,6569.178066
15531,39516,30583,6569.224940
15532,39517,30584,6569.256030
15533,39518,30585,6569.289787
15534,39519,30586,6569.320405
15535,39520,30586,6569.320405
15536,39521,30587,6569.352650
15537,39522,30588,6569.382984
15538,39523,30589,6569.417651
15539,39524,30590,6569.447789
15540,39525,30590,6569.447789
15541,39526,30591,6569.481440
15542,39527,30592,6569.511634
15543,39528,30592,6569.511634
15544,39529,30593,6569.561018
15545,39530,30594,6569.592799
15546,39531,30595,6569.625125
15547,39532,30596,6569.656019
15548,39533,30596,6569.656019
15549,39534,30597,6569.689362
15550,39535,30598,6569.722101
15551,39536,30599,6569.752592
15552,39537,30600,6569.784615
15553,39538,30600,6569.784615
15554,39539,30601,6569.816118
15555,39540,30602,6569.851390
15556,39541,30602,6569.851390
15557,39542,30603,6569.898831
15558,39543,30604,6569.929220
15559,39544,30605,6569.961134
15560,39545,30606,6569.992309
15561,39546,30606,6569.992309
15562,39547,30607,6570.024943
15563,39548,30608,6570.056585
15564,39549,30609,6570.088809
15565,39550,30610,6570.121584
15566,39551,30610,6570.121584
15567,39552,30611,6570.153346
15568,39553,30612,6570.184955
15569,39554,30612,6570.184955
15570,39555,30613,6570.232102
15571,39556,30614,6570.265173
15572,39557,30615,6570.296880
15573,39558,30616,6570.327730
15574,39559,30616,6570.327730
15575,39560,30617,6570.362594
15576,39561,30618,6570.392471
15577,39562,30619,6570.424180
15578,39563,30620,6570.456442
15579,39564,30620,6570.456442
15580,39565,30621,6570.489069
15581,39566,30622,6570.521902
15582,39567,30623,6570.553340
15583,39568,30623,6570.553340
15584,39569,30624,6570.600840
15585,39570,30625,6570.631965
15586,39571,30625,6570.631965
15587,39572,30626,6570.665183
15588,39573,30627,6570.696717
15589,39574,30628,6570.728278
15590,39575,30629,6570.759134
15591,39576,30630,6570.792183
15592,39577,30630,6570.792183
15593,39578,30631,6570.826972
15594,39579,30632,6570.858587
15595,39580,30633,6570.889811
15596,39581,30633,6570.889811
15597,39582,30634,6570.935059
15598,39583,30635,6570.970025
15599,39584,30636,6571.000336
15600,39585,30636,6571.000336
15601,39586,30637,6571.035327
15602,39587,30638,6571.065052
15603,39588,30639,6571.096334
15604,39589,30639,6571.096334
15605,39590,30640,6571.129147
15606,39591,30641,6571.161071
15607,39592,30642,6571.193766
15608,39593,30643,6571.225135
15609,39594,30643,6571.225135
15610,39595,30644,6571.273286
15611,39596,30646,6571.308441
15612,39597,30646,6571.308441
15613,39598,30647,6571.335606
15614,39599,30647,6571.335606
15615,39600,30648,6571.401260
15616,39601,30649,6571.433727
15617,39602,30649,6571.433727
15618,39603,30650,6571.464808
15619,39604,30651,6571.496959
15620,39605,30652,6571.528284
15621,39606,30653,6571.559776
15622,39607,30653,6571.559776
15623,39608,30654,6571.609053
15624,39609,30656,6571.644808
15625,39610,30656,6571.644808
15626,39611,30657,6571.674930
15627,39612,30658,6571.705287
15628,39613,30659,6571.738220
15629,39614,30659,6571.738220
15630,39615,30660,6571.802051
15631,39616,30660,6571.802051
15632,39617,30661,6571.831339
15633,39618,30662,6571.863770
15634,39619,30663,6571.896972
15635,39620,30663,6571.896972
15636,39621,30664,6571.944983
15637,39622,30666,6571.979568
15638,39623,30667,6572.010752
15639,39624,30667,6572.010752
15640,39625,30668,6572.041927
15641,39626,30669,6572.071631
15642,39627,30670,6572.104882
15643,39628,30671,6572.135120
15644,39629,30671,6572.135120
15645,39630,30671,6572.135120
15646,39631,30672,6572.200687
15647,39632,30673,6572.232418
15648,39633,30674,6572.265142
15649,39634,30674,6572.265142
15650,39635,30676,6572.315933
15651,39636,30677,6572.345120
15652,39637,30678,6572.376035
15653,39638,30678,6572.376035
15654,39639,30679,6572.409898
15655,39640,30680,6572.439780
15656,39641,30681,6572.473789
15657,39642,30682,6572.505436
15658,39643,30682,6572.505436
15659,39644,30683,6572.537097
15660,39645,30683,6572.537097
15661,39646,30684,6572.601969
15662,39647,30684,6572.601969
15663,39648,30685,6572.648700
15664,39649,30687,6572.683489
15665,39650,30688,6572.712030
15666,39651,30688,6572.712030
15667,39652,30689,6572.743509
15668,39653,30690,6572.776549
15669,39654,30691,6572.808794
15670,39655,30692,6572.840103
15671,39656,30692,6572.840103
15672,39657,30693,6572.872548
15673,39658,30694,6572.903586
15674,39659,30695,6572.937219
15675,39660,30695,6572.937219
15676,39661,30695,6572.937219
15677,39662,30697,6573.020499
15678,39663,30698,6573.048438
15679,39664,30698,6573.048438
15680,39665,30699,6573.080265
15681,39666,30700,6573.111944
15682,39667,30701,6573.145249
15683,39668,30702,6573.176987
15684,39669,30702,6573.176987
15685,39670,30703,6573.211004
15686,39671,30704,6573.242069
15687,39672,30705,6573.274898
15688,39673,30705,6573.274898
15689,39674,30706,6573.321340
15690,39675,30707,6573.352216
15691,39676,30708,6573.385160
15692,39677,30709,6573.416842
15693,39678,30709,6573.416842
15694,39679,30710,6573.448088
15695,39680,30711,6573.479557
15696,39681,30712,6573.513297
15697,39682,30713,6573.544770
15698,39683,30714,6573.574740
15699,39684,30714,6573.574740
15700,39685,30715,6573.608659
15701,39686,30715,6573.608659
15702,39687,30716,6573.655742
15703,39688,30717,6573.688788
15704,39689,30718,6573.721467
15705,39690,30719,6573.753988
15706,39691,30719,6573.753988
15707,39692,30720,6573.785153
15708,39693,30721,6573.816169
15709,39694,30722,6573.848431
15710,39695,30723,6573.882109
15711,39696,30724,6573.911085
15712,39697,30724,6573.911085
15713,39698,30725,6573.943088
15714,39699,30726,6573.977374
15715,39700,30726,6573.977374
15716,39701,30727,6574.026158
15717,39702,30728,6574.056902
15718,39703,30729,6574.090077
15719,39704,30729,6574.090077
15720,39705,30730,6574.121177
15721,39706,30731,6574.152923
15722,39707,30732,6574.185212
15723,39708,30733,6574.216852
15724,39709,30733,6574.216852
15725,39710,30734,6574.247420
15726,39711,30735,6574.281860
15727,39712,30736,6574.313119
15728,39713,30736,6574.313119
15729,39714,30737,6574.360790
15730,39715,30738,6574.393862
15731,39716,30739,6574.424030
15732,39717,30739,6574.424030
15733,39718,30740,6574.457344
15734,39719,30741,6574.489860
15735,39720,30742,6574.521267
15736,39721,30742,6574.521267
15737,39722,30743,6574.554794
15738,39723,30744,6574.586121
15739,39724,30745,6574.616956
15740,39725,30746,6574.648977
15741,39726,30746,6574.648977
15742,39727,30747,6574.697122
15743,39728,30748,6574.728504
15744,39729,30748,6574.728504
15745,39730,30749,6574.762743
15746,39731,30750,6574.794146
15747,39732,30751,6574.823791
15748,39733,30752,6574.854989
15749,39734,30753,6574.888971
15750,39735,30753,6574.888971
15751,39736,30754,6574.921523
15752,39737,30755,6574.951970
15753,39738,30756,6574.985032
15754,39739,30756,6574.985032
15755,39740,30757,6575.032833
15756,39741,30758,6575.065593
15757,39742,30759,6575.094890
15758,39743,30759,6575.094890
15759,39744,30760,6575.128766
15760,39745,30761,6575.161920
15761,39746,30762,6575.190497
15762,39747,30762,6575.190497
15763,39748,30763,6575.225857
15764,39749,30764,6575.255278
15765,39750,30765,6575.288808
15766,39751,30766,6575.321095
15767,39752,30766,6575.321095
15768,39753,30767,6575.368425
15769,39754,30768,6575.401295
15770,39755,30768,6575.401295
15771,39756,30769,6575.433208
15772,39757,30770,6575.464778
15773,39758,30771,6575.496911
15774,39759,30772,6575.529182
15775,39760,30772,6575.529182
15776,39761,30773,6575.561033
15777,39762,30774,6575.591497
15778,39763,30775,6575.625278
15779,39764,30776,6575.657357
15780,39765,30776,6575.657357
15781,39766,30777,6575.703265
15782,39767,30779,6575.739068
15783,39768,30779,6575.739068
15784,39769,30779,6575.739068
15785,39770,30780,6575.802726
15786,39771,30781,6575.834809
15787,39772,30781,6575.834809
15788,39773,30781,6575.834809
15789,39774,30782,6575.896827
15790,39775,30784,6575.931880
15791,39776,30785,6575.963384
15792,39777,30786,6575.993640
15793,39778,30787,6576.024866
15794,39779,30787,6576.024866
15795,39780,30788,6576.072637
15796,39781,30788,6576.072637
15797,39782,30790,6576.106402
15798,39783,30791,6576.138401
15799,39784,30791,6576.138401
15800,39785,30792,6576.201457
15801,39786,30792,6576.201457
15802,39787,30793,6576.233893
15803,39788,30794,6576.264032
15804,39789,30795,6576.296616
15805,39790,30796,6576.330035
15806,39791,30797,6576.361807
15807,39792,30797,6576.361807
15808,39793,30798,6576.408216
15809,39794,30799,6576.439737
15810,39795,30800,6576.442354
15811,39796,30801,6576.473378
15812,39797,30802,6576.503142
15813,39798,30803,6576.535190
15814,39799,30803,6576.535190
15815,39800,30803,6576.535190
15816,39801,30804,6576.601868
15817,39802,30805,6576.633762
15818,39803,30806,6576.664952
15819,39804,30807,6576.697097
15820,39805,30807,6576.697097
15821,39806,30808,6576.744824
15822,39807,30809,6576.776365
15823,39808,30810,6576.778485
15824,39809,30811,6576.808872
15825,39810,30812,6576.842886
15826,39811,30813,6576.872983
15827,39812,30814,6576.904989
15828,39813,30814,6576.904989
15829,39814,30815,6576.935442
15830,39815,30815,6576.935442
15831,39816,30816,6577.000950
15832,39817,30817,6577.032228
15833,39818,30817,6577.032228
15834,39819,30818,6577.080274
15835,39820,30819,6577.111994
15836,39821,30820,6577.115301
15837,39822,30821,6577.143780
15838,39823,30822,6577.175511
15839,39824,30823,6577.206680
15840,39825,30824,6577.240313
15841,39826,30824,6577.240313
15842,39827,30825,6577.273885
15843,39828,30826,6577.305475
15844,39829,30827,6577.339104
15845,39830,30827,6577.339104
15846,39831,30827,6577.339104
15847,39832,30828,6577.414924
15848,39833,30829,6577.448641
15849,39834,30830,6577.451321
15850,39835,30831,6577.481636
15851,39836,30832,6577.515017
15852,39837,30833,6577.544954
15853,39838,30834,6577.576147
15854,39839,30834,6577.576147
15855,39840,30835,6577.609049
15856,39841,30836,6577.640119
15857,39842,30837,6577.673002
15858,39843,30838,6577.705093
15859,39844,30838,6577.705093
15860,39845,30839,6577.736765
15861,39846,30839,6577.736765
15862,39847,30839,6577.736765
15863,39848,30841,6577.819805
15864,39849,30842,6577.848972
15865,39850,30843,6577.881370
15866,39851,30844,6577.911981
15867,39852,30844,6577.911981
15868,39853,30845,6577.942984
15869,39854,30846,6577.976283
15870,39855,30847,6578.007966
15871,39856,30848,6578.041794
15872,39857,30848,6578.041794
15873,39858,30849,6578.072668
15874,39859,30850,6578.120319
15875,39860,30850,6578.120319
15876,39861,30851,6578.153021
15877,39862,30852,6578.183066
15878,39863,30853,6578.215449
15879,39864,30854,6578.249817
15880,39865,30854,6578.249817
15881,39866,30855,6578.279738
15882,39867,30856,6578.312302
15883,39868,30857,6578.344937
15884,39869,30858,6578.375690
15885,39870,30858,6578.375690
15886,39871,30859,6578.410209
15887,39872,30859,6578.410209
15888,39873,30860,6578.456656
15889,39874,30861,6578.488090
15890,39875,30862,6578.518930
15891,39876,30863,6578.554036
15892,39877,30863,6578.554036
15893,39878,30864,6578.584152
15894,39879,30865,6578.616951
15895,39880,30866,6578.651035
15896,39881,30867,6578.680676
15897,39882,30867,6578.680676
15898,39883,30868,6578.712906
15899,39884,30869,6578.744898
15900,39885,30869,6578.744898
15901,39886,30870,6578.793196
15902,39887,30871,6578.824079
15903,39888,30872,6578.856843
15904,39889,30873,6578.890906
15905,39890,30873,6578.890906
15906,39891,30874,6578.919139
15907,39892,30875,6578.951984
15908,39893,30876,6578.985155
15909,39894,30877,6579.018206
15910,39895,30877,6579.018206
15911,39896,30878,6579.048754
15912,39897,30879,6579.080600
15913,39898,30879,6579.080600
15914,39899,30880,6579.128724
15915,39900,30881,6579.161048
15916,39901,30882,6579.193315
15917,39902,30883,6579.225239
15918,39903,30883,6579.225239
15919,39904,30884,6579.257575
15920,39905,30885,6579.287989
15921,39906,30886,6579.321730
15922,39907,30887,6579.352935
15923,39908,30887,6579.352935
15924,39909,30888,6579.382979
15925,39910,30889,6579.417242
15926,39911,30890,6579.449041
15927,39912,30890,6579.449041
15928,39913,30891,6579.497384
15929,39914,30892,6579.528676
15930,39915,30893,6579.560042
15931,39916,30893,6579.560042
15932,39917,30894,6579.591513
15933,39918,30895,6579.623521
15934,39919,30896,6579.656099
15935,39920,30897,6579.688601
15936,39921,30897,6579.688601
15937,39922,30898,6579.720008
15938,39923,30899,6579.751740
15939,39924,30900,6579.784800
15940,39925,30900,6579.784800
15941,39926,30901,6579.832032
15942,39927,30902,6579.864109
15943,39928,30903,6579.896834
15944,39929,30903,6579.896834
15945,39930,30904,6579.928254
15946,39931,30905,6579.959909
15947,39932,30906,6579.995205
15948,39933,30907,6580.026129
15949,39934,30907,6580.026129
15950,39935,30908,6580.056193
15951,39936,30909,6580.088255
15952,39937,30910,6580.121221
15953,39938,30910,6580.121221
15954,39939,30911,6580.168835
15955,39940,30912,6580.202641
15956,39941,30913,6580.234743
15957,39942,30913,6580.234743
15958,39943,30914,6580.264895
15959,39944,30915,6580.296369
15960,39945,30916,6580.328900
15961,39946,30917,6580.360409
15962,39947,30917,6580.360409
15963,39948,30918,6580.392598
15964,39949,30919,6580.424139
15965,39950,30920,6580.455483
15966,39951,30920,6580.455483
15967,39952,30921,6580.506171
15968,39953,30923,6580.540702
15969,39954,30923,6580.540702
15970,39955,30923,6580.540702
15971,39956,30924,6580.600128
15972,39957,30925,6580.632992
15973,39958,30926,6580.665701
15974,39959,30927,6580.696718
15975,39960,30928,6580.728449
15976,39961,30928,6580.728449
15977,39962,30929,6580.760230
15978,39963,30930,6580.793472
15979,39964,30930,6580.793472
15980,39965,30931,6580.839991
15981,39966,30933,6580.875504
15982,39967,30934,6580.906328
15983,39968,30934,6580.906328
15984,39969,30935,6580.936391
15985,39970,30935,6580.936391
15986,39971,30936,6580.999669
15987,39972,30937,6581.033827
15988,39973,30938,6581.064745
15989,39974,30938,6581.064745
15990,39975,30939,6581.096987
15991,39976,30940,6581.128381
15992,39977,30941,6581.161016
15993,39978,30941,6581.161016
15994,39979,30943,6581.213121
15995,39980,30944,6581.241473
15996,39981,30944,6581.241473
15997,39982,30945,6581.271620
15998,39983,30946,6581.304622
15999,39984,30947,6581.334941
16000,39985,30947,6581.334941
16001,39986,30947,6581.334941
16002,39987,30948,6581.400639
16003,39988,30949,6581.431636
16004,39989,30950,6581.465560
16005,39990,30951,6581.496705
16006,39991,30951,6581.496705
16007,39992,30952,6581.544850
16008,39993,30954,6581.579888
16009,39994,30954,6581.579888
16010,39995,30955,6581.607490
16011,39996,30956,6581.641073
16012,39997,30957,6581.671550
16013,39998,30958,6581.704879
16014,39999,30958,6581.704879
16015,40000,30959,6581.737918
16016,40001,30959,6581.737918
16017,40002,30960,6581.800758
16018,40003,30961,6581.831947
16019,40004,30961,6581.831947
16020,40005,30962,6581.881975
16021,40006,30963,6581.911963
16022,40007,30964,6581.914175
16023,40008,30965,6581.943842
16024,40009,30966,6581.976069
16025,40010,30967,6582.007758
16026,40011,30968,6582.039928
16027,40012,30968,6582.039928
16028,40013,30969,6582.071809
16029,40014,30970,6582.105953
16030,40015,30971,6582.135203
16031,40016,30971,6582.135203
16032,40017,30971,6582.135203
16033,40018,30972,6582.218101
16034,40019,30973,6582.247109
16035,40020,30974,6582.249979
16036,40021,30975,6582.280826
16037,40022,30976,6582.312385
16038,40023,30977,6582.344691
16039,40024,30978,6582.377020
16040,40025,30978,6582.377020
16041,40026,30979,6582.407038
16042,40027,30980,6582.440548
16043,40028,30981,6582.472955
16044,40029,30982,6582.504804
16045,40030,30982,6582.504804
16046,40031,30983,6582.552248
16047,40032,30983,6582.552248
16048,40033,30984,6582.584471
16049,40034,30985,6582.616296
16050,40035,30986,6582.648333
16051,40036,30987,6582.681642
16052,40037,30988,6582.712102
16053,40038,30988,6582.712102
16054,40039,30989,6582.743930
16055,40040,30990,6582.776727
16056,40041,30991,6582.810154
16057,40042,30992,6582.840313
16058,40043,30992,6582.840313
16059,40044,30993,6582.871777
16060,40045,30994,6582.920034
16061,40046,30994,6582.920034
16062,40047,30995,6582.951469
16063,40048,30996,6582.985033
16064,40049,30997,6583.016782
16065,40050,30998,6583.049618
16066,40051,30998,6583.049618
16067,40052,30999,6583.080455
16068,40053,31000,6583.111907
16069,40054,31001,6583.143808
16070,40055,31002,6583.176643
16071,40056,31002,6583.176643
16072,40057,31003,6583.208635
16073,40058,31003,6583.208635
16074,40059,31004,6583.257359
16075,40060,31005,6583.288126
16076,40061,31006,6583.321082
16077,40062,31007,6583.352420
16078,40063,31008,6583.384137
16079,40064,31008,6583.384137
16080,40065,31009,6583.416921
16081,40066,31010,6583.449905
16082,40067,31011,6583.481408
16083,40068,31012,6583.511481
16084,40069,31012,6583.511481
16085,40070,31013,6583.544759
16086,40071,31014,6583.592120
16087,40072,31014,6583.592120
16088,40073,31015,6583.623423
16089,40074,31016,6583.657209
16090,40075,31017,6583.687219
16091,40076,31018,6583.721987
16092,40077,31018,6583.721987
16093,40078,31019,6583.752783
16094,40079,31020,6583.785795
16095,40080,31021,6583.816042
16096,40081,31022,6583.848261
16097,40082,31022,6583.848261
16098,40083,31023,6583.879589
16099,40084,31024,6583.928128
16100,40085,31024,6583.928128
16101,40086,31025,6583.960141
16102,40087,31026,6583.993194
16103,40088,31027,6584.025111
16104,40089,31028,6584.056482
16105,40090,31028,6584.056482
16106,40091,31029,6584.087899
16107,40092,31030,6584.122496
16108,40093,31031,6584.151603
16109,40094,31032,6584.184882
16110,40095,31032,6584.184882
16111,40096,31033,6584.218825
16112,40097,31033,6584.218825
16113,40098,31034,6584.264860
16114,40099,31035,6584.296918
16115,40100,31036,6584.329504
16116,40101,31037,6584.360935
16117,40102,31037,6584.360935
16118,40103,31038,6584.395001
16119,40104,31039,6584.425561
16120,40105,31040,6584.457517
16121,40106,31041,6584.489181
16122,40107,31042,6584.521088
16123,40108,31042,6584.521088
16124,40109,31043,6584.551639
16125,40110,31044,6584.599283
16126,40111,31044,6584.599283
16127,40112,31045,6584.632700
16128,40113,31046,6584.666149
16129,40114,31047,6584.696073
16130,40115,31048,6584.728103
16131,40116,31048,6584.728103
16132,40117,31049,6584.760672
16133,40118,31050,6584.792039
16134,40119,31051,6584.825376
16135,40120,31051,6584.825376
16136,40121,31052,6584.858219
16137,40122,31053,6584.888534
16138,40123,31054,6584.920905
16139,40124,31054,6584.920905
16140,40125,31055,6584.967792
16141,40126,31056,6584.999668
16142,40127,31057,6585.032888
16143,40128,31058,6585.063216
16144,40129,31058,6585.063216
16145,40130,31059,6585.094874
16146,40131,31060,6585.128934
16147,40132,31061,6585.160939
16148,40133,31062,6585.192156
16149,40134,31062,6585.192156
16150,40135,31063,6585.223525
16151,40136,31064,6585.256273
16152,40137,31064,6585.256273
16153,40138,31065,6585.304043
16154,40139,31067,6585.338469
16155,40140,31067,6585.338469
16156,40141,31068,6585.400706
16157,40142,31068,6585.400706
16158,40143,31069,6585.434858
16159,40144,31070,6585.464458
16160,40145,31071,6585.496784
16161,40146,31072,6585.527792
16162,40147,31072,6585.527792
16163,40148,31073,6585.561787
16164,40149,31074,6585.592526
16165,40150,31074,6585.592526
16166,40151,31075,6585.639541
16167,40152,31077,6585.676008
16168,40153,31078,6585.704917
16169,40154,31079,6585.736910
16170,40155,31079,6585.736910
16171,40156,31079,6585.736910
16172,40157,31080,6585.799972
16173,40158,31080,6585.799972
16174,40159,31081,6585.847590
16175,40160,31083,6585.884154
16176,40161,31084,6585.913479
16177,40162,31085,6585.944738
16178,40163,31085,6585.944738
16179,40164,31086,6585.977109
16180,40165,31087,6586.009277
16181,40166,31088,6586.041940
16182,40167,31089,6586.073980
16183,40168,31089,6586.073980
16184,40169,31090,6586.102877
16185,40170,31090,6586.102877
16186,40171,31091,6586.152427
16187,40172,31092,6586.183997
16188,40173,31093,6586.215958
16189,40174,31094,6586.248155
16190,40175,31094,6586.248155
16191,40176,31095,6586.280245
16192,40177,31096,6586.313330
16193,40178,31097,6586.343744
16194,40179,31098,6586.375017
16195,40180,31099,6586.407923
16196,40181,31099,6586.407923
16197,40182,31100,6586.439917
16198,40183,31101,6586.473160
16199,40184,31101,6586.473160
16200,40185,31102,6586.519810
16201,40186,31103,6586.553016
16202,40187,31104,6586.584787
16203,40188,31104,6586.584787
16204,40189,31105,6586.616501
16205,40190,31106,6586.647912
16206,40191,31107,6586.680135
16207,40192,31108,6586.710891
16208,40193,31109,6586.743512
16209,40194,31109,6586.743512
16210,40195,31110,6586.776643
16211,40196,31111,6586.808334
16212,40197,31111,6586.808334
16213,40198,31112,6586.855174
16214,40199,31113,6586.888144
16215,40200,31114,6586.921052
16216,40201,31115,6586.952167
16217,40202,31115,6586.952167
16218,40203,31116,6586.984667
16219,40204,31117,6587.017265
16220,40205,31118,6587.048932
16221,40206,31119,6587.081762
16222,40207,31119,6587.081762
16223,40208,31120,6587.113550
16224,40209,31121,6587.143478
16225,40210,31121,6587.143478
16226,40211,31122,6587.193772
16227,40212,31123,6587.224952
16228,40213,31124,6587.256124
16229,40214,31125,6587.287729
16230,40215,31125,6587.287729
16231,40216,31126,6587.320844
16232,40217,31127,6587.353178
16233,40218,31128,6587.383386
16234,40219,31129,6587.417447
16235,40220,31129,6587.417447
16236,40221,31130,6587.447782
16237,40222,31131,6587.483264
16238,40223,31131,6587.483264
16239,40224,31132,6587.528800
16240,40225,31133,6587.561251
16241,40226,31134,6587.593321
16242,40227,31135,6587.624600
16243,40228,31135,6587.624600
16244,40229,31136,6587.655597
16245,40230,31137,6587.688928
16246,40231,31138,6587.720136
16247,40232,31139,6587.752012
16248,40233,31139,6587.752012
16249,40234,31140,6587.785500
16250,40235,31141,6587.816733
16251,40236,31141,6587.816733
16252,40237,31142,6587.863171
16253,40238,31143,6587.896858
16254,40239,31144,6587.928063
16255,40240,31145,6587.959945
16256,40241,31145,6587.959945
16257,40242,31146,6587.993774
16258,40243,31147,6588.025311
16259,40244,31148,6588.056998
16260,40245,31149,6588.088816
16261,40246,31149,6588.088816
16262,40247,31150,6588.122144
16263,40248,31151,6588.153097
16264,40249,31151,6588.153097
16265,40250,31152,6588.200425
16266,40251,31153,6588.233692
16267,40252,31154,6588.263716
16268,40253,31155,6588.295767
16269,40254,31155,6588.295767
16270,40255,31156,6588.328047
16271,40256,31157,6588.359860
16272,40257,31158,6588.393209
16273,40258,31159,6588.425378
16274,40259,31159,6588.425378
16275,40260,31160,6588.455557
16276,40261,31161,6588.489607
16277,40262,31162,6588.521627
16278,40263,31162,6588.521627
16279,40264,31163,6588.569856
16280,40265,31164,6588.600235
16281,40266,31165,6588.632879
16282,40267,31165,6588.632879
16283,40268,31166,6588.663781
16284,40269,31167,6588.696635
16285,40270,31168,6588.729387
16286,40271,31169,6588.761117
16287,40272,31169,6588.761117
16288,40273,31170,6588.790735
16289,40274,31171,6588.825032
16290,40275,31172,6588.857326
16291,40276,31172,6588.857326
16292,40277,31173,6588.905460
16293,40278,31175,6588.939134
16294,40279,31175,6588.939134
16295,40280,31175,6588.939134
16296,40281,31176,6588.998478
16297,40282,31177,6589.034852
16298,40283,31178,6589.066883
16299,40284,31179,6589.096986
16300,40285,31179,6589.096986
16301,40286,31180,6589.127615
16302,40287,31181,6589.162600
16303,40288,31182,6589.192130
16304,40289,31182,6589.192130
16305,40290,31183,6589.243165
16306,40291,31185,6589.274866
16307,40292,31186,6589.305112
16308,40293,31186,6589.305112
16309,40294,31187,6589.336835
16310,40295,31187,6589.336835
16311,40296,31188,6589.400859
16312,40297,31189,6589.432246
16313,40298,31189,6589.432246
16314,40299,31190,6589.465050
16315,40300,31191,6589.496828
16316,40301,31192,6589.528251
16317,40302,31192,6589.528251
16318,40303,31193,6589.576899
16319,40304,31195,6589.613715
16320,40305,31196,6589.640408
16321,40306,31196,6589.640408
16322,40307,31197,6589.671083
16323,40308,31198,6589.703909
16324,40309,31199,6589.737149
16325,40310,31199,6589.737149
16326,40311,31199,6589.737149
16327,40312,31200,6589.800375
16328,40313,31201,6589.834239
16329,40314,31202,6589.865136
16330,40315,31202,6589.865136
16331,40316,31203,6589.914965
16332,40317,31205,6589.948996
16333,40318,31206,6589.976810
16334,40319,31206,6589.976810
16335,40320,31207,6590.007326
16336,40321,31208,6590.041261
16337,40322,31209,6590.072045
16338,40323,31210,6590.104814
16339,40324,31210,6590.104814
16340,40325,31211,6590.136274
16341,40326,31211,6590.136274
16342,40327,31212,6590.199601
16343,40328,31213,6590.234102
16344,40329,31213,6590.234102
16345,40330,31214,6590.281198
16346,40331,31215,6590.313179
16347,40332,31216,6590.316372
16348,40333,31217,6590.344099
16349,40334,31218,6590.376901
16350,40335,31219,6590.409144
16351,40336,31220,6590.440281
16352,40337,31220,6590.440281
16353,40338,31221,6590.473999
16354,40339,31222,6590.507030
16355,40340,31223,6590.536971
16356,40341,31223,6590.536971
16357,40342,31223,6590.536971
16358,40343,31224,6590.616985
16359,40344,31226,6590.650281
16360,40345,31226,6590.650281
16361,40346,31227,6590.680441
16362,40347,31228,6590.714882
16363,40348,31229,6590.744903
16364,40349,31230,6590.778111
16365,40350,31230,6590.778111
16366,40351,31231,6590.808334
16367,40352,31232,6590.841635
16368,40353,31233,6590.873173
16369,40354,31234,6590.903322
16370,40355,31234,6590.903322
16371,40356,31235,6590.951928
16372,40357,31236,6590.984977
16373,40358,31236,6590.984977
16374,40359,31237,6591.016579
16375,40360,31238,6591.050812
16376,40361,31239,6591.080566
16377,40362,31240,6591.112255
16378,40363,31241,6591.143098
16379,40364,31241,6591.143098
16380,40365,31242,6591.175100
16381,40366,31243,6591.207139
16382,40367,31244,6591.239272
16383,40368,31244,6591.239272
16384,40369,31245,6591.288976
16385,40370,31246,6591.322122
16386,40371,31246,6591.322122
16387,40372,31247,6591.352065
16388,40373,31248,6591.383985
16389,40374,31249,6591.415962
16390,40375,31250,6591.449815
16391,40376,31250,6591.449815
16392,40377,31251,6591.479504
16393,40378,31252,6591.512336
16394,40379,31253,6591.543075
16395,40380,31254,6591.578302
16396,40381,31254,6591.578302
16397,40382,31255,6591.625730
16398,40383,31256,6591.656625
16399,40384,31256,6591.656625
16400,40385,31257,6591.687440
16401,40386,31258,6591.719893
16402,40387,31259,6591.752219
16403,40388,31260,6591.786574
16404,40389,31260,6591.786574
16405,40390,31261,6591.814909
16406,40391,31262,6591.849761
16407,40392,31263,6591.882380
16408,40393,31264,6591.912667
16409,40394,31264,6591.912667
16410,40395,31265,6591.946093
16411,40396,31266,6591.991028
16412,40397,31266,6591.991028
16413,40398,31267,6592.025287
16414,40399,31268,6592.055042
16415,40400,31269,6592.088621
16416,40401,31270,6592.122347
16417,40402,31270,6592.122347
16418,40403,31271,6592.152481
16419,40404,31272,6592.184850
16420,40405,31273,6592.217393
16421,40406,31274,6592.249314
16422,40407,31275,6592.280045
16423,40408,31275,6592.280045
16424,40409,31276,6592.329098
16425,40410,31276,6592.329098
16426,40411,31277,6592.359796
16427,40412,31278,6592.393412
16428,40413,31279,6592.424802
16429,40414,31280,6592.455909
16430,40415,31280,6592.455909
16431,40416,31281,6592.487665
16432,40417,31282,6592.520474
16433,40418,31283,6592.553820
16434,40419,31284,6592.585172
16435,40420,31284,6592.585172
16436,40421,31285,6592.616831
16437,40422,31286,6592.663764
16438,40423,31286,6592.663764
16439,40424,31287,6592.696112
16440,40425,31288,6592.727784
16441,40426,31289,6592.761343
16442,40427,31290,6592.791726
16443,40428,31290,6592.791726
16444,40429,31291,6592.825018
16445,40430,31292,6592.856867
16446,40431,31293,6592.888679
16447,40432,31294,6592.920293
16448,40433,31294,6592.920293
16449,40434,31295,6592.952194
16450,40435,31296,6592.999855
16451,40436,31296,6592.999855
16452,40437,31297,6593.033608
16453,40438,31298,6593.064916
16454,40439,31299,6593.096929
16455,40440,31300,6593.127999
16456,40441,31300,6593.127999
16457,40442,31301,6593.161422
16458,40443,31302,6593.193580
16459,40444,31303,6593.223877
16460,40445,31304,6593.255583
16461,40446,31304,6593.255583
16462,40447,31305,6593.287444
16463,40448,31305,6593.287444
16464,40449,31306,6593.336846
16465,40450,31307,6593.368061
16466,40451,31308,6593.402394
16467,40452,31309,6593.433229
16468,40453,31310,6593.464992
16469,40454,31310,6593.464992
16470,40455,31311,6593.496910
16471,40456,31312,6593.531257
16472,40457,31313,6593.560253
16473,40458,31314,6593.592949
16474,40459,31314,6593.592949
16475,40460,31315,6593.623093
16476,40461,31316,6593.656574
16477,40462,31316,6593.656574
16478,40463,31318,6593.710007
16479,40464,31319,6593.735686
16480,40465,31319,6593.735686
16481,40466,31320,6593.801475
16482,40467,31320,6593.801475
16483,40468,31321,6593.831565
16484,40469,31322,6593.864868
16485,40470,31323,6593.897039
16486,40471,31324,6593.927840
16487,40472,31324,6593.927840
16488,40473,31325,6593.961514
16489,40474,31326,6593.993743
16490,40475,31326,6593.993743
16491,40476,31327,6594.043482
16492,40477,31329,6594.074910
16493,40478,31330,6594.104876
16494,40479,31331,6594.136475
16495,40480,31331,6594.136475
16496,40481,31331,6594.136475
16497,40482,31332,6594.199764
16498,40483,31333,6594.233217
16499,40484,31334,6594.264789
16500,40485,31335,6594.295427
16501,40486,31335,6594.295427
16502,40487,31336,6594.329849
16503,40488,31336,6594.329849
16504,40489,31337,6594.376030
16505,40490,31339,6594.412581
16506,40491,31340,6594.440113
16507,40492,31341,6594.472778
16508,40493,31341,6594.472778
16509,40494,31342,6594.504733
16510,40495,31343,6594.536242
16511,40496,31343,6594.536242
16512,40497,31344,6594.601085
16513,40498,31344,6594.601085
16514,40499,31345,6594.631899
16515,40500,31346,6594.663935
16516,40501,31346,6594.663935
16517,40502,31347,6594.712000
16518,40503,31349,6594.747138
16519,40504,31350,6594.776743
16520,40505,31351,6594.808472
16521,40506,31351,6594.808472
16522,40507,31352,6594.841113
16523,40508,31353,6594.872430
16524,40509,31354,6594.904878
16525,40510,31355,6594.938623
16526,40511,31355,6594.938623
16527,40512,31355,6594.938623
16528,40513,31356,6595.002607
16529,40514,31356,6595.002607
16530,40515,31357,6595.050095
16531,40516,31359,6595.083662
16532,40517,31360,6595.112227
16533,40518,31361,6595.146017
16534,40519,31361,6595.146017
16535,40520,31362,6595.175212
16536,40521,31363,6595.209973
16537,40522,31364,6595.241125
16538,40523,31365,6595.272469
16539,40524,31365,6595.272469
16540,40525,31366,6595.305111
16541,40526,31367,6595.338462
16542,40527,31367,6595.338462
16543,40528,31367,6595.338462
16544,40529,31369,6595.418437
16545,40530,31370,6595.449550
16546,40531,31371,6595.479733
16547,40532,31371,6595.479733
16548,40533,31372,6595.511658
16549,40534,31373,6595.545200
16550,40535,31374,6595.576883
16551,40536,31375,6595.608434
16552,40537,31375,6595.608434
16553,40538,31376,6595.641688
16554,40539,31377,6595.673408
16555,40540,31378,6595.704091
16556,40541,31378,6595.704091
16557,40542,31379,6595.754808
16558,40543,31380,6595.785100
16559,40544,31381,6595.815889
16560,40545,31381,6595.815889
16561,40546,31382,6595.848954
16562,40547,31383,6595.879796
16563,40548,31384,6595.912951
16564,40549,31385,6595.944055
16565,40550,31385,6595.944055
16566,40551,31386,6595.974978
16567,40552,31387,6596.009366
16568,40553,31388,6596.039706
16569,40554,31388,6596.039706
16570,40555,31389,6596.088491
16571,40556,31390,6596.122436
16572,40557,31390,6596.122436
16573,40558,31391,6596.154349
16574,40559,31392,6596.183190
16575,40560,31393,6596.216380
16576,40561,31394,6596.247018
16577,40562,31395,6596.280693
16578,40563,31395,6596.280693
16579,40564,31396,6596.313352
16580,40565,31397,6596.346453
16581,40566,31398,6596.377042
16582,40567,31398,6596.377042
16583,40568,31399,6596.424868
16584,40569,31400,6596.457225
16585,40570,31401,6596.488057
16586,40571,31401,6596.488057
16587,40572,31402,6596.519777
16588,40573,31403,6596.553869
16589,40574,31404,6596.584884
16590,40575,31405,6596.618195
16591,40576,31405,6596.618195
16592,40577,31406,6596.648007
16593,40578,31407,6596.680063
16594,40579,31408,6596.713135
16595,40580,31408,6596.713135
16596,40581,31409,6596.760555
16597,40582,31410,6596.792496
16598,40583,31411,6596.824855
16599,40584,31411,6596.824855
16600,40585,31412,6596.856217
16601,40586,31413,6596.887577
16602,40587,31414,6596.919028
16603,40588,31415,6596.952272
16604,40589,31415,6596.952272
16605,40590,31416,6596.984902
16606,40591,31417,6597.015218
16607,40592,31418,6597.048750
16608,40593,31418,6597.048750
16609,40594,31419,6597.095968
16610,40595,31420,6597.128716
16611,40596,31420,6597.128716
16612,40597,31421,6597.161741
16613,40598,31422,6597.191018
16614,40599,31423,6597.223320
16615,40600,31424,6597.257192
16616,40601,31425,6597.288881
16617,40602,31425,6597.288881
16618,40603,31426,6597.319473
16619,40604,31427,6597.351819
16620,40605,31428,6597.382837
16621,40606,31429,6597.416041
16622,40607,31429,6597.416041
16623,40608,31430,6597.465294
16624,40609,31431,6597.495878
16625,40610,31431,6597.495878
16626,40611,31432,6597.529843
16627,40612,31433,6597.563114
16628,40613,31434,6597.592753
16629,40614,31435,6597.625577
16630,40615,31435,6597.625577
16631,40616,31436,6597.657514
16632,40617,31437,6597.689183
16633,40618,31438,6597.721364
16634,40619,31439,6597.753058
16635,40620,31439,6597.753058
16636,40621,31440,6597.798842
16637,40622,31441,6597.834036
16638,40623,31441,6597.834036
16639,40624,31442,6597.865452
16640,40625,31443,6597.897615
16641,40626,31444,6597.928893
16642,40627,31445,6597.961921
16643,40628,31445,6597.961921
16644,40629,31446,6597.992083
16645,40630,31447,6598.023586
16646,40631,31448,6598.056817
16647,40632,31449,6598.089917
16648,40633,31449,6598.089917
16649,40634,31450,6598.136250
16650,40635,31451,6598.168474
16651,40636,31451,6598.168474
16652,40637,31452,6598.200559
16653,40638,31453,6598.231334
16654,40639,31454,6598.265119
16655,40640,31455,6598.296012
16656,40641,31455,6598.296012
16657,40642,31456,6598.329492
16658,40643,31457,6598.360410
16659,40644,31458,6598.393919
16660,40645,31459,6598.423868
16661,40646,31459,6598.423868
16662,40647,31460,6598.470494
16663,40648,31461,6598.503750
16664,40649,31462,6598.506463
16665,40650,31463,6598.535277
16666,40651,31463,6598.535277
16667,40652,31464,6598.599931
16668,40653,31465,6598.632709
16669,40654,31465,6598.632709
16670,40655,31466,6598.666210
16671,40656,31467,6598.699333
16672,40657,31468,6598.728631
16673,40658,31469,6598.760099
16674,40659,31469,6598.760099
16675,40660,31470,6598.808698
16676,40661,31472,6598.841782
16677,40662,31472,6598.841782
16678,40663,31473,6598.873526
16679,40664,31474,6598.904196
16680,40665,31475,6598.937911
16681,40666,31475,6598.937911
16682,40667,31475,6598.937911
16683,40668,31476,6599.002277
16684,40669,31477,6599.032926
16685,40670,31478,6599.064979
16686,40671,31479,6599.097475
16687,40672,31480,6599.128198
16688,40673,31480,6599.128198
16689,40674,31481,6599.176800
16690,40675,31481,6599.176800
16691,40676,31483,6599.210181
16692,40677,31484,6599.242179
16693,40678,31485,6599.272985
16694,40679,31486,6599.304853
16695,40680,31487,6599.334966
16696,40681,31487,6599.334966
16697,40682,31487,6599.334966
16698,40683,31488,6599.400306
16699,40684,31489,6599.433678
16700,40685,31490,6599.462763
16701,40686,31490,6599.462763
16702,40687,31491,6599.512784
16703,40688,31491,6599.512784
16704,40689,31493,6599.548812
16705,40690,31494,6599.577182
16706,40691,31495,6599.608874
16707,40692,31496,6599.639772
16708,40693,31496,6599.639772
16709,40694,31497,6599.670557
16710,40695,31498,6599.705382
16711,40696,31499,6599.737369
16712,40697,31499,6599.737369
16713,40698,31499,6599.737369
16714,40699,31500,6599.800906
16715,40700,31501,6599.847491
16716,40701,31501,6599.847491
16717,40702,31503,6599.882433
16718,40703,31504,6599.911410
16719,40704,31505,6599.945129
16720,40705,31506,6599.975768
16721,40706,31506,6599.975768
16722,40707,31507,6600.008028
16723,40708,31508,6600.042730
16724,40709,31509,6600.072448
16725,40710,31510,6600.104019
16726,40711,31510,6600.104019
16727,40712,31511,6600.136257
16728,40713,31511,6600.136257
16729,40714,31511,6600.136257
16730,40715,31513,6600.221021
16731,40716,31514,6600.247307
16732,40717,31515,6600.281717
16733,40718,31516,6600.311802
16734,40719,31516,6600.311802
16735,40720,31517,6600.345056
16736,40721,31518,6600.376972
16737,40722,31519,6600.409166
16738,40723,31520,6600.442305
16739,40724,31520,6600.442305
16740,40725,31521,6600.473435
16741,40726,31522,6600.520300
16742,40727,31522,6600.520300
16743,40728,31523,6600.554948
16744,40729,31524,6600.584663
16745,40730,31525,6600.615002
16746,40731,31526,6600.649369
16747,40732,31526,6600.649369
16748,40733,31527,6600.680137
16749,40734,31528,6600.711573
16750,40735,31529,6600.744011
16751,40736,31530,6600.776170
16752,40737,31530,6600.776170
16753,40738,31531,6600.807634
16754,40739,31532,6600.839878
16755,40740,31532,6600.839878
16756,40741,31533,6600.886940
16757,40742,31534,6600.920591
16758,40743,31535,6600.953717
16759,40744,31536,6600.985074
16760,40745,31536,6600.985074
16761,40746,31537,6601.016735
16762,40747,31538,6601.048480
16763,40748,31539,6601.081452
16764,40749,31540,6601.111881
16765,40750,31540,6601.111881
16766,40751,31541,6601.144988
16767,40752,31542,6601.177558
16768,40753,31542,6601.177558
16769,40754,31543,6601.223034
16770,40755,31544,6601.256229
16771,40756,31545,6601.287145
16772,40757,31546,6601.321236
16773,40758,31546,6601.321236
16774,40759,31547,6601.352097
16775,40760,31548,6601.385060
16776,40761,31549,6601.416271
16777,40762,31550,6601.447317
16778,40763,31550,6601.447317
16779,40764,31551,6601.479607
16780,40765,31552,6601.510774
16781,40766,31552,6601.510774
16782,40767,31553,6601.560012
16783,40768,31554,6601.592842
16784,40769,31555,6601.625370
16785,40770,31556,6601.656850
16786,40771,31556,6601.656850
16787,40772,31557,6601.690007
16788,40773,31558,6601.721464
16789,40774,31559,6601.753372
16790,40775,31560,6601.784874
16791,40776,31560,6601.784874
16792,40777,31561,6601.816032
16793,40778,31562,6601.850943
16794,40779,31562,6601.850943
16795,40780,31563,6601.898436
16796,40781,31564,6601.928768
16797,40782,31565,6601.959303
16798,40783,31566,6601.992476
16799,40784,31566,6601.992476
16800,40785,31567,6602.023275
16801,40786,31568,6602.057429
16802,40787,31569,6602.088614
16803,40788,31570,6602.120671
16804,40789,31570,6602.120671
16805,40790,31571,6602.153045
16806,40791,31572,6602.185757
16807,40792,31572,6602.185757
16808,40793,31573,6602.232069
16809,40794,31574,6602.265150
16810,40795,31575,6602.296517
16811,40796,31576,6602.327882
16812,40797,31576,6602.327882
16813,40798,31577,6602.360148
16814,40799,31578,6602.392735
16815,40800,31579,6602.423636
16816,40801,31580,6602.457135
16817,40802,31580,6602.457135
16818,40803,31581,6602.488422
16819,40804,31582,6602.519415
16820,40805,31583,6602.552441
16821,40806,31583,6602.552441
16822,40807,31584,6602.598866
16823,40808,31585,6602.631226
16824,40809,31586,6602.665933
16825,40810,31586,6602.665933
16826,40811,31587,6602.696147
16827,40812,31588,6602.728868
16828,40813,31589,6602.760811
16829,40814,31590,6602.793629
16830,40815,31590,6602.793629
16831,40816,31591,6602.824645
16832,40817,31592,6602.856604
16833,40818,31593,6602.888960
16834,40819,31593,6602.888960
16835,40820,31594,6602.936152
16836,40821,31595,6602.969254
16837,40822,31596,6603.000177
16838,40823,31596,6603.000177
16839,40824,31597,6603.033364
16840,40825,31598,6603.065020
16841,40826,31599,6603.097512
16842,40827,31600,6603.128345
16843,40828,31600,6603.128345
16844,40829,31601,6603.159463
16845,40830,31602,6603.194248
16846,40831,31603,6603.224079
16847,40832,31603,6603.224079
16848,40833,31604,6603.271729
16849,40834,31606,6603.306811
16850,40835,31606,6603.306811
16851,40836,31607,6603.336570
16852,40837,31607,6603.336570
16853,40838,31608,6603.400107
16854,40839,31609,6603.433114
16855,40840,31610,6603.464893
16856,40841,31610,6603.464893
16857,40842,31611,6603.497225
16858,40843,31612,6603.528525
16859,40844,31613,6603.561469
16860,40845,31613,6603.561469
16861,40846,31614,6603.609237
16862,40847,31616,6603.642878
16863,40848,31616,6603.642878
16864,40849,31617,6603.672055
16865,40850,31618,6603.706699
16866,40851,31619,6603.736666
16867,40852,31619,6603.736666
16868,40853,31620,6603.799710
16869,40854,31620,6603.799710
16870,40855,31621,6603.831988
16871,40856,31622,6603.865215
16872,40857,31623,6603.896380
16873,40858,31623,6603.896380
16874,40859,31624,6603.944301
16875,40860,31625,6603.978422
16876,40861,31626,6603.982135
16877,40862,31627,6604.008497
16878,40863,31628,6604.041810
16879,40864,31629,6604.073792
16880,40865,31630,6604.105578
16881,40866,31631,6604.136634
16882,40867,31631,6604.136634
16883,40868,31632,6604.168775
16884,40869,31632,6604.168775
16885,40870,31633,6604.232288
16886,40871,31634,6604.264920
16887,40872,31634,6604.264920
16888,40873,31636,6604.315939
16889,40874,31637,6604.343011
16890,40875,31637,6604.343011
16891,40876,31638,6604.375108
16892,40877,31639,6604.411038
16893,40878,31640,6604.439834
16894,40879,31641,6604.472134
16895,40880,31641,6604.472134
16896,40881,31642,6604.506139
16897,40882,31643,6604.537257
16898,40883,31643,6604.537257
16899,40884,31643,6604.537257
16900,40885,31644,6604.603836
16901,40886,31645,6604.649388
16902,40887,31645,6604.649388
16903,40888,31647,6604.684377
16904,40889,31648,6604.715105
16905,40890,31649,6604.745317
16906,40891,31650,6604.776790
16907,40892,31650,6604.776790
16908,40893,31651,6604.809349
16909,40894,31652,6604.839436
16910,40895,31653,6604.872347
16911,40896,31654,6604.905090
16912,40897,31655,6604.937037
16913,40898,31655,6604.937037
16914,40899,31655,6604.937037
16915,40900,31655,6604.937037
16916,40901,31657,6605.019198
16917,40902,31658,6605.047724
16918,40903,31659,6605.080559
16919,40904,31660,6605.112863
16920,40905,31660,6605.112863
16921,40906,31661,6605.144902
16922,40907,31662,6605.176759
16923,40908,31663,6605.208627
16924,40909,31664,6605.242067
16925,40910,31664,6605.242067
16926,40911,31665,6605.274410
16927,40912,31666,6605.320476
16928,40913,31666,6605.320476
16929,40914,31667,6605.352072
16930,40915,31668,6605.383821
16931,40916,31669,6605.416738
16932,40917,31670,6605.448426
16933,40918,31671,6605.479852
16934,40919,31671,6605.479852
16935,40920,31672,6605.512029
16936,40921,31673,6605.544776
16937,40922,31674,6605.576949
16938,40923,31675,6605.607814
16939,40924,31675,6605.607814
16940,40925,31676,6605.658267
16941,40926,31676,6605.658267
16942,40927,31677,6605.688052
16943,40928,31678,6605.721894
16944,40929,31679,6605.751531
16945,40930,31680,6605.786709
16946,40931,31680,6605.786709
16947,40932,31681,6605.816720
16948,40933,31682,6605.849768
16949,40934,31683,6605.881916
16950,40935,31684,6605.913325
16951,40936,31684,6605.913325
16952,40937,31685,6605.944741
16953,40938,31686,6605.993214
16954,40939,31686,6605.993214
16955,40940,31687,6606.024814
16956,40941,31688,6606.057101
16957,40942,31689,6606.090004
16958,40943,31690,6606.121432
16959,40944,31690,6606.121432
16960,40945,31691,6606.150947
16961,40946,31692,6606.184095
16962,40947,31693,6606.216410
16963,40948,31694,6606.248806
16964,40949,31694,6606.248806
16965,40950,31695,6606.280122
16966,40951,31696,6606.312141
16967,40952,31696,6606.312141
16968,40953,31697,6606.359891
16969,40954,31698,6606.392489
16970,40955,31699,6606.423600
16971,40956,31700,6606.457461
16972,40957,31701,6606.486155
16973,40958,31701,6606.486155
16974,40959,31702,6606.519752
16975,40960,31703,6606.552878
16976,40961,31704,6606.585712
16977,40962,31704,6606.585712
16978,40963,31705,6606.616535
16979,40964,31706,6606.647780
16980,40965,31706,6606.647780
16981,40966,31707,6606.696228
16982,40967,31708,6606.729795
16983,40968,31709,6606.762168
16984,40969,31710,6606.795132
16985,40970,31710,6606.795132
16986,40971,31711,6606.825388
16987,40972,31712,6606.857376
16988,40973,31713,6606.889102
16989,40974,31714,6606.920682
16990,40975,31714,6606.920682
16991,40976,31715,6606.952417
16992,40977,31716,6606.983977
16993,40978,31716,6606.983977
16994,40979,31717,6607.033353
16995,40980,31718,6607.063520
16996,40981,31719,6607.098897
16997,40982,31720,6607.129452
16998,40983,31720,6607.129452
16999,40984,31721,6607.160671
17000,40985,31722,6607.195103
17001,40986,31723,6607.224996
17002,40987,31724,6607.256933
17003,40988,31724,6607.256933
17004,40989,31725,6607.289059
17005,40990,31726,6607.321863
17006,40991,31726,6607.321863
17007,40992,31727,6607.368019
17008,40993,31728,6607.401487
17009,40994,31729,6607.433546
17010,40995,31730,6607.465096
17011,40996,31730,6607.465096
17012,40997,31731,6607.496566
17013,40998,31732,6607.529710
17014,40999,31733,6607.559937
17015,41000,31734,6607.591560
17016,41001,31735,6607.622503
17017,41002,31735,6607.622503
17018,41003,31736,6607.657518
17019,41004,31736,6607.657518
17020,41005,31737,6607.704438
17021,41006,31739,6607.741327
17022,41007,31739,6607.741327
17023,41008,31740,6607.801721
17024,41009,31740,6607.801721
17025,41010,31741,6607.833027
17026,41011,31742,6607.865727
17027,41012,31743,6607.897097
17028,41013,31744,6607.928086
17029,41014,31744,6607.928086
17030,41015,31745,6607.961935
17031,41016,31746,6607.994195
17032,41017,31747,6608.025142
17033,41018,31747,6608.025142
17034,41019,31748,6608.073401
17035,41020,31750,6608.107907
17036,41021,31751,6608.136339
17037,41022,31751,6608.136339
17038,41023,31751,6608.136339
17039,41024,31752,6608.200587
17040,41025,31753,6608.233584
17041,41026,31754,6608.264749
17042,41027,31754,6608.264749
17043,41028,31755,6608.297526
17044,41029,31756,6608.330265
17045,41030,31757,6608.361581
17046,41031,31757,6608.361581
17047,41032,31758,6608.409035
17048,41033,31760,6608.445003
17049,41034,31761,6608.474544
17050,41035,31761,6608.474544
17051,41036,31762,6608.504963
17052,41037,31763,6608.537566
17053,41038,31763,6608.537566
17054,41039,31764,6608.602176
17055,41040,31764,6608.602176
17056,41041,31765,6608.631598
17057,41042,31766,6608.664713
17058,41043,31767,6608.697105
17059,41044,31767,6608.697105
17060,41045,31768,6608.744865
17061,41046,31770,6608.779843
17062,41047,31771,6608.807777
17063,41048,31771,6608.807777
17064,41049,31772,6608.840838
17065,41050,31773,6608.871163
17066,41051,31774,6608.905045
17067,41052,31775,6608.936921
17068,41053,31775,6608.936921
17069,41054,31775,6608.936921
17070,41055,31776,6609.001160
17071,41056,31777,6609.032230
17072,41057,31777,6609.032230
17073,41058,31778,6609.081184
17074,41059,31780,6609.118093
17075,41060,31781,6609.146058
17076,41061,31781,6609.146058
17077,41062,31782,6609.176567
17078,41063,31783,6609.209767
17079,41064,31784,6609.242148
17080,41065,31785,6609.273306
17081,41066,31786,6609.305395
17082,41067,31786,6609.305395
17083,41068,31787,6609.337373
17084,41069,31787,6609.337373
17085,41070,31787,6609.337373
17086,41071,31788,6609.417318
17087,41072,31790,6609.451276
17088,41073,31791,6609.480899
17089,41074,31792,6609.512342
17090,41075,31792,6609.512342
17091,41076,31793,6609.543554
17092,41077,31794,6609.576394
17093,41078,31795,6609.610078
17094,41079,31796,6609.639982
17095,41080,31796,6609.639982
17096,41081,31797,6609.673123
17097,41082,31798,6609.704746
17098,41083,31799,6609.736082
17099,41084,31799,6609.736082
17100,41085,31799,6609.736082
17101,41086,31801,6609.820180
17102,41087,31802,6609.849782
17103,41088,31802,6609.849782
17104,41089,31803,6609.880544
17105,41090,31804,6609.911725
17106,41091,31805,6609.945523
17107,41092,31806,6609.977251
17108,41093,31807,6610.008100
17109,41094,31807,6610.008100
17110,41095,31808,6610.040867
17111,41096,31809,6610.074233
17112,41097,31809,6610.074233
17113,41098,31810,6610.120684
17114,41099,31811,6610.154071
17115,41100,31812,6610.185125
17116,41101,31812,6610.185125
17117,41102,31813,6610.217452
17118,41103,31814,6610.248780
17119,41104,31815,6610.281287
17120,41105,31816,6610.311996
17121,41106,31817,6610.344805
17122,41107,31817,6610.344805
17123,41108,31818,6610.376154
17124,41109,31819,6610.409921
17125,41110,31819,6610.409921
17126,41111,31820,6610.457844
17127,41112,31821,6610.489008
17128,41113,31822,6610.520232
17129,41114,31822,6610.520232
17130,41115,31823,6610.553816
17131,41116,31824,6610.585814
17132,41117,31825,6610.617163
17133,41118,31826,6610.649718
17134,41119,31827,6610.679743
17135,41120,31827,6610.679743
17136,41121,31828,6610.712282
17137,41122,31829,6610.744536
17138,41123,31829,6610.744536
17139,41124,31830,6610.791566
17140,41125,31831,6610.822991
17141,41126,31832,6610.856247
17142,41127,31832,6610.856247
17143,41128,31833,6610.888114
17144,41129,31834,6610.920796
17145,41130,31835,6610.953390
17146,41131,31836,6610.983640
17147,41132,31837,6611.015365
17148,41133,31837,6611.015365
17149,41134,31838,6611.047058
17150,41135,31839,6611.079967
17151,41136,31839,6611.079967
17152,41137,31840,6611.127994
17153,41138,31841,6611.162354
17154,41139,31842,6611.192107
17155,41140,31842,6611.192107
17156,41141,31843,6611.224332
17157,41142,31844,6611.256369
17158,41143,31845,6611.290172
17159,41144,31846,6611.319335
17160,41145,31847,6611.351979
17161,41146,31847,6611.351979
17162,41147,31848,6611.384489
17163,41148,31849,6611.417011
17164,41149,31850,6611.449289
17165,41150,31850,6611.449289
17166,41151,31851,6611.495568
17167,41152,31852,6611.527790
17168,41153,31853,6611.558719
17169,41154,31853,6611.558719
17170,41155,31854,6611.592349
17171,41156,31855,6611.625098
17172,41157,31856,6611.655107
17173,41158,31857,6611.687756
17174,41159,31857,6611.687756
17175,41160,31858,6611.720336
17176,41161,31859,6611.753100
17177,41162,31860,6611.784713
17178,41163,31860,6611.784713
17179,41164,31861,6611.831394
17180,41165,31862,6611.865365
17181,41166,31862,6611.865365
17182,41167,31863,6611.896738
17183,41168,31864,6611.926931
17184,41169,31865,6611.960920
17185,41170,31866,6611.992688
17186,41171,31866,6611.992688
17187,41172,31867,6612.024479
17188,41173,31868,6612.055229
17189,41174,31869,6612.089268
17190,41175,31870,6612.121197
17191,41176,31870,6612.121197
17192,41177,31871,6612.169144
17193,41178,31872,6612.201030
17194,41179,31873,6612.231993
17195,41180,31873,6612.231993
17196,41181,31874,6612.264970
17197,41182,31875,6612.296119
17198,41183,31876,6612.328144
17199,41184,31877,6612.360048
17200,41185,31877,6612.360048
17201,41186,31878,6612.393369
17202,41187,31879,6612.426037
17203,41188,31880,6612.456275
17204,41189,31880,6612.456275
17205,41190,31881,6612.504839
17206,41191,31883,6612.539335
17207,41192,31883,6612.539335
17208,41193,31883,6612.539335
17209,41194,31884,6612.601563
17210,41195,31885,6612.634893
17211,41196,31886,6612.664018
17212,41197,31887,6612.696430
17213,41198,31887,6612.696430
17214,41199,31888,6612.728470
17215,41200,31889,6612.759582
17216,41201,31890,6612.791969
17217,41202,31890,6612.791969
17218,41203,31891,6612.840948
17219,41204,31893,6612.874183
17220,41205,31894,6612.904931
17221,41206,31894,6612.904931
17222,41207,31895,6612.936699
17223,41208,31895,6612.936699
17224,41209,31896,6612.998731
17225,41210,31897,6613.030933
17226,41211,31897,6613.030933
17227,41212,31898,6613.064820
17228,41213,31899,6613.096967
17229,41214,31900,6613.128653
17230,41215,31901,6613.160048
17231,41216,31901,6613.160048
17232,41217,31903,6613.212809
17233,41218,31904,6613.240184
17234,41219,31904,6613.240184
17235,41220,31905,6613.272258
17236,41221,31906,6613.305054
17237,41222,31907,6613.336902
17238,41223,31907,6613.336902
17239,41224,31907,6613.336902
17240,41225,31908,6613.400022
17241,41226,31909,6613.431046
17242,41227,31910,6613.464834
17243,41228,31911,6613.496893
17244,41229,31911,6613.496893
17245,41230,31912,6613.545320
17246,41231,31913,6613.576727
17247,41232,31914,6613.579329
17248,41233,31915,6613.609167
17249,41234,31916,6613.641768
17250,41235,31917,6613.673011
17251,41236,31918,6613.707068
17252,41237,31918,6613.707068
17253,41238,31919,6613.735304
17254,41239,31920,6613.767721
17255,41240,31920,6613.767721
17256,41241,31921,6613.832101
17257,41242,31921,6613.832101
17258,41243,31922,6613.883041
17259,41244,31922,6613.883041
17260,41245,31924,6613.917229
17261,41246,31925,6613.944880
17262,41247,31926,6613.976212
17263,41248,31927,6614.010285
17264,41249,31928,6614.040024
17265,41250,31928,6614.040024
17266,41251,31929,6614.073238
17267,41252,31930,6614.105212
17268,41253,31931,6614.137728
17269,41254,31931,6614.137728
17270,41255,31931,6614.137728
17271,41256,31932,6614.214803
17272,41257,31933,6614.250186
17273,41258,31934,6614.252225
17274,41259,31935,6614.281417
17275,41260,31936,6614.312001
17276,41261,31937,6614.344992
17277,41262,31938,6614.376135
17278,41263,31938,6614.376135
17279,41264,31939,6614.408573
17280,41265,31940,6614.439907
17281,41266,31941,6614.471396
17282,41267,31942,6614.505159
17283,41268,31942,6614.505159
17284,41269,31943,6614.552820
17285,41270,31944,6614.585031
17286,41271,31944,6614.585031
17287,41272,31945,6614.616669
17288,41273,31946,6614.649811
17289,41274,31947,6614.680925
17290,41275,31948,6614.712289
17291,41276,31948,6614.712289
17292,41277,31949,6614.745491
17293,41278,31950,6614.776942
17294,41279,31951,6614.808729
17295,41280,31952,6614.839658
17296,41281,31952,6614.839658
17297,41282,31953,6614.888958
17298,41283,31953,6614.888958
17299,41284,31954,6614.920869
17300,41285,31955,6614.953300
17301,41286,31956,6614.984845
17302,41287,31957,6615.016798
17303,41288,31958,6615.047905
17304,41289,31958,6615.047905
17305,41290,31959,6615.080898
17306,41291,31960,6615.112808
17307,41292,31961,6615.143903
17308,41293,31962,6615.175219
17309,41294,31962,6615.175219
17310,41295,31963,6615.209288
17311,41296,31963,6615.209288
17312,41297,31964,6615.256220
17313,41298,31965,6615.289106
17314,41299,31966,6615.321567
17315,41300,31967,6615.353704
17316,41301,31968,6615.386781
17317,41302,31968,6615.386781
17318,41303,31969,6615.416879
17319,41304,31970,6615.449191
17320,41305,31971,6615.480848
17321,41306,31972,6615.511434
17322,41307,31972,6615.511434
17323,41308,31973,6615.544243
17324,41309,31974,6615.592052
17325,41310,31974,6615.592052
17326,41311,31975,6615.624923
17327,41312,31976,6615.656063
17328,41313,31977,6615.688304
17329,41314,31978,6615.720315
17330,41315,31978,6615.720315
17331,41316,31979,6615.752320
17332,41317,31980,6615.784783
17333,41318,31981,6615.818240
17334,41319,31982,6615.848123
17335,41320,31982,6615.848123
17336,41321,31983,6615.881494
17337,41322,31983,6615.881494
17338,41323,31984,6615.929545
17339,41324,31985,6615.961622
17340,41325,31986,6615.994696
17341,41326,31987,6616.024827
17342,41327,31988,6616.056043
17343,41328,31988,6616.056043
17344,41329,31989,6616.089756
17345,41330,31990,6616.121012
17346,41331,31991,6616.151868
17347,41332,31992,6616.184743
17348,41333,31992,6616.184743
17349,41334,31993,6616.216994
17350,41335,31994,6616.265753
17351,41336,31994,6616.265753
17352,41337,31995,6616.297379
17353,41338,31996,6616.328907
17354,41339,31997,6616.363073
17355,41340,31998,6616.394091
17356,41341,31998,6616.394091
17357,41342,31999,6616.422730
17358,41343,32000,6616.458523
17359,41344,32001,6616.489142
17360,41345,32002,6616.520763
17361,41346,32002,6616.520763
17362,41347,32003,6616.551755
17363,41348,32004,6616.600722
17364,41349,32004,6616.600722
17365,41350,32005,6616.633980
17366,41351,32006,6616.665109
17367,41352,32007,6616.696998
17368,41353,32008,6616.729099
17369,41354,32008,6616.729099
17370,41355,32009,6616.761503
17371,41356,32010,6616.791577
17372,41357,32011,6616.823386
17373,41358,32012,6616.856289
17374,41359,32013,6616.887864
17375,41360,32013,6616.887864
17376,41361,32014,6616.923475
17377,41362,32014,6616.923475
17378,41363,32015,6616.968654
17379,41364,32016,6617.001146
17380,41365,32017,6617.032016
17381,41366,32018,6617.065385
17382,41367,32018,6617.065385
17383,41368,32019,6617.096464
17384,41369,32020,6617.128716
17385,41370,32021,6617.161551
17386,41371,32022,6617.191723
17387,41372,32023,6617.224961
17388,41373,32023,6617.224961
17389,41374,32024,6617.255256
17390,41375,32025,6617.304654
17391,41376,32025,6617.304654
17392,41377,32027,6617.340813
17393,41378,32027,6617.340813
17394,41379,32028,6617.398872
17395,41380,32029,6617.434043
17396,41381,32029,6617.434043
17397,41382,32030,6617.463047
17398,41383,32031,6617.495833
17399,41384,32032,6617.529134
17400,41385,32033,6617.560733
17401,41386,32033,6617.560733
17402,41387,32034,6617.591822
17403,41388,32034,6617.591822
17404,41389,32035,6617.640527
17405,41390,32037,6617.677311
17406,41391,32038,6617.704920
17407,41392,32039,6617.736200
17408,41393,32039,6617.736200
17409,41394,32039,6617.736200
17410,41395,32040,6617.800514
17411,41396,32041,6617.833507
17412,41397,32042,6617.866197
17413,41398,32043,6617.896655
17414,41399,32043,6617.896655
17415,41400,32044,6617.927426
17416,41401,32045,6617.976970
17417,41402,32045,6617.976970
17418,41403,32047,6618.013178
17419,41404,32048,6618.041580
17420,41405,32049,6618.073571
17421,41406,32050,6618.106157
17422,41407,32050,6618.106157
17423,41408,32051,6618.138012
17424,41409,32051,6618.138012
17425,41410,32052,6618.200997
17426,41411,32053,6618.233745
17427,41412,32053,6618.233745
17428,41413,32054,6618.265501
17429,41414,32055,6618.312001
17430,41415,32055,6618.312001
17431,41416,32057,6618.346231
17432,41417,32058,6618.376898
17433,41418,32059,6618.408001
17434,41419,32060,6618.440572
17435,41420,32060,6618.440572
17436,41421,32061,6618.472542
17437,41422,32062,6618.504845
17438,41423,32063,6618.536229
17439,41424,32063,6618.536229
17440,41425,32063,6618.536229
17441,41426,32064,6618.601799
17442,41427,32065,6618.631615
17443,41428,32065,6618.631615
17444,41429,32066,6618.681191
17445,41430,32068,6618.716077
17446,41431,32069,6618.743466
17447,41432,32069,6618.743466
17448,41433,32070,6618.778411
17449,41434,32071,6618.809252
17450,41435,32072,6618.840258
17451,41436,32073,6618.872400
17452,41437,32074,6618.905191
17453,41438,32074,6618.905191
17454,41439,32075,6618.937443
17455,41440,32075,6618.937443
17456,41441,32075,6618.937443
17457,41442,32076,6619.018176
17458,41443,32078,6619.053945
17459,41444,32079,6619.082852
17460,41445,32080,6619.113237
17461,41446,32080,6619.113237
17462,41447,32081,6619.144018
17463,41448,32082,6619.176924
17464,41449,32083,6619.208738
17465,41450,32084,6619.239717
17466,41451,32084,6619.239717
17467,41452,32085,6619.271972
17468,41453,32086,6619.304028
17469,41454,32086,6619.304028
17470,41455,32087,6619.352209
17471,41456,32088,6619.383746
17472,41457,32089,6619.416489
17473,41458,32090,6619.448916
17474,41459,32090,6619.448916
17475,41460,32091,6619.482639
17476,41461,32092,6619.514115
17477,41462,32093,6619.544944
17478,41463,32094,6619.577126
17479,41464,32094,6619.577126
17480,41465,32095,6619.607546
17481,41466,32096,6619.640174
17482,41467,32096,6619.640174
17483,41468,32097,6619.689452
17484,41469,32098,6619.721568
17485,41470,32099,6619.754002
17486,41471,32100,6619.786037
17487,41472,32101,6619.814849
17488,41473,32101,6619.814849
17489,41474,32102,6619.848902
17490,41475,32103,6619.880895
17491,41476,32104,6619.912093
17492,41477,32105,6619.944935
17493,41478,32105,6619.944935
17494,41479,32106,6619.976712
17495,41480,32106,6619.976712
17496,41481,32107,6620.023237
17497,41482,32108,6620.056683
17498,41483,32109,6620.088797
17499,41484,32110,6620.120036
17500,41485,32110,6620.120036
17501,41486,32111,6620.152572
17502,41487,32112,6620.183868
17503,41488,32113,6620.217202
17504,41489,32114,6620.248063
17505,41490,32115,6620.280175
17506,41491,32115,6620.280175
17507,41492,32116,6620.313181
17508,41493,32117,6620.344738
17509,41494,32117,6620.344738
17510,41495,32118,6620.393658
17511,41496,32119,6620.426244
17512,41497,32120,6620.457664
17513,41498,32120,6620.457664
17514,41499,32121,6620.487425
17515,41500,32122,6620.520625
17516,41501,32123,6620.552854
17517,41502,32124,6620.586867
17518,41503,32124,6620.586867
17519,41504,32125,6620.617380
17520,41505,32126,6620.648163
17521,41506,32127,6620.679495
17522,41507,32127,6620.679495
17523,41508,32128,6620.727775
17524,41509,32129,6620.760916
17525,41510,32130,6620.792521
17526,41511,32130,6620.792521
17527,41512,32131,6620.825201
17528,41513,32132,6620.856958
17529,41514,32133,6620.891087
17530,41515,32134,6620.920937
17531,41516,32134,6620.920937
17532,41517,32135,6620.952792
17533,41518,32136,6620.983905
17534,41519,32137,6621.017138
17535,41520,32137,6621.017138
17536,41521,32138,6621.065244
17537,41522,32139,6621.096693
17538,41523,32140,6621.128196
17539,41524,32140,6621.128196
17540,41525,32141,6621.160574
17541,41526,32142,6621.194159
17542,41527,32143,6621.226564
17543,41528,32144,6621.257020
17544,41529,32144,6621.257020
17545,41530,32145,6621.288808
17546,41531,32146,6621.321754
17547,41532,32147,6621.353371
17548,41533,32147,6621.353371
17549,41534,32148,6621.400011
17550,41535,32149,6621.434027
17551,41536,32150,6621.464689
17552,41537,32151,6621.496450
17553,41538,32151,6621.496450
17554,41539,32152,6621.528166
17555,41540,32153,6621.561168
17556,41541,32154,6621.593280
17557,41542,32155,6621.625475
17558,41543,32155,6621.625475
17559,41544,32156,6621.657332
17560,41545,32157,6621.690606
17561,41546,32157,6621.690606
17562,41547,32158,6621.737134
17563,41548,32159,6621.770391
17564,41549,32160,6621.801049
17565,41550,32161,6621.834757
17566,41551,32161,6621.834757
17567,41552,32162,6621.865106
17568,41553,32163,6621.896817
17569,41554,32164,6621.930205
17570,41555,32165,6621.960554
17571,41556,32165,6621.960554
17572,41557,32166,6621.992186
17573,41558,32167,6622.023993
17574,41559,32168,6622.057973
17575,41560,32168,6622.057973
17576,41561,32170,6622.106414
17577,41562,32171,6622.136875
17578,41563,32171,6622.136875
17579,41564,32171,6622.136875
17580,41565,32172,6622.201202
17581,41566,32173,6622.232072
17582,41567,32174,6622.265169
17583,41568,32175,6622.297070
17584,41569,32176,6622.327761
17585,41570,32176,6622.327761
17586,41571,32177,6622.361116
17587,41572,32178,6622.392669
17588,41573,32178,6622.392669
17589,41574,32179,6622.440943
17590,41575,32181,6622.474650
17591,41576,32182,6622.505040
17592,41577,32183,6622.535708
17593,41578,32183,6622.535708
17594,41579,32183,6622.535708
17595,41580,32184,6622.599043
17596,41581,32185,6622.634641
17597,41582,32185,6622.634641
17598,41583,32186,6622.664838
17599,41584,32187,6622.697480
17600,41585,32188,6622.729040
17601,41586,32188,6622.729040
17602,41587,32189,6622.777229
17603,41588,32191,6622.812534
17604,41589,32192,6622.840407
17605,41590,32192,6622.840407
17606,41591,32193,6622.872867
17607,41592,32194,6622.904840
17608,41593,32195,6622.937157
17609,41594,32195,6622.937157
17610,41595,32196,6623.000253
17611,41596,32196,6623.000253
17612,41597,32197,6623.032350
17613,41598,32198,6623.064854
17614,41599,32198,6623.064854
17615,41600,32199,6623.112349
17616,41601,32201,6623.147787
17617,41602,32202,6623.175620
17618,41603,32202,6623.175620
17619,41604,32203,6623.207642
17620,41605,32204,6623.241048
17621,41606,32205,6623.273448
17622,41607,32206,6623.305173
17623,41608,32206,6623.305173
17624,41609,32207,6623.335926
17625,41610,32207,6623.335926
17626,41611,32208,6623.399465
17627,41612,32208,6623.399465
17628,41613,32209,6623.449097
17629,41614,32211,6623.483152
17630,41615,32212,6623.512462
17631,41616,32212,6623.512462
17632,41617,32213,6623.545058
17633,41618,32214,6623.577688
17634,41619,32215,6623.610257
17635,41620,32216,6623.641422
17636,41621,32216,6623.641422
17637,41622,32217,6623.671839
17638,41623,32218,6623.704869
17639,41624,32219,6623.735380
17640,41625,32219,6623.735380
17641,41626,32219,6623.735380
17642,41627,32221,6623.819747
17643,41628,32222,6623.850298
17644,41629,32223,6623.880002
17645,41630,32223,6623.880002
17646,41631,32224,6623.912560
17647,41632,32225,6623.944239
17648,41633,32226,6623.977760
17649,41634,32227,6624.008646
17650,41635,32227,6624.008646
17651,41636,32228,6624.042072
17652,41637,32229,6624.072448
17653,41638,32230,6624.105049
17654,41639,32230,6624.105049
17655,41640,32231,6624.153250
17656,41641,32232,6624.186927
17657,41642,32232,6624.186927
17658,41643,32233,6624.217188
17659,41644,32234,6624.248924
17660,41645,32235,6624.280149
17661,41646,32236,6624.311003
17662,41647,32237,6624.344838
17663,41648,32237,6624.344838
17664,41649,32238,6624.376217
17665,41650,32239,6624.410723
17666,41651,32240,6624.441044
17667,41652,32240,6624.441044
17668,41653,32241,6624.488795
17669,41654,32242,6624.520167
17670,41655,32242,6624.520167
17671,41656,32243,6624.551863
17672,41657,32244,6624.585261
17673,41658,32245,6624.615874
17674,41659,32246,6624.648677
17675,41660,32246,6624.648677
17676,41661,32247,6624.680778
17677,41662,32248,6624.712107
17678,41663,32249,6624.742899
17679,41664,32250,6624.776130
17680,41665,32250,6624.776130
17681,41666,32251,6624.824835
17682,41667,32252,6624.857436
17683,41668,32253,6624.887480
17684,41669,32253,6624.887480
17685,41670,32254,6624.922199
17686,41671,32255,6624.953180
17687,41672,32256,6624.985680
17688,41673,32256,6624.985680
17689,41674,32257,6625.017627
17690,41675,32258,6625.049646
17691,41676,32259,6625.080974
17692,41677,32260,6625.112850
17693,41678,32260,6625.112850
17694,41679,32261,6625.161483
17695,41680,32262,6625.193298
17696,41681,32262,6625.193298
17697,41682,32263,6625.224905
17698,41683,32264,6625.256700
17699,41684,32265,6625.287200
17700,41685,32266,6625.320239
17701,41686,32266,6625.320239
17702,41687,32267,6625.351766
17703,41688,32268,6625.386607
17704,41689,32269,6625.416501
17705,41690,32270,6625.449854
17706,41691,32270,6625.449854
17707,41692,32271,6625.496481
17708,41693,32272,6625.529612
17709,41694,32272,6625.529612
17710,41695,32273,6625.560533
17711,41696,32274,6625.592428
17712,41697,32275,6625.624700
17713,41698,32276,6625.656091
17714,41699,32276,6625.656091
17715,41700,32277,6625.688622
17716,41701,32278,6625.720087
17717,41702,32279,6625.753777
17718,41703,32280,6625.785841
17719,41704,32280,6625.785841
17720,41705,32281,6625.816612
17721,41706,32282,6625.863775
17722,41707,32282,6625.863775
17723,41708,32283,6625.894977
17724,41709,32284,6625.929622
17725,41710,32285,6625.959492
17726,41711,32286,6625.992865
17727,41712,32286,6625.992865
17728,41713,32287,6626.023910
17729,41714,32288,6626.057650
17730,41715,32289,6626.088651
17731,41716,32290,6626.120172
17732,41717,32290,6626.120172
17733,41718,32291,6626.151233
17734,41719,32292,6626.200759
17735,41720,32292,6626.200759
17736,41721,32293,6626.231179
17737,41722,32294,6626.265182
17738,41723,32295,6626.296951
17739,41724,32296,6626.328051
17740,41725,32296,6626.328051
17741,41726,32297,6626.360846
17742,41727,32298,6626.393116
17743,41728,32299,6626.424933
17744,41729,32300,6626.458034
17745,41730,32300,6626.458034
17746,41731,32301,6626.488838
17747,41732,32301,6626.488838
17748,41733,32302,6626.538672
17749,41734,32303,6626.569212
17750,41735,32304,6626.599777
17751,41736,32305,6626.633127
17752,41737,32306,6626.664602
17753,41738,32306,6626.664602
17754,41739,32307,6626.697524
17755,41740,32308,6626.730976
17756,41741,32309,6626.759056
17757,41742,32310,6626.793655
17758,41743,32310,6626.793655
17759,41744,32311,6626.823336
17760,41745,32312,6626.873198
17761,41746,32312,6626.873198
17762,41747,32314,6626.909635
17763,41748,32315,6626.935456
17764,41749,32315,6626.935456
17765,41750,32316,6627.001912
17766,41751,32316,6627.001912
17767,41752,32317,6627.033093
17768,41753,32318,6627.065139
17769,41754,32319,6627.096118
17770,41755,32320,6627.130161
17771,41756,32320,6627.130161
17772,41757,32321,6627.159673
17773,41758,32322,6627.208039
17774,41759,32322,6627.208039
17775,41760,32324,6627.242813
17776,41761,32325,6627.273705
17777,41762,32326,6627.303994
17778,41763,32327,6627.336904
17779,41764,32327,6627.336904
17780,41765,32327,6627.336904
17781,41766,32328,6627.400326
17782,41767,32329,6627.433616
17783,41768,32330,6627.464187
17784,41769,32330,6627.464187
17785,41770,32331,6627.496804
17786,41771,32332,6627.527717
17787,41772,32332,6627.527717
17788,41773,32333,6627.576166
17789,41774,32335,6627.611723
17790,41775,32336,6627.641075
17791,41776,32337,6627.671665
17792,41777,32337,6627.671665
17793,41778,32338,6627.705188
17794,41779,32339,6627.737200
17795,41780,32340,6627.770371
17796,41781,32340,6627.770371
17797,41782,32340,6627.770371
17798,41783,32341,6627.832255
17799,41784,32342,6627.865119
17800,41785,32342,6627.865119
17801,41786,32343,6627.912807
17802,41787,32345,6627.946111
17803,41788,32346,6627.976899
17804,41789,32347,6628.008865
17805,41790,32347,6628.008865
17806,41791,32348,6628.040600
17807,41792,32349,6628.072891
17808,41793,32350,6628.105003
17809,41794,32351,6628.137668
17810,41795,32351,6628.137668
17811,41796,32351,6628.137668
17812,41797,32352,6628.199945
17813,41798,32352,6628.199945
17814,41799,32353,6628.249332
17815,41800,32355,6628.284728
17816,41801,32356,6628.314286
17817,41802,32357,6628.344708
17818,41803,32357,6628.344708
17819,41804,32358,6628.375646
17820,41805,32359,6628.409497
17821,41806,32360,6628.440500
17822,41807,32361,6628.473940
17823,41808,32361,6628.473940
17824,41809,32362,6628.505014
17825,41810,32363,6628.536921
17826,41811,32363,6628.536921
17827,41812,32363,6628.536921
17828,41813,32365,6628.617542
17829,41814,32366,6628.648419
17830,41815,32367,6628.680220
17831,41816,32367,6628.680220
17832,41817,32368,6628.711962
17833,41818,32369,6628.743908
17834,41819,32370,6628.775045
17835,41820,32371,6628.808045
17836,41821,32371,6628.808045
17837,41822,32372,6628.840598
17838,41823,32373,6628.873219
17839,41824,32373,6628.873219
17840,41825,32374,6628.921657
17841,41826,32375,6628.953123
17842,41827,32376,6628.984834
17843,41828,32377,6629.017219
17844,41829,32377,6629.017219
17845,41830,32378,6629.048147
17846,41831,32379,6629.080394
17847,41832,32380,6629.113234
17848,41833,32381,6629.145381
17849,41834,32381,6629.145381
17850,41835,32382,6629.176458
17851,41836,32383,6629.208693
17852,41837,32384,6629.241089
17853,41838,32384,6629.241089
17854,41839,32385,6629.289486
17855,41840,32386,6629.320314
17856,41841,32387,6629.353649
17857,41842,32387,6629.353649
17858,41843,32388,6629.383841
17859,41844,32389,6629.417099
17860,41845,32390,6629.451250
17861,41846,32391,6629.482195
17862,41847,32392,6629.512272
17863,41848,32392,6629.512272
17864,41849,32393,6629.545027
17865,41850,32394,6629.575651
17866,41851,32394,6629.575651
17867,41852,32395,6629.624755
17868,41853,32396,6629.655112
17869,41854,32397,6629.687667
17870,41855,32398,6629.719459
17871,41856,32398,6629.719459
17872,41857,32399,6629.751940
17873,41858,32400,6629.785136
17874,41859,32401,6629.816067
17875,41860,32402,6629.848569
17876,41861,32402,6629.848569
17877,41862,32403,6629.879916
17878,41863,32404,6629.913584
17879,41864,32404,6629.913584
17880,41865,32405,6629.960090
17881,41866,32406,6629.993401
17882,41867,32407,6630.024573
17883,41868,32408,6630.056735
17884,41869,32408,6630.056735
17885,41870,32409,6630.089899
17886,41871,32410,6630.120966
17887,41872,32411,6630.152849
17888,41873,32412,6630.184726
17889,41874,32412,6630.184726
17890,41875,32413,6630.217016
17891,41876,32414,6630.249900
17892,41877,32414,6630.249900
17893,41878,32415,6630.295365
17894,41879,32416,6630.328740
17895,41880,32417,6630.361181
17896,41881,32417,6630.361181
17897,41882,32418,6630.394980
17898,41883,32419,6630.425648
17899,41884,32420,6630.457057
17900,41885,32421,6630.489217
17901,41886,32422,6630.521782
17902,41887,32422,6630.521782
17903,41888,32423,6630.552310
17904,41889,32424,6630.586758
17905,41890,32424,6630.586758
17906,41891,32425,6630.631671
17907,41892,32426,6630.663448
17908,41893,32427,6630.697179
17909,41894,32428,6630.728320
17910,41895,32428,6630.728320
17911,41896,32429,6630.759067
17912,41897,32430,6630.792166
17913,41898,32431,6630.824028
17914,41899,32432,6630.857957
17915,41900,32432,6630.857957
17916,41901,32433,6630.889026
17917,41902,32434,6630.921546
17918,41903,32435,6630.952976
17919,41904,32435,6630.952976
17920,41905,32436,6630.999364
17921,41906,32437,6631.033054
17922,41907,32438,6631.064615
17923,41908,32438,6631.064615
17924,41909,32439,6631.095988
17925,41910,32440,6631.128163
17926,41911,32441,6631.160714
17927,41912,32442,6631.192251
17928,41913,32442,6631.192251
17929,41914,32443,6631.224637
17930,41915,32444,6631.256732
17931,41916,32445,6631.289587
17932,41917,32445,6631.289587
17933,41918,32446,6631.336753
17934,41919,32447,6631.368207
17935,41920,32448,6631.399934
17936,41921,32448,6631.399934
17937,41922,32449,6631.431544
17938,41923,32450,6631.463492
17939,41924,32451,6631.494458
17940,41925,32452,6631.528148
17941,41926,32452,6631.528148
17942,41927,32453,6631.561166
17943,41928,32454,6631.591152
17944,41929,32455,6631.624618
17945,41930,32455,6631.624618
17946,41931,32456,6631.674000
17947,41932,32458,6631.708215
17948,41933,32458,6631.708215
17949,41934,32459,6631.734857
17950,41935,32459,6631.734857
17951,41936,32460,6631.801767
17952,41937,32461,6631.834124
17953,41938,32462,6631.863580
17954,41939,32462,6631.863580
17955,41940,32463,6631.896884
17956,41941,32464,6631.929125
17957,41942,32465,6631.962470
17958,41943,32465,6631.962470
17959,41944,32466,6632.008739
17960,41945,32468,6632.043274
17961,41946,32468,6632.043274
17962,41947,32469,6632.071596
17963,41948,32470,6632.103787
17964,41949,32471,6632.138643
17965,41950,32471,6632.138643
17966,41951,32471,6632.138643
17967,41952,32472,6632.200790
17968,41953,32473,6632.233379
17969,41954,32474,6632.264643
17970,41955,32475,6632.297935
17971,41956,32475,6632.297935
17972,41957,32476,6632.343765
17973,41958,32477,6632.375703
17974,41959,32478,6632.377764
17975,41960,32479,6632.407461
17976,41961,32480,6632.440151
17977,41962,32481,6632.471188
17978,41963,32482,6632.504850
17979,41964,32482,6632.504850
17980,41965,32483,6632.535856
17981,41966,32483,6632.535856
17982,41967,32484,6632.598347
17983,41968,32485,6632.632539
17984,41969,32485,6632.632539
17985,41970,32486,6632.665365
17986,41971,32487,6632.713931
17987,41972,32488,6632.716685
17988,41973,32489,6632.744935
17989,41974,32490,6632.776010
17990,41975,32491,6632.808774
17991,41976,32492,6632.840030
17992,41977,32492,6632.840030
17993,41978,32493,6632.873835
17994,41979,32494,6632.906302
17995,41980,32495,6632.937442
17996,41981,32495,6632.937442
17997,41982,32495,6632.937442
17998,41983,32496,6633.001505
17999,41984,32497,6633.050641
18000,41985,32497,6633.050641
18001,41986,32499,6633.083349
18002,41987,32500,6633.113573
18003,41988,32501,6633.143253
18004,41989,32502,6633.178538
18005,41990,32502,6633.178538
18006,41991,32503,6633.209406
18007,41992,32504,6633.241878
18008,41993,32505,6633.275255
18009,41994,32506,6633.304360
18010,41995,32507,6633.336292
18011,41996,32507,6633.336292
18012,41997,32507,6633.336292
18013,41998,32508,6633.416618
18014,41999,32509,6633.419128
18015,42000,32510,6633.448371
18016,42001,32511,6633.480029
18017,42002,32512,6633.513353
18018,42003,32512,6633.513353
18019,42004,32513,6633.560766
18020,42005,32514,6633.594059
18021,42006,32515,6633.623328
18022,42007,32515,6633.623328
18023,42008,32516,6633.656563
18024,42009,32517,6633.689668
18025,42010,32518,6633.719878
18026,42011,32518,6633.719878
18027,42012,32519,6633.752320
18028,42013,32520,6633.785074
18029,42014,32521,6633.817052
18030,42015,32522,6633.849000
18031,42016,32522,6633.849000
18032,42017,32523,6633.896377
18033,42018,32524,6633.928841
18034,42019,32524,6633.928841
18035,42020,32525,6633.960218
18036,42021,32526,6633.991997
18037,42022,32527,6634.025336
18038,42023,32528,6634.058246
18039,42024,32528,6634.058246
18040,42025,32529,6634.087639
18041,42026,32530,6634.120456
18042,42027,32531,6634.151643
18043,42028,32532,6634.184987
18044,42029,32532,6634.184987
18045,42030,32533,6634.232246
18046,42031,32534,6634.265124
18047,42032,32534,6634.265124
18048,42033,32535,6634.295290
18049,42034,32536,6634.329587
18050,42035,32537,6634.361165
18051,42036,32538,6634.392588
18052,42037,32538,6634.392588
18053,42038,32539,6634.424954
18054,42039,32540,6634.458847
18055,42040,32541,6634.487920
18056,42041,32542,6634.520914
18057,42042,32543,6634.551733
18058,42043,32543,6634.551733
18059,42044,32544,6634.601738
18060,42045,32544,6634.601738
18061,42046,32545,6634.632940
18062,42047,32546,6634.664052
18063,42048,32547,6634.695421
18064,42049,32548,6634.729506
18065,42050,32548,6634.729506
18066,42051,32549,6634.760549
18067,42052,32550,6634.792684
18068,42053,32551,6634.823974
18069,42054,32552,6634.856015
18070,42055,32552,6634.856015
18071,42056,32553,6634.888690
18072,42057,32554,6634.934908
18073,42058,32554,6634.934908
18074,42059,32555,6634.969253
18075,42060,32556,6635.000732
18076,42061,32557,6635.034053
18077,42062,32558,6635.063682
18078,42063,32558,6635.063682
18079,42064,32559,6635.094841
18080,42065,32560,6635.128427
18081,42066,32561,6635.160972
18082,42067,32561,6635.160972
18083,42068,32562,6635.194858
18084,42069,32563,6635.224916
18085,42070,32563,6635.224916
18086,42071,32564,6635.273840
18087,42072,32566,6635.306919
18088,42073,32567,6635.335418
18089,42074,32567,6635.335418
18090,42075,32568,6635.401102
18091,42076,32568,6635.401102
18092,42077,32569,6635.432519
18093,42078,32570,6635.465298
18094,42079,32571,6635.496229
18095,42080,32572,6635.529961
18096,42081,32572,6635.529961
18097,42082,32573,6635.561539
18098,42083,32573,6635.561539
18099,42084,32574,6635.609370
18100,42085,32576,6635.644917
18101,42086,32577,6635.672362
18102,42087,32578,6635.703317
18103,42088,32579,6635.736539
18104,42089,32579,6635.736539
18105,42090,32579,6635.736539
18106,42091,32580,6635.799280
18107,42092,32581,6635.832427
18108,42093,32582,6635.865018
18109,42094,32582,6635.865018
18110,42095,32583,6635.896779
18111,42096,32584,6635.945444
18112,42097,32584,6635.945444
18113,42098,32586,6635.980273
18114,42099,32587,6636.008062
18115,42100,32588,6636.040538
18116,42101,32589,6636.074022
18117,42102,32589,6636.074022
18118,42103,32590,6636.104859
18119,42104,32591,6636.136745
18120,42105,32591,6636.136745
18121,42106,32592,6636.201085
18122,42107,32592,6636.201085
18123,42108,32593,6636.233016
18124,42109,32594,6636.263279
18125,42110,32594,6636.263279
18126,42111,32596,6636.314614
18127,42112,32597,6636.345789
18128,42113,32598,6636.374742
18129,42114,32599,6636.409785
18130,42115,32599,6636.409785
18131,42116,32600,6636.439902
18132,42117,32601,6636.472189
18133,42118,32602,6636.502761
18134,42119,32603,6636.536070
18135,42120,32603,6636.536070
18136,42121,32603,6636.536070
18137,42122,32604,6636.601572
18138,42123,32604,6636.601572
18139,42124,32605,6636.649613
18140,42125,32607,6636.683028
18141,42126,32608,6636.711838
18142,42127,32609,6636.744573
18143,42128,32609,6636.744573
18144,42129,32610,6636.776909
18145,42130,32611,6636.807027
18146,42131,32612,6636.840361
18147,42132,32613,6636.874663
18148,42133,32613,6636.874663
18149,42134,32614,6636.903596
18150,42135,32615,6636.937095
18151,42136,32615,6636.937095
18152,42137,32615,6636.937095
18153,42138,32617,6637.019992
18154,42139,32618,6637.046402
18155,42140,32618,6637.046402
18156,42141,32619,6637.082964
18157,42142,32620,6637.113685
18158,42143,32621,6637.144645
18159,42144,32622,6637.177244
18160,42145,32623,6637.208638
18161,42146,32623,6637.208638
18162,42147,32624,6637.239341
18163,42148,32625,6637.273804
18164,42149,32625,6637.273804
18165,42150,32626,6637.321808
18166,42151,32627,6637.353101
18167,42152,32628,6637.384993
18168,42153,32629,6637.417432
18169,42154,32629,6637.417432
18170,42155,32630,6637.448403
18171,42156,32631,6637.479521
18172,42157,32632,6637.513546
18173,42158,32633,6637.544016
18174,42159,32633,6637.544016
18175,42160,32634,6637.575906
18176,42161,32635,6637.608825
18177,42162,32635,6637.608825
18178,42163,32636,6637.656118
18179,42164,32637,6637.689512
18180,42165,32638,6637.718738
18181,42166,32639,6637.751983
18182,42167,32639,6637.751983
18183,42168,32640,6637.783236
18184,42169,32641,6637.816359
18185,42170,32642,6637.849776
18186,42171,32643,6637.880081
18187,42172,32643,6637.880081
18188,42173,32644,6637.911487
18189,42174,32645,6637.944962
18190,42175,32645,6637.944962
18191,42176,32646,6637.992613
18192,42177,32647,6638.023146
18193,42178,32648,6638.056526
18194,42179,32649,6638.089931
18195,42180,32649,6638.089931
18196,42181,32650,6638.120722
18197,42182,32651,6638.153694
18198,42183,32652,6638.184977
18199,42184,32653,6638.216636
18200,42185,32653,6638.216636
18201,42186,32654,6638.249395
18202,42187,32655,6638.279787
18203,42188,32656,6638.313383
18204,42189,32656,6638.313383
18205,42190,32657,6638.360917
18206,42191,32658,6638.390787
18207,42192,32659,6638.425801
18208,42193,32659,6638.425801
18209,42194,32660,6638.456820
18210,42195,32661,6638.488830
18211,42196,32662,6638.522147
18212,42197,32663,6638.552460
18213,42198,32663,6638.552460
18214,42199,32664,6638.583554
18215,42200,32665,6638.615152
18216,42201,32666,6638.649987
18217,42202,32666,6638.649987
18218,42203,32667,6638.697084
18219,42204,32668,6638.729538
18220,42205,32668,6638.729538
18221,42206,32669,6638.761736
18222,42207,32670,6638.792977
18223,42208,32671,6638.824991
18224,42209,32672,6638.854815
18225,42210,32673,6638.887739
18226,42211,32673,6638.887739
18227,42212,32674,6638.922615
18228,42213,32675,6638.953952
18229,42214,32676,6638.983253
18230,42215,32676,6638.983253
18231,42216,32677,6639.032055
18232,42217,32678,6639.065767
18233,42218,32678,6639.065767
18234,42219,32679,6639.096570
18235,42220,32680,6639.130199
18236,42221,32681,6639.161064
18237,42222,32682,6639.194681
18238,42223,32682,6639.194681
18239,42224,32683,6639.224055
18240,42225,32684,6639.256668
18241,42226,32685,6639.288285
18242,42227,32686,6639.319877
18243,42228,32686,6639.319877
18244,42229,32687,6639.367797
18245,42230,32688,6639.399903
18246,42231,32688,6639.399903
18247,42232,32689,6639.432694
18248,42233,32690,6639.466345
18249,42234,32691,6639.498597
18250,42235,32692,6639.527888
18251,42236,32692,6639.527888
18252,42237,32693,6639.560520
18253,42238,32694,6639.593526
18254,42239,32695,6639.624812
18255,42240,32696,6639.656456
18256,42241,32696,6639.656456
18257,42242,32697,6639.703200
18258,42243,32698,6639.735897
18259,42244,32699,6639.737905
18260,42245,32699,6639.737905
18261,42246,32700,6639.801181
18262,42247,32701,6639.833369
18263,42248,32702,6639.864848
18264,42249,32702,6639.864848
18265,42250,32703,6639.898152
18266,42251,32704,6639.930934
18267,42252,32705,6639.962047
18268,42253,32706,6639.992919
18269,42254,32706,6639.992919
18270,42255,32707,6640.024036
18271,42256,32708,6640.073763
18272,42257,32708,6640.073763
18273,42258,32710,6640.107697
18274,42259,32711,6640.136848
18275,42260,32711,6640.136848
18276,42261,32712,6640.202334
18277,42262,32712,6640.202334
18278,42263,32713,6640.231662
18279,42264,32714,6640.265796
18280,42265,32715,6640.295633
18281,42266,32716,6640.328238
18282,42267,32717,6640.359142
18283,42268,32717,6640.359142
18284,42269,32718,6640.408188
18285,42270,32718,6640.408188
18286,42271,32720,6640.441604
18287,42272,32721,6640.471364
18288,42273,32722,6640.505343
18289,42274,32723,6640.536926
18290,42275,32723,6640.536926
18291,42276,32723,6640.536926
18292,42277,32724,6640.601476
18293,42278,32725,6640.633512
18294,42279,32726,6640.665538
18295,42280,32726,6640.665538
18296,42281,32727,6640.696319
18297,42282,32727,6640.696319
18298,42283,32728,6640.744857
18299,42284,32730,6640.781454
18300,42285,32731,6640.809129
18301,42286,32732,6640.840698
18302,42287,32732,6640.840698
18303,42288,32733,6640.873480
18304,42289,32734,6640.904850
18305,42290,32735,6640.937002
18306,42291,32735,6640.937002
18307,42292,32736,6641.002058
18308,42293,32736,6641.002058
18309,42294,32737,6641.031503
18310,42295,32737,6641.031503
18311,42296,32738,6641.079477
18312,42297,32740,6641.113601
18313,42298,32741,6641.143107
18314,42299,32742,6641.176039
18315,42300,32742,6641.176039
18316,42301,32743,6641.209948
18317,42302,32744,6641.240454
18318,42303,32745,6641.274864
18319,42304,32746,6641.305587
18320,42305,32746,6641.305587
18321,42306,32747,6641.336214
18322,42307,32747,6641.336214
18323,42308,32747,6641.336214
18324,42309,32748,6641.416569
18325,42310,32750,6641.452740
18326,42311,32751,6641.482426
18327,42312,32752,6641.514750
18328,42313,32752,6641.514750
18329,42314,32753,6641.544236
18330,42315,32754,6641.576863
18331,42316,32755,6641.607726
18332,42317,32756,6641.639868
18333,42318,32757,6641.671229
18334,42319,32757,6641.671229
18335,42320,32758,6641.704639
18336,42321,32759,6641.736706
18337,42322,32759,6641.736706
18338,42323,32759,6641.736706
18339,42324,32761,6641.819197
18340,42325,32762,6641.848385
18341,42326,32762,6641.848385
18342,42327,32763,6641.880700
18343,42328,32764,6641.912024
18344,42329,32765,6641.945099
18345,42330,32766,6641.975856
18346,42331,32766,6641.975856
18347,42332,32767,6642.009170
18348,42333,32768,6642.042740
18349,42334,32769,6642.072471
18350,42335,32769,6642.072471
18351,42336,32770,6642.120335
18352,42337,32771,6642.152923
18353,42338,32772,6642.184778
18354,42339,32772,6642.184778
18355,42340,32773,6642.216816
18356,42341,32774,6642.248963
18357,42342,32775,6642.280473
18358,42343,32776,6642.311879
18359,42344,32776,6642.311879
18360,42345,32777,6642.343185
18361,42346,32778,6642.377328
18362,42347,32779,6642.410066
18363,42348,32779,6642.410066
18364,42349,32780,6642.456915
18365,42350,32781,6642.489976
18366,42351,32782,6642.520208
18367,42352,32782,6642.520208
18368,42353,32783,6642.551877
18369,42354,32784,6642.586453
18370,42355,32785,6642.616609
18371,42356,32786,6642.648713
18372,42357,32786,6642.648713
18373,42358,32787,6642.681814
18374,42359,32788,6642.712550
18375,42360,32789,6642.745065
18376,42361,32789,6642.745065
18377,42362,32790,6642.793812
18378,42363,32791,6642.824859
18379,42364,32792,6642.856815
18380,42365,32792,6642.856815
18381,42366,32793,6642.887958
18382,42367,32794,6642.920897
18383,42368,32795,6642.951643
18384,42369,32796,6642.984801
18385,42370,32796,6642.984801
18386,42371,32797,6643.017703
18387,42372,32798,6643.047759
18388,42373,32799,6643.080124
18389,42374,32799,6643.080124
18390,42375,32800,6643.127401
18391,42376,32801,6643.158840
18392,42377,32802,6643.191947
18393,42378,32802,6643.191947
18394,42379,32803,6643.223860
18395,42380,32804,6643.256844
18396,42381,32805,6643.287923
18397,42382,32805,6643.287923
18398,42383,32806,6643.324520
18399,42384,32807,6643.351560
18400,42385,32808,6643.383462
18401,42386,32809,6643.416830
18402,42387,32810,6643.447919
18403,42388,32810,6643.447919
18404,42389,32811,6643.496549
18405,42390,32812,6643.528053
18406,42391,32812,6643.528053
18407,42392,32813,6643.559539
18408,42393,32814,6643.592245
18409,42394,32815,6643.625156
18410,42395,32816,6643.657478
18411,42396,32816,6643.657478
18412,42397,32817,6643.687414
18413,42398,32818,6643.721154
18414,42399,32819,6643.752162
18415,42400,32820,6643.784533
18416,42401,32820,6643.784533
18417,42402,32821,6643.831234
18418,42403,32821,6643.831234
18419,42404,32822,6643.866483
18420,42405,32823,6643.896581
18421,42406,32824,6643.929936
18422,42407,32825,6643.959853
18423,42408,32826,6643.992420
18424,42409,32827,6644.024932
18425,42410,32827,6644.024932
18426,42411,32828,6644.057554
18427,42412,32829,6644.088135
18428,42413,32830,6644.121041
18429,42414,32830,6644.121041
18430,42415,32831,6644.170491
18431,42416,32832,6644.201102
18432,42417,32833,6644.233605
18433,42418,32834,6644.263733
18434,42419,32834,6644.263733
18435,42420,32835,6644.298537
18436,42421,32836,6644.328848
18437,42422,32837,6644.361566
18438,42423,32838,6644.391774
18439,42424,32838,6644.391774
18440,42425,32839,6644.424960
18441,42426,32840,6644.455208
18442,42427,32840,6644.455208
18443,42428,32841,6644.503796
18444,42429,32843,6644.539638
18445,42430,32843,6644.539638
18446,42431,32844,6644.599244
18447,42432,32844,6644.599244
18448,42433,32845,6644.632184
18449,42434,32846,6644.663218
18450,42435,32847,6644.696714
18451,42436,32848,6644.727725
18452,42437,32848,6644.727725
18453,42438,32849,6644.760010
18454,42439,32850,6644.792714
18455,42440,32850,6644.792714
18456,42441,32851,6644.841161
18457,42442,32853,6644.874998
18458,42443,32854,6644.904676
18459,42444,32854,6644.904676
18460,42445,32855,6644.936803
18461,42446,32856,6644.968604
18462,42447,32856,6644.968604
18463,42448,32857,6645.034126
18464,42449,32858,6645.064664
18465,42450,32858,6645.064664
18466,42451,32859,6645.096745
18467,42452,32860,6645.128428
18468,42453,32861,6645.161114
18469,42454,32861,6645.161114
18470,42455,32863,6645.211293
18471,42456,32864,6645.240152
18472,42457,32864,6645.240152
18473,42458,32865,6645.271744
18474,42459,32866,6645.304599
18475,42460,32867,6645.338740
18476,42461,32867,6645.338740
18477,42462,32868,6645.399199
18478,42463,32868,6645.399199
18479,42464,32869,6645.433104
18480,42465,32870,6645.464902
18481,42466,32871,6645.496678
18482,42467,32871,6645.496678
18483,42468,32872,6645.544682
18484,42469,32874,6645.579486
18485,42470,32874,6645.579486
18486,42471,32875,6645.609516
18487,42472,32876,6645.640092
18488,42473,32877,6645.674795
18489,42474,32878,6645.703935
18490,42475,32879,6645.736893
18491,42476,32879,6645.736893
18492,42477,32879,6645.736893
18493,42478,32880,6645.800235
18494,42479,32881,6645.833651
18495,42480,32881,6645.833651
18496,42481,32882,6645.881255
18497,42482,32884,6645.915905
18498,42483,32884,6645.915905
18499,42484,32885,6645.943437
18500,42485,32886,6645.977370
18501,42486,32887,6646.007788
18502,42487,32888,6646.038827
18503,42488,32889,6646.071040
18504,42489,32889,6646.071040
18505,42490,32890,6646.102495
18506,42491,32891,6646.137033
18507,42492,32891,6646.137033
18508,42493,32891,6646.137033
18509,42494,32892,6646.216702
18510,42495,32894,6646.250826
18511,42496,32894,6646.250826
18512,42497,32895,6646.282471
18513,42498,32896,6646.313039
18514,42499,32897,6646.344042
18515,42500,32898,6646.376432
18516,42501,32898,6646.376432
18517,42502,32899,6646.408760
18518,42503,32900,6646.439878
18519,42504,32901,6646.472273
18520,42505,32902,6646.503972
18521,42506,32902,6646.503972
18522,42507,32903,6646.553878
18523,42508,32904,6646.583602
18524,42509,32904,6646.583602
18525,42510,32905,6646.615897
18526,42511,32906,6646.648806
18527,42512,32907,6646.680365
18528,42513,32908,6646.711910
18529,42514,32909,6646.746038
18530,42515,32909,6646.746038
18531,42516,32910,6646.776187
18532,42517,32911,6646.809310
18533,42518,32912,6646.841759
18534,42519,32912,6646.841759
18535,42520,32913,6646.889428
18536,42521,32914,6646.921464
18537,42522,32915,6646.952630
18538,42523,32915,6646.952630
18539,42524,32916,6646.983981
18540,42525,32917,6647.017403
18541,42526,32918,6647.049410
18542,42527,32919,6647.081065
18543,42528,32919,6647.081065
18544,42529,32920,6647.113911
18545,42530,32921,6647.143564
18546,42531,32922,6647.176785
18547,42532,32923,6647.208846
18548,42533,32923,6647.208846
18549,42534,32924,6647.255888
18550,42535,32925,6647.287827
18551,42536,32925,6647.287827
18552,42537,32926,6647.321440
18553,42538,32927,6647.352111
18554,42539,32928,6647.383830
18555,42540,32929,6647.416324
18556,42541,32929,6647.416324
18557,42542,32930,6647.448972
18558,42543,32931,6647.480123
18559,42544,32932,6647.514000
18560,42545,32933,6647.544523
18561,42546,32933,6647.544523
18562,42547,32934,6647.592953
18563,42548,32935,6647.624653
18564,42549,32935,6647.624653
18565,42550,32936,6647.656188
18566,42551,32937,6647.688969
18567,42552,32938,6647.721297
18568,42553,32939,6647.754085
18569,42554,32939,6647.754085
18570,42555,32940,6647.783237
18571,42556,32941,6647.817345
18572,42557,32942,6647.848500
18573,42558,32943,6647.880798
18574,42559,32943,6647.880798
18575,42560,32944,6647.927873
18576,42561,32945,6647.960176
18577,42562,32945,6647.960176
18578,42563,32946,6647.991618
18579,42564,32947,6648.023888
18580,42565,32948,6648.055914
18581,42566,32949,6648.089264
18582,42567,32949,6648.089264
18583,42568,32950,6648.121580
18584,42569,32951,6648.152463
18585,42570,32952,6648.185927
18586,42571,32953,6648.218098
18587,42572,32953,6648.218098
18588,42573,32954,6648.264813
18589,42574,32955,6648.297020
18590,42575,32955,6648.297020
18591,42576,32956,6648.328148
18592,42577,32957,6648.361182
18593,42578,32958,6648.392865
18594,42579,32959,6648.424503
18595,42580,32959,6648.424503
18596,42581,32960,6648.455898
18597,42582,32961,6648.487834
18598,42583,32962,6648.521617
18599,42584,32963,6648.553734
18600,42585,32963,6648.553734
18601,42586,32964,6648.600655
18602,42587,32965,6648.631795
18603,42588,32965,6648.631795
18604,42589,32966,6648.665010
18605,42590,32967,6648.696803
18606,42591,32968,6648.726899
18607,42592,32969,6648.761696
18608,42593,32969,6648.761696
18609,42594,32970,6648.792784
18610,42595,32971,6648.823639
18611,42596,32972,6648.857283
18612,42597,32973,6648.889710
18613,42598,32973,6648.889710
18614,42599,32974,6648.920400
18615,42600,32975,6648.967927
18616,42601,32975,6648.967927
18617,42602,32976,6649.000796
18618,42603,32977,6649.032894
18619,42604,32978,6649.063762
18620,42605,32979,6649.095018
18621,42606,32979,6649.095018
18622,42607,32980,6649.129603
18623,42608,32981,6649.159511
18624,42609,32982,6649.193868
18625,42610,32983,6649.226557
18626,42611,32983,6649.226557
18627,42612,32984,6649.256379
18628,42613,32984,6649.256379
18629,42614,32985,6649.306918
18630,42615,32987,6649.339209
18631,42616,32987,6649.339209
18632,42617,32988,6649.400752
18633,42618,32989,6649.433099
18634,42619,32989,6649.433099
18635,42620,32990,6649.466151
18636,42621,32990,6649.466151
18637,42622,32991,6649.512935
18638,42623,32993,6649.548520
18639,42624,32994,6649.578711
18640,42625,32995,6649.608390
18641,42626,32996,6649.639845
18642,42627,32996,6649.639845
18643,42628,32997,6649.672838
18644,42629,32998,6649.708954
18645,42630,32999,6649.738651
18646,42631,32999,6649.738651
18647,42632,32999,6649.738651
18648,42633,33000,6649.816811
18649,42634,33001,6649.847661
18650,42635,33002,6649.850267
18651,42636,33003,6649.881324
18652,42637,33004,6649.911761
18653,42638,33005,6649.944711
18654,42639,33006,6649.975202
18655,42640,33006,6649.975202
18656,42641,33007,6650.009464
18657,42642,33008,6650.039891
18658,42643,33009,6650.073294
18659,42644,33010,6650.103704
18660,42645,33010,6650.103704
18661,42646,33011,6650.153491
18662,42647,33011,6650.153491
18663,42648,33012,6650.184786
18664,42649,33013,6650.216945
18665,42650,33014,6650.249009
18666,42651,33015,6650.278951
18667,42652,33015,6650.278951
18668,42653,33016,6650.314756
18669,42654,33017,6650.343586
18670,42655,33018,6650.376720
18671,42656,33019,6650.408454
18672,42657,33020,6650.440067
18673,42658,33020,6650.440067
18674,42659,33021,6650.488683
18675,42660,33021,6650.488683
18676,42661,33022,6650.521034
18677,42662,33023,6650.552485
18678,42663,33024,6650.585049
18679,42664,33025,6650.616091
18680,42665,33025,6650.616091
18681,42666,33026,6650.649331
18682,42667,33027,6650.679990
18683,42668,33028,6650.714286
18684,42669,33029,6650.744034
18685,42670,33030,6650.775830
18686,42671,33030,6650.775830
18687,42672,33031,6650.807899
18688,42673,33031,6650.807899
18689,42674,33032,6650.856248
18690,42675,33033,6650.888806
18691,42676,33034,6650.920703
18692,42677,33035,6650.953390
18693,42678,33036,6650.984916
18694,42679,33036,6650.984916
18695,42680,33037,6651.017896
18696,42681,33038,6651.049276
18697,42682,33039,6651.080361
18698,42683,33039,6651.080361
18699,42684,33040,6651.114564
18700,42685,33041,6651.143737
18701,42686,33042,6651.191545
18702,42687,33042,6651.191545
18703,42688,33043,6651.223813
18704,42689,33044,6651.256748
18705,42690,33045,6651.288500
18706,42691,33046,6651.320897
18707,42692,33046,6651.320897
18708,42693,33047,6651.353471
18709,42694,33048,6651.387581
18710,42695,33049,6651.416952
18711,42696,33050,6651.447777
18712,42697,33050,6651.447777
18713,42698,33051,6651.479847
18714,42699,33051,6651.479847
18715,42700,33052,6651.527668
18716,42701,33053,6651.560899
18717,42702,33054,6651.591831
18718,42703,33055,6651.624910
18719,42704,33055,6651.624910
18720,42705,33056,6651.657257
18721,42706,33057,6651.687110
18722,42707,33058,6651.718999
18723,42708,33059,6651.754612
18724,42709,33060,6651.784559
18725,42710,33060,6651.784559
18726,42711,33061,6651.815292
18727,42712,33061,6651.815292
18728,42713,33062,6651.864691
18729,42714,33063,6651.896607
18730,42715,33064,6651.928620
18731,42716,33065,6651.961862
18732,42717,33065,6651.961862
18733,42718,33066,6651.994021
18734,42719,33067,6652.023739
18735,42720,33068,6652.056090
18736,42721,33069,6652.088521
18737,42722,33070,6652.120162
18738,42723,33070,6652.120162
18739,42724,33071,6652.152771
18740,42725,33071,6652.152771
18741,42726,33072,6652.201650
18742,42727,33073,6652.234802
18743,42728,33074,6652.265037
18744,42729,33075,6652.296941
18745,42730,33076,6652.330177
18746,42731,33076,6652.330177
18747,42732,33077,6652.360746
18748,42733,33078,6652.391961
18749,42734,33079,6652.424966
18750,42735,33080,6652.456276
18751,42736,33080,6652.456276
18752,42737,33081,6652.488701
18753,42738,33082,6652.519760
18754,42739,33082,6652.519760
18755,42740,33083,6652.567123
18756,42741,33084,6652.600374
18757,42742,33085,6652.632078
18758,42743,33086,6652.666697
18759,42744,33086,6652.666697
18760,42745,33087,6652.697835
18761,42746,33088,6652.730617
18762,42747,33089,6652.760075
18763,42748,33090,6652.793760
18764,42749,33090,6652.793760
18765,42750,33091,6652.824649
18766,42751,33092,6652.854787
18767,42752,33092,6652.854787
18768,42753,33093,6652.904924
18769,42754,33095,6652.938859
18770,42755,33095,6652.938859
18771,42756,33096,6653.001270
18772,42757,33096,6653.001270
18773,42758,33097,6653.032794
18774,42759,33098,6653.064895
18775,42760,33099,6653.095042
18776,42761,33100,6653.130232
18777,42762,33100,6653.130232
18778,42763,33101,6653.158856
18779,42764,33102,6653.191380
18780,42765,33102,6653.191380
18781,42766,33103,6653.239365
18782,42767,33105,6653.275547
18783,42768,33106,6653.304607
18784,42769,33107,6653.335801
18785,42770,33107,6653.335801
18786,42771,33107,6653.335801
18787,42772,33108,6653.401155
18788,42773,33109,6653.433920
18789,42774,33109,6653.433920
18790,42775,33110,6653.465444
18791,42776,33111,6653.496564
18792,42777,33112,6653.528612
18793,42778,33112,6653.528612
18794,42779,33113,6653.577090
18795,42780,33115,6653.609909
18796,42781,33116,6653.640067
18797,42782,33116,6653.640067
18798,42783,33117,6653.672087
18799,42784,33118,6653.705109
18800,42785,33119,6653.736048
18801,42786,33119,6653.736048
18802,42787,33120,6653.799032
18803,42788,33120,6653.799032
18804,42789,33121,6653.831939
18805,42790,33122,6653.864707
18806,42791,33122,6653.864707
18807,42792,33123,6653.912777
18808,42793,33125,6653.947320
18809,42794,33126,6653.976784
18810,42795,33126,6653.976784
18811,42796,33127,6654.008497
18812,42797,33128,6654.041941
18813,42798,33129,6654.075423
18814,42799,33130,6654.104938
18815,42800,33130,6654.104938
18816,42801,33131,6654.138237
18817,42802,33132,6654.167917
18818,42803,33132,6654.167917
18819,42804,33133,6654.233098
18820,42805,33133,6654.233098
18821,42806,33134,6654.279174
18822,42807,33136,6654.316076
18823,42808,33136,6654.316076
18824,42809,33137,6654.344293
18825,42810,33138,6654.376382
18826,42811,33139,6654.407063
18827,42812,33140,6654.440491
18828,42813,33141,6654.472626
18829,42814,33141,6654.472626
18830,42815,33142,6654.504793
18831,42816,33143,6654.535839
18832,42817,33143,6654.535839
18833,42818,33143,6654.535839
18834,42819,33144,6654.614909
18835,42820,33146,6654.650324
18836,42821,33146,6654.650324
18837,42822,33147,6654.680638
18838,42823,33148,6654.712220
18839,42824,33149,6654.743060
18840,42825,33150,6654.774930
18841,42826,33151,6654.807905
18842,42827,33151,6654.807905
18843,42828,33152,6654.839461
18844,42829,33153,6654.873296
18845,42830,33154,6654.905186
18846,42831,33154,6654.905186
18847,42832,33155,6654.951041
18848,42833,33156,6654.983832
18849,42834,33156,6654.983832
18850,42835,33157,6655.014773
18851,42836,33158,6655.049938
18852,42837,33159,6655.081714
18853,42838,33160,6655.112001
18854,42839,33160,6655.112001
18855,42840,33161,6655.145610
18856,42841,33162,6655.176289
18857,42842,33163,6655.208975
18858,42843,33164,6655.239841
18859,42844,33164,6655.239841
18860,42845,33165,6655.289947
18861,42846,33166,6655.319463
18862,42847,33166,6655.319463
18863,42848,33167,6655.352564
18864,42849,33168,6655.384830
18865,42850,33169,6655.414830
18866,42851,33170,6655.448936
18867,42852,33170,6655.448936
18868,42853,33171,6655.481451
18869,42854,33172,6655.512610
18870,42855,33173,6655.543465
18871,42856,33174,6655.575599
18872,42857,33174,6655.575599
18873,42858,33175,6655.625017
18874,42859,33176,6655.655428
18875,42860,33176,6655.655428
18876,42861,33177,6655.688672
18877,42862,33178,6655.721305
18878,42863,33179,6655.751993
18879,42864,33180,6655.784662
18880,42865,33181,6655.814970
18881,42866,33181,6655.814970
18882,42867,33182,6655.848830
18883,42868,33183,6655.879339
18884,42869,33184,6655.912380
18885,42870,33185,6655.944634
18886,42871,33185,6655.944634
18887,42872,33186,6655.993763
18888,42873,33186,6655.993763
18889,42874,33187,6656.023723
18890,42875,33188,6656.057013
18891,42876,33189,6656.088269
18892,42877,33190,6656.121321
18893,42878,33190,6656.121321
18894,42879,33191,6656.152223
18895,42880,33192,6656.184577
18896,42881,33193,6656.216445
18897,42882,33194,6656.249843
18898,42883,33194,6656.249843
18899,42884,33195,6656.279917
18900,42885,33196,6656.328720
18901,42886,33196,6656.328720
18902,42887,33197,6656.359649
18903,42888,33198,6656.392972
18904,42889,33199,6656.424817
18905,42890,33200,6656.456244
18906,42891,33200,6656.456244
18907,42892,33201,6656.487847
18908,42893,33202,6656.520234
18909,42894,33203,6656.552541
18910,42895,33204,6656.584992
18911,42896,33204,6656.584992
18912,42897,33205,6656.617173
18913,42898,33206,6656.664899
18914,42899,33206,6656.664899
18915,42900,33207,6656.694654
18916,42901,33208,6656.729985
18917,42902,33209,6656.760885
18918,42903,33210,6656.793907
18919,42904,33210,6656.793907
18920,42905,33211,6656.824383
18921,42906,33212,6656.854506
18922,42907,33213,6656.889860
18923,42908,33214,6656.920241
18924,42909,33214,6656.920241
18925,42910,33215,6656.953838
18926,42911,33216,6657.000002
18927,42912,33216,6657.000002
18928,42913,33217,6657.032073
18929,42914,33218,6657.065565
18930,42915,33219,6657.096459
18931,42916,33220,6657.127482
18932,42917,33220,6657.127482
18933,42918,33221,6657.160910
18934,42919,33222,6657.193367
18935,42920,33223,6657.224933
18936,42921,33224,6657.256420
18937,42922,33224,6657.256420
18938,42923,33225,6657.288420
18939,42924,33226,6657.334743
18940,42925,33226,6657.334743
18941,42926,33227,6657.369260
18942,42927,33228,6657.400801
18943,42928,33229,6657.433293
18944,42929,33230,6657.466014
18945,42930,33230,6657.466014
18946,42931,33231,6657.496104
18947,42932,33232,6657.529196
18948,42933,33233,6657.561601
18949,42934,33234,6657.592490
18950,42935,33234,6657.592490
18951,42936,33235,6657.624706
18952,42937,33236,6657.654823
18953,42938,33236,6657.654823
18954,42939,33238,6657.706777
18955,42940,33239,6657.736694
18956,42941,33239,6657.736694
18957,42942,33240,6657.800982
18958,42943,33240,6657.800982
18959,42944,33241,6657.832694
18960,42945,33242,6657.863752
18961,42946,33243,6657.896730
18962,42947,33244,6657.930373
18963,42948,33244,6657.930373
18964,42949,33245,6657.960814
18965,42950,33246,6657.993771
18966,42951,33246,6657.993771
18967,42952,33247,6658.040668
18968,42953,33249,6658.075336
18969,42954,33250,6658.105108
18970,42955,33251,6658.138280
18971,42956,33251,6658.138280
18972,42957,33251,6658.138280
18973,42958,33252,6658.199873
18974,42959,33253,6658.232105
18975,42960,33254,6658.264925
18976,42961,33255,6658.294846
18977,42962,33255,6658.294846
18978,42963,33256,6658.328812
18979,42964,33256,6658.328812
18980,42965,33257,6658.377257
18981,42966,33259,6658.411163
18982,42967,33260,6658.440129
18983,42968,33261,6658.474549
18984,42969,33261,6658.474549
18985,42970,33262,6658.504163
18986,42971,33263,6658.536805
18987,42972,33263,6658.536805
18988,42973,33264,6658.601107
18989,42974,33265,6658.631610
18990,42975,33265,6658.631610
18991,42976,33266,6658.664941
18992,42977,33266,6658.664941
18993,42978,33267,6658.714632
18994,42979,33269,6658.748614
18995,42980,33270,6658.776728
18996,42981,33271,6658.807998
18997,42982,33271,6658.807998
18998,42983,33272,6658.839511
18999,42984,33273,6658.873301
19000,42985,33274,6658.905239
19001,42986,33275,6658.936896
19002,42987,33275,6658.936896
19003,42988,33275,6658.936896
19004,42989,33276,6659.001017
19005,42990,33276,6659.001017
19006,42991,33277,6659.048435
19007,42992,33279,6659.082236
19008,42993,33280,6659.112787
19009,42994,33281,6659.144951
19010,42995,33281,6659.144951
19011,42996,33282,6659.176724
19012,42997,33283,6659.207760
19013,42998,33284,6659.241146
19014,42999,33285,6659.272237
19015,43000,33285,6659.272237
19016,43001,33286,6659.304983
19017,43002,33287,6659.337296
19018,43003,33287,6659.337296
19019,43004,33287,6659.337296
19020,43005,33289,6659.420212
19021,43006,33290,6659.449118
19022,43007,33291,6659.480754
19023,43008,33291,6659.480754
19024,43009,33292,6659.511821
19025,43010,33293,6659.543591
19026,43011,33294,6659.575732
19027,43012,33295,6659.610102
19028,43013,33295,6659.610102
19029,43014,33296,6659.641384
19030,43015,33297,6659.673715
19031,43016,33298,6659.704681
19032,43017,33298,6659.704681
19033,43018,33299,6659.753168
19034,43019,33300,6659.784773
19035,43020,33301,6659.817028
19036,43021,33301,6659.817028
19037,43022,33302,6659.849693
19038,43023,33303,6659.880740
19039,43024,33304,6659.913103
19040,43025,33305,6659.944954
19041,43026,33305,6659.944954
19042,43027,33306,6659.976718
19043,43028,33307,6660.008687
19044,43029,33308,6660.041266
19045,43030,33308,6660.041266
19046,43031,33309,6660.087870
19047,43032,33310,6660.121465
19048,43033,33310,6660.121465
19049,43034,33311,6660.153713
19050,43035,33312,6660.183992
19051,43036,33313,6660.217122
19052,43037,33314,6660.250290
19053,43038,33315,6660.282121
19054,43039,33315,6660.282121
19055,43040,33316,6660.313077
19056,43041,33317,6660.342982
19057,43042,33318,6660.377223
19058,43043,33318,6660.377223
19059,43044,33319,6660.423017
19060,43045,33320,6660.457483
19061,43046,33321,6660.488654
19062,43047,33321,6660.488654
19063,43048,33322,6660.519639
19064,43049,33323,6660.553871
19065,43050,33324,6660.586245
19066,43051,33325,6660.617785
19067,43052,33325,6660.617785
19068,43053,33326,6660.649500
19069,43054,33327,6660.680323
19070,43055,33328,6660.713121
19071,43056,33328,6660.713121
19072,43057,33329,6660.759217
19073,43058,33330,6660.792119
19074,43059,33331,6660.825170
19075,43060,33331,6660.825170
19076,43061,33332,6660.855830
19077,43062,33333,6660.888801
19078,43063,33334,6660.920329
19079,43064,33335,6660.952154
19080,43065,33336,6660.983861
19081,43066,33336,6660.983861
19082,43067,33337,6661.015767
19083,43068,33338,6661.046666
19084,43069,33338,6661.046666
19085,43070,33339,6661.094727
19086,43071,33340,6661.128216
19087,43072,33341,6661.160670
19088,43073,33341,6661.160670
19089,43074,33342,6661.192285
19090,43075,33343,6661.223782
19091,43076,33344,6661.256210
19092,43077,33345,6661.288664
19093,43078,33345,6661.288664
19094,43079,33346,6661.320609
19095,43080,33347,6661.351005
19096,43081,33348,6661.383908
19097,43082,33349,6661.415507
19098,43083,33349,6661.415507
19099,43084,33350,6661.465063
19100,43085,33351,6661.496540
19101,43086,33351,6661.496540
19102,43087,33352,6661.529851
19103,43088,33353,6661.560577
19104,43089,33354,6661.591777
19105,43090,33355,6661.626945
19106,43091,33356,6661.655376
19107,43092,33356,6661.655376
19108,43093,33357,6661.687784
19109,43094,33358,6661.720774
19110,43095,33359,6661.751630
19111,43096,33359,6661.751630
19112,43097,33360,6661.800737
19113,43098,33361,6661.832384
19114,43099,33361,6661.832384
19115,43100,33362,6661.864524
19116,43101,33363,6661.899153
19117,43102,33364,6661.928748
19118,43103,33365,6661.960652
19119,43104,33365,6661.960652
19120,43105,33366,6661.991120
19121,43106,33367,6662.024137
19122,43107,33368,6662.056470
19123,43108,33369,6662.087748
19124,43109,33369,6662.087748
19125,43110,33370,6662.135140
19126,43111,33371,6662.169725
19127,43112,33371,6662.169725
19128,43113,33372,6662.200824
19129,43114,33373,6662.232870
19130,43115,33374,6662.264994
19131,43116,33375,6662.296568
19132,43117,33375,6662.296568
19133,43118,33376,6662.328296
19134,43119,33377,6662.359689
19135,43120,33378,6662.393767
19136,43121,33379,6662.425050
19137,43122,33379,6662.425050
19138,43123,33380,6662.471389
19139,43124,33381,6662.504631
19140,43125,33382,6662.506960
19141,43126,33383,6662.538273
19142,43127,33383,6662.538273
19143,43128,33384,6662.598593
19144,43129,33385,6662.632439
19145,43130,33385,6662.632439
19146,43131,33386,6662.666175
19147,43132,33387,6662.697891
19148,43133,33388,6662.728434
19149,43134,33389,6662.759788
19150,43135,33389,6662.759788
19151,43136,33390,6662.808601
19152,43137,33390,6662.808601
19153,43138,33392,6662.843502
19154,43139,33393,6662.872176
19155,43140,33394,6662.903751
19156,43141,33395,6662.936903
19157,43142,33395,6662.936903
19158,43143,33395,6662.936903
19159,43144,33396,6662.999050
19160,43145,33397,6663.033764
19161,43146,33398,6663.063175
19162,43147,33399,6663.095970
19163,43148,33399,6663.095970
19164,43149,33400,6663.128801
19165,43150,33401,6663.175317
19166,43151,33401,6663.175317
19167,43152,33403,6663.212369
19168,43153,33404,6663.241398
19169,43154,33405,6663.272329
19170,43155,33406,6663.305299
19171,43156,33406,6663.305299
19172,43157,33407,6663.336614
19173,43158,33407,6663.336614
19174,43159,33408,6663.400393
19175,43160,33409,6663.431902
19176,43161,33409,6663.431902
19177,43162,33410,6663.465943
19178,43163,33411,6663.510968
19179,43164,33411,6663.510968
19180,43165,33413,6663.546999
19181,43166,33414,6663.576729
19182,43167,33415,6663.606423
19183,43168,33416,6663.641287
19184,43169,33416,6663.641287
19185,43170,33417,6663.673103
19186,43171,33418,6663.705345
19187,43172,33419,6663.734941
19188,43173,33419,6663.734941
19189,43174,33419,6663.734941
19190,43175,33420,6663.801308
19191,43176,33420,6663.801308
19192,43177,33421,6663.847567
19193,43178,33423,6663.883073
19194,43179,33424,6663.912943
19195,43180,33425,6663.945728
19196,43181,33425,6663.945728
19197,43182,33426,6663.976767
19198,43183,33427,6664.007867
19199,43184,33428,6664.040679
19200,43185,33429,6664.072575
19201,43186,33430,6664.104757
19202,43187,33430,6664.104757
19203,43188,33431,6664.134825
19204,43189,33431,6664.134825
19205,43190,33431,6664.134825
19206,43191,33433,6664.219918
19207,43192,33434,6664.248310
19208,43193,33435,6664.280829
19209,43194,33435,6664.280829
19210,43195,33436,6664.312148
19211,43196,33437,6664.345110
19212,43197,33438,6664.377068
19213,43198,33439,6664.409891
19214,43199,33439,6664.409891
19215,43200,33440,6664.441057
19216,43201,33441,6664.472156
19217,43202,33441,6664.472156
19218,43203,33442,6664.521402
19219,43204,33443,6664.554914
19220,43205,33444,6664.584991
19221,43206,33445,6664.615741
19222,43207,33446,6664.648069
19223,43208,33446,6664.648069
19224,43209,33447,6664.679863
19225,43210,33448,6664.713521
19226,43211,33449,6664.744619
19227,43212,33450,6664.776864
19228,43213,33450,6664.776864
19229,43214,33451,6664.808035
19230,43215,33452,6664.841184
19231,43216,33452,6664.841184
19232,43217,33453,6664.887437
19233,43218,33454,6664.920753
19234,43219,33455,6664.953903
19235,43220,33455,6664.953903
19236,43221,33456,6664.986755
19237,43222,33457,6665.016091
19238,43223,33458,6665.047751
19239,43224,33459,6665.078924
19240,43225,33460,6665.111602
19241,43226,33460,6665.111602
19242,43227,33461,6665.143583
19243,43228,33462,6665.176443
19244,43229,33462,6665.176443
19245,43230,33463,6665.223578
19246,43231,33464,6665.256831
19247,43232,33465,6665.288504
19248,43233,33465,6665.288504
19249,43234,33466,6665.319802
19250,43235,33467,6665.351702
19251,43236,33468,6665.385092
19252,43237,33469,6665.416218
19253,43238,33469,6665.416218
19254,43239,33470,6665.449338
19255,43240,33471,6665.480802
19256,43241,33472,6665.512742
19257,43242,33472,6665.512742
19258,43243,33473,6665.562206
19259,43244,33474,6665.593091
19260,43245,33475,6665.624765
19261,43246,33476,6665.655254
19262,43247,33476,6665.655254
19263,43248,33477,6665.687625
19264,43249,33478,6665.720186
19265,43250,33479,6665.753714
19266,43251,33480,6665.784121
19267,43252,33480,6665.784121
19268,43253,33481,6665.816667
19269,43254,33482,6665.849542
19270,43255,33482,6665.849542
19271,43256,33483,6665.897134
19272,43257,33484,6665.928825
19273,43258,33485,6665.960940
19274,43259,33485,6665.960940
19275,43260,33486,6665.993322
19276,43261,33487,6666.025676
19277,43262,33488,6666.056532
19278,43263,33489,6666.087124
19279,43264,33489,6666.087124
19280,43265,33490,6666.120186
19281,43266,33491,6666.152272
19282,43267,33492,6666.184898
19283,43268,33492,6666.184898
19284,43269,33493,6666.232698
19285,43270,33494,6666.262749
19286,43271,33495,6666.296638
19287,43272,33495,6666.296638
19288,43273,33496,6666.330173
19289,43274,33497,6666.361477
19290,43275,33498,6666.392325
19291,43276,33499,6666.425108
19292,43277,33499,6666.425108
19293,43278,33500,6666.457128
19294,43279,33501,6666.488437
19295,43280,33502,6666.521632
19296,43281,33503,6666.553605
19297,43282,33503,6666.553605
19298,43283,33504,6666.605100
19299,43284,33505,6666.633414
19300,43285,33505,6666.633414
19301,43286,33506,6666.665453
19302,43287,33507,6666.697263
19303,43288,33508,6666.728455
19304,43289,33509,6666.760488
19305,43290,33509,6666.760488
19306,43291,33510,6666.793544
19307,43292,33511,6666.825101
19308,43293,33512,6666.856678
19309,43294,33513,6666.888984
19310,43295,33513,6666.888984
19311,43296,33514,6666.935775
19312,43297,33515,6666.969083
19313,43298,33515,6666.969083
19314,43299,33516,6667.001142
19315,43300,33517,6667.031597
19316,43301,33518,6667.064837
19317,43302,33519,6667.096831
19318,43303,33519,6667.096831
19319,43304,33520,6667.128366
19320,43305,33521,6667.162739
19321,43306,33522,6667.192777
19322,43307,33523,6667.223623
19323,43308,33523,6667.223623
19324,43309,33524,6667.271234
19325,43310,33526,6667.306004
19326,43311,33526,6667.306004
19327,43312,33527,6667.336965
19328,43313,33527,6667.336965
19329,43314,33528,6667.401509
19330,43315,33529,6667.434683
19331,43316,33529,6667.434683
19332,43317,33530,6667.464365
19333,43318,33531,6667.498207
19334,43319,33532,6667.527999
19335,43320,33533,6667.561855
19336,43321,33533,6667.561855
19337,43322,33534,6667.608031
19338,43323,33536,6667.641752
19339,43324,33536,6667.641752
19340,43325,33537,6667.672506
19341,43326,33538,6667.704552
19342,43327,33539,6667.737410
19343,43328,33539,6667.737410
19344,43329,33539,6667.737410
19345,43330,33540,6667.801477
19346,43331,33541,6667.832289
19347,43332,33542,6667.864709
19348,43333,33543,6667.895541
19349,43334,33543,6667.895541
19350,43335,33544,6667.943782
19351,43336,33545,6667.974850
19352,43337,33546,6667.977495
19353,43338,33547,6668.007929
19354,43339,33548,6668.039335
19355,43340,33549,6668.072113
19356,43341,33550,6668.103899
19357,43342,33550,6668.103899
19358,43343,33551,6668.136786
19359,43344,33551,6668.136786
19360,43345,33552,6668.201602
19361,43346,33552,6668.201602
19362,43347,33553,6668.233320
19363,43348,33554,6668.281770
19364,43349,33554,6668.281770
19365,43350,33556,6668.314821
19366,43351,33557,6668.344979
19367,43352,33558,6668.375580
19368,43353,33559,6668.409587
19369,43354,33559,6668.409587
19370,43355,33560,6668.439741
19371,43356,33561,6668.473823
19372,43357,33562,6668.504599
19373,43358,33563,6668.538338
19374,43359,33563,6668.538338
19375,43360,33563,6668.538338
19376,43361,33564,6668.602478
19377,43362,33564,6668.602478
19378,43363,33565,6668.647513
19379,43364,33567,6668.682549
19380,43365,33568,6668.713729
19381,43366,33569,6668.744835
19382,43367,33569,6668.744835
19383,43368,33570,6668.776710
19384,43369,33571,6668.808359
19385,43370,33572,6668.839804
19386,43371,33573,6668.872145
19387,43372,33574,6668.904733
19388,43373,33574,6668.904733
19389,43374,33575,6668.936144
19390,43375,33575,6668.936144
19391,43376,33575,6668.936144
19392,43377,33577,6669.020303
19393,43378,33578,6669.048206
19394,43379,33579,6669.080818
19395,43380,33579,6669.080818
19396,43381,33580,6669.111203
19397,43382,33581,6669.144681
19398,43383,33582,6669.176174
19399,43384,33583,6669.208335
19400,43385,33584,6669.239663
19401,43386,33584,6669.239663
19402,43387,33585,6669.273116
19403,43388,33585,6669.273116
19404,43389,33586,6669.319164
19405,43390,33587,6669.352292
19406,43391,33588,6669.383610
19407,43392,33589,6669.416815
19408,43393,33590,6669.448044
19409,43394,33590,6669.448044
19410,43395,33591,6669.480852
19411,43396,33592,6669.512987
19412,43397,33593,6669.545015
19413,43398,33594,6669.576017
19414,43399,33594,6669.576017
19415,43400,33595,6669.607956
19416,43401,33595,6669.607956
19417,43402,33596,6669.656131
19418,43403,33597,6669.689052
19419,43404,33598,6669.720701
19420,43405,33599,6669.752437
19421,43406,33599,6669.752437
19422,43407,33600,6669.785305
19423,43408,33601,6669.817461
19424,43409,33602,6669.849000
19425,43410,33603,6669.880712
19426,43411,33604,6669.912384
19427,43412,33604,6669.912384
19428,43413,33605,6669.944658
19429,43414,33605,6669.944658
19430,43415,33606,6669.991959
19431,43416,33607,6670.024876
19432,43417,33608,6670.056675
19433,43418,33609,6670.088729
19434,43419,33610,6670.120520
19435,43420,33610,6670.120520
19436,43421,33611,6670.152152
19437,43422,33612,6670.184172
19438,43423,33613,6670.216612
19439,43424,33614,6670.249451
19440,43425,33614,6670.249451
19441,43426,33615,6670.279722
19442,43427,33616,6670.314801
19443,43428,33616,6670.314801
19444,43429,33617,6670.359673
19445,43430,33618,6670.393613
19446,43431,33619,6670.426574
19447,43432,33620,6670.457004
19448,43433,33620,6670.457004
19449,43434,33621,6670.489968
19450,43435,33622,6670.521101
19451,43436,33623,6670.553693
19452,43437,33624,6670.584758
19453,43438,33624,6670.584758
19454,43439,33625,6670.617734
19455,43440,33626,6670.649797
19456,43441,33626,6670.649797
19457,43442,33627,6670.696721
19458,43443,33628,6670.730092
19459,43444,33629,6670.760989
19460,43445,33629,6670.760989
19461,43446,33630,6670.793143
19462,43447,33631,6670.823464
19463,43448,33632,6670.856310
19464,43449,33633,6670.887832
19465,43450,33634,6670.920305
19466,43451,33634,6670.920305
19467,43452,33635,6670.954836
19468,43453,33636,6670.985045
19469,43454,33636,6670.985045
19470,43455,33637,6671.031436
19471,43456,33638,6671.063842
19472,43457,33639,6671.096663
19473,43458,33640,6671.128733
19474,43459,33640,6671.128733
19475,43460,33641,6671.159867
19476,43461,33642,6671.190820
19477,43462,33643,6671.224960
19478,43463,33644,6671.256362
19479,43464,33644,6671.256362
19480,43465,33645,6671.288568
19481,43466,33646,6671.322024
19482,43467,33646,6671.322024
19483,43468,33647,6671.368786
19484,43469,33648,6671.400931
19485,43470,33649,6671.431458
19486,43471,33650,6671.464885
19487,43472,33650,6671.464885
19488,43473,33651,6671.496337
19489,43474,33652,6671.528421
19490,43475,33653,6671.560713
19491,43476,33653,6671.560713
19492,43477,33654,6671.594597
19493,43478,33655,6671.624609
19494,43479,33656,6671.656887
19495,43480,33656,6671.656887
19496,43481,33657,6671.703561
19497,43482,33659,6671.737834
19498,43483,33659,6671.737834
19499,43484,33659,6671.737834
19500,43485,33660,6671.800382
19501,43486,33661,6671.832049
19502,43487,33662,6671.864889
19503,43488,33663,6671.897194
19504,43489,33664,6671.927875
19505,43490,33664,6671.927875
19506,43491,33665,6671.961014
19507,43492,33666,6671.994648
19508,43493,33667,6672.023085
19509,43494,33667,6672.023085
19510,43495,33668,6672.072715
19511,43496,33669,6672.104871
19512,43497,33670,6672.108439
19513,43498,33671,6672.135964
19514,43499,33671,6672.135964
19515,43500,33672,6672.201824
19516,43501,33673,6672.232754
19517,43502,33673,6672.232754
19518,43503,33674,6672.264622
19519,43504,33675,6672.296884
19520,43505,33676,6672.328847
19521,43506,33677,6672.358687
19522,43507,33677,6672.358687
19523,43508,33678,6672.408586
19524,43509,33680,6672.442642
19525,43510,33680,6672.442642
19526,43511,33681,6672.472282
19527,43512,33682,6672.504581
19528,43513,33683,6672.536730
19529,43514,33683,6672.536730
19530,43515,33683,6672.536730
19531,43516,33684,6672.601925
19532,43517,33685,6672.630837
19533,43518,33686,6672.663793
19534,43519,33687,6672.696681
19535,43520,33687,6672.696681
19536,43521,33688,6672.743280
19537,43522,33690,6672.779688
19538,43523,33690,6672.779688
19539,43524,33691,6672.808595
19540,43525,33692,6672.840771
19541,43526,33693,6672.872608
19542,43527,33694,6672.905633
19543,43528,33695,6672.936279
19544,43529,33695,6672.936279
19545,43530,33695,6672.936279
19546,43531,33696,6672.999386
19547,43532,33697,6673.033349
19548,43533,33697,6673.033349
19549,43534,33698,6673.079234
19550,43535,33700,6673.114618
19551,43536,33700,6673.114618
19552,43537,33701,6673.143120
19553,43538,33702,6673.177068
19554,43539,33703,6673.207436
19555,43540,33704,6673.239701
19556,43541,33704,6673.239701
19557,43542,33705,6673.272333
19558,43543,33706,6673.303882
19559,43544,33707,6673.338940
19560,43545,33708,6673.368563
19561,43546,33708,6673.368563
19562,43547,33708,6673.368563
19563,43548,33710,6673.450974
19564,43549,33710,6673.450974
19565,43550,33711,6673.479783
19566,43551,33712,6673.511833
19567,43552,33713,6673.543759
19568,43553,33714,6673.576703
19569,43554,33714,6673.576703
19570,43555,33715,6673.608148
19571,43556,33716,6673.639506
19572,43557,33717,6673.671766
19573,43558,33718,6673.704907
19574,43559,33718,6673.704907
19575,43560,33719,6673.737495
19576,43561,33720,6673.784800
19577,43562,33720,6673.784800
19578,43563,33721,6673.815502
19579,43564,33722,6673.849129
19580,43565,33723,6673.880020
19581,43566,33724,6673.912240
19582,43567,33724,6673.912240
19583,43568,33725,6673.944029
19584,43569,33726,6673.977367
19585,43570,33727,6674.007795
19586,43571,33728,6674.040183
19587,43572,33728,6674.040183
19588,43573,33729,6674.073329
19589,43574,33730,6674.119743
19590,43575,33730,6674.119743
19591,43576,33731,6674.152876
19592,43577,33732,6674.185180
19593,43578,33733,6674.217550
19594,43579,33734,6674.249193
19595,43580,33734,6674.249193
19596,43581,33735,6674.281662
19597,43582,33736,6674.314760
19598,43583,33737,6674.345269
19599,43584,33738,6674.376616
19600,43585,33738,6674.376616
19601,43586,33739,6674.408405
19602,43587,33740,6674.456689
19603,43588,33740,6674.456689
19604,43589,33741,6674.488530
19605,43590,33742,6674.520391
19606,43591,33743,6674.551175
19607,43592,33744,6674.584753
19608,43593,33744,6674.584753
19609,43594,33745,6674.614770
19610,43595,33746,6674.649225
19611,43596,33747,6674.680311
19612,43597,33748,6674.711785
19613,43598,33748,6674.711785
19614,43599,33749,6674.744187
19615,43600,33749,6674.744187
19616,43601,33750,6674.793092
19617,43602,33751,6674.824522
19618,43603,33752,6674.856610
19619,43604,33753,6674.888571
19620,43605,33754,6674.921933
19621,43606,33754,6674.921933
19622,43607,33755,6674.951980
19623,43608,33756,6674.984923
19624,43609,33757,6675.015052
19625,43610,33758,6675.048742
19626,43611,33758,6675.048742
19627,43612,33759,6675.080874
19628,43613,33760,6675.128409
19629,43614,33760,6675.128409
19630,43615,33761,6675.159344
19631,43616,33762,6675.191746
19632,43617,33763,6675.224587
19633,43618,33764,6675.255871
19634,43619,33764,6675.255871
19635,43620,33765,6675.287374
19636,43621,33766,6675.321714
19637,43622,33767,6675.351706
19638,43623,33768,6675.385750
19639,43624,33768,6675.385750
19640,43625,33769,6675.416488
19641,43626,33770,6675.447928
19642,43627,33770,6675.447928
19643,43628,33771,6675.494592
19644,43629,33772,6675.529737
19645,43630,33773,6675.561144
19646,43631,33774,6675.593113
19647,43632,33774,6675.593113
19648,43633,33775,6675.623907
19649,43634,33776,6675.656796
19650,43635,33777,6675.688703
19651,43636,33778,6675.721532
19652,43637,33778,6675.721532
19653,43638,33779,6675.753143
19654,43639,33780,6675.784799
19655,43640,33780,6675.784799
19656,43641,33781,6675.831045
19657,43642,33782,6675.863739
19658,43643,33783,6675.897047
19659,43644,33784,6675.928573
19660,43645,33784,6675.928573
19661,43646,33785,6675.961526
19662,43647,33786,6675.994216
19663,43648,33787,6676.024796
19664,43649,33788,6676.057584
19665,43650,33788,6676.057584
19666,43651,33789,6676.088271
19667,43652,33790,6676.120171
19668,43653,33790,6676.120171
19669,43654,33791,6676.168042
19670,43655,33792,6676.200791
19671,43656,33793,6676.232577
19672,43657,33794,6676.264697
19673,43658,33794,6676.264697
19674,43659,33795,6676.296958
19675,43660,33796,6676.330106
19676,43661,33797,6676.360378
19677,43662,33798,6676.393822
19678,43663,33798,6676.393822
19679,43664,33799,6676.423663
19680,43665,33800,6676.456050
19681,43666,33800,6676.456050
19682,43667,33801,6676.503861
19683,43668,33803,6676.540522
19684,43669,33803,6676.540522
19685,43670,33804,6676.599716
19686,43671,33804,6676.599716
19687,43672,33805,6676.631309
19688,43673,33806,6676.665690
19689,43674,33807,6676.697075
19690,43675,33808,6676.728904
19691,43676,33808,6676.728904
19692,43677,33809,6676.760035
19693,43678,33810,6676.792263
19694,43679,33810,6676.792263
19695,43680,33811,6676.840725
19696,43681,33813,6676.873958
19697,43682,33814,6676.904054
19698,43683,33815,6676.938006
19699,43684,33815,6676.938006
19700,43685,33815,6676.938006
19701,43686,33816,6677.000324
19702,43687,33817,6677.032893
19703,43688,33818,6677.066048
19704,43689,33818,6677.066048
19705,43690,33819,6677.097235
19706,43691,33820,6677.127714
19707,43692,33820,6677.127714
19708,43693,33821,6677.175357
19709,43694,33823,6677.210004
19710,43695,33824,6677.240287
19711,43696,33825,6677.272312
19712,43697,33825,6677.272312
19713,43698,33826,6677.303441
19714,43699,33827,6677.336926
19715,43700,33827,6677.336926
19716,43701,33828,6677.402173
19717,43702,33828,6677.402173
19718,43703,33829,6677.431725
19719,43704,33830,6677.465046
19720,43705,33831,6677.495852
19721,43706,33831,6677.495852
19722,43707,33832,6677.544805
19723,43708,33834,6677.577362
19724,43709,33835,6677.608071
19725,43710,33835,6677.608071
19726,43711,33836,6677.639437
19727,43712,33837,6677.672060
19728,43713,33838,6677.704500
19729,43714,33839,6677.736625
19730,43715,33839,6677.736625
19731,43716,33839,6677.736625
19732,43717,33840,6677.801027
19733,43718,33841,6677.833502
19734,43719,33841,6677.833502
19735,43720,33842,6677.881531
19736,43721,33844,6677.915551
19737,43722,33845,6677.943702
19738,43723,33845,6677.943702
19739,43724,33846,6677.974693
19740,43725,33847,6678.008742
19741,43726,33848,6678.039722
19742,43727,33848,6678.039722
19743,43728,33849,6678.072826
19744,43729,33850,6678.102854
19745,43730,33851,6678.138566
19746,43731,33851,6678.138566
19747,43732,33851,6678.138566
19748,43733,33852,6678.217526
19749,43734,33854,6678.250588
19750,43735,33854,6678.250588
19751,43736,33855,6678.279730
19752,43737,33856,6678.312039
19753,43738,33857,6678.345230
19754,43739,33858,6678.377166
19755,43740,33858,6678.377166
19756,43741,33859,6678.408421
19757,43742,33860,6678.440373
19758,43743,33861,6678.473485
19759,43744,33862,6678.503667
19760,43745,33862,6678.503667
19761,43746,33863,6678.552769
19762,43747,33864,6678.585524
19763,43748,33864,6678.585524
19764,43749,33865,6678.615419
19765,43750,33866,6678.649987
19766,43751,33867,6678.681491
19767,43752,33868,6678.711371
19768,43753,33868,6678.711371
19769,43754,33869,6678.743690
19770,43755,33870,6678.775348
19771,43756,33871,6678.808173
19772,43757,33872,6678.840296
19773,43758,33872,6678.840296
19774,43759,33873,6678.888557
19775,43760,33874,6678.919748
19776,43761,33874,6678.919748
19777,43762,33875,6678.951887
19778,43763,33876,6678.985247
19779,43764,33877,6679.016537
19780,43765,33878,6679.050055
19781,43766,33879,6679.079806
19782,43767,33879,6679.079806
19783,43768,33880,6679.113574
19784,43769,33881,6679.145888
19785,43770,33882,6679.177432
19786,43771,33883,6679.207874
19787,43772,33883,6679.207874
19788,43773,33884,6679.256600
19789,43774,33884,6679.256600
19790,43775,33885,6679.289430
19791,43776,33886,6679.320211
19792,43777,33887,6679.352394
19793,43778,33888,6679.384806
19794,43779,33888,6679.384806
19795,43780,33889,6679.416261
19796,43781,33890,6679.449537
19797,43782,33891,6679.479195
19798,43783,33892,6679.512602
19799,43784,33892,6679.512602
19800,43785,33893,6679.544763
19801,43786,33894,6679.592675
19802,43787,33894,6679.592675
19803,43788,33895,6679.624050
19804,43789,33896,6679.657093
19805,43790,33897,6679.691610
19806,43791,33898,6679.720845
19807,43792,33898,6679.720845
19808,43793,33899,6679.753397
19809,43794,33900,6679.786965
19810,43795,33901,6679.816168
19811,43796,33902,6679.849147
19812,43797,33903,6679.880292
19813,43798,33903,6679.880292
19814,43799,33904,6679.927969
19815,43800,33904,6679.927969
19816,43801,33905,6679.960584
19817,43802,33906,6679.993293
19818,43803,33907,6680.023851
19819,43804,33908,6680.056155
19820,43805,33908,6680.056155
19821,43806,33909,6680.088009
19822,43807,33910,6680.119687
19823,43808,33911,6680.151258
19824,43809,33912,6680.183536
19825,43810,33913,6680.216503
19826,43811,33913,6680.216503
19827,43812,33914,6680.265587
19828,43813,33914,6680.265587
19829,43814,33915,6680.296633
19830,43815,33916,6680.326950
19831,43816,33917,6680.361590
19832,43817,33918,6680.394060
19833,43818,33918,6680.394060
19834,43819,33919,6680.424821
19835,43820,33920,6680.456937
19836,43821,33921,6680.488415
19837,43822,33922,6680.519961
19838,43823,33923,6680.552274
19839,43824,33923,6680.552274
19840,43825,33924,6680.601746
19841,43826,33924,6680.601746
19842,43827,33925,6680.632572
19843,43828,33926,6680.665211
19844,43829,33927,6680.697171
19845,43830,33928,6680.729336
19846,43831,33928,6680.729336
19847,43832,33929,6680.760431
19848,43833,33930,6680.793835
19849,43834,33931,6680.825085
19850,43835,33932,6680.858243
19851,43836,33932,6680.858243
19852,43837,33933,6680.889703
19853,43838,33934,6680.918890
19854,43839,33934,6680.918890
19855,43840,33935,6680.967236
19856,43841,33936,6680.999585
19857,43842,33937,6681.031783
19858,43843,33938,6681.064817
19859,43844,33938,6681.064817
19860,43845,33939,6681.094865
19861,43846,33940,6681.129858
19862,43847,33941,6681.159221
19863,43848,33942,6681.193912
19864,43849,33942,6681.193912
19865,43850,33943,6681.224644
19866,43851,33944,6681.256821
19867,43852,33944,6681.256821
19868,43853,33945,6681.303771
19869,43854,33947,6681.338831
19870,43855,33947,6681.338831
19871,43856,33948,6681.398727
19872,43857,33949,6681.432445
19873,43858,33949,6681.432445
19874,43859,33950,6681.464197
19875,43860,33951,6681.499037
19876,43861,33952,6681.529174
19877,43862,33953,6681.561064
19878,43863,33953,6681.561064
19879,43864,33954,6681.593280
19880,43865,33955,6681.640090
19881,43866,33955,6681.640090
19882,43867,33957,6681.676101
19883,43868,33958,6681.705214
19884,43869,33959,6681.737631
19885,43870,33959,6681.737631
19886,43871,33959,6681.737631
19887,43872,33960,6681.801200
19888,43873,33961,6681.832828
19889,43874,33962,6681.864844
19890,43875,33963,6681.897038
19891,43876,33963,6681.897038
19892,43877,33964,6681.926984
19893,43878,33964,6681.926984
19894,43879,33965,6681.976175
19895,43880,33967,6682.010111
19896,43881,33968,6682.040419
19897,43882,33969,6682.074211
19898,43883,33969,6682.074211
19899,43884,33970,6682.104727
19900,43885,33971,6682.136398
19901,43886,33971,6682.136398
19902,43887,33972,6682.200138
19903,43888,33972,6682.200138
19904,43889,33973,6682.233817
19905,43890,33974,6682.262962
19906,43891,33974,6682.262962
19907,43892,33975,6682.311610
19908,43893,33977,6682.345813
19909,43894,33978,6682.375953
19910,43895,33979,6682.408204
19911,43896,33980,6682.440093
19912,43897,33980,6682.440093
19913,43898,33981,6682.471685
19914,43899,33982,6682.505098
19915,43900,33983,6682.537383
19916,43901,33983,6682.537383
19917,43902,33983,6682.537383
19918,43903,33984,6682.602030
19919,43904,33985,6682.631487
19920,43905,33985,6682.631487
19921,43906,33987,6682.685003
19922,43907,33988,6682.712036
19923,43908,33989,6682.744980
19924,43909,33990,6682.776652
19925,43910,33990,6682.776652
19926,43911,33991,6682.807609
19927,43912,33992,6682.840557
19928,43913,33993,6682.872471
19929,43914,33994,6682.904931
19930,43915,33994,6682.904931
19931,43916,33995,6682.936614
19932,43917,33995,6682.936614
19933,43918,33995,6682.936614
19934,43919,33996,6683.015755
19935,43920,33998,6683.051680
19936,43921,33999,6683.079998
19937,43922,34000,6683.111931
19938,43923,34000,6683.111931
19939,43924,34001,6683.143641
19940,43925,34002,6683.176114
19941,43926,34003,6683.208151
19942,43927,34004,6683.240134
19943,43928,34004,6683.240134
19944,43929,34005,6683.273597
19945,43930,34006,6683.303367
19946,43931,34006,6683.303367
19947,43932,34007,6683.351711
19948,43933,34008,6683.383937
19949,43934,34009,6683.416914
19950,43935,34010,6683.447675
19951,43936,34010,6683.447675
19952,43937,34011,6683.479538
19953,43938,34012,6683.513384
19954,43939,34013,6683.544885
19955,43940,34014,6683.576699
19956,43941,34014,6683.576699
19957,43942,34015,6683.608794
19958,43943,34016,6683.640133
19959,43944,34016,6683.640133
19960,43945,34017,6683.687854
19961,43946,34018,6683.720638
19962,43947,34019,6683.753081
19963,43948,34019,6683.753081
19964,43949,34020,6683.784791
19965,43950,34021,6683.816582
19966,43951,34022,6683.848605
19967,43952,34023,6683.880018
19968,43953,34023,6683.880018
19969,43954,34024,6683.914039
19970,43955,34025,6683.944962
19971,43956,34026,6683.979260
19972,43957,34026,6683.979260
19973,43958,34027,6684.024897
19974,43959,34028,6684.058744
19975,43960,34029,6684.088349
19976,43961,34030,6684.120375
19977,43962,34030,6684.120375
19978,43963,34031,6684.150770
19979,43964,34032,6684.182861
19980,43965,34033,6684.217115
19981,43966,34034,6684.247522
19982,43967,34034,6684.247522
19983,43968,34035,6684.279107
19984,43969,34036,6684.312263
19985,43970,34037,6684.344826
19986,43971,34037,6684.344826
19987,43972,34038,6684.391109
19988,43973,34039,6684.425000
19989,43974,34039,6684.425000
19990,43975,34040,6684.456485
19991,43976,34041,6684.487629
19992,43977,34042,6684.520280
19993,43978,34043,6684.553135
19994,43979,34043,6684.553135
19995,43980,34044,6684.584464
19996,43981,34045,6684.616075
19997,43982,34046,6684.648182
19998,43983,34047,6684.681180
19999,43984,34047,6684.681180
20000,43985,34048,6684.730349
20001,43986,34049,6684.759645
20002,43987,34049,6684.759645
20003,43988,34050,6684.791932
20004,43989,34051,6684.824869
20005,43990,34052,6684.856871
20006,43991,34053,6684.887653
20007,43992,34053,6684.887653
20008,43993,34054,6684.920640
20009,43994,34055,6684.951855
20010,43995,34056,6684.984792
20011,43996,34057,6685.016944
20012,43997,34057,6685.016944
20013,43998,34058,6685.064479
20014,43999,34059,6685.096884
20015,44000,34059,6685.096884
20016,44001,34060,6685.127493
20017,44002,34061,6685.160183
20018,44003,34062,6685.192685
20019,44004,34063,6685.225710
20020,44005,34063,6685.225710
20021,44006,34064,6685.256732
20022,44007,34065,6685.288859
20023,44008,34066,6685.320478
20024,44009,34067,6685.352380
20025,44010,34067,6685.352380
20026,44011,34068,6685.401776
20027,44012,34068,6685.401776
20028,44013,34069,6685.433793
20029,44014,34070,6685.464638
20030,44015,34071,6685.495802
20031,44016,34072,6685.528397
20032,44017,34073,6685.560702
20033,44018,34073,6685.560702
20034,44019,34074,6685.591262
20035,44020,34075,6685.624933
20036,44021,34076,6685.656556
20037,44022,34077,6685.688320
20038,44023,34077,6685.688320
20039,44024,34078,6685.738088
20040,44025,34079,6685.769361
20041,44026,34079,6685.769361
20042,44027,34080,6685.801564
20043,44028,34081,6685.833042
20044,44029,34082,6685.864799
20045,44030,34083,6685.897417
20046,44031,34083,6685.897417
20047,44032,34084,6685.928131
20048,44033,34085,6685.959705
20049,44034,34086,6685.992710
20050,44035,34087,6686.025303
20051,44036,34087,6686.025303
20052,44037,34088,6686.071435
20053,44038,34089,6686.104761
20054,44039,34090,6686.107413
20055,44040,34091,6686.136801
20056,44041,34091,6686.136801
20057,44042,34092,6686.201041
20058,44043,34093,6686.234504
20059,44044,34093,6686.234504
20060,44045,34094,6686.265069
20061,44046,34095,6686.297215
20062,44047,34096,6686.329097
20063,44048,34097,6686.361889
20064,44049,34097,6686.361889
20065,44050,34098,6686.390385
20066,44051,34099,6686.439882
20067,44052,34099,6686.439882
20068,44053,34101,6686.475924
20069,44054,34102,6686.505910
20070,44055,34103,6686.537071
20071,44056,34103,6686.537071
20072,44057,34103,6686.537071
20073,44058,34104,6686.599644
20074,44059,34105,6686.633395
20075,44060,34106,6686.664932
20076,44061,34107,6686.696997
20077,44062,34107,6686.696997
20078,44063,34108,6686.728446
20079,44064,34109,6686.776859
20080,44065,34109,6686.776859
20081,44066,34111,6686.813504
20082,44067,34112,6686.839752
20083,44068,34113,6686.873268
20084,44069,34113,6686.873268
20085,44070,34113,6686.873268
20086,44071,34114,6686.937639
20087,44072,34115,6686.968181
20088,44073,34116,6687.000679
20089,44074,34117,6687.032253
20090,44075,34118,6687.062383
20091,44076,34118,6687.062383
20092,44077,34119,6687.112619
20093,44078,34119,6687.112619
20094,44079,34121,6687.148760
20095,44080,34122,6687.177599
20096,44081,34123,6687.210374
20097,44082,34124,6687.239868
20098,44083,34124,6687.239868
20099,44084,34125,6687.273198
20100,44085,34126,6687.306208
20101,44086,34127,6687.337062
20102,44087,34127,6687.337062
20103,44088,34127,6687.337062
20104,44089,34128,6687.400465
20105,44090,34129,6687.447682
20106,44091,34129,6687.447682
20107,44092,34131,6687.484760
20108,44093,34132,6687.511674
20109,44094,34133,6687.545040
20110,44095,34134,6687.575742
20111,44096,34134,6687.575742
20112,44097,34135,6687.608199
20113,44098,34136,6687.639708
20114,44099,34137,6687.672102
20115,44100,34138,6687.705231
20116,44101,34138,6687.705231
20117,44102,34139,6687.735815
20118,44103,34139,6687.735815
20119,44104,34139,6687.735815
20120,44105,34141,6687.817876
20121,44106,34142,6687.846828
20122,44107,34143,6687.880884
20123,44108,34144,6687.912198
20124,44109,34144,6687.912198
20125,44110,34145,6687.943506
20126,44111,34146,6687.977929
20127,44112,34147,6688.009146
20128,44113,34148,6688.039962
20129,44114,34148,6688.039962
20130,44115,34149,6688.073326
20131,44116,34150,6688.104897
20132,44117,34150,6688.104897
20133,44118,34151,6688.152378
20134,44119,34152,6688.185203
20135,44120,34153,6688.218237
20136,44121,34154,6688.247961
20137,44122,34154,6688.247961
20138,44123,34155,6688.280490
20139,44124,34156,6688.313584
20140,44125,34157,6688.344821
20141,44126,34158,6688.376631
20142,44127,34158,6688.376631
20143,44128,34159,6688.407090
20144,44129,34160,6688.439945
20145,44130,34160,6688.439945
20146,44131,34161,6688.487531
20147,44132,34162,6688.518992
20148,44133,34163,6688.552320
20149,44134,34164,6688.584524
20150,44135,34164,6688.584524
20151,44136,34165,6688.614776
20152,44137,34166,6688.648339
20153,44138,34167,6688.680960
20154,44139,34168,6688.712995
20155,44140,34168,6688.712995
20156,44141,34169,6688.746573
20157,44142,34170,6688.775045
20158,44143,34170,6688.775045
20159,44144,34171,6688.824596
20160,44145,34172,6688.856619
20161,44146,34173,6688.888239
20162,44147,34174,6688.919955
20163,44148,34174,6688.919955
20164,44149,34175,6688.952235
20165,44150,34176,6688.984834
20166,44151,34177,6689.016816
20167,44152,34178,6689.048879
20168,44153,34178,6689.048879
20169,44154,34179,6689.080256
20170,44155,34180,6689.111954
20171,44156,34180,6689.111954
20172,44157,34181,6689.160407
20173,44158,34182,6689.190703
20174,44159,34183,6689.225258
20175,44160,34183,6689.225258
20176,44161,34184,6689.256788
20177,44162,34185,6689.287849
20178,44163,34186,6689.321474
20179,44164,34187,6689.353950
20180,44165,34188,6689.384944
20181,44166,34188,6689.384944
20182,44167,34189,6689.417047
20183,44168,34190,6689.448614
20184,44169,34190,6689.448614
20185,44170,34191,6689.496474
20186,44171,34192,6689.529134
20187,44172,34193,6689.559397
20188,44173,34194,6689.592059
20189,44174,34194,6689.592059
20190,44175,34195,6689.623806
20191,44176,34196,6689.656151
20192,44177,34197,6689.688410
20193,44178,34198,6689.721557
20194,44179,34198,6689.721557
20195,44180,34199,6689.752140
20196,44181,34200,6689.782796
20197,44182,34201,6689.817130
20198,44183,34201,6689.817130
20199,44184,34202,6689.862981
20200,44185,34203,6689.894946
20201,44186,34204,6689.927849
20202,44187,34204,6689.927849
20203,44188,34205,6689.961091
20204,44189,34206,6689.991157
20205,44190,34207,6690.024790
20206,44191,34208,6690.057123
20207,44192,34208,6690.057123
20208,44193,34209,6690.088443
20209,44194,34210,6690.121788
20210,44195,34211,6690.151850
20211,44196,34211,6690.151850
20212,44197,34212,6690.200071
20213,44198,34213,6690.233619
20214,44199,34214,6690.264750
20215,44200,34214,6690.264750
20216,44201,34215,6690.296285
20217,44202,34216,6690.329168
20218,44203,34217,6690.360895
20219,44204,34218,6690.393955
20220,44205,34218,6690.393955
20221,44206,34219,6690.424997
20222,44207,34220,6690.457108
20223,44208,34221,6690.489900
20224,44209,34221,6690.489900
20225,44210,34222,6690.535288
20226,44211,34223,6690.569235
20227,44212,34224,6690.601262
20228,44213,34224,6690.601262
20229,44214,34225,6690.632689
20230,44215,34226,6690.663189
20231,44216,34227,6690.696597
20232,44217,34228,6690.728092
20233,44218,34228,6690.728092
20234,44219,34229,6690.760834
20235,44220,34230,6690.791710
20236,44221,34231,6690.825051
20237,44222,34231,6690.825051
20238,44223,34232,6690.873556
20239,44224,34234,6690.909180
20240,44225,34235,6690.935910
20241,44226,34235,6690.935910
20242,44227,34235,6690.935910
20243,44228,34236,6691.001118
20244,44229,34237,6691.032415
20245,44230,34238,6691.064725
20246,44231,34238,6691.064725
20247,44232,34239,6691.097169
20248,44233,34240,6691.128701
20249,44234,34241,6691.160221
20250,44235,34241,6691.160221
20251,44236,34242,6691.208168
20252,44237,34244,6691.243800
20253,44238,34244,6691.243800
20254,44239,34245,6691.272823
20255,44240,34246,6691.303918
20256,44241,34247,6691.334996
20257,44242,34247,6691.334996
20258,44243,34247,6691.334996
20259,44244,34248,6691.401678
20260,44245,34249,6691.434531
20261,44246,34250,6691.464277
20262,44247,34251,6691.495636
20263,44248,34252,6691.529640
20264,44249,34252,6691.529640
20265,44250,34254,6691.579496
20266,44251,34254,6691.579496
20267,44252,34255,6691.608377
20268,44253,34256,6691.640632
20269,44254,34257,6691.673426
20270,44255,34258,6691.704823
20271,44256,34259,6691.735792
20272,44257,34259,6691.735792
20273,44258,34259,6691.735792
20274,44259,34260,6691.799170
20275,44260,34261,6691.831718
20276,44261,34262,6691.863623
20277,44262,34262,6691.863623
20278,44263,34263,6691.913717
20279,44264,34264,6691.944415
20280,44265,34265,6691.947073
20281,44266,34266,6691.976086
20282,44267,34267,6692.010073
20283,44268,34268,6692.041121
20284,44269,34269,6692.070989
20285,44270,34269,6692.070989
20286,44271,34270,6692.104643
20287,44272,34271,6692.138840
20288,44273,34271,6692.138840
20289,44274,34272,6692.201130
20290,44275,34272,6692.201130
20291,44276,34273,6692.247707
20292,44277,34273,6692.247707
20293,44278,34275,6692.285856
20294,44279,34276,6692.313486
20295,44280,34277,6692.344856
20296,44281,34278,6692.376619
20297,44282,34279,6692.407855
20298,44283,34279,6692.407855
20299,44284,34280,6692.441451
20300,44285,34281,6692.473872
20301,44286,34282,6692.504696
20302,44287,34283,6692.535958
20303,44288,34283,6692.535958
20304,44289,34283,6692.535958
20305,44290,34284,6692.616449
20306,44291,34285,6692.618555
20307,44292,34286,6692.648580
20308,44293,34287,6692.680417
20309,44294,34288,6692.712814
20310,44295,34289,6692.743703
20311,44296,34289,6692.743703
20312,44297,34290,6692.775956
20313,44298,34291,6692.807974
20314,44299,34292,6692.840919
20315,44300,34293,6692.871823
20316,44301,34293,6692.871823
20317,44302,34294,6692.920717
20318,44303,34295,6692.952744
20319,44304,34295,6692.952744
20320,44305,34296,6692.983329
20321,44306,34297,6693.017484
20322,44307,34298,6693.049981
20323,44308,34299,6693.080736
20324,44309,34299,6693.080736
20325,44310,34300,6693.112744
20326,44311,34301,6693.144487
20327,44312,34302,6693.175966
20328,44313,34303,6693.208317
20329,44314,34303,6693.208317
20330,44315,34304,6693.241749
20331,44316,34305,6693.288022
20332,44317,34305,6693.288022
20333,44318,34306,6693.320613
20334,44319,34307,6693.352928
20335,44320,34308,6693.383533
20336,44321,34309,6693.416811
20337,44322,34309,6693.416811
20338,44323,34310,6693.448124
20339,44324,34311,6693.481606
20340,44325,34312,6693.513399
20341,44326,34313,6693.544780
20342,44327,34314,6693.578285
20343,44328,34314,6693.578285
20344,44329,34315,6693.623334
20345,44330,34316,6693.655003
20346,44331,34316,6693.655003
20347,44332,34317,6693.688265
20348,44333,34318,6693.720560
20349,44334,34319,6693.751029
20350,44335,34319,6693.751029
20351,44336,34320,6693.786733
20352,44337,34321,6693.816660
20353,44338,34322,6693.848707
20354,44339,34323,6693.879995
20355,44340,34324,6693.913650
20356,44341,34324,6693.913650
20357,44342,34325,6693.960066
20358,44343,34326,6693.991550
20359,44344,34326,6693.991550
20360,44345,34327,6694.024945
20361,44346,34328,6694.056604
20362,44347,34329,6694.088415
20363,44348,34330,6694.119553
20364,44349,34330,6694.119553
20365,44350,34331,6694.152104
20366,44351,34332,6694.185043
20367,44352,34333,6694.216173
20368,44353,34334,6694.247874
20369,44354,34334,6694.247874
20370,44355,34335,6694.295019
20371,44356,34335,6694.295019
20372,44357,34336,6694.328661
20373,44358,34337,6694.361307
20374,44359,34338,6694.393000
20375,44360,34339,6694.424025
20376,44361,34340,6694.456305
20377,44362,34340,6694.456305
20378,44363,34341,6694.488220
20379,44364,34342,6694.520995
20380,44365,34343,6694.551986
20381,44366,34344,6694.584700
20382,44367,34344,6694.584700
20383,44368,34345,6694.633734
20384,44369,34345,6694.633734
20385,44370,34346,6694.663938
20386,44371,34347,6694.696130
20387,44372,34348,6694.729564
20388,44373,34349,6694.760937
20389,44374,34350,6694.791735
20390,44375,34350,6694.791735
20391,44376,34351,6694.824824
20392,44377,34352,6694.856677
20393,44378,34353,6694.888324
20394,44379,34354,6694.919189
20395,44380,34354,6694.919189
20396,44381,34355,6694.969596
20397,44382,34355,6694.969596
20398,44383,34356,6694.999556
20399,44384,34357,6695.033053
20400,44385,34358,6695.065000
20401,44386,34359,6695.095826
20402,44387,34360,6695.127446
20403,44388,34360,6695.127446
20404,44389,34361,6695.161108
20405,44390,34362,6695.193248
20406,44391,34363,6695.225214
20407,44392,34364,6695.256263
20408,44393,34364,6695.256263
20409,44394,34365,6695.288550
20410,44395,34365,6695.288550
20411,44396,34366,6695.336167
20412,44397,34367,6695.367599
20413,44398,34368,6695.400838
20414,44399,34369,6695.431921
20415,44400,34369,6695.431921
20416,44401,34370,6695.464443
20417,44402,34371,6695.495642
20418,44403,34372,6695.528925
20419,44404,34373,6695.561778
20420,44405,34374,6695.592204
20421,44406,34374,6695.592204
20422,44407,34375,6695.624795
20423,44408,34375,6695.624795
20424,44409,34376,6695.672210
20425,44410,34378,6695.708786
20426,44411,34379,6695.736741
20427,44412,34379,6695.736741
20428,44413,34379,6695.736741
20429,44414,34380,6695.800571
20430,44415,34381,6695.831509
20431,44416,34382,6695.866309
20432,44417,34383,6695.897156
20433,44418,34383,6695.897156
20434,44419,34384,6695.930294
20435,44420,34385,6695.959358
20436,44421,34385,6695.959358
20437,44422,34386,6696.009333
20438,44423,34388,6696.042305
20439,44424,34389,6696.071006
20440,44425,34390,6696.105983
20441,44426,34390,6696.105983
20442,44427,34391,6696.136117
20443,44428,34391,6696.136117
20444,44429,34392,6696.200904
20445,44430,34393,6696.233017
20446,44431,34394,6696.263146
20447,44432,34394,6696.263146
20448,44433,34395,6696.296369
20449,44434,34395,6696.296369
20450,44435,34396,6696.343769
20451,44436,34398,6696.381199
20452,44437,34399,6696.409164
20453,44438,34400,6696.442213
20454,44439,34400,6696.442213
20455,44440,34401,6696.473226
20456,44441,34402,6696.503843
20457,44442,34403,6696.535411
20458,44443,34403,6696.535411
20459,44444,34403,6696.535411
20460,44445,34404,6696.601561
20461,44446,34405,6696.632273
20462,44447,34405,6696.632273
20463,44448,34406,6696.680735
20464,44449,34408,6696.713656
20465,44450,34409,6696.744888
20466,44451,34410,6696.777894
20467,44452,34410,6696.777894
20468,44453,34411,6696.808471
20469,44454,34412,6696.841506
20470,44455,34413,6696.872698
20471,44456,34414,6696.905950
20472,44457,34415,6696.934546
20473,44458,34415,6696.934546
20474,44459,34415,6696.934546
20475,44460,34416,6697.000644
20476,44461,34416,6697.000644
20477,44462,34417,6697.048092
20478,44463,34419,6697.084864
20479,44464,34420,6697.113369
20480,44465,34420,6697.113369
20481,44466,34421,6697.144049
20482,44467,34422,6697.177696
20483,44468,34423,6697.208424
20484,44469,34424,6697.241382
20485,44470,34424,6697.241382
20486,44471,34425,6697.272130
20487,44472,34426,6697.304763
20488,44473,34427,6697.334563
20489,44474,34427,6697.334563
20490,44475,34427,6697.334563
20491,44476,34429,6697.419886
20492,44477,34430,6697.448301
20493,44478,34430,6697.448301
20494,44479,34431,6697.479457
20495,44480,34432,6697.514744
20496,44481,34433,6697.544943
20497,44482,34434,6697.576205
20498,44483,34434,6697.576205
20499,44484,34435,6697.608591
20500,44485,34436,6697.641871
20501,44486,34437,6697.673166
20502,44487,34437,6697.673166
20503,44488,34438,6697.720640
20504,44489,34439,6697.751253
20505,44490,34440,6697.784545
20506,44491,34440,6697.784545
20507,44492,34441,6697.816649
20508,44493,34442,6697.849105
20509,44494,34443,6697.882303
20510,44495,34444,6697.914533
20511,44496,34444,6697.914533
20512,44497,34445,6697.944946
20513,44498,34446,6697.977168
20514,44499,34447,6698.007728
20515,44500,34447,6698.007728
20516,44501,34448,6698.056258
20517,44502,34449,6698.088667
20518,44503,34450,6698.119783
20519,44504,34450,6698.119783
20520,44505,34451,6698.151449
20521,44506,34452,6698.185422
20522,44507,34453,6698.214860
20523,44508,34454,6698.248924
20524,44509,34454,6698.248924
20525,44510,34455,6698.280332
20526,44511,34456,6698.310836
20527,44512,34457,6698.344751
20528,44513,34457,6698.344751
20529,44514,34458,6698.393035
20530,44515,34459,6698.424757
20531,44516,34459,6698.424757
20532,44517,34460,6698.456711
20533,44518,34461,6698.489658
20534,44519,34462,6698.520306
20535,44520,34463,6698.553668
20536,44521,34464,6698.583420
20537,44522,34464,6698.583420
20538,44523,34465,6698.616645
20539,44524,34466,6698.649131
20540,44525,34467,6698.679029
20541,44526,34468,6698.711702
20542,44527,34468,6698.711702
20543,44528,34469,6698.761696
20544,44529,34469,6698.761696
20545,44530,34470,6698.792750
20546,44531,34471,6698.823610
20547,44532,34472,6698.855987
20548,44533,34473,6698.888728
20549,44534,34473,6698.888728
20550,44535,34474,6698.920516
20551,44536,34475,6698.951866
20552,44537,34476,6698.983499
20553,44538,34477,6699.016293
20554,44539,34478,6699.047870
20555,44540,34478,6699.047870
20556,44541,34479,6699.098195
20557,44542,34479,6699.098195
20558,44543,34480,6699.128305
20559,44544,34481,6699.159888
20560,44545,34482,6699.191143
20561,44546,34483,6699.224960
20562,44547,34484,6699.255176
20563,44548,34484,6699.255176
20564,44549,34485,6699.287831
20565,44550,34486,6699.321007
20566,44551,34487,6699.352304
20567,44552,34488,6699.384905
20568,44553,34488,6699.384905
20569,44554,34489,6699.433841
20570,44555,34489,6699.433841
20571,44556,34490,6699.465472
20572,44557,34491,6699.497138
20573,44558,34492,6699.528830
20574,44559,34493,6699.561418
20575,44560,34493,6699.561418
20576,44561,34494,6699.591741
20577,44562,34495,6699.623185
20578,44563,34496,6699.655121
20579,44564,34497,6699.687836
20580,44565,34497,6699.687836
20581,44566,34498,6699.720482
20582,44567,34499,6699.769850
20583,44568,34499,6699.769850
20584,44569,34500,6699.800504
20585,44570,34501,6699.832103
20586,44571,34502,6699.865002
20587,44572,34503,6699.895732
20588,44573,34503,6699.895732
20589,44574,34504,6699.928388
20590,44575,34505,6699.960323
20591,44576,34506,6699.992520
20592,44577,34507,6700.022598
20593,44578,34507,6700.022598
20594,44579,34508,6700.057053
20595,44580,34509,6700.104986
20596,44581,34509,6700.104986
20597,44582,34511,6700.141601
20598,44583,34511,6700.141601
20599,44584,34512,6700.200786
20600,44585,34513,6700.233382
20601,44586,34513,6700.233382
20602,44587,34514,6700.263221
20603,44588,34515,6700.295270
20604,44589,34516,6700.328396
20605,44590,34517,6700.361587
20606,44591,34518,6700.391519
20607,44592,34518,6700.391519
20608,44593,34519,6700.426131
20609,44594,34519,6700.426131
20610,44595,34521,6700.475683
20611,44596,34522,6700.504093
20612,44597,34523,6700.536784
20613,44598,34523,6700.536784
20614,44599,34523,6700.536784
20615,44600,34524,6700.600345
20616,44601,34525,6700.634590
20617,44602,34526,6700.664998
20618,44603,34527,6700.696624
20619,44604,34528,6700.728248
20620,44605,34528,6700.728248
20621,44606,34529,6700.761074
20622,44607,34530,6700.806832
20623,44608,34530,6700.806832
20624,44609,34532,6700.843833
20625,44610,34533,6700.873656
20626,44611,34534,6700.904907
20627,44612,34535,6700.935302
20628,44613,34535,6700.935302
20629,44614,34535,6700.935302
20630,44615,34536,6701.000509
20631,44616,34537,6701.033729
20632,44617,34538,6701.063636
20633,44618,34538,6701.063636
20634,44619,34539,6701.095550
20635,44620,34539,6701.095550
20636,44621,34540,6701.143851
20637,44622,34542,6701.181747
20638,44623,34543,6701.208533
20639,44624,34544,6701.241961
20640,44625,34544,6701.241961
20641,44626,34545,6701.272901
20642,44627,34546,6701.303517
20643,44628,34547,6701.336505
20644,44629,34547,6701.336505
20645,44630,34547,6701.336505
20646,44631,34548,6701.401134
20647,44632,34549,6701.432782
20648,44633,34549,6701.432782
20649,44634,34550,6701.483323
20650,44635,34552,6701.514866
20651,44636,34553,6701.542845
20652,44637,34554,6701.576164
20653,44638,34554,6701.576164
20654,44639,34555,6701.609675
20655,44640,34556,6701.639656
20656,44641,34557,6701.673465
20657,44642,34558,6701.704531
20658,44643,34559,6701.735352
20659,44644,34559,6701.735352
20660,44645,34559,6701.735352
20661,44646,34559,6701.735352
20662,44647,34560,6701.816136
20663,44648,34562,6701.852923
20664,44649,34563,6701.883316
20665,44650,34564,6701.913773
20666,44651,34564,6701.913773
20667,44652,34565,6701.944596
20668,44653,34566,6701.976227
20669,44654,34567,6702.007467
20670,44655,34568,6702.042314
20671,44656,34569,6702.073143
20672,44657,34569,6702.073143
20673,44658,34570,6702.105100
20674,44659,34571,6702.136418
20675,44660,34571,6702.136418
20676,44661,34572,6702.184728
20677,44662,34573,6702.216832
20678,44663,34574,6702.249168
20679,44664,34574,6702.249168
20680,44665,34575,6702.280706
20681,44666,34576,6702.313102
20682,44667,34577,6702.344159
20683,44668,34578,6702.376774
20684,44669,34579,6702.407206
20685,44670,34579,6702.407206
20686,44671,34580,6702.440363
20687,44672,34581,6702.472369
20688,44673,34581,6702.472369
20689,44674,34582,6702.519137
20690,44675,34583,6702.552005
20691,44676,34584,6702.584832
20692,44677,34584,6702.584832
20693,44678,34585,6702.616035
20694,44679,34586,6702.649636
20695,44680,34587,6702.680159
20696,44681,34588,6702.712523
20697,44682,34589,6702.744475
20698,44683,34589,6702.744475
20699,44684,34590,6702.775970
20700,44685,34591,6702.808293
20701,44686,34591,6702.808293
20702,44687,34592,6702.856664
20703,44688,34593,6702.888333
20704,44689,34594,6702.921131
20705,44690,34594,6702.921131
20706,44691,34595,6702.951751
20707,44692,34596,6702.984663
20708,44693,34597,6703.016914
20709,44694,34598,6703.049539
20710,44695,34598,6703.049539
20711,44696,34599,6703.079271
20712,44697,34600,6703.112530
20713,44698,34601,6703.144010
20714,44699,34601,6703.144010
20715,44700,34602,6703.194948
20716,44701,34603,6703.224710
20717,44702,34604,6703.256731
20718,44703,34604,6703.256731
20719,44704,34605,6703.287085
20720,44705,34606,6703.320076
20721,44706,34607,6703.353397
20722,44707,34608,6703.385639
20723,44708,34608,6703.385639
20724,44709,34609,6703.416088
20725,44710,34610,6703.446818
20726,44711,34611,6703.479093
20727,44712,34611,6703.479093
20728,44713,34612,6703.528923
20729,44714,34613,6703.560774
20730,44715,34614,6703.591359
20731,44716,34614,6703.591359
20732,44717,34615,6703.622593
20733,44718,34616,6703.657204
20734,44719,34617,6703.687091
20735,44720,34618,6703.720926
20736,44721,34618,6703.720926
20737,44722,34619,6703.753222
20738,44723,34620,6703.784739
20739,44724,34621,6703.817492
20740,44725,34621,6703.817492
20741,44726,34622,6703.864548
20742,44727,34623,6703.894590
20743,44728,34624,6703.927871
20744,44729,34624,6703.927871
20745,44730,34625,6703.959719
20746,44731,34626,6703.991856
20747,44732,34627,6704.024724
20748,44733,34628,6704.057554
20749,44734,34628,6704.057554
20750,44735,34629,6704.087443
20751,44736,34630,6704.119668
20752,44737,34631,6704.152579
20753,44738,34632,6704.184855
20754,44739,34632,6704.184855
20755,44740,34633,6704.233563
20756,44741,34633,6704.233563
20757,44742,34634,6704.264565
20758,44743,34635,6704.298951
20759,44744,34636,6704.329072
20760,44745,34637,6704.359724
20761,44746,34638,6704.393853
20762,44747,34638,6704.393853
20763,44748,34639,6704.423961
20764,44749,34640,6704.458142
20765,44750,34641,6704.488448
20766,44751,34642,6704.521189
20767,44752,34642,6704.521189
20768,44753,34643,6704.567706
20769,44754,34643,6704.567706
20770,44755,34644,6704.602634
20771,44756,34645,6704.632397
20772,44757,34646,6704.664893
20773,44758,34647,6704.697492
20774,44759,34648,6704.728154
20775,44760,34648,6704.728154
20776,44761,34649,6704.761384
20777,44762,34650,6704.795305
20778,44763,34651,6704.823705
20779,44764,34652,6704.856648
20780,44765,34652,6704.856648
20781,44766,34653,6704.904737
20782,44767,34653,6704.904737
20783,44768,34655,6704.940258
20784,44769,34656,6704.968119
20785,44770,34656,6704.968119
20786,44771,34657,6705.032363
20787,44772,34658,6705.064533
20788,44773,34658,6705.064533
20789,44774,34659,6705.094924
20790,44775,34660,6705.127634
20791,44776,34661,6705.158988
20792,44777,34662,6705.193434
20793,44778,34662,6705.193434
20794,44779,34663,6705.239859
20795,44780,34664,6705.271265
20796,44781,34665,6705.273819
20797,44782,34666,6705.302818
20798,44783,34667,6705.339336
20799,44784,34667,6705.339336
20800,44785,34668,6705.401359
20801,44786,34668,6705.401359
20802,44787,34669,6705.433746
20803,44788,34670,6705.463873
20804,44789,34671,6705.494913
20805,44790,34672,6705.528415
20806,44791,34672,6705.528415
20807,44792,34673,6705.576454
20808,44793,34673,6705.576454
20809,44794,34675,6705.610525
20810,44795,34676,6705.641619
20811,44796,34677,6705.672263
20812,44797,34678,6705.705050
20813,44798,34679,6705.736673
20814,44799,34679,6705.736673
20815,44800,34679,6705.736673
20816,44801,34680,6705.799135
20817,44802,34681,6705.832831
20818,44803,34682,6705.864700
20819,44804,34682,6705.864700
20820,44805,34683,6705.896689
20821,44806,34683,6705.896689
20822,44807,34684,6705.945084
20823,44808,34686,6705.979887
20824,44809,34687,6706.009731
20825,44810,34688,6706.039935
20826,44811,34689,6706.071954
20827,44812,34689,6706.071954
20828,44813,34690,6706.105132
20829,44814,34691,6706.135733
20830,44815,34691,6706.135733
20831,44816,34692,6706.200053
20832,44817,34692,6706.200053
20833,44818,34693,6706.233039
20834,44819,34693,6706.233039
20835,44820,34694,6706.281244
20836,44821,34696,6706.315739
20837,44822,34697,6706.343084
20838,44823,34698,6706.376244
20839,44824,34699,6706.407922
20840,44825,34699,6706.407922
20841,44826,34700,6706.440318
20842,44827,34701,6706.471548
20843,44828,34702,6706.504963
20844,44829,34703,6706.537439
20845,44830,34703,6706.537439
20846,44831,34703,6706.537439
20847,44832,34703,6706.537439
20848,44833,34704,6706.617920
20849,44834,34706,6706.650691
20850,44835,34707,6706.679970
20851,44836,34708,6706.713793
20852,44837,34709,6706.743190
20853,44838,34709,6706.743190
20854,44839,34710,6706.776623
20855,44840,34711,6706.808037
20856,44841,34712,6706.839984
20857,44842,34712,6706.839984
20858,44843,34713,6706.872879
20859,44844,34714,6706.903807
20860,44845,34714,6706.903807
20861,44846,34715,6706.952067
20862,44847,34716,6706.984657
20863,44848,34717,6707.016979
20864,44849,34718,6707.048934
20865,44850,34718,6707.048934
20866,44851,34719,6707.080188
20867,44852,34720,6707.113178
20868,44853,34721,6707.144559
20869,44854,34722,6707.176027
20870,44855,34723,6707.208078
20871,44856,34723,6707.208078
20872,44857,34724,6707.241190
20873,44858,34724,6707.241190
20874,44859,34725,6707.286886
20875,44860,34726,6707.321922
20876,44861,34727,6707.353299
20877,44862,34728,6707.386516
20878,44863,34728,6707.386516
20879,44864,34729,6707.416647
20880,44865,34730,6707.447796
20881,44866,34731,6707.481688
20882,44867,34732,6707.513402
20883,44868,34732,6707.513402
20884,44869,34733,6707.543872
20885,44870,34734,6707.576514
20886,44871,34735,6707.608976
20887,44872,34735,6707.608976
20888,44873,34736,6707.654535
20889,44874,34737,6707.689600
20890,44875,34738,6707.720876
20891,44876,34738,6707.720876
20892,44877,34739,6707.752403
20893,44878,34740,6707.784574
20894,44879,34741,6707.815646
20895,44880,34742,6707.849944
20896,44881,34742,6707.849944
20897,44882,34743,6707.881446
20898,44883,34744,6707.912254
20899,44884,34745,6707.945245
20900,44885,34745,6707.945245
20901,44886,34746,6707.992937
20902,44887,34747,6708.024858
20903,44888,34748,6708.056613
20904,44889,34748,6708.056613
20905,44890,34749,6708.088786
20906,44891,34750,6708.122442
20907,44892,34751,6708.153143
20908,44893,34752,6708.184188
20909,44894,34753,6708.214623
20910,44895,34753,6708.214623
20911,44896,34754,6708.249955
20912,44897,34755,6708.280421
20913,44898,34755,6708.280421
20914,44899,34756,6708.329748
20915,44900,34757,6708.361242
20916,44901,34758,6708.393615
20917,44902,34758,6708.393615
20918,44903,34759,6708.425237
20919,44904,34760,6708.456795
20920,44905,34761,6708.488194
20921,44906,34762,6708.520735
20922,44907,34762,6708.520735
20923,44908,34763,6708.552228
20924,44909,34764,6708.583867
20925,44910,34765,6708.616465
20926,44911,34765,6708.616465
20927,44912,34766,6708.663179
20928,44913,34767,6708.696618
20929,44914,34768,6708.728043
20930,44915,34768,6708.728043
20931,44916,34769,6708.762206
20932,44917,34770,6708.791955
20933,44918,34771,6708.825097
20934,44919,34772,6708.857081
20935,44920,34772,6708.857081
20936,44921,34773,6708.889329
20937,44922,34774,6708.920691
20938,44923,34775,6708.953879
20939,44924,34775,6708.953879
20940,44925,34776,6709.000739
20941,44926,34777,6709.032928
20942,44927,34778,6709.065778
20943,44928,34779,6709.094636
20944,44929,34779,6709.094636
20945,44930,34780,6709.128571
20946,44931,34781,6709.161339
20947,44932,34782,6709.194662
20948,44933,34782,6709.194662
20949,44934,34783,6709.225428
20950,44935,34784,6709.254766
20951,44936,34785,6709.287871
20952,44937,34786,6709.320228
20953,44938,34786,6709.320228
20954,44939,34787,6709.368964
20955,44940,34788,6709.402152
20956,44941,34788,6709.402152
20957,44942,34789,6709.432038
20958,44943,34790,6709.465557
20959,44944,34791,6709.495909
20960,44945,34792,6709.528691
20961,44946,34792,6709.528691
20962,44947,34793,6709.560830
20963,44948,34794,6709.594570
20964,44949,34795,6709.623416
20965,44950,34796,6709.656862
20966,44951,34796,6709.656862
20967,44952,34797,6709.703504
20968,44953,34799,6709.737812
20969,44954,34799,6709.737812
20970,44955,34799,6709.737812
20971,44956,34800,6709.801349
20972,44957,34801,6709.832972
20973,44958,34802,6709.865354
20974,44959,34802,6709.865354
20975,44960,34803,6709.897627
20976,44961,34804,6709.927524
20977,44962,34805,6709.961676
20978,44963,34806,6709.993620
20979,44964,34806,6709.993620
20980,44965,34807,6710.039961
20981,44966,34808,6710.073409
20982,44967,34809,6710.076157
20983,44968,34810,6710.102731
20984,44969,34811,6710.137337
20985,44970,34811,6710.137337
20986,44971,34812,6710.200055
20987,44972,34812,6710.200055
20988,44973,34813,6710.233029
20989,44974,34814,6710.264627
20990,44975,34815,6710.296936
20991,44976,34816,6710.329853
20992,44977,34816,6710.329853
20993,44978,34817,6710.376116
20994,44979,34819,6710.410584
20995,44980,34819,6710.410584
20996,44981,34820,6710.440664
20997,44982,34821,6710.472511
20998,44983,34822,6710.505139
20999,44984,34823,6710.536178
21000,44985,34823,6710.536178
21001,44986,34823,6710.536178
21002,44987,34824,6710.599152
21003,44988,34825,6710.632861
21004,44989,34826,6710.664490
21005,44990,34826,6710.664490
21006,44991,34827,6710.711660
21007,44992,34828,6710.744701
21008,44993,34829,6710.747326
21009,44994,34830,6710.776126
21010,44995,34831,6710.808868
21011,44996,34832,6710.841656
21012,44997,34833,6710.872061
21013,44998,34833,6710.872061
21014,44999,34834,6710.903616
21015,45000,34835,6710.936733
21016,45001,34836,6710.967415
21017,45002,34836,6710.967415
21018,45003,34836,6710.967415
21019,45004,34837,6711.031881
21020,45005,34837,6711.031881
21021,45006,34839,6711.085220
21022,45007,34840,6711.112566
21023,45008,34841,6711.143893
21024,45009,34842,6711.177542
21025,45010,34843,6711.206697
21026,45011,34843,6711.206697
21027,45012,34844,6711.240206
21028,45013,34845,6711.272878
21029,45014,34846,6711.304695
21030,45015,34847,6711.335949
21031,45016,34847,6711.335949
21032,45017,34847,6711.335949
21033,45018,34847,6711.335949
21034,45019,34848,6711.416830
21035,45020,34850,6711.451116
21036,45021,34851,6711.481980
21037,45022,34852,6711.514755
21038,45023,34852,6711.514755
21039,45024,34853,6711.545357
21040,45025,34854,6711.578207
21041,45026,34855,6711.609004
21042,45027,34856,6711.643133
21043,45028,34856,6711.643133
21044,45029,34857,6711.672999
21045,45030,34858,6711.703621
21046,45031,34858,6711.703621
21047,45032,34859,6711.752357
21048,45033,34860,6711.785175
21049,45034,34861,6711.817224
21050,45035,34862,6711.848882
21051,45036,34862,6711.848882
21052,45037,34863,6711.880362
21053,45038,34864,6711.912040
21054,45039,34865,6711.942771
21055,45040,34866,6711.976630
21056,45041,34866,6711.976630
21057,45042,34867,6712.008756
21058,45043,34868,6712.040976
21059,45044,34868,6712.040976
21060,45045,34869,6712.087291
21061,45046,34870,6712.120190
21062,45047,34871,6712.152811
21063,45048,34872,6712.184641
21064,45049,34872,6712.184641
21065,45050,34873,6712.216673
21066,45051,34874,6712.248682
21067,45052,34875,6712.280710
21068,45053,34876,6712.312821
21069,45054,34877,6712.343936
21070,45055,34877,6712.343936
21071,45056,34878,6712.376248
21072,45057,34878,6712.376248
21073,45058,34879,6712.424647
21074,45059,34880,6712.455035
21075,45060,34881,6712.488671
21076,45061,34882,6712.522180
21077,45062,34883,6712.551370
21078,45063,34883,6712.551370
21079,45064,34884,6712.584641
21080,45065,34885,6712.616758
21081,45066,34886,6712.648811
21082,45067,34887,6712.681257
21083,45068,34887,6712.681257
21084,45069,34888,6712.711756
21085,45070,34889,6712.744432
21086,45071,34889,6712.744432
21087,45072,34890,6712.793491
21088,45073,34891,6712.822916
21089,45074,34892,6712.856694
21090,45075,34893,6712.887703
21091,45076,34893,6712.887703
21092,45077,34894,6712.921478
21093,45078,34895,6712.953213
21094,45079,34896,6712.984907
21095,45080,34897,6713.018542
21096,45081,34897,6713.018542
21097,45082,34898,6713.048890
21098,45083,34899,6713.082045
21099,45084,34899,6713.082045
21100,45085,34900,6713.128957
21101,45086,34901,6713.161080
21102,45087,34902,6713.191723
21103,45088,34903,6713.223252
21104,45089,34903,6713.223252
21105,45090,34904,6713.255951
21106,45091,34905,6713.288923
21107,45092,34906,6713.320257
21108,45093,34907,6713.352531
21109,45094,34907,6713.352531
21110,45095,34908,6713.383478
21111,45096,34909,6713.417342
21112,45097,34909,6713.417342
21113,45098,34910,6713.464858
21114,45099,34911,6713.496018
21115,45100,34912,6713.528418
21116,45101,34913,6713.560980
21117,45102,34913,6713.560980
21118,45103,34914,6713.591120
21119,45104,34915,6713.624649
21120,45105,34916,6713.654906
21121,45106,34917,6713.689518
21122,45107,34917,6713.689518
21123,45108,34918,6713.720125
21124,45109,34919,6713.755150
21125,45110,34919,6713.755150
21126,45111,34920,6713.799993
21127,45112,34921,6713.832564
21128,45113,34922,6713.864726
21129,45114,34922,6713.864726
21130,45115,34923,6713.896664
21131,45116,34924,6713.929771
21132,45117,34925,6713.961885
21133,45118,34926,6713.994851
21134,45119,34927,6714.023997
21135,45120,34927,6714.023997
21136,45121,34928,6714.058905
21137,45122,34929,6714.087993
21138,45123,34929,6714.087993
21139,45124,34930,6714.136332
21140,45125,34931,6714.170737
21141,45126,34932,6714.199752
21142,45127,34933,6714.233057
21143,45128,34933,6714.233057
21144,45129,34934,6714.263759
21145,45130,34935,6714.297178
21146,45131,34936,6714.328067
21147,45132,34937,6714.360305
21148,45133,34937,6714.360305
21149,45134,34938,6714.393079
21150,45135,34939,6714.423860
21151,45136,34939,6714.423860
21152,45137,34940,6714.471464
21153,45138,34942,6714.508014
21154,45139,34943,6714.538656
21155,45140,34943,6714.538656
21156,45141,34943,6714.538656
21157,45142,34944,6714.599816
21158,45143,34945,6714.633938
21159,45144,34946,6714.664739
21160,45145,34947,6714.696974
21161,45146,34947,6714.696974
21162,45147,34948,6714.727857
21163,45148,34949,6714.760106
21164,45149,34950,6714.792014
21165,45150,34950,6714.792014
21166,45151,34951,6714.840339
21167,45152,34953,6714.874868
21168,45153,34954,6714.905216
21169,45154,34954,6714.905216
21170,45155,34955,6714.936066
21171,45156,34955,6714.936066
21172,45157,34956,6715.000227
21173,45158,34957,6715.034550
21174,45159,34957,6715.034550
21175,45160,34958,6715.065995
21176,45161,34959,6715.100007
21177,45162,34960,6715.129337
21178,45163,34960,6715.129337
21179,45164,34961,6715.176213
21180,45165,34963,6715.208966
21181,45166,34964,6715.241539
21182,45167,34964,6715.241539
21183,45168,34965,6715.270227
21184,45169,34966,6715.306778
21185,45170,34967,6715.335302
21186,45171,34967,6715.335302
21187,45172,34967,6715.335302
21188,45173,34968,6715.400946
21189,45174,34969,6715.432237
21190,45175,34970,6715.464877
21191,45176,34970,6715.464877
21192,45177,34971,6715.512051
21193,45178,34973,6715.546920
21194,45179,34974,6715.577117
21195,45180,34974,6715.577117
21196,45181,34975,6715.608898
21197,45182,34976,6715.642055
21198,45183,34977,6715.673249
21199,45184,34978,6715.704750
21200,45185,34978,6715.704750
21201,45186,34979,6715.736695
21202,45187,34979,6715.736695
21203,45188,34980,6715.801774
21204,45189,34980,6715.801774
21205,45190,34981,6715.847987
21206,45191,34983,6715.883513
21207,45192,34984,6715.913275
21208,45193,34984,6715.913275
21209,45194,34985,6715.944490
21210,45195,34986,6715.977567
21211,45196,34987,6716.007660
21212,45197,34988,6716.042753
21213,45198,34988,6716.042753
21214,45199,34989,6716.072755
21215,45200,34990,6716.103797
21216,45201,34991,6716.137636
21217,45202,34991,6716.137636
21218,45203,34991,6716.137636
21219,45204,34993,6716.217266
21220,45205,34994,6716.247982
21221,45206,34994,6716.247982
21222,45207,34995,6716.281567
21223,45208,34996,6716.312604
21224,45209,34997,6716.344981
21225,45210,34998,6716.377432
21226,45211,34998,6716.377432
21227,45212,34999,6716.409497
21228,45213,35000,6716.441949
21229,45214,35001,6716.472897
21230,45215,35002,6716.504740
21231,45216,35002,6716.504740
21232,45217,35003,6716.552032
21233,45218,35004,6716.583777
21234,45219,35004,6716.583777
21235,45220,35005,6716.615152
21236,45221,35006,6716.648480
21237,45222,35007,6716.678874
21238,45223,35008,6716.712488
21239,45224,35008,6716.712488
21240,45225,35009,6716.744592
21241,45226,35010,6716.776614
21242,45227,35011,6716.809361
21243,45228,35012,6716.840843
21244,45229,35012,6716.840843
21245,45230,35013,6716.888195
21246,45231,35014,6716.919747
21247,45232,35014,6716.919747
21248,45233,35015,6716.951506
21249,45234,35016,6716.983236
21250,45235,35017,6717.016992
21251,45236,35017,6717.016992
21252,45237,35018,6717.049732
21253,45238,35019,6717.079952
21254,45239,35020,6717.111764
21255,45240,35021,6717.145046
21256,45241,35022,6717.175825
21257,45242,35022,6717.175825
21258,45243,35023,6717.224546
21259,45244,35023,6717.224546
21260,45245,35024,6717.257426
21261,45246,35025,6717.287807
21262,45247,35026,6717.321388
21263,45248,35027,6717.351930
21264,45249,35028,6717.383459
21265,45250,35028,6717.383459
21266,45251,35029,6717.415953
21267,45252,35030,6717.449501
21268,45253,35031,6717.480562
21269,45254,35032,6717.513673
21270,45255,35032,6717.513673
21271,45256,35033,6717.561762
21272,45257,35033,6717.561762
21273,45258,35034,6717.593112
21274,45259,35035,6717.623458
21275,45260,35036,6717.657646
21276,45261,35037,6717.688483
21277,45262,35038,6717.720605
21278,45263,35038,6717.720605
21279,45264,35039,6717.752394
21280,45265,35040,6717.784894
21281,45266,35041,6717.818737
21282,45267,35042,6717.848074
21283,45268,35042,6717.848074
21284,45269,35043,6717.896151
21285,45270,35044,6717.928397
21286,45271,35044,6717.928397
21287,45272,35045,6717.961724
21288,45273,35046,6717.991430
21289,45274,35047,6718.022502
21290,45275,35048,6718.056467
21291,45276,35048,6718.056467
21292,45277,35049,6718.089470
21293,45278,35050,6718.122891
21294,45279,35051,6718.151709
21295,45280,35052,6718.184772
21296,45281,35052,6718.184772
21297,45282,35053,6718.216917
21298,45283,35053,6718.216917
21299,45284,35054,6718.264871
21300,45285,35055,6718.296336
21301,45286,35056,6718.328923
21302,45287,35057,6718.360933
21303,45288,35058,6718.392614
21304,45289,35058,6718.392614
21305,45290,35059,6718.424014
21306,45291,35060,6718.457070
21307,45292,35061,6718.488267
21308,45293,35062,6718.520398
21309,45294,35062,6718.520398
21310,45295,35063,6718.554621
21311,45296,35063,6718.554621
21312,45297,35064,6718.600579
21313,45298,35065,6718.632030
21314,45299,35066,6718.664467
21315,45300,35067,6718.696960
21316,45301,35068,6718.729614
21317,45302,35068,6718.729614
21318,45303,35069,6718.760174
21319,45304,35070,6718.791370
21320,45305,35071,6718.825080
21321,45306,35072,6718.856635
21322,45307,35072,6718.856635
21323,45308,35073,6718.886472
21324,45309,35073,6718.886472
21325,45310,35074,6718.937286
21326,45311,35075,6718.967045
21327,45312,35076,6718.999375
21328,45313,35077,6719.031867
21329,45314,35078,6719.064609
21330,45315,35078,6719.064609
21331,45316,35079,6719.096772
21332,45317,35080,6719.128119
21333,45318,35081,6719.159958
21334,45319,35082,6719.192043
21335,45320,35082,6719.192043
21336,45321,35083,6719.223922
21337,45322,35084,6719.271718
21338,45323,35084,6719.271718
21339,45324,35086,6719.307070
21340,45325,35087,6719.336795
21341,45326,35087,6719.336795
21342,45327,35088,6719.400067
21343,45328,35088,6719.400067
21344,45329,35089,6719.432179
21345,45330,35090,6719.462668
21346,45331,35091,6719.495576
21347,45332,35092,6719.527648
21348,45333,35092,6719.527648
21349,45334,35093,6719.560349
21350,45335,35093,6719.560349
21351,45336,35094,6719.608348
21352,45337,35096,6719.643764
21353,45338,35097,6719.672928
21354,45339,35098,6719.704927
21355,45340,35098,6719.704927
21356,45341,35099,6719.736778
21357,45342,35099,6719.736778
21358,45343,35100,6719.801978
21359,45344,35101,6719.834529
21360,45345,35102,6719.864144
21361,45346,35102,6719.864144
21362,45347,35103,6719.897291
21363,45348,35104,6719.929743
21364,45349,35104,6719.929743
21365,45350,35106,6719.980969
21366,45351,35107,6720.007921
21367,45352,35108,6720.041969
21368,45353,35108,6720.041969
21369,45354,35109,6720.072406
21370,45355,35110,6720.105006
21371,45356,35111,6720.137002
21372,45357,35111,6720.137002
21373,45358,35111,6720.137002
21374,45359,35112,6720.201591
21375,45360,35113,6720.233581
21376,45361,35114,6720.265572
21377,45362,35114,6720.265572
21378,45363,35115,6720.312782
21379,45364,35117,6720.346950
21380,45365,35118,6720.376584
21381,45366,35118,6720.376584
21382,45367,35119,6720.408119
21383,45368,35120,6720.441371
21384,45369,35121,6720.472588
21385,45370,35122,6720.505854
21386,45371,35122,6720.505854
21387,45372,35123,6720.536951
21388,45373,35123,6720.536951
21389,45374,35124,6720.599680
21390,45375,35124,6720.599680
21391,45376,35125,6720.647604
21392,45377,35127,6720.682080
21393,45378,35128,6720.714751
21394,45379,35128,6720.714751
21395,45380,35129,6720.744338
21396,45381,35130,6720.776858
21397,45382,35131,6720.807968
21398,45383,35132,6720.841622
21399,45384,35132,6720.841622
21400,45385,35133,6720.872638
21401,45386,35134,6720.904518
21402,45387,35135,6720.936823
21403,45388,35135,6720.936823
21404,45389,35135,6720.936823
21405,45390,35137,6721.019287
21406,45391,35138,6721.050302
21407,45392,35139,6721.080374
21408,45393,35139,6721.080374
21409,45394,35140,6721.111277
21410,45395,35141,6721.143786
21411,45396,35142,6721.174807
21412,45397,35143,6721.209759
21413,45398,35143,6721.209759
21414,45399,35144,6721.241275
21415,45400,35145,6721.273283
21416,45401,35145,6721.273283
21417,45402,35146,6721.319188
21418,45403,35147,6721.352389
21419,45404,35148,6721.384513
21420,45405,35148,6721.384513
21421,45406,35149,6721.417031
21422,45407,35150,6721.447532
21423,45408,35151,6721.480218
21424,45409,35152,6721.512471
21425,45410,35153,6721.544828
21426,45411,35153,6721.544828
21427,45412,35154,6721.576164
21428,45413,35155,6721.608614
21429,45414,35156,6721.638831
21430,45415,35156,6721.638831
21431,45416,35157,6721.687201
21432,45417,35158,6721.721072
21433,45418,35158,6721.721072
21434,45419,35159,6721.752137
21435,45420,35160,6721.783857
21436,45421,35161,6721.817201
21437,45422,35162,6721.849512
21438,45423,35163,6721.879700
21439,45424,35163,6721.879700
21440,45425,35164,6721.912871
21441,45426,35165,6721.944733
21442,45427,35166,6721.976258
21443,45428,35166,6721.976258
21444,45429,35167,6722.024534
21445,45430,35168,6722.056565
21446,45431,35168,6722.056565
21447,45432,35169,6722.088046
21448,45433,35170,6722.118996
21449,45434,35171,6722.153701
21450,45435,35172,6722.185475
21451,45436,35173,6722.216365
21452,45437,35173,6722.216365
21453,45438,35174,6722.247234
21454,45439,35175,6722.282143
21455,45440,35176,6722.312224
21456,45441,35176,6722.312224
21457,45442,35177,6722.360028
21458,45443,35178,6722.392899
21459,45444,35178,6722.392899
21460,45445,35179,6722.424536
21461,45446,35180,6722.456850
21462,45447,35181,6722.488516
21463,45448,35182,6722.520659
21464,45449,35183,6722.551848
21465,45450,35183,6722.551848
21466,45451,35184,6722.585392
21467,45452,35185,6722.616254
21468,45453,35186,6722.649951
21469,45454,35186,6722.649951
21470,45455,35187,6722.697510
21471,45456,35188,6722.728282
21472,45457,35188,6722.728282
21473,45458,35189,6722.760252
21474,45459,35190,6722.793408
21475,45460,35191,6722.825384
21476,45461,35192,6722.856212
21477,45462,35192,6722.856212
21478,45463,35193,6722.888602
21479,45464,35194,6722.918972
21480,45465,35195,6722.952028
21481,45466,35196,6722.984575
21482,45467,35196,6722.984575
21483,45468,35197,6723.033490
21484,45469,35198,6723.063832
21485,45470,35198,6723.063832
21486,45471,35199,6723.098106
21487,45472,35200,6723.127801
21488,45473,35201,6723.161792
21489,45474,35202,6723.191899
21490,45475,35202,6723.191899
21491,45476,35203,6723.225161
21492,45477,35204,6723.256494
21493,45478,35205,6723.288998
21494,45479,35206,6723.320064
21495,45480,35206,6723.320064
21496,45481,35207,6723.368009
21497,45482,35207,6723.368009
21498,45483,35208,6723.401361
21499,45484,35209,6723.433310
21500,45485,35210,6723.465561
21501,45486,35211,6723.496558
21502,45487,35212,6723.528437
21503,45488,35212,6723.528437
21504,45489,35213,6723.561097
21505,45490,35214,6723.593361
21506,45491,35215,6723.624522
21507,45492,35216,6723.657840
21508,45493,35216,6723.657840
21509,45494,35217,6723.688911
21510,45495,35217,6723.688911
21511,45496,35218,6723.736565
21512,45497,35219,6723.767750
21513,45498,35220,6723.801741
21514,45499,35221,6723.832991
21515,45500,35222,6723.864622
21516,45501,35222,6723.864622
21517,45502,35223,6723.897512
21518,45503,35224,6723.928376
21519,45504,35225,6723.958880
21520,45505,35226,6723.994586
21521,45506,35226,6723.994586
21522,45507,35227,6724.024856
21523,45508,35227,6724.024856
21524,45509,35228,6724.073002
21525,45510,35230,6724.107846
21526,45511,35231,6724.134988
21527,45512,35231,6724.134988
21528,45513,35232,6724.200206
21529,45514,35232,6724.200206
21530,45515,35233,6724.232147
21531,45516,35234,6724.263662
21532,45517,35235,6724.296143
21533,45518,35236,6724.328105
21534,45519,35236,6724.328105
21535,45520,35237,6724.360267
21536,45521,35237,6724.360267
21537,45522,35238,6724.408178
21538,45523,35240,6724.442425
21539,45524,35241,6724.471136
21540,45525,35242,6724.503868
21541,45526,35242,6724.503868
21542,45527,35243,6724.537752
21543,45528,35243,6724.537752
21544,45529,35244,6724.599241
21545,45530,35245,6724.632139
21546,45531,35246,6724.664667
21547,45532,35246,6724.664667
21548,45533,35247,6724.696639
21549,45534,35247,6724.696639
21550,45535,35248,6724.743775
21551,45536,35250,6724.779512
21552,45537,35251,6724.807197
21553,45538,35252,6724.840151
21554,45539,35252,6724.840151
21555,45540,35253,6724.872688
21556,45541,35254,6724.902747
21557,45542,35255,6724.937337
21558,45543,35255,6724.937337
21559,45544,35256,6724.999798
21560,45545,35256,6724.999798
21561,45546,35257,6725.033642
21562,45547,35258,6725.079334
21563,45548,35258,6725.079334
21564,45549,35260,6725.118683
21565,45550,35261,6725.144695
21566,45551,35262,6725.177504
21567,45552,35263,6725.209221
21568,45553,35263,6725.209221
21569,45554,35264,6725.240691
21570,45555,35265,6725.273247
21571,45556,35266,6725.304984
21572,45557,35267,6725.336266
21573,45558,35267,6725.336266
21574,45559,35268,6725.369119
21575,45560,35268,6725.369119
21576,45561,35268,6725.369119
21577,45562,35269,6725.448460
21578,45563,35271,6725.483395
21579,45564,35272,6725.512567
21580,45565,35272,6725.512567
21581,45566,35273,6725.544579
21582,45567,35274,6725.576455
21583,45568,35275,6725.609076
21584,45569,35276,6725.641015
21585,45570,35276,6725.641015
21586,45571,35277,6725.673011
21587,45572,35278,6725.704577
21588,45573,35279,6725.736107
21589,45574,35279,6725.736107
21590,45575,35279,6725.736107
21591,45576,35281,6725.817445
21592,45577,35282,6725.849549
21593,45578,35282,6725.849549
21594,45579,35283,6725.882106
21595,45580,35284,6725.915210
21596,45581,35285,6725.944533
21597,45582,35286,6725.975914
21598,45583,35287,6726.007947
21599,45584,35287,6726.007947
21600,45585,35288,6726.039111
21601,45586,35289,6726.072887
21602,45587,35289,6726.072887
21603,45588,35290,6726.124743
21604,45589,35291,6726.153473
21605,45590,35292,6726.184669
21606,45591,35293,6726.216843
21607,45592,35293,6726.216843
21608,45593,35294,6726.247438
21609,45594,35295,6726.279994
21610,45595,35296,6726.313092
21611,45596,35297,6726.344827
21612,45597,35297,6726.344827
21613,45598,35298,6726.376286
21614,45599,35299,6726.409324
21615,45600,35299,6726.409324
21616,45601,35300,6726.456587
21617,45602,35301,6726.489875
21618,45603,35302,6726.522457
21619,45604,35303,6726.552040
21620,45605,35303,6726.552040
21621,45606,35304,6726.584824
21622,45607,35305,6726.616149
21623,45608,35306,6726.650125
21624,45609,35307,6726.680075
21625,45610,35307,6726.680075
21626,45611,35308,6726.712876
21627,45612,35309,6726.745287
21628,45613,35309,6726.745287
21629,45614,35310,6726.791173
21630,45615,35311,6726.823571
21631,45616,35312,6726.856789
21632,45617,35313,6726.889015
21633,45618,35313,6726.889015
21634,45619,35314,6726.921182
21635,45620,35315,6726.951700
21636,45621,35316,6726.984849
21637,45622,35317,6727.015647
21638,45623,35317,6727.015647
21639,45624,35318,6727.047143
21640,45625,35319,6727.082436
21641,45626,35320,6727.112252
21642,45627,35320,6727.112252
21643,45628,35321,6727.160197
21644,45629,35322,6727.190999
21645,45630,35322,6727.190999
21646,45631,35323,6727.226221
21647,45632,35324,6727.256564
21648,45633,35325,6727.287970
21649,45634,35326,6727.321174
21650,45635,35327,6727.353592
21651,45636,35327,6727.353592
21652,45637,35328,6727.384586
21653,45638,35329,6727.416293
21654,45639,35330,6727.449216
21655,45640,35330,6727.449216
21656,45641,35331,6727.496368
21657,45642,35332,6727.528310
21658,45643,35333,6727.560097
21659,45644,35333,6727.560097
21660,45645,35334,6727.590530
21661,45646,35335,6727.625019
21662,45647,35336,6727.656703
21663,45648,35337,6727.689649
21664,45649,35337,6727.689649
21665,45650,35338,6727.720177
21666,45651,35339,6727.754233
21667,45652,35340,6727.784646
21668,45653,35340,6727.784646
21669,45654,35341,6727.833647
21670,45655,35342,6727.864969
21671,45656,35343,6727.896538
21672,45657,35343,6727.896538
21673,45658,35344,6727.928702
21674,45659,35345,6727.961914
21675,45660,35346,6727.992632
21676,45661,35347,6728.025844
21677,45662,35347,6728.025844
21678,45663,35348,6728.056597
21679,45664,35349,6728.088943
21680,45665,35350,6728.121377
21681,45666,35350,6728.121377
21682,45667,35351,6728.168618
21683,45668,35352,6728.200034
21684,45669,35353,6728.230664
21685,45670,35353,6728.230664
21686,45671,35354,6728.262812
21687,45672,35355,6728.294944
21688,45673,35356,6728.328542
21689,45674,35357,6728.360194
21690,45675,35357,6728.360194
21691,45676,35358,6728.393163
21692,45677,35359,6728.424831
21693,45678,35360,6728.456384
21694,45679,35360,6728.456384
21695,45680,35361,6728.504833
21696,45681,35363,6728.539725
21697,45682,35363,6728.539725
21698,45683,35363,6728.539725
21699,45684,35364,6728.600011
21700,45685,35365,6728.631365
21701,45686,35366,6728.664967
21702,45687,35367,6728.696721
21703,45688,35367,6728.696721
21704,45689,35368,6728.727621
21705,45690,35369,6728.762035
21706,45691,35370,6728.791930
21707,45692,35371,6728.824510
21708,45693,35371,6728.824510
21709,45694,35373,6728.874522
21710,45695,35373,6728.874522
21711,45696,35374,6728.903879
21712,45697,35375,6728.934877
21713,45698,35375,6728.934877
21714,45699,35376,6728.999082
21715,45700,35377,6729.034576
21716,45701,35377,6729.034576
21717,45702,35378,6729.064700
21718,45703,35379,6729.094875
21719,45704,35380,6729.128445
21720,45705,35381,6729.160589
21721,45706,35381,6729.160589
21722,45707,35382,6729.208552
21723,45708,35382,6729.208552
21724,45709,35384,6729.243835
21725,45710,35385,6729.272856
21726,45711,35386,6729.304829
21727,45712,35387,6729.335155
21728,45713,35387,6729.335155
21729,45714,35387,6729.335155
21730,45715,35388,6729.401620
21731,45716,35389,6729.435289
21732,45717,35390,6729.464575
21733,45718,35391,6729.496247
21734,45719,35391,6729.496247
21735,45720,35392,6729.545335
21736,45721,35393,6729.576004
21737,45722,35394,6729.578709
21738,45723,35395,6729.608744
21739,45724,35396,6729.639108
21740,45725,35397,6729.672745
21741,45726,35398,6729.704876
21742,45727,35398,6729.704876
21743,45728,35399,6729.735093
21744,45729,35399,6729.735093
21745,45730,35400,6729.801104
21746,45731,35401,6729.834705
21747,45732,35401,6729.834705
21748,45733,35402,6729.880178
21749,45734,35404,6729.915959
21750,45735,35404,6729.915959
21751,45736,35405,6729.944920
21752,45737,35406,6729.974745
21753,45738,35407,6730.008656
21754,45739,35408,6730.042104
21755,45740,35408,6730.042104
21756,45741,35409,6730.072802
21757,45742,35410,6730.105454
21758,45743,35411,6730.135057
21759,45744,35411,6730.135057
21760,45745,35411,6730.135057
21761,45746,35412,6730.216191
21762,45747,35414,6730.251418
21763,45748,35414,6730.251418
21764,45749,35415,6730.280222
21765,45750,35416,6730.313455
21766,45751,35417,6730.343482
21767,45752,35418,6730.376549
21768,45753,35419,6730.408235
21769,45754,35419,6730.408235
21770,45755,35420,6730.441463
21771,45756,35421,6730.471836
21772,45757,35422,6730.502825
21773,45758,35423,6730.535430
21774,45759,35423,6730.535430
21775,45760,35424,6730.585025
21776,45761,35424,6730.585025
21777,45762,35425,6730.616159
21778,45763,35426,6730.648050
21779,45764,35427,6730.681248
21780,45765,35428,6730.712389
21781,45766,35428,6730.712389
21782,45767,35429,6730.746447
21783,45768,35430,6730.776609
21784,45769,35431,6730.808063
21785,45770,35432,6730.839856
21786,45771,35433,6730.871634
21787,45772,35433,6730.871634
21788,45773,35434,6730.922121
21789,45774,35434,6730.922121
21790,45775,35435,6730.952582
21791,45776,35436,6730.983420
21792,45777,35437,6731.014937
21793,45778,35438,6731.047845
21794,45779,35438,6731.047845
21795,45780,35439,6731.081659
21796,45781,35440,6731.112628
21797,45782,35441,6731.142731
21798,45783,35442,6731.176310
21799,45784,35443,6731.207559
21800,45785,35443,6731.207559
21801,45786,35444,6731.256497
21802,45787,35444,6731.256497
21803,45788,35445,6731.289415
21804,45789,35446,6731.320076
21805,45790,35447,6731.351556
21806,45791,35448,6731.384552
21807,45792,35448,6731.384552
21808,45793,35449,6731.417088
21809,45794,35450,6731.447692
21810,45795,35451,6731.480695
21811,45796,35452,6731.512452
21812,45797,35453,6731.544407
21813,45798,35453,6731.544407
21814,45799,35454,6731.593819
21815,45800,35455,6731.622449
21816,45801,35455,6731.622449
21817,45802,35456,6731.656409
21818,45803,35457,6731.687904
21819,45804,35458,6731.718867
21820,45805,35458,6731.718867
21821,45806,35459,6731.752492
21822,45807,35460,6731.784603
21823,45808,35461,6731.815792
21824,45809,35462,6731.847902
21825,45810,35462,6731.847902
21826,45811,35463,6731.882322
21827,45812,35464,6731.928927
21828,45813,35464,6731.928927
21829,45814,35465,6731.959955
21830,45815,35466,6731.991585
21831,45816,35467,6732.025667
21832,45817,35468,6732.057357
21833,45818,35468,6732.057357
21834,45819,35469,6732.089099
21835,45820,35470,6732.120609
21836,45821,35471,6732.154014
21837,45822,35472,6732.184934
21838,45823,35473,6732.215517
21839,45824,35473,6732.215517
21840,45825,35474,6732.265298
21841,45826,35474,6732.265298
21842,45827,35475,6732.296149
21843,45828,35476,6732.328124
21844,45829,35477,6732.360815
21845,45830,35478,6732.393970
21846,45831,35478,6732.393970
21847,45832,35479,6732.424843
21848,45833,35480,6732.455919
21849,45834,35481,6732.488774
21850,45835,35482,6732.520223
21851,45836,35483,6732.551943
21852,45837,35483,6732.551943
21853,45838,35484,6732.584799
21854,45839,35484,6732.584799
21855,45840,35485,6732.632700
21856,45841,35486,6732.664572
21857,45842,35487,6732.696852
21858,45843,35488,6732.727727
21859,45844,35488,6732.727727
21860,45845,35489,6732.760590
21861,45846,35490,6732.792159
21862,45847,35491,6732.823637
21863,45848,35492,6732.855155
21864,45849,35493,6732.889735
21865,45850,35493,6732.889735
21866,45851,35494,6732.921215
21867,45852,35494,6732.921215
21868,45853,35495,6732.970114
21869,45854,35496,6733.000684
21870,45855,35497,6733.032785
21871,45856,35498,6733.067174
21872,45857,35499,6733.097957
21873,45858,35499,6733.097957
21874,45859,35500,6733.127965
21875,45860,35501,6733.162322
21876,45861,35502,6733.193398
21877,45862,35503,6733.224626
21878,45863,35503,6733.224626
21879,45864,35504,6733.257351
21880,45865,35505,6733.303686
21881,45866,35505,6733.303686
21882,45867,35507,6733.339542
21883,45868,35507,6733.339542
21884,45869,35508,6733.400077
21885,45870,35509,6733.432402
21886,45871,35509,6733.432402
21887,45872,35510,6733.464743
21888,45873,35511,6733.497119
21889,45874,35512,6733.527848
21890,45875,35513,6733.562613
21891,45876,35513,6733.562613
21892,45877,35514,6733.592485
21893,45878,35515,6733.640291
21894,45879,35515,6733.640291
21895,45880,35517,6733.674474
21896,45881,35518,6733.704196
21897,45882,35519,6733.734819
21898,45883,35519,6733.734819
21899,45884,35519,6733.734819
21900,45885,35520,6733.799691
21901,45886,35521,6733.832836
21902,45887,35522,6733.864994
21903,45888,35523,6733.896265
21904,45889,35523,6733.896265
21905,45890,35524,6733.927304
21906,45891,35524,6733.927304
21907,45892,35525,6733.976702
21908,45893,35527,6734.009555
21909,45894,35528,6734.040252
21910,45895,35529,6734.072015
21911,45896,35530,6734.104945
21912,45897,35530,6734.104945
21913,45898,35531,6734.137381
21914,45899,35531,6734.137381
21915,45900,35532,6734.200872
21916,45901,35533,6734.233099
21917,45902,35533,6734.233099
21918,45903,35534,6734.263716
21919,45904,35535,6734.296632
21920,45905,35535,6734.296632
21921,45906,35536,6734.344670
21922,45907,35538,6734.379516
21923,45908,35539,6734.408584
21924,45909,35540,6734.440597
21925,45910,35540,6734.440597
21926,45911,35541,6734.471472
21927,45912,35542,6734.505021
21928,45913,35543,6734.536762
21929,45914,35543,6734.536762
21930,45915,35543,6734.536762
21931,45916,35544,6734.601221
21932,45917,35545,6734.633610
21933,45918,35545,6734.633610
21934,45919,35546,6734.679314
21935,45920,35548,6734.714709
21936,45921,35549,6734.745533
21937,45922,35550,6734.776838
21938,45923,35550,6734.776838
21939,45924,35551,6734.807730
21940,45925,35552,6734.839726
21941,45926,35553,6734.872783
21942,45927,35554,6734.904750
21943,45928,35554,6734.904750
21944,45929,35555,6734.936862
21945,45930,35555,6734.936862
21946,45931,35555,6734.936862
21947,45932,35556,6735.016359
21948,45933,35558,6735.051339
21949,45934,35559,6735.080896
21950,45935,35560,6735.111755
21951,45936,35560,6735.111755
21952,45937,35561,6735.144760
21953,45938,35562,6735.175914
21954,45939,35563,6735.208851
21955,45940,35564,6735.240562
21956,45941,35564,6735.240562
21957,45942,35565,6735.271297
21958,45943,35566,6735.305153
21959,45944,35566,6735.305153
21960,45945,35567,6735.352780
21961,45946,35568,6735.386694
21962,45947,35569,6735.418406
21963,45948,35570,6735.447846
21964,45949,35570,6735.447846
21965,45950,35571,6735.481574
21966,45951,35572,6735.513771
21967,45952,35573,6735.546976
21968,45953,35574,6735.576857
21969,45954,35574,6735.576857
21970,45955,35575,6735.609681
21971,45956,35576,6735.641461
21972,45957,35576,6735.641461
21973,45958,35577,6735.689655
21974,45959,35578,6735.721633
21975,45960,35579,6735.754913
21976,45961,35580,6735.785221
21977,45962,35580,6735.785221
21978,45963,35581,6735.817123
21979,45964,35582,6735.848574
21980,45965,35583,6735.881382
21981,45966,35584,6735.914432
21982,45967,35584,6735.914432
21983,45968,35585,6735.946429
21984,45969,35586,6735.976577
21985,45970,35587,6736.008973
21986,45971,35587,6736.008973
21987,45972,35588,6736.056793
21988,45973,35589,6736.089697
21989,45974,35590,6736.121602
21990,45975,35591,6736.152058
21991,45976,35591,6736.152058
21992,45977,35592,6736.183507
21993,45978,35593,6736.216964
21994,45979,35594,6736.247986
21995,45980,35595,6736.280204
21996,45981,35595,6736.280204
21997,45982,35596,6736.312484
21998,45983,35597,6736.345187
21999,45984,35597,6736.345187
22000,45985,35598,6736.390807
22001,45986,35599,6736.423010
22002,45987,35600,6736.456847
22003,45988,35601,6736.487591
22004,45989,35601,6736.487591
22005,45990,35602,6736.520433
22006,45991,35603,6736.552847
22007,45992,35604,6736.585407
22008,45993,35605,6736.615599
22009,45994,35605,6736.615599
22010,45995,35606,6736.647574
22011,45996,35607,6736.680734
22012,45997,35607,6736.680734
22013,45998,35608,6736.727786
22014,45999,35609,6736.760885
22015,46000,35610,6736.791858
22016,46001,35610,6736.791858
22017,46002,35611,6736.827748
22018,46003,35612,6736.855136
22019,46004,35613,6736.889086
22020,46005,35614,6736.922208
22021,46006,35615,6736.951598
22022,46007,35615,6736.951598
22023,46008,35616,6736.983556
22024,46009,35617,6737.014624
22025,46010,35617,6737.014624
22026,46011,35618,6737.064535
22027,46012,35619,6737.096113
22028,46013,35620,6737.127512
22029,46014,35620,6737.127512
22030,46015,35621,6737.161260
22031,46016,35622,6737.194907
22032,46017,35623,6737.224679
22033,46018,35624,6737.256916
22034,46019,35625,6737.287597
22035,46020,35625,6737.287597
22036,46021,35626,6737.319909
22037,46022,35627,6737.351469
22038,46023,35627,6737.351469
22039,46024,35628,6737.400167
22040,46025,35629,6737.432981
22041,46026,35630,6737.463832
22042,46027,35630,6737.463832
22043,46028,35631,6737.497733
22044,46029,35632,6737.528033
22045,46030,35633,6737.561661
22046,46031,35634,6737.592333
22047,46032,35634,6737.592333
22048,46033,35635,6737.626377
22049,46034,35636,6737.657243
22050,46035,35637,6737.688576
22051,46036,35638,6737.720758
22052,46037,35638,6737.720758
22053,46038,35639,6737.769816
22054,46039,35640,6737.800339
22055,46040,35640,6737.800339
22056,46041,35641,6737.832675
22057,46042,35642,6737.864808
22058,46043,35643,6737.896787
22059,46044,35644,6737.928535
22060,46045,35645,6737.960492
22061,46046,35645,6737.960492
22062,46047,35646,6737.993107
22063,46048,35647,6738.024796
22064,46049,35648,6738.056184
22065,46050,35648,6738.056184
22066,46051,35649,6738.103536
22067,46052,35651,6738.139877
22068,46053,35651,6738.139877
22069,46054,35651,6738.139877
22070,46055,35652,6738.200406
22071,46056,35653,6738.230536
22072,46057,35654,6738.263909
22073,46058,35655,6738.297808
22074,46059,35655,6738.297808
22075,46060,35656,6738.328759
22076,46061,35657,6738.359975
22077,46062,35658,6738.391675
22078,46063,35658,6738.391675
22079,46064,35659,6738.440133
22080,46065,35661,6738.474845
22081,46066,35662,6738.505365
22082,46067,35662,6738.505365
22083,46068,35663,6738.536598
22084,46069,35663,6738.536598
22085,46070,35664,6738.599958
22086,46071,35665,6738.631827
22087,46072,35665,6738.631827
22088,46073,35666,6738.664436
22089,46074,35667,6738.696915
22090,46075,35668,6738.728547
22091,46076,35668,6738.728547
22092,46077,35669,6738.776313
22093,46078,35671,6738.810764
22094,46079,35671,6738.810764
22095,46080,35672,6738.840267
22096,46081,35673,6738.873209
22097,46082,35674,6738.905088
22098,46083,35675,6738.936660
22099,46084,35675,6738.936660
22100,46085,35675,6738.936660
22101,46086,35676,6739.000141
22102,46087,35677,6739.031650
22103,46088,35678,6739.066122
22104,46089,35678,6739.066122
22105,46090,35679,6739.112898
22106,46091,35681,6739.147860
22107,46092,35682,6739.175831
22108,46093,35682,6739.175831
22109,46094,35683,6739.208828
22110,46095,35684,6739.242549
22111,46096,35685,6739.271436
22112,46097,35686,6739.304364
22113,46098,35686,6739.304364
22114,46099,35687,6739.336669
22115,46100,35687,6739.336669
22116,46101,35688,6739.402546
22117,46102,35689,6739.432065
22118,46103,35689,6739.432065
22119,46104,35691,6739.483705
22120,46105,35691,6739.483705
22121,46106,35692,6739.511528
22122,46107,35693,6739.544716
22123,46108,35694,6739.576999
22124,46109,35695,6739.608871
22125,46110,35695,6739.608871
22126,46111,35696,6739.641842
22127,46112,35697,6739.671739
22128,46113,35698,6739.704739
22129,46114,35699,6739.738240
22130,46115,35699,6739.738240
22131,46116,35699,6739.738240
22132,46117,35700,6739.816434
22133,46118,35700,6739.816434
22134,46119,35702,6739.851868
22135,46120,35703,6739.879527
22136,46121,35704,6739.912615
22137,46122,35705,6739.945331
22138,46123,35705,6739.945331
22139,46124,35706,6739.976945
22140,46125,35707,6740.007296
22141,46126,35708,6740.041114
22142,46127,35709,6740.071786
22143,46128,35709,6740.071786
22144,46129,35710,6740.104132
22145,46130,35711,6740.153046
22146,46131,35711,6740.153046
22147,46132,35712,6740.183051
22148,46133,35713,6740.217093
22149,46134,35714,6740.248961
22150,46135,35715,6740.280793
22151,46136,35715,6740.280793
22152,46137,35716,6740.311781
22153,46138,35717,6740.344641
22154,46139,35718,6740.376694
22155,46140,35719,6740.409373
22156,46141,35719,6740.409373
22157,46142,35720,6740.440394
22158,46143,35721,6740.487168
22159,46144,35721,6740.487168
22160,46145,35722,6740.519614
22161,46146,35723,6740.551633
22162,46147,35724,6740.582987
22163,46148,35725,6740.616235
22164,46149,35725,6740.616235
22165,46150,35726,6740.647894
22166,46151,35727,6740.680432
22167,46152,35728,6740.712245
22168,46153,35729,6740.744453
22169,46154,35729,6740.744453
22170,46155,35730,6740.776585
22171,46156,35731,6740.824729
22172,46157,35731,6740.824729
22173,46158,35732,6740.856738
22174,46159,35733,6740.889717
22175,46160,35734,6740.921022
22176,46161,35735,6740.951500
22177,46162,35735,6740.951500
22178,46163,35736,6740.984984
22179,46164,35737,6741.015992
22180,46165,35738,6741.048791
22181,46166,35739,6741.080538
22182,46167,35739,6741.080538
22183,46168,35740,6741.112211
22184,46169,35740,6741.112211
22185,46170,35741,6741.161711
22186,46171,35742,6741.191143
22187,46172,35743,6741.224716
22188,46173,35744,6741.254889
22189,46174,35745,6741.287903
22190,46175,35745,6741.287903
22191,46176,35746,6741.320656
22192,46177,35747,6741.353010
22193,46178,35748,6741.384574
22194,46179,35749,6741.415691
22195,46180,35749,6741.415691
22196,46181,35750,6741.449780
22197,46182,35751,6741.480672
22198,46183,35751,6741.480672
22199,46184,35752,6741.527469
22200,46185,35753,6741.561056
22201,46186,35754,6741.593817
22202,46187,35754,6741.593817
22203,46188,35755,6741.623892
22204,46189,35756,6741.658022
22205,46190,35757,6741.687118
22206,46191,35758,6741.720186
22207,46192,35759,6741.751225
22208,46193,35759,6741.751225
22209,46194,35760,6741.784824
22210,46195,35761,6741.816088
22211,46196,35761,6741.816088
22212,46197,35762,6741.867012
22213,46198,35763,6741.895106
22214,46199,35764,6741.931068
22215,46200,35764,6741.931068
22216,46201,35765,6741.961618
22217,46202,35766,6741.992436
22218,46203,35767,6742.023009
22219,46204,35768,6742.056286
22220,46205,35768,6742.056286
22221,46206,35769,6742.088321
22222,46207,35770,6742.121862
22223,46208,35771,6742.152115
22224,46209,35771,6742.152115
22225,46210,35772,6742.199989
22226,46211,35773,6742.233404
22227,46212,35774,6742.263880
22228,46213,35774,6742.263880
22229,46214,35775,6742.295864
22230,46215,35776,6742.327916
22231,46216,35777,6742.360731
22232,46217,35778,6742.392535
22233,46218,35778,6742.392535
22234,46219,35779,6742.423012
22235,46220,35780,6742.456139
22236,46221,35781,6742.487935
22237,46222,35781,6742.487935
22238,46223,35782,6742.536460
22239,46224,35783,6742.569826
22240,46225,35784,6742.599345
22241,46226,35784,6742.599345
22242,46227,35785,6742.631812
22243,46228,35786,6742.665362
22244,46229,35787,6742.696806
22245,46230,35788,6742.728887
22246,46231,35788,6742.728887
22247,46232,35789,6742.760874
22248,46233,35790,6742.791087
22249,46234,35791,6742.824671
22250,46235,35791,6742.824671
22251,46236,35792,6742.873526
22252,46237,35794,6742.906670
22253,46238,35795,6742.935563
22254,46239,35795,6742.935563
22255,46240,35795,6742.935563
22256,46241,35796,6743.001096
22257,46242,35797,6743.031850
22258,46243,35797,6743.031850
22259,46244,35798,6743.064377
22260,46245,35799,6743.096260
22261,46246,35800,6743.130152
22262,46247,35801,6743.161249
22263,46248,35801,6743.161249
22264,46249,35802,6743.194117
22265,46250,35803,6743.240567
22266,46251,35803,6743.240567
22267,46252,35805,6743.276174
22268,46253,35806,6743.303861
22269,46254,35807,6743.334954
22270,46255,35807,6743.334954
22271,46256,35808,6743.399728
22272,46257,35808,6743.399728
22273,46258,35809,6743.432487
22274,46259,35810,6743.463494
22275,46260,35811,6743.497348
22276,46261,35812,6743.528951
22277,46262,35812,6743.528951
22278,46263,35813,6743.577275
22279,46264,35813,6743.577275
22280,46265,35815,6743.610953
22281,46266,35816,6743.639742
22282,46267,35817,6743.672323
22283,46268,35818,6743.704643
22284,46269,35819,6743.734850
22285,46270,35819,6743.734850
22286,46271,35819,6743.734850
22287,46272,35820,6743.799922
22288,46273,35821,6743.832144
22289,46274,35821,6743.832144
22290,46275,35822,6743.864095
22291,46276,35823,6743.913579
22292,46277,35823,6743.913579
22293,46278,35825,6743.946020
22294,46279,35826,6743.975078
22295,46280,35827,6744.008926
22296,46281,35828,6744.039675
22297,46282,35828,6744.039675
22298,46283,35829,6744.072009
22299,46284,35830,6744.104693
22300,46285,35831,6744.136225
22301,46286,35831,6744.136225
22302,46287,35831,6744.136225
22303,46288,35832,6744.198473
22304,46289,35833,6744.248482
22305,46290,35833,6744.248482
22306,46291,35835,6744.285186
22307,46292,35836,6744.312801
22308,46293,35837,6744.344704
22309,46294,35838,6744.376480
22310,46295,35838,6744.376480
22311,46296,35839,6744.407979
22312,46297,35840,6744.441943
22313,46298,35841,6744.472367
22314,46299,35842,6744.504775
22315,46300,35842,6744.504775
22316,46301,35843,6744.535713
22317,46302,35843,6744.535713
22318,46303,35843,6744.535713
22319,46304,35845,6744.619893
22320,46305,35846,6744.648208
22321,46306,35847,6744.681003
22322,46307,35847,6744.681003
22323,46308,35848,6744.713638
22324,46309,35849,6744.745340
22325,46310,35850,6744.776387
22326,46311,35851,6744.808281
22327,46312,35852,6744.840203
22328,46313,35852,6744.840203
22329,46314,35853,6744.871485
22330,46315,35854,6744.905162
22331,46316,35854,6744.905162
22332,46317,35855,6744.952071
22333,46318,35856,6744.986159
22334,46319,35857,6745.015017
22335,46320,35858,6745.048578
22336,46321,35858,6745.048578
22337,46322,35859,6745.079011
22338,46323,35860,6745.112025
22339,46324,35861,6745.143774
22340,46325,35862,6745.177109
22341,46326,35862,6745.177109
22342,46327,35863,6745.208297
22343,46328,35864,6745.238849
22344,46329,35864,6745.238849
22345,46330,35865,6745.288636
22346,46331,35866,6745.320309
22347,46332,35867,6745.351765
22348,46333,35868,6745.384596
22349,46334,35868,6745.384596
22350,46335,35869,6745.416606
22351,46336,35870,6745.448722
22352,46337,35871,6745.480289
22353,46338,35872,6745.512304
22354,46339,35872,6745.512304
22355,46340,35873,6745.543529
22356,46341,35874,6745.576197
22357,46342,35874,6745.576197
22358,46343,35875,6745.625378
22359,46344,35876,6745.656549
22360,46345,35877,6745.687757
22361,46346,35877,6745.687757
22362,46347,35878,6745.719744
22363,46348,35879,6745.751049
22364,46349,35880,6745.783983
22365,46350,35881,6745.817439
22366,46351,35881,6745.817439
22367,46352,35882,6745.847942
22368,46353,35883,6745.880716
22369,46354,35884,6745.914599
22370,46355,35884,6745.914599
22371,46356,35885,6745.961799
22372,46357,35886,6745.994655
22373,46358,35887,6746.025942
22374,46359,35887,6746.025942
22375,46360,35888,6746.056311
22376,46361,35889,6746.087913
22377,46362,35890,6746.121092
22378,46363,35891,6746.153460
22379,46364,35892,6746.183287
22380,46365,35892,6746.183287
22381,46366,35893,6746.216650
22382,46367,35894,6746.249046
22383,46368,35894,6746.249046
22384,46369,35895,6746.297875
22385,46370,35896,6746.329089
22386,46371,35897,6746.362078
22387,46372,35897,6746.362078
22388,46373,35898,6746.391728
22389,46374,35899,6746.424694
22390,46375,35900,6746.456589
22391,46376,35901,6746.489634
22392,46377,35902,6746.519493
22393,46378,35902,6746.519493
22394,46379,35903,6746.552035
22395,46380,35904,6746.585003
22396,46381,35905,6746.614817
22397,46382,35905,6746.614817
22398,46383,35906,6746.663223
22399,46384,35907,6746.697081
22400,46385,35907,6746.697081
22401,46386,35908,6746.728298
22402,46387,35909,6746.760032
22403,46388,35910,6746.793015
22404,46389,35911,6746.824980
22405,46390,35912,6746.855575
22406,46391,35912,6746.855575
22407,46392,35913,6746.887646
22408,46393,35914,6746.921418
22409,46394,35915,6746.954983
22410,46395,35915,6746.954983
22411,46396,35916,6747.000717
22412,46397,35917,6747.033237
22413,46398,35917,6747.033237
22414,46399,35918,6747.066080
22415,46400,35919,6747.096594
22416,46401,35920,6747.128179
22417,46402,35921,6747.161458
22418,46403,35921,6747.161458
22419,46404,35922,6747.192630
22420,46405,35923,6747.224504
22421,46406,35924,6747.258527
22422,46407,35925,6747.290581
22423,46408,35925,6747.290581
22424,46409,35926,6747.336855
22425,46410,35927,6747.369692
22426,46411,35927,6747.369692
22427,46412,35928,6747.400858
22428,46413,35929,6747.431096
22429,46414,35930,6747.465039
22430,46415,35931,6747.498445
22431,46416,35931,6747.498445
22432,46417,35932,6747.544576
22433,46418,35934,6747.579374
22434,46419,35934,6747.579374
22435,46420,35935,6747.608902
22436,46421,35936,6747.640828
22437,46422,35937,6747.673042
22438,46423,35938,6747.703836
22439,46424,35938,6747.703836
22440,46425,35939,6747.736211
22441,46426,35939,6747.736211
22442,46427,35940,6747.800076
22443,46428,35940,6747.800076
22444,46429,35941,6747.849107
22445,46430,35943,6747.883483
22446,46431,35944,6747.911783
22447,46432,35944,6747.911783
22448,46433,35945,6747.944579
22449,46434,35946,6747.974718
22450,46435,35947,6748.008199
22451,46436,35948,6748.041296
22452,46437,35948,6748.041296
22453,46438,35949,6748.071891
22454,46439,35950,6748.103860
22455,46440,35951,6748.137730
22456,46441,35951,6748.137730
22457,46442,35951,6748.137730
22458,46443,35953,6748.219675
22459,46444,35954,6748.249726
22460,46445,35954,6748.249726
22461,46446,35955,6748.280973
22462,46447,35956,6748.315992
22463,46448,35957,6748.344784
22464,46449,35958,6748.376110
22465,46450,35959,6748.406915
22466,46451,35959,6748.406915
22467,46452,35960,6748.438776
22468,46453,35961,6748.471894
22469,46454,35962,6748.504984
22470,46455,35962,6748.504984
22471,46456,35963,6748.553917
22472,46457,35964,6748.583913
22473,46458,35964,6748.583913
22474,46459,35965,6748.617061
22475,46460,35966,6748.649541
22476,46461,35967,6748.680344
22477,46462,35968,6748.712449
22478,46463,35969,6748.745045
22479,46464,35969,6748.745045
22480,46465,35970,6748.776452
22481,46466,35971,6748.809597
22482,46467,35972,6748.838880
22483,46468,35972,6748.838880
22484,46469,35973,6748.888597
22485,46470,35974,6748.918963
22486,46471,35975,6748.952118
22487,46472,35975,6748.952118
22488,46473,35976,6748.984725
22489,46474,35977,6749.017006
22490,46475,35978,6749.047767
22491,46476,35979,6749.080344
22492,46477,35979,6749.080344
22493,46478,35980,6749.113347
22494,46479,35981,6749.143475
22495,46480,35982,6749.176463
22496,46481,35982,6749.176463
22497,46482,35983,6749.224081
22498,46483,35984,6749.257086
22499,46484,35984,6749.257086
22500,46485,35985,6749.289599
22501,46486,35986,6749.320290
22502,46487,35987,6749.352287
22503,46488,35988,6749.384547
22504,46489,35989,6749.416696
22505,46490,35989,6749.416696
22506,46491,35990,6749.449968
22507,46492,35991,6749.480425
22508,46493,35992,6749.513757
22509,46494,35992,6749.513757
22510,46495,35993,6749.560617
22511,46496,35994,6749.591266
22512,46497,35995,6749.623787
22513,46498,35995,6749.623787
22514,46499,35996,6749.656015
22515,46500,35997,6749.686784
22516,46501,35998,6749.718738
22517,46502,35999,6749.753766
22518,46503,35999,6749.753766
22519,46504,36000,6749.783267
22520,46505,36001,6749.817063
22521,46506,36002,6749.847985
22522,46507,36002,6749.847985
22523,46508,36003,6749.896653
22524,46509,36004,6749.929773
22525,46510,36004,6749.929773
22526,46511,36005,6749.962756
22527,46512,36006,6749.992862
22528,46513,36007,6750.028206
22529,46514,36008,6750.056862
22530,46515,36009,6750.087399
22531,46516,36009,6750.087399
22532,46517,36010,6750.121250
22533,46518,36011,6750.154300
22534,46519,36012,6750.185048
22535,46520,36013,6750.218092
22536,46521,36013,6750.218092
22537,46522,36014,6750.267563
22538,46523,36015,6750.297361
22539,46524,36015,6750.297361
22540,46525,36016,6750.327712
22541,46526,36017,6750.359892
22542,46527,36018,6750.392629
22543,46528,36019,6750.424516
22544,46529,36019,6750.424516
22545,46530,36020,6750.456252
22546,46531,36021,6750.490948
22547,46532,36022,6750.520555
22548,46533,36023,6750.554601
22549,46534,36023,6750.554601
22550,46535,36024,6750.602392
22551,46536,36025,6750.633576
22552,46537,36025,6750.633576
22553,46538,36026,6750.665700
22554,46539,36027,6750.696528
22555,46540,36028,6750.729074
22556,46541,36029,6750.758944
22557,46542,36030,6750.792578
22558,46543,36030,6750.792578
22559,46544,36031,6750.823668
22560,46545,36032,6750.859597
22561,46546,36033,6750.889875
22562,46547,36033,6750.889875
22563,46548,36034,6750.937575
22564,46549,36035,6750.970058
22565,46550,36036,6751.000900
22566,46551,36036,6751.000900
22567,46552,36037,6751.033327
22568,46553,36038,6751.064657
22569,46554,36039,6751.096147
22570,46555,36040,6751.130023
22571,46556,36040,6751.130023
22572,46557,36041,6751.160494
22573,46558,36042,6751.191402
22574,46559,36043,6751.224985
22575,46560,36043,6751.224985
22576,46561,36044,6751.272877
22577,46562,36046,6751.306746
22578,46563,36047,6751.336385
22579,46564,36047,6751.336385
22580,46565,36047,6751.336385
22581,46566,36048,6751.399963
22582,46567,36049,6751.431706
22583,46568,36050,6751.463583
22584,46569,36050,6751.463583
22585,46570,36051,6751.497412
22586,46571,36052,6751.530535
22587,46572,36053,6751.559326
22588,46573,36053,6751.559326
22589,46574,36054,6751.607505
22590,46575,36056,6751.642686
22591,46576,36057,6751.671880
22592,46577,36057,6751.671880
22593,46578,36058,6751.704585
22594,46579,36059,6751.737298
22595,46580,36059,6751.737298
22596,46581,36060,6751.800327
22597,46582,36060,6751.800327
22598,46583,36061,6751.833825
22599,46584,36062,6751.863676
22600,46585,36063,6751.896287
22601,46586,36064,6751.927909
22602,46587,36064,6751.927909
22603,46588,36066,6751.979641
22604,46589,36067,6752.010903
22605,46590,36067,6752.010903
22606,46591,36068,6752.039955
22607,46592,36069,6752.072985
22608,46593,36070,6752.104872
22609,46594,36071,6752.137854
22610,46595,36071,6752.137854
22611,46596,36071,6752.137854
22612,46597,36072,6752.201139
22613,46598,36073,6752.231389
22614,46599,36074,6752.263623
22615,46600,36074,6752.263623
22616,46601,36075,6752.315493
22617,46602,36077,6752.348199
22618,46603,36077,6752.348199
22619,46604,36078,6752.378354
22620,46605,36079,6752.408568
22621,46606,36080,6752.440190
22622,46607,36081,6752.472597
22623,46608,36081,6752.472597
22624,46609,36082,6752.504693
22625,46610,36083,6752.535776
22626,46611,36083,6752.535776
22627,46612,36084,6752.602139
22628,46613,36084,6752.602139
22629,46614,36085,6752.648476
22630,46615,36087,6752.682488
22631,46616,36087,6752.682488
22632,46617,36088,6752.712257
22633,46618,36089,6752.744740
22634,46619,36090,6752.776969
22635,46620,36091,6752.809850
22636,46621,36092,6752.838937
22637,46622,36092,6752.838937
22638,46623,36093,6752.873009
22639,46624,36094,6752.904634
22640,46625,36095,6752.936948
22641,46626,36095,6752.936948
22642,46627,36095,6752.936948
22643,46628,36097,6753.017965
22644,46629,36097,6753.017965
22645,46630,36098,6753.049881
22646,46631,36099,6753.081825
22647,46632,36100,6753.113298
22648,46633,36101,6753.144864
22649,46634,36101,6753.144864
22650,46635,36102,6753.176739
22651,46636,36103,6753.207907
22652,46637,36104,6753.240969
22653,46638,36105,6753.271724
22654,46639,36105,6753.271724
22655,46640,36106,6753.321038
22656,46641,36107,6753.351817
22657,46642,36107,6753.351817
22658,46643,36108,6753.384827
22659,46644,36109,6753.416891
22660,46645,36110,6753.448291
22661,46646,36111,6753.481668
22662,46647,36111,6753.481668
22663,46648,36112,6753.510716
22664,46649,36113,6753.543290
22665,46650,36114,6753.575998
22666,46651,36115,6753.608033
22667,46652,36115,6753.608033
22668,46653,36116,6753.654750
22669,46654,36117,6753.687838
22670,46655,36117,6753.687838
22671,46656,36118,6753.720175
22672,46657,36119,6753.753467
22673,46658,36120,6753.784610
22674,46659,36121,6753.814478
22675,46660,36121,6753.814478
22676,46661,36122,6753.848583
22677,46662,36123,6753.883538
22678,46663,36124,6753.914994
22679,46664,36125,6753.946304
22680,46665,36125,6753.946304
22681,46666,36126,6753.975748
22682,46667,36127,6754.023611
22683,46668,36127,6754.023611
22684,46669,36128,6754.056936
22685,46670,36129,6754.087975
22686,46671,36130,6754.120995
22687,46672,36131,6754.153198
22688,46673,36131,6754.153198
22689,46674,36132,6754.184537
22690,46675,36133,6754.216606
22691,46676,36134,6754.248411
22692,46677,36135,6754.278689
22693,46678,36135,6754.278689
22694,46679,36136,6754.312212
22695,46680,36137,6754.361074
22696,46681,36137,6754.361074
22697,46682,36138,6754.392850
22698,46683,36139,6754.425145
22699,46684,36140,6754.456867
22700,46685,36141,6754.489476
22701,46686,36141,6754.489476
22702,46687,36142,6754.520713
22703,46688,36143,6754.552147
22704,46689,36144,6754.584944
22705,46690,36145,6754.615773
22706,46691,36145,6754.615773
22707,46692,36146,6754.648743
22708,46693,36146,6754.648743
22709,46694,36147,6754.697178
22710,46695,36148,6754.729053
22711,46696,36149,6754.761098
22712,46697,36150,6754.791530
22713,46698,36151,6754.824883
22714,46699,36151,6754.824883
22715,46700,36152,6754.857162
22716,46701,36153,6754.888886
22717,46702,36154,6754.918945
22718,46703,36155,6754.952094
22719,46704,36155,6754.952094
22720,46705,36156,6754.984916
22721,46706,36156,6754.984916
22722,46707,36157,6755.032192
22723,46708,36158,6755.063668
22724,46709,36159,6755.095818
22725,46710,36160,6755.130321
22726,46711,36160,6755.130321
22727,46712,36161,6755.161212
22728,46713,36162,6755.193201
22729,46714,36163,6755.226040
22730,46715,36164,6755.256422
22731,46716,36165,6755.289584
22732,46717,36165,6755.289584
22733,46718,36166,6755.320427
22734,46719,36167,6755.368525
22735,46720,36167,6755.368525
22736,46721,36168,6755.401093
22737,46722,36169,6755.431198
22738,46723,36170,6755.464735
22739,46724,36171,6755.497192
22740,46725,36171,6755.497192
22741,46726,36172,6755.528054
22742,46727,36173,6755.561080
22743,46728,36174,6755.592469
22744,46729,36175,6755.624488
22745,46730,36175,6755.624488
22746,46731,36176,6755.656538
22747,46732,36177,6755.688568
22748,46733,36177,6755.688568
22749,46734,36178,6755.736140
22750,46735,36179,6755.769161
22751,46736,36180,6755.801187
22752,46737,36181,6755.832013
22753,46738,36181,6755.832013
22754,46739,36182,6755.863498
22755,46740,36183,6755.896768
22756,46741,36184,6755.928770
22757,46742,36185,6755.959873
22758,46743,36185,6755.959873
22759,46744,36186,6755.990916
22760,46745,36187,6756.022757
22761,46746,36187,6756.022757
22762,46747,36188,6756.071894
22763,46748,36190,6756.107129
22764,46749,36191,6756.135600
22765,46750,36191,6756.135600
22766,46751,36191,6756.135600
22767,46752,36192,6756.200421
22768,46753,36193,6756.233186
22769,46754,36194,6756.263851
22770,46755,36195,6756.296878
22771,46756,36195,6756.296878
22772,46757,36196,6756.329412
22773,46758,36197,6756.360573
22774,46759,36197,6756.360573
22775,46760,36198,6756.409863
22776,46761,36200,6756.442609
22777,46762,36201,6756.472314
22778,46763,36202,6756.503663
22779,46764,36202,6756.503663
22780,46765,36203,6756.535595
22781,46766,36203,6756.535595
22782,46767,36204,6756.601043
22783,46768,36205,6756.632892
22784,46769,36205,6756.632892
22785,46770,36206,6756.664848
22786,46771,36207,6756.697161
22787,46772,36207,6756.697161
22788,46773,36208,6756.744698
22789,46774,36210,6756.779419
22790,46775,36211,6756.807707
22791,46776,36212,6756.839848
22792,46777,36212,6756.839848
22793,46778,36213,6756.873581
22794,46779,36214,6756.903681
22795,46780,36215,6756.935096
22796,46781,36215,6756.935096
22797,46782,36215,6756.935096
22798,46783,36216,6757.000192
22799,46784,36217,6757.032854
22800,46785,36217,6757.032854
22801,46786,36218,6757.079082
22802,46787,36220,6757.115197
22803,46788,36221,6757.144678
22804,46789,36222,6757.175960
22805,46790,36222,6757.175960
22806,46791,36223,6757.208416
22807,46792,36224,6757.241315
22808,46793,36225,6757.273360
22809,46794,36226,6757.303762
22810,46795,36226,6757.303762
22811,46796,36227,6757.335794
22812,46797,36227,6757.335794
22813,46798,36228,6757.399921
22814,46799,36228,6757.399921
22815,46800,36229,6757.448616
22816,46801,36231,6757.483891
22817,46802,36232,6757.512556
22818,46803,36232,6757.512556
22819,46804,36233,6757.543407
22820,46805,36234,6757.575362
22821,46806,36235,6757.608243
22822,46807,36236,6757.641885
22823,46808,36236,6757.641885
22824,46809,36237,6757.671776
22825,46810,36238,6757.702868
22826,46811,36239,6757.734619
22827,46812,36239,6757.734619
22828,46813,36239,6757.734619
22829,46814,36241,6757.817904
22830,46815,36242,6757.849612
22831,46816,36242,6757.849612
22832,46817,36243,6757.882136
22833,46818,36244,6757.913266
22834,46819,36245,6757.944982
22835,46820,36246,6757.977306
22836,46821,36247,6758.009060
22837,46822,36247,6758.009060
22838,46823,36248,6758.040281
22839,46824,36249,6758.073037
22840,46825,36249,6758.073037
22841,46826,36250,6758.121851
22842,46827,36251,6758.151732
22843,46828,36252,6758.184591
22844,46829,36252,6758.184591
22845,46830,36253,6758.218413
22846,46831,36254,6758.247911
22847,46832,36255,6758.280232
22848,46833,36256,6758.313929
22849,46834,36256,6758.313929
22850,46835,36257,6758.345087
22851,46836,36258,6758.377733
22852,46837,36259,6758.408870
22853,46838,36259,6758.408870
22854,46839,36260,6758.454857
22855,46840,36261,6758.488647
22856,46841,36262,6758.520447
22857,46842,36263,6758.551574
22858,46843,36263,6758.551574
22859,46844,36264,6758.583061
22860,46845,36265,6758.617621
22861,46846,36266,6758.648213
22862,46847,36267,6758.680892
22863,46848,36267,6758.680892
22864,46849,36268,6758.712883
22865,46850,36269,6758.744584
22866,46851,36269,6758.744584
22867,46852,36270,6758.792973
22868,46853,36271,6758.824535
22869,46854,36272,6758.856668
22870,46855,36273,6758.889690
22871,46856,36273,6758.889690
22872,46857,36274,6758.919630
22873,46858,36275,6758.951775
22874,46859,36276,6758.984567
22875,46860,36277,6759.015699
22876,46861,36277,6759.015699
22877,46862,36278,6759.049119
22878,46863,36279,6759.081152
22879,46864,36280,6759.113981
22880,46865,36280,6759.113981
22881,46866,36281,6759.159572
22882,46867,36282,6759.193367
22883,46868,36283,6759.224613
22884,46869,36283,6759.224613
22885,46870,36284,6759.257221
22886,46871,36285,6759.289138
22887,46872,36286,6759.321662
22888,46873,36287,6759.352929
22889,46874,36287,6759.352929
22890,46875,36288,6759.384696
22891,46876,36289,6759.419487
22892,46877,36290,6759.448673
22893,46878,36290,6759.448673
22894,46879,36291,6759.498469
22895,46880,36292,6759.527877
22896,46881,36293,6759.559572
22897,46882,36293,6759.559572
22898,46883,36294,6759.592880
22899,46884,36295,6759.623199
22900,46885,36296,6759.656243
22901,46886,36297,6759.690193
22902,46887,36297,6759.690193
22903,46888,36298,6759.720684
22904,46889,36299,6759.751698
22905,46890,36300,6759.784615
22906,46891,36300,6759.784615
22907,46892,36301,6759.831948
22908,46893,36302,6759.865387
22909,46894,36302,6759.865387
22910,46895,36304,6759.927802
22911,46896,36305,6759.959833
22912,46897,36305,6759.959833
22913,46898,36306,6759.992745
22914,46899,36307,6760.025674
22915,46900,36308,6760.057103
22916,46901,36309,6760.088823
22917,46902,36309,6760.088823
22918,46903,36310,6760.121651
22919,46904,36311,6760.167715
22920,46905,36311,6760.167715
22921,46906,36312,6760.200164
22922,46907,36313,6760.234605
22923,46908,36314,6760.264834
22924,46909,36315,6760.294621
22925,46910,36315,6760.294621
22926,46911,36316,6760.328603
22927,46912,36317,6760.361040
22928,46913,36318,6760.391903
22929,46914,36319,6760.425686
22930,46915,36319,6760.425686
22931,46916,36320,6760.454508
22932,46917,36321,6760.503696
22933,46918,36321,6760.503696
22934,46919,36323,6760.539997
22935,46920,36323,6760.539997
22936,46921,36324,6760.599583
22937,46922,36325,6760.632893
22938,46923,36325,6760.632893
22939,46924,36326,6760.664880
22940,46925,36327,6760.696118
22941,46926,36328,6760.728042
22942,46927,36329,6760.759832
22943,46928,36329,6760.759832
22944,46929,36330,6760.792714
22945,46930,36331,6760.825049
22946,46931,36331,6760.825049
22947,46932,36333,6760.877052
22948,46933,36334,6760.904074
22949,46934,36335,6760.936805
22950,46935,36335,6760.936805
22951,46936,36335,6760.936805
22952,46937,36336,6761.000659
22953,46938,36337,6761.031708
22954,46939,36338,6761.064551
22955,46940,36339,6761.096531
22956,46941,36339,6761.096531
22957,46942,36340,6761.127862
22958,46943,36341,6761.159527
22959,46944,36341,6761.159527
22960,46945,36342,6761.209374
22961,46946,36344,6761.243583
22962,46947,36345,6761.272773
22963,46948,36346,6761.305172
22964,46949,36346,6761.305172
22965,46950,36347,6761.336161
22966,46951,36347,6761.336161
22967,46952,36348,6761.400648
22968,46953,36349,6761.431936
22969,46954,36350,6761.463565
22970,46955,36350,6761.463565
22971,46956,36351,6761.497318
22972,46957,36351,6761.497318
22973,46958,36352,6761.544518
22974,46959,36354,6761.580319
22975,46960,36355,6761.608935
22976,46961,36356,6761.640307
22977,46962,36356,6761.640307
22978,46963,36357,6761.672106
22979,46964,36358,6761.703569
22980,46965,36359,6761.735682
22981,46966,36359,6761.735682
22982,46967,36360,6761.799907
22983,46968,36360,6761.799907
22984,46969,36361,6761.831816
22985,46970,36361,6761.831816
22986,46971,36362,6761.878460
22987,46972,36364,6761.915931
22988,46973,36365,6761.944620
22989,46974,36366,6761.977522
22990,46975,36366,6761.977522
22991,46976,36367,6762.009008
22992,46977,36368,6762.040770
22993,46978,36369,6762.074587
22994,46979,36370,6762.103090
22995,46980,36371,6762.136518
22996,46981,36371,6762.136518
22997,46982,36371,6762.136518
22998,46983,36371,6762.136518
22999,46984,36372,6762.217706
23000,46985,36374,6762.253808
23001,46986,36375,6762.280047
23002,46987,36376,6762.311819
23003,46988,36376,6762.311819
23004,46989,36377,6762.344148
23005,46990,36378,6762.376925
23006,46991,36379,6762.407902
23007,46992,36380,6762.442275
23008,46993,36381,6762.470783
23009,46994,36381,6762.470783
23010,46995,36382,6762.502908
23011,46996,36382,6762.502908
23012,46997,36383,6762.552411
23013,46998,36384,6762.585608
23014,46999,36385,6762.616898
23015,47000,36386,6762.648587
23016,47001,36386,6762.648587
23017,47002,36387,6762.681063
23018,47003,36388,6762.711391
23019,47004,36389,6762.743295
23020,47005,36390,6762.775097
23021,47006,36391,6762.808337
23022,47007,36391,6762.808337
23023,47008,36392,6762.840720
23024,47009,36393,6762.873059
23025,47010,36393,6762.873059
23026,47011,36394,6762.920050
23027,47012,36395,6762.951853
23028,47013,36396,6762.985707
23029,47014,36396,6762.985707
23030,47015,36397,6763.015986
23031,47016,36398,6763.046159
23032,47017,36399,6763.078606
23033,47018,36400,6763.113113
23034,47019,36401,6763.144514
23035,47020,36401,6763.144514
23036,47021,36402,6763.175756
23037,47022,36403,6763.209101
23038,47023,36403,6763.209101
23039,47024,36404,6763.255956
23040,47025,36405,6763.287836
23041,47026,36406,6763.319412
23042,47027,36406,6763.319412
23043,47028,36407,6763.352044
23044,47029,36408,6763.382619
23045,47030,36409,6763.416557
23046,47031,36410,6763.447794
23047,47032,36410,6763.447794
23048,47033,36411,6763.480814
23049,47034,36412,6763.513265
23050,47035,36413,6763.543763
23051,47036,36413,6763.543763
23052,47037,36414,6763.594987
23053,47038,36415,6763.625089
23054,47039,36416,6763.656240
23055,47040,36417,6763.687703
23056,47041,36417,6763.687703
23057,47042,36418,6763.722290
23058,47043,36419,6763.754775
23059,47044,36420,6763.783777
23060,47045,36421,6763.815974
23061,47046,36421,6763.815974
23062,47047,36422,6763.849383
23063,47048,36423,6763.880755
23064,47049,36423,6763.880755
23065,47050,36424,6763.930057
23066,47051,36425,6763.960686
23067,47052,36426,6763.991582
23068,47053,36426,6763.991582
23069,47054,36427,6764.025728
23070,47055,36428,6764.056391
23071,47056,36429,6764.088427
23072,47057,36430,6764.118879
23073,47058,36431,6764.152104
23074,47059,36431,6764.152104
23075,47060,36432,6764.185085
23076,47061,36433,6764.216523
23077,47062,36433,6764.216523
23078,47063,36434,6764.264391
23079,47064,36435,6764.296650
23080,47065,36436,6764.330314
23081,47066,36436,6764.330314
23082,47067,36437,6764.361450
23083,47068,36438,6764.391957
23084,47069,36439,6764.424872
23085,47070,36440,6764.456733
23086,47071,36441,6764.488640
23087,47072,36441,6764.488640
23088,47073,36442,6764.520780
23089,47074,36443,6764.553319
23090,47075,36444,6764.584958
23091,47076,36444,6764.584958
23092,47077,36445,6764.632696
23093,47078,36446,6764.664803
23094,47079,36446,6764.664803
23095,47080,36447,6764.696656
23096,47081,36448,6764.727983
23097,47082,36449,6764.761187
23098,47083,36450,6764.792942
23099,47084,36451,6764.824474
23100,47085,36451,6764.824474
23101,47086,36452,6764.855577
23102,47087,36453,6764.890272
23103,47088,36454,6764.921000
23104,47089,36454,6764.921000
23105,47090,36455,6764.970019
23106,47091,36456,6765.001008
23107,47092,36457,6765.034712
23108,47093,36457,6765.034712
23109,47094,36458,6765.064025
23110,47095,36459,6765.097105
23111,47096,36460,6765.128503
23112,47097,36461,6765.159925
23113,47098,36461,6765.159925
23114,47099,36462,6765.193512
23115,47100,36463,6765.223889
23116,47101,36464,6765.255092
23117,47102,36464,6765.255092
23118,47103,36465,6765.304715
23119,47104,36467,6765.339982
23120,47105,36467,6765.339982
23121,47106,36467,6765.339982
23122,47107,36468,6765.400285
23123,47108,36469,6765.431629
23124,47109,36470,6765.464584
23125,47110,36471,6765.497231
23126,47111,36471,6765.497231
23127,47112,36472,6765.528699
23128,47113,36473,6765.560046
23129,47114,36474,6765.593918
23130,47115,36474,6765.593918
23131,47116,36475,6765.639644
23132,47117,36477,6765.677166
23133,47118,36478,6765.705132
23134,47119,36479,6765.736460
23135,47120,36479,6765.736460
23136,47121,36479,6765.736460
23137,47122,36480,6765.798810
23138,47123,36481,6765.832663
23139,47124,36482,6765.864531
23140,47125,36482,6765.864531
23141,47126,36483,6765.895660
23142,47127,36484,6765.929161
23143,47128,36484,6765.929161
23144,47129,36485,6765.976240
23145,47130,36487,6766.011941
23146,47131,36488,6766.040389
23147,47132,36488,6766.040389
23148,47133,36489,6766.073513
23149,47134,36490,6766.104597
23150,47135,36491,6766.135875
23151,47136,36491,6766.135875
23152,47137,36491,6766.135875
23153,47138,36492,6766.202945
23154,47139,36493,6766.232790
23155,47140,36494,6766.267036
23156,47141,36495,6766.299008
23157,47142,36495,6766.299008
23158,47143,36496,6766.346905
23159,47144,36498,6766.380959
23160,47145,36499,6766.409573
23161,47146,36499,6766.409573
23162,47147,36500,6766.439918
23163,47148,36501,6766.473844
23164,47149,36502,6766.504449
23165,47150,36503,6766.537328
23166,47151,36503,6766.537328
23167,47152,36503,6766.537328
23168,47153,36504,6766.603681
23169,47154,36505,6766.631661
23170,47155,36505,6766.631661
23171,47156,36506,6766.679619
23172,47157,36508,6766.717064
23173,47158,36509,6766.745530
23174,47159,36509,6766.745530
23175,47160,36510,6766.778213
23176,47161,36511,6766.809893
23177,47162,36512,6766.841291
23178,47163,36513,6766.873029
23179,47164,36514,6766.904575
23180,47165,36514,6766.904575
23181,47166,36515,6766.936599
23182,47167,36515,6766.936599
23183,47168,36515,6766.936599
23184,47169,36516,6767.021155
23185,47170,36518,6767.054934
23186,47171,36519,6767.081468
23187,47172,36520,6767.113711
23188,47173,36520,6767.113711
23189,47174,36521,6767.143737
23190,47175,36522,6767.176219
23191,47176,36523,6767.208708
23192,47177,36524,6767.240120
23193,47178,36524,6767.240120
23194,47179,36525,6767.271624
23195,47180,36526,6767.304644
23196,47181,36526,6767.304644
23197,47182,36527,6767.353270
23198,47183,36528,6767.384479
23199,47184,36529,6767.416546
23200,47185,36530,6767.449901
23201,47186,36530,6767.449901
23202,47187,36531,6767.481899
23203,47188,36532,6767.513813
23204,47189,36533,6767.543887
23205,47190,36534,6767.577954
23206,47191,36534,6767.577954
23207,47192,36535,6767.609518
23208,47193,36536,6767.640695
23209,47194,36536,6767.640695
23210,47195,36537,6767.688498
23211,47196,36538,6767.720081
23212,47197,36539,6767.753521
23213,47198,36540,6767.783119
23214,47199,36541,6767.815425
23215,47200,36541,6767.815425
23216,47201,36542,6767.848023
23217,47202,36543,6767.881233
23218,47203,36544,6767.912822
23219,47204,36545,6767.944606
23220,47205,36545,6767.944606
23221,47206,36546,6767.976841
23222,47207,36547,6768.008090
23223,47208,36547,6768.008090
23224,47209,36548,6768.054883
23225,47210,36549,6768.088201
23226,47211,36550,6768.119819
23227,47212,36551,6768.151868
23228,47213,36551,6768.151868
23229,47214,36552,6768.184609
23230,47215,36553,6768.215981
23231,47216,36554,6768.247787
23232,47217,36554,6768.247787
23233,47218,36555,6768.296223
23234,47219,36556,6768.329621
23235,47220,36557,6768.359502
23236,47221,36557,6768.359502
23237,47222,36558,6768.391897
23238,47223,36559,6768.423616
23239,47224,36560,6768.456983
23240,47225,36561,6768.487849
23241,47226,36561,6768.487849
23242,47227,36562,6768.518175
23243,47228,36562,6768.518175
23244,47229,36563,6768.569189
23245,47230,36564,6768.600787
23246,47231,36565,6768.631842
23247,47232,36566,6768.664797
23248,47233,36567,6768.697195
23249,47234,36567,6768.697195
23250,47235,36568,6768.727561
23251,47236,36569,6768.759892
23252,47237,36570,6768.792803
23253,47238,36571,6768.824649
23254,47239,36571,6768.824649
23255,47240,36572,6768.855611
23256,47241,36573,6768.903617
23257,47242,36573,6768.903617
23258,47243,36575,6768.942153
23259,47244,36575,6768.942153
23260,47245,36576,6769.000845
23261,47246,36577,6769.031952
23262,47247,36577,6769.031952
23263,47248,36578,6769.064930
23264,47249,36579,6769.096229
23265,47250,36580,6769.128894
23266,47251,36581,6769.160215
23267,47252,36581,6769.160215
23268,47253,36582,6769.193388
23269,47254,36583,6769.239930
23270,47255,36583,6769.239930
23271,47256,36585,6769.273258
23272,47257,36586,6769.304701
23273,47258,36587,6769.334988
23274,47259,36587,6769.334988
23275,47260,36587,6769.334988
23276,47261,36588,6769.400130
23277,47262,36589,6769.432721
23278,47263,36590,6769.464578
23279,47264,36591,6769.496357
23280,47265,36591,6769.496357
23281,47266,36592,6769.529332
23282,47267,36593,6769.576396
23283,47268,36593,6769.576396
23284,47269,36595,6769.610138
23285,47270,36596,6769.638954
23286,47271,36597,6769.672193
23287,47272,36598,6769.703784
23288,47273,36598,6769.703784
23289,47274,36599,6769.736647
23290,47275,36599,6769.736647
23291,47276,36600,6769.801394
23292,47277,36601,6769.833403
23293,47278,36601,6769.833403
23294,47279,36602,6769.864695
23295,47280,36603,6769.896587
23296,47281,36603,6769.896587
23297,47282,36604,6769.945097
23298,47283,36606,6769.980035
23299,47284,36607,6770.008712
23300,47285,36607,6770.008712
23301,47286,36608,6770.042323
23302,47287,36609,6770.070393
23303,47288,36610,6770.104762
23304,47289,36611,6770.137051
23305,47290,36611,6770.137051
23306,47291,36611,6770.137051
23307,47292,36612,6770.200981
23308,47293,36613,6770.233071
23309,47294,36613,6770.233071
23310,47295,36614,6770.279198
23311,47296,36616,6770.315723
23312,47297,36617,6770.344946
23313,47298,36618,6770.376667
23314,47299,36618,6770.376667
23315,47300,36619,6770.407937
23316,47301,36620,6770.440333
23317,47302,36621,6770.472716
23318,47303,36622,6770.504640
23319,47304,36622,6770.504640
23320,47305,36623,6770.537585
23321,47306,36623,6770.537585
23322,47307,36623,6770.537585
23323,47308,36624,6770.614569
23324,47309,36626,6770.651792
23325,47310,36627,6770.680894
23326,47311,36628,6770.711710
23327,47312,36628,6770.711710
23328,47313,36629,6770.744839
23329,47314,36630,6770.776832
23330,47315,36631,6770.806849
23331,47316,36631,6770.806849
23332,47317,36632,6770.841893
23333,47318,36633,6770.871570
23334,47319,36634,6770.904807
23335,47320,36634,6770.904807
23336,47321,36635,6770.951107
23337,47322,36636,6770.983953
23338,47323,36637,6771.016692
23339,47324,36637,6771.016692
23340,47325,36638,6771.047545
23341,47326,36639,6771.080163
23342,47327,36640,6771.113155
23343,47328,36641,6771.145563
23344,47329,36642,6771.175621
23345,47330,36642,6771.175621
23346,47331,36643,6771.207859
23347,47332,36644,6771.241591
23348,47333,36644,6771.241591
23349,47334,36645,6771.287678
23350,47335,36646,6771.321390
23351,47336,36647,6771.351811
23352,47337,36647,6771.351811
23353,47338,36648,6771.385181
23354,47339,36649,6771.415433
23355,47340,36650,6771.449685
23356,47341,36651,6771.481452
23357,47342,36652,6771.511664
23358,47343,36652,6771.511664
23359,47344,36653,6771.544527
23360,47345,36654,6771.577260
23361,47346,36655,6771.610651
23362,47347,36655,6771.610651
23363,47348,36656,6771.656993
23364,47349,36657,6771.689060
23365,47350,36657,6771.689060
23366,47351,36658,6771.722243
23367,47352,36659,6771.752319
23368,47353,36660,6771.784671
23369,47354,36661,6771.816456
23370,47355,36661,6771.816456
23371,47356,36662,6771.849632
23372,47357,36663,6771.878968
23373,47358,36664,6771.913314
23374,47359,36665,6771.944726
23375,47360,36665,6771.944726
23376,47361,36666,6771.992717
23377,47362,36667,6772.023815
23378,47363,36668,6772.055992
23379,47364,36668,6772.055992
23380,47365,36669,6772.087401
23381,47366,36670,6772.119325
23382,47367,36671,6772.151200
23383,47368,36672,6772.183573
23384,47369,36672,6772.183573
23385,47370,36673,6772.214888
23386,47371,36674,6772.248373
23387,47372,36675,6772.278843
23388,47373,36675,6772.278843
23389,47374,36676,6772.328151
23390,47375,36677,6772.360514
23391,47376,36677,6772.360514
23392,47377,36678,6772.393033
23393,47378,36679,6772.423223
23394,47379,36680,6772.456654
23395,47380,36681,6772.488310
23396,47381,36682,6772.520883
23397,47382,36682,6772.520883
23398,47383,36683,6772.551255
23399,47384,36684,6772.585002
23400,47385,36685,6772.617725
23401,47386,36685,6772.617725
23402,47387,36686,6772.664865
23403,47388,36687,6772.696715
23404,47389,36687,6772.696715
23405,47390,36688,6772.728286
23406,47391,36689,6772.760166
23407,47392,36690,6772.792688
23408,47393,36691,6772.823578
23409,47394,36692,6772.855215
23410,47395,36692,6772.855215
23411,47396,36693,6772.889683
23412,47397,36694,6772.921093
23413,47398,36695,6772.952538
23414,47399,36695,6772.952538
23415,47400,36696,6772.999465
23416,47401,36697,6773.031768
23417,47402,36698,6773.063252
23418,47403,36698,6773.063252
23419,47404,36699,6773.096863
23420,47405,36700,6773.128819
23421,47406,36700,6773.128819
23422,47407,36701,6773.176612
23423,47408,36703,6773.211840
23424,47409,36704,6773.241873
23425,47410,36704,6773.241873
23426,47411,36705,6773.273121
23427,47412,36706,6773.303685
23428,47413,36707,6773.336030
23429,47414,36707,6773.336030
23430,47415,36708,6773.399721
23431,47416,36708,6773.399721
23432,47417,36709,6773.433626
23433,47418,36710,6773.463356
23434,47419,36711,6773.496528
23435,47420,36711,6773.496528
23436,47421,36712,6773.544733
23437,47422,36714,6773.577941
23438,47423,36714,6773.577941
23439,47424,36715,6773.607796
23440,47425,36716,6773.640916
23441,47426,36717,6773.672116
23442,47427,36718,6773.704847
23443,47428,36718,6773.704847
23444,47429,36719,6773.736189
23445,47430,36719,6773.736189
23446,47431,36720,6773.802222
23447,47432,36721,6773.832989
23448,47433,36721,6773.832989
23449,47434,36722,6773.882308
23450,47435,36724,6773.914749
23451,47436,36724,6773.914749
23452,47437,36725,6773.944485
23453,47438,36726,6773.975412
23454,47439,36727,6774.009160
23455,47440,36728,6774.041000
23456,47441,36728,6774.041000
23457,47442,36729,6774.074354
23458,47443,36730,6774.104793
23459,47444,36731,6774.137256
23460,47445,36731,6774.137256
23461,47446,36731,6774.137256
23462,47447,36732,6774.217915
23463,47448,36734,6774.250568
23464,47449,36735,6774.279935
23465,47450,36735,6774.279935
23466,47451,36736,6774.312024
23467,47452,36737,6774.343763
23468,47453,36738,6774.374598
23469,47454,36739,6774.408930
23470,47455,36739,6774.408930
23471,47456,36740,6774.441435
23472,47457,36741,6774.473236
23473,47458,36742,6774.504799
23474,47459,36742,6774.504799
23475,47460,36743,6774.553231
23476,47461,36744,6774.586905
23477,47462,36745,6774.614866
23478,47463,36745,6774.614866
23479,47464,36746,6774.647453
23480,47465,36747,6774.680845
23481,47466,36748,6774.712753
23482,47467,36748,6774.712753
23483,47468,36749,6774.744791
23484,47469,36750,6774.776013
23485,47470,36751,6774.809615
23486,47471,36752,6774.840323
23487,47472,36752,6774.840323
23488,47473,36753,6774.888896
23489,47474,36756,6774.983654
23490,47475,36757,6775.016123
23491,47476,36757,6775.016123
23492,47477,36758,6775.048852
23493,47478,36759,6775.078909
23494,47479,36760,6775.113600
23495,47480,36761,6775.143815
23496,47481,36761,6775.143815
23497,47482,36762,6775.175769
23498,47483,36763,6775.207130
23499,47484,36763,6775.207130
23500,47485,36764,6775.256678
23501,47486,36765,6775.288774
23502,47487,36766,6775.320843
23503,47488,36767,6775.353070
23504,47489,36767,6775.353070
23505,47490,36768,6775.384743
23506,47491,36769,6775.417831
23507,47492,36770,6775.447460
23508,47493,36771,6775.481793
23509,47494,36771,6775.481793
23510,47495,36772,6775.511492
23511,47496,36773,6775.543457
23512,47497,36773,6775.543457
23513,47498,36774,6775.592776
23514,47499,36775,6775.623948
23515,47500,36776,6775.656032
23516,47501,36776,6775.656032
23517,47502,36777,6775.688679
23518,47503,36778,6775.721368
23519,47504,36779,6775.753007
23520,47505,36780,6775.785093
23521,47506,36780,6775.785093
23522,47507,36781,6775.816912
23523,47508,36782,6775.849583
23524,47509,36783,6775.880816
23525,47510,36783,6775.880816
23526,47511,36784,6775.929692
23527,47512,36785,6775.961323
23528,47513,36786,6775.991933
23529,47514,36787,6776.023947
23530,47515,36787,6776.023947
23531,47516,36788,6776.057635
23532,47517,36789,6776.088063
23533,47518,36790,6776.119989
23534,47519,36791,6776.151752
23535,47520,36791,6776.151752
23536,47521,36792,6776.183444
23537,47522,36793,6776.217584
23538,47523,36793,6776.217584
23539,47524,36794,6776.264409
23540,47525,36795,6776.296718
23541,47526,36796,6776.329590
23542,47527,36796,6776.329590
23543,47528,36797,6776.360256
23544,47529,36798,6776.394571
23545,47530,36799,6776.424819
23546,47531,36800,6776.456860
23547,47532,36800,6776.456860
23548,47533,36801,6776.488548
23549,47534,36802,6776.519956
23550,47535,36803,6776.552302
23551,47536,36803,6776.552302
23552,47537,36804,6776.600589
23553,47538,36805,6776.633265
23554,47539,36806,6776.664522
23555,47540,36806,6776.664522
23556,47541,36807,6776.696897
23557,47542,36808,6776.727631
23558,47543,36809,6776.760923
23559,47544,36810,6776.793930
23560,47545,36810,6776.793930
23561,47546,36811,6776.823049
23562,47547,36812,6776.856563
23563,47548,36813,6776.888351
23564,47549,36814,6776.921882
23565,47550,36814,6776.921882
23566,47551,36815,6776.968066
23567,47552,36816,6777.001860
23568,47553,36816,6777.001860
23569,47554,36817,6777.030274
23570,47555,36818,6777.064834
23571,47556,36819,6777.095862
23572,47557,36820,6777.129253
23573,47558,36820,6777.129253
23574,47559,36821,6777.161532
23575,47560,36822,6777.191714
23576,47561,36823,6777.224507
23577,47562,36824,6777.256963
23578,47563,36824,6777.256963
23579,47564,36825,6777.304879
23580,47565,36827,6777.338769
23581,47566,36827,6777.338769
23582,47567,36827,6777.338769
23583,47568,36828,6777.401282
23584,47569,36829,6777.435106
23585,47570,36830,6777.466260
23586,47571,36830,6777.466260
23587,47572,36831,6777.496129
23588,47573,36832,6777.528532
23589,47574,36833,6777.560940
23590,47575,36834,6777.592186
23591,47576,36834,6777.592186
23592,47577,36835,6777.640486
23593,47578,36837,6777.673588
23594,47579,36837,6777.673588
23595,47580,36838,6777.704440
23596,47581,36839,6777.736869
23597,47582,36839,6777.736869
23598,47583,36840,6777.801345
23599,47584,36840,6777.801345
23600,47585,36841,6777.831396
23601,47586,36842,6777.864782
23602,47587,36843,6777.896163
23603,47588,36844,6777.927609
23604,47589,36844,6777.927609
23605,47590,36845,6777.976839
23606,47591,36845,6777.976839
23607,47592,36847,6778.012546
23608,47593,36848,6778.039112
23609,47594,36849,6778.072541
23610,47595,36850,6778.104977
23611,47596,36851,6778.136154
23612,47597,36851,6778.136154
23613,47598,36851,6778.136154
23614,47599,36852,6778.200823
23615,47600,36853,6778.233011
23616,47601,36854,6778.264466
23617,47602,36854,6778.264466
23618,47603,36855,6778.313736
23619,47604,36856,6778.344407
23620,47605,36857,6778.346657
23621,47606,36858,6778.376406
23622,47607,36859,6778.409249
23623,47608,36860,6778.440582
23624,47609,36861,6778.472295
23625,47610,36861,6778.472295
23626,47611,36862,6778.505941
23627,47612,36863,6778.536024
23628,47613,36863,6778.536024
23629,47614,36864,6778.600167
23630,47615,36864,6778.600167
23631,47616,36865,6778.650418
23632,47617,36866,6778.680308
23633,47618,36867,6778.682525
23634,47619,36868,6778.713090
23635,47620,36869,6778.746044
23636,47621,36870,6778.774954
23637,47622,36871,6778.809708
23638,47623,36871,6778.809708
23639,47624,36872,6778.840088
23640,47625,36873,6778.872197
23641,47626,36874,6778.905069
23642,47627,36875,6778.936524
23643,47628,36875,6778.936524
23644,47629,36875,6778.936524
23645,47630,36876,6779.016090
23646,47631,36878,6779.048896
23647,47632,36879,6779.080947
23648,47633,36880,6779.111703
23649,47634,36880,6779.111703
23650,47635,36881,6779.144579
23651,47636,36882,6779.176703
23652,47637,36883,6779.208273
23653,47638,36884,6779.240115
23654,47639,36884,6779.240115
23655,47640,36885,6779.270555
23656,47641,36886,6779.304846
23657,47642,36886,6779.304846
23658,47643,36887,6779.351346
23659,47644,36888,6779.385360
23660,47645,36889,6779.417005
23661,47646,36890,6779.447576
23662,47647,36890,6779.447576
23663,47648,36891,6779.481609
23664,47649,36892,6779.513403
23665,47650,36893,6779.543446
23666,47651,36893,6779.543446
23667,47652,36894,6779.578370
23668,47653,36895,6779.606759
23669,47654,36896,6779.640177
23670,47655,36896,6779.640177
23671,47656,36897,6779.688784
23672,47657,36898,6779.720997
23673,47658,36899,6779.750552
23674,47659,36900,6779.783663
23675,47660,36900,6779.783663
23676,47661,36901,6779.816558
23677,47662,36902,6779.848958
23678,47663,36903,6779.879647
23679,47664,36904,6779.911509
23680,47665,36904,6779.911509
23681,47666,36905,6779.945181
23682,47667,36906,6779.976274
23683,47668,36906,6779.976274
23684,47669,36907,6780.024656
23685,47670,36908,6780.057647
23686,47671,36909,6780.089100
23687,47672,36910,6780.119662
23688,47673,36910,6780.119662
23689,47674,36911,6780.152186
23690,47675,36912,6780.183675
23691,47676,36913,6780.216443
23692,47677,36914,6780.247571
23693,47678,36914,6780.247571
23694,47679,36915,6780.281265
23695,47680,36916,6780.312277
23696,47681,36916,6780.312277
23697,47682,36917,6780.359309
23698,47683,36918,6780.392885
23699,47684,36919,6780.424590
23700,47685,36919,6780.424590
23701,47686,36920,6780.454344
23702,47687,36921,6780.487661
23703,47688,36922,6780.519961
23704,47689,36923,6780.554475
23705,47690,36924,6780.583287
23706,47691,36924,6780.583287
23707,47692,36925,6780.615928
23708,47693,36926,6780.648556
23709,47694,36927,6780.678956
23710,47695,36927,6780.678956
23711,47696,36928,6780.728486
23712,47697,36929,6780.760576
23713,47698,36929,6780.760576
23714,47699,36930,6780.794401
23715,47700,36931,6780.826023
23716,47701,36932,6780.856045
23717,47702,36933,6780.889909
23718,47703,36933,6780.889909
23719,47704,36934,6780.919305
23720,47705,36935,6780.953584
23721,47706,36936,6780.983178
23722,47707,36937,6781.018038
23723,47708,36937,6781.018038
23724,47709,36938,6781.063595
23725,47710,36939,6781.096627
23726,47711,36939,6781.096627
23727,47712,36940,6781.127836
23728,47713,36941,6781.161184
23729,47714,36942,6781.192743
23730,47715,36943,6781.224512
23731,47716,36943,6781.224512
23732,47717,36944,6781.256141
23733,47718,36945,6781.289575
23734,47719,36946,6781.321765
23735,47720,36947,6781.352857
23736,47721,36947,6781.352857
23737,47722,36948,6781.399255
23738,47723,36949,6781.433556
23739,47724,36949,6781.433556
23740,47725,36950,6781.464447
23741,47726,36951,6781.497153
23742,47727,36952,6781.529734
23743,47728,36953,6781.560974
23744,47729,36953,6781.560974
23745,47730,36954,6781.592476
23746,47731,36955,6781.623894
23747,47732,36956,6781.656103
23748,47733,36957,6781.688002
23749,47734,36957,6781.688002
23750,47735,36958,6781.736669
23751,47736,36959,6781.768040
23752,47737,36959,6781.768040
23753,47738,36960,6781.800618
23754,47739,36961,6781.831937
23755,47740,36962,6781.864781
23756,47741,36963,6781.896646
23757,47742,36963,6781.896646
23758,47743,36964,6781.929125
23759,47744,36965,6781.961414
23760,47745,36966,6781.992455
23761,47746,36967,6782.024472
23762,47747,36967,6782.024472
23763,47748,36968,6782.072216
23764,47749,36969,6782.104375
23765,47750,36970,6782.106569
23766,47751,36971,6782.135941
23767,47752,36971,6782.135941
23768,47753,36972,6782.200792
23769,47754,36973,6782.233811
23770,47755,36973,6782.233811
23771,47756,36974,6782.264886
23772,47757,36975,6782.296935
23773,47758,36976,6782.328663
23774,47759,36977,6782.363764
23775,47760,36977,6782.363764
23776,47761,36978,6782.393380
23777,47762,36978,6782.393380
23778,47763,36979,6782.442321
23779,47764,36981,6782.474992
23780,47765,36982,6782.504830
23781,47766,36983,6782.536429
23782,47767,36983,6782.536429
23783,47768,36983,6782.536429
23784,47769,36984,6782.600981
23785,47770,36985,6782.632769
23786,47771,36986,6782.663772
23787,47772,36987,6782.697401
23788,47773,36987,6782.697401
23789,47774,36988,6782.726312
23790,47775,36989,6782.776026
23791,47776,36989,6782.776026
23792,47777,36991,6782.811314
23793,47778,36992,6782.840200
23794,47779,36993,6782.871989
23795,47780,36994,6782.904547
23796,47781,36994,6782.904547
23797,47782,36995,6782.937831
23798,47783,36995,6782.937831
23799,47784,36996,6783.000119
23800,47785,36997,6783.033693
23801,47786,36997,6783.033693
23802,47787,36998,6783.063165
23803,47788,36999,6783.112797
23804,47789,36999,6783.112797
23805,47790,37001,6783.145874
23806,47791,37002,6783.175495
23807,47792,37003,6783.205958
23808,47793,37004,6783.238833
23809,47794,37004,6783.238833
23810,47795,37005,6783.272158
23811,47796,37006,6783.305007
23812,47797,37007,6783.336215
23813,47798,37007,6783.336215
23814,47799,37007,6783.336215
23815,47800,37008,6783.400329
23816,47801,37008,6783.400329
23817,47802,37009,6783.449252
23818,47803,37011,6783.484368
23819,47804,37012,6783.512790
23820,47805,37013,6783.544970
23821,47806,37014,6783.574609
23822,47807,37014,6783.574609
23823,47808,37015,6783.607806
23824,47809,37016,6783.639132
23825,47810,37017,6783.672640
23826,47811,37018,6783.703743
23827,47812,37018,6783.703743
23828,47813,37019,6783.734565
23829,47814,37019,6783.734565
23830,47815,37019,6783.734565
23831,47816,37021,6783.818769
23832,47817,37022,6783.848501
23833,47818,37023,6783.880008
23834,47819,37023,6783.880008
23835,47820,37024,6783.912377
23836,47821,37025,6783.943317
23837,47822,37026,6783.977138
23838,47823,37027,6784.008116
23839,47824,37027,6784.008116
23840,47825,37028,6784.040474
23841,47826,37029,6784.072504
23842,47827,37030,6784.103759
23843,47828,37030,6784.103759
23844,47829,37031,6784.152119
23845,47830,37032,6784.185347
23846,47831,37033,6784.218084
23847,47832,37033,6784.218084
23848,47833,37034,6784.247823
23849,47834,37035,6784.281120
23850,47835,37036,6784.313637
23851,47836,37037,6784.344775
23852,47837,37037,6784.344775
23853,47838,37038,6784.375260
23854,47839,37039,6784.407844
23855,47840,37040,6784.440721
23856,47841,37040,6784.440721
23857,47842,37041,6784.488765
23858,47843,37042,6784.520948
23859,47844,37043,6784.552670
23860,47845,37043,6784.552670
23861,47846,37044,6784.584486
23862,47847,37045,6784.617180
23863,47848,37046,6784.648170
23864,47849,37047,6784.680214
23865,47850,37047,6784.680214
23866,47851,37048,6784.711341
23867,47852,37049,6784.744837
23868,47853,37050,6784.777006
23869,47854,37050,6784.777006
23870,47855,37051,6784.824813
23871,47856,37052,6784.856496
23872,47857,37052,6784.856496
23873,47858,37053,6784.888239
23874,47859,37054,6784.919134
23875,47860,37055,6784.951436
23876,47861,37056,6784.984628
23877,47862,37057,6785.015324
23878,47863,37057,6785.015324
23879,47864,37058,6785.047821
23880,47865,37059,6785.079622
23881,47866,37060,6785.113613
23882,47867,37060,6785.113613
23883,47868,37061,6785.160519
23884,47869,37062,6785.192569
23885,47870,37062,6785.192569
23886,47871,37063,6785.224895
23887,47872,37064,6785.255578
23888,47873,37065,6785.288285
23889,47874,37066,6785.321556
23890,47875,37067,6785.350592
23891,47876,37067,6785.350592
23892,47877,37068,6785.383734
23893,47878,37069,6785.417017
23894,47879,37070,6785.448000
23895,47880,37070,6785.448000
23896,47881,37071,6785.496808
23897,47882,37072,6785.528349
23898,47883,37072,6785.528349
23899,47884,37073,6785.561677
23900,47885,37074,6785.591648
23901,47886,37075,6785.623819
23902,47887,37076,6785.657617
23903,47888,37076,6785.657617
23904,47889,37077,6785.687580
23905,47890,37078,6785.723687
23906,47891,37079,6785.752882
23907,47892,37080,6785.784478
23908,47893,37081,6785.814838
23909,47894,37081,6785.814838
23910,47895,37082,6785.865026
23911,47896,37082,6785.865026
23912,47897,37083,6785.894751
23913,47898,37084,6785.926680
23914,47899,37085,6785.960683
23915,47900,37086,6785.992184
23916,47901,37086,6785.992184
23917,47902,37087,6786.022431
23918,47903,37088,6786.056435
23919,47904,37089,6786.088443
23920,47905,37090,6786.120744
23921,47906,37090,6786.120744
23922,47907,37091,6786.151611
23923,47908,37092,6786.199748
23924,47909,37092,6786.199748
23925,47910,37093,6786.232210
23926,47911,37094,6786.267219
23927,47912,37095,6786.296690
23928,47913,37096,6786.328014
23929,47914,37096,6786.328014
23930,47915,37097,6786.361575
23931,47916,37098,6786.392110
23932,47917,37099,6786.424639
23933,47918,37100,6786.457997
23934,47919,37100,6786.457997
23935,47920,37101,6786.488156
23936,47921,37102,6786.536450
23937,47922,37102,6786.536450
23938,47923,37103,6786.567727
23939,47924,37104,6786.599412
23940,47925,37105,6786.631808
23941,47926,37106,6786.663717
23942,47927,37106,6786.663717
23943,47928,37107,6786.697042
23944,47929,37108,6786.728816
23945,47930,37109,6786.758453
23946,47931,37110,6786.794552
23947,47932,37110,6786.794552
23948,47933,37111,6786.824590
23949,47934,37112,6786.871829
23950,47935,37112,6786.871829
23951,47936,37114,6786.908945
23952,47937,37115,6786.935833
23953,47938,37115,6786.935833
23954,47939,37116,6786.999670
23955,47940,37116,6786.999670
23956,47941,37117,6787.033320
23957,47942,37118,6787.064601
23958,47943,37119,6787.096920
23959,47944,37120,6787.132836
23960,47945,37121,6787.160195
23961,47946,37121,6787.160195
23962,47947,37122,6787.211034
23963,47948,37122,6787.211034
23964,47949,37124,6787.244501
23965,47950,37125,6787.272466
23966,47951,37126,6787.303143
23967,47952,37127,6787.334709
23968,47953,37127,6787.334709
23969,47954,37127,6787.334709
23970,47955,37128,6787.399819
23971,47956,37129,6787.431127
23972,47957,37130,6787.463742
23973,47958,37131,6787.495972
23974,47959,37131,6787.495972
23975,47960,37132,6787.528185
23976,47961,37134,6787.577602
23977,47962,37134,6787.577602
23978,47963,37135,6787.609029
23979,47964,37136,6787.641326
23980,47965,37137,6787.674845
23981,47966,37138,6787.704215
23982,47967,37138,6787.704215
23983,47968,37139,6787.736067
23984,47969,37139,6787.736067
23985,47970,37140,6787.800443
23986,47971,37141,6787.831581
23987,47972,37142,6787.863453
23988,47973,37142,6787.863453
23989,47974,37143,6787.911941
23990,47975,37143,6787.911941
23991,47976,37145,6787.954169
23992,47977,37146,6787.978150
23993,47978,37147,6788.008802
23994,47979,37148,6788.039851
23995,47980,37148,6788.039851
23996,47981,37149,6788.073747
23997,47982,37150,6788.104479
23998,47983,37151,6788.135718
23999,47984,37151,6788.135718
24000,47985,37152,6788.201861
24001,47986,37152,6788.201861
24002,47987,37153,6788.248691
24003,47988,37153,6788.248691
24004,47989,37155,6788.284428
24005,47990,37156,6788.314676
24006,47991,37157,6788.346254
24007,47992,37158,6788.376862
24008,47993,37159,6788.410974
24009,47994,37159,6788.410974
24010,47995,37160,6788.441427
24011,47996,37161,6788.475155
24012,47997,37162,6788.504745
24013,47998,37163,6788.538084
24014,47999,37163,6788.538084
24015,48000,37163,6788.538084
24016,48001,37165,6788.620214
24017,48002,37165,6788.620214
24018,48003,37166,6788.647647
24019,48004,37167,6788.683431
24020,48005,37168,6788.712603
24021,48006,37169,6788.744764
24022,48007,37170,6788.775800
24023,48008,37170,6788.775800
24024,48009,37171,6788.807976
24025,48010,37172,6788.840695
24026,48011,37173,6788.872770
24027,48012,37173,6788.872770
24028,48013,37174,6788.920941
24029,48014,37175,6788.951912
24030,48015,37176,6788.983164
24031,48016,37176,6788.983164
24032,48017,37177,6789.016738
24033,48018,37178,6789.049508
24034,48019,37179,6789.081142
24035,48020,37180,6789.111816
24036,48021,37180,6789.111816
24037,48022,37181,6789.144806
24038,48023,37182,6789.176170
24039,48024,37183,6789.209051
24040,48025,37183,6789.209051
24041,48026,37184,6789.254996
24042,48027,37185,6789.289824
24043,48028,37186,6789.319696
24044,48029,37186,6789.319696
24045,48030,37187,6789.352905
24046,48031,37188,6789.385049
24047,48032,37189,6789.416504
24048,48033,37189,6789.416504
24049,48034,37190,6789.450075
24050,48035,37191,6789.480153
24051,48036,37192,6789.512666
24052,48037,37193,6789.543780
24053,48038,37194,6789.575708
24054,48039,37194,6789.575708
24055,48040,37195,6789.624614
24056,48041,37195,6789.624614
24057,48042,37196,6789.657299
24058,48043,37197,6789.692526
24059,48044,37198,6789.724485
24060,48045,37199,6789.753634
24061,48046,37200,6789.784610
24062,48047,37200,6789.784610
24063,48048,37201,6789.816385
24064,48049,37202,6789.848985
24065,48050,37203,6789.880242
24066,48051,37204,6789.912113
24067,48052,37204,6789.912113
24068,48053,37205,6789.961192
24069,48054,37205,6789.961192
24070,48055,37206,6789.993393
24071,48056,37207,6790.024822
24072,48057,37208,6790.056315
24073,48058,37209,6790.089262
24074,48059,37210,6790.119767
24075,48060,37210,6790.119767
